00000000  eb 76 90 45 58 46 41 54  20 20 20 00 00 00 00 00  |.v.EXFAT   .....|
00000010  00 00 00 00 00 00 00 00  00 00 00 00 00 00 00 00  |................|
*
00000040  00 00 00 00 00 00 00 00  00 90 01 00 00 00 00 00  |................|
00000050  00 08 00 00 62 00 00 00  00 10 00 00 00 30 00 00  |....b........0..|
00000060  05 00 00 00 7a fa 0f f9  00 01 00 00 09 03 01 80  |....z...........|
00000070  00 00 00 00 00 00 00 00  00 00 00 00 00 00 00 00  |................|
*
000001f0  00 00 00 00 00 00 00 00  00 00 00 00 00 00 55 aa  |..............U.|
00000200  00 00 00 00 00 00 00 00  00 00 00 00 00 00 00 00  |................|
*
000003f0  00 00 00 00 00 00 00 00  00 00 00 00 00 00 55 aa  |..............U.|
00000400  00 00 00 00 00 00 00 00  00 00 00 00 00 00 00 00  |................|
*
000005f0  00 00 00 00 00 00 00 00  00 00 00 00 00 00 55 aa  |..............U.|
00000600  00 00 00 00 00 00 00 00  00 00 00 00 00 00 00 00  |................|
*
000007f0  00 00 00 00 00 00 00 00  00 00 00 00 00 00 55 aa  |..............U.|
00000800  00 00 00 00 00 00 00 00  00 00 00 00 00 00 00 00  |................|
*
000009f0  00 00 00 00 00 00 00 00  00 00 00 00 00 00 55 aa  |..............U.|
00000a00  00 00 00 00 00 00 00 00  00 00 00 00 00 00 00 00  |................|
*
00000bf0  00 00 00 00 00 00 00 00  00 00 00 00 00 00 55 aa  |..............U.|
00000c00  00 00 00 00 00 00 00 00  00 00 00 00 00 00 00 00  |................|
*
00000df0  00 00 00 00 00 00 00 00  00 00 00 00 00 00 55 aa  |..............U.|
00000e00  00 00 00 00 00 00 00 00  00 00 00 00 00 00 00 00  |................|
*
00000ff0  00 00 00 00 00 00 00 00  00 00 00 00 00 00 55 aa  |..............U.|
00001000  00 00 00 00 00 00 00 00  00 00 00 00 00 00 00 00  |................|
*
000011f0  00 00 00 00 00 00 00 00  00 00 00 00 00 00 55 aa  |..............U.|
00001200  00 00 00 00 00 00 00 00  00 00 00 00 00 00 00 00  |................|
*
00001600  1a 86 34 e4 1a 86 34 e4  1a 86 34 e4 1a 86 34 e4  |..4...4...4...4.|
*
00001800  eb 76 90 45 58 46 41 54  20 20 20 00 00 00 00 00  |.v.EXFAT   .....|
00001810  00 00 00 00 00 00 00 00  00 00 00 00 00 00 00 00  |................|
*
00001840  00 00 00 00 00 00 00 00  00 90 01 00 00 00 00 00  |................|
00001850  00 08 00 00 62 00 00 00  00 10 00 00 00 30 00 00  |....b........0..|
00001860  05 00 00 00 7a fa 0f f9  00 01 00 00 09 03 01 80  |....z...........|
00001870  00 00 00 00 00 00 00 00  00 00 00 00 00 00 00 00  |................|
*
000019f0  00 00 00 00 00 00 00 00  00 00 00 00 00 00 55 aa  |..............U.|
00001a00  00 00 00 00 00 00 00 00  00 00 00 00 00 00 00 00  |................|
*
00001bf0  00 00 00 00 00 00 00 00  00 00 00 00 00 00 55 aa  |..............U.|
00001c00  00 00 00 00 00 00 00 00  00 00 00 00 00 00 00 00  |................|
*
00001df0  00 00 00 00 00 00 00 00  00 00 00 00 00 00 55 aa  |..............U.|
00001e00  00 00 00 00 00 00 00 00  00 00 00 00 00 00 00 00  |................|
*
00001ff0  00 00 00 00 00 00 00 00  00 00 00 00 00 00 55 aa  |..............U.|
00002000  00 00 00 00 00 00 00 00  00 00 00 00 00 00 00 00  |................|
*
000021f0  00 00 00 00 00 00 00 00  00 00 00 00 00 00 55 aa  |..............U.|
00002200  00 00 00 00 00 00 00 00  00 00 00 00 00 00 00 00  |................|
*
000023f0  00 00 00 00 00 00 00 00  00 00 00 00 00 00 55 aa  |..............U.|
00002400  00 00 00 00 00 00 00 00  00 00 00 00 00 00 00 00  |................|
*
000025f0  00 00 00 00 00 00 00 00  00 00 00 00 00 00 55 aa  |..............U.|
00002600  00 00 00 00 00 00 00 00  00 00 00 00 00 00 00 00  |................|
*
000027f0  00 00 00 00 00 00 00 00  00 00 00 00 00 00 55 aa  |..............U.|
00002800  00 00 00 00 00 00 00 00  00 00 00 00 00 00 00 00  |................|
*
000029f0  00 00 00 00 00 00 00 00  00 00 00 00 00 00 55 aa  |..............U.|
00002a00  00 00 00 00 00 00 00 00  00 00 00 00 00 00 00 00  |................|
*
00002e00  1a 86 34 e4 1a 86 34 e4  1a 86 34 e4 1a 86 34 e4  |..4...4...4...4.|
*
00003000  00 00 00 00 00 00 00 00  00 00 00 00 00 00 00 00  |................|
*
00100000  f8 ff ff ff ff ff ff ff  ff ff ff ff 04 00 00 00  |................|
00100010  ff ff ff ff ff ff ff ff  00 00 00 00 00 00 00 00  |................|
00100020  00 00 00 00 00 00 00 00  00 00 00 00 00 00 00 00  |................|
*
00200000  df ff ff ff ff ff ff ff  ff ff ff ff ff ff ff ff  |................|
00200010  ff ff ff ff ff ff ff ff  ff ff ff ff ff ff ff ff  |................|
00200020  7f 00 00 00 00 00 00 00  00 00 00 00 00 00 00 00  |................|
00200030  00 00 00 00 00 00 00 00  00 00 00 00 00 00 00 00  |................|
*
00201000  00 00 01 00 02 00 03 00  04 00 05 00 06 00 07 00  |................|
00201010  08 00 09 00 0a 00 0b 00  0c 00 0d 00 0e 00 0f 00  |................|
00201020  10 00 11 00 12 00 13 00  14 00 15 00 16 00 17 00  |................|
00201030  18 00 19 00 1a 00 1b 00  1c 00 1d 00 1e 00 1f 00  |................|
00201040  20 00 21 00 22 00 23 00  24 00 25 00 26 00 27 00  | .!.".#.$.%.&.'.|
00201050  28 00 29 00 2a 00 2b 00  2c 00 2d 00 2e 00 2f 00  |(.).*.+.,.-.../.|
00201060  30 00 31 00 32 00 33 00  34 00 35 00 36 00 37 00  |0.1.2.3.4.5.6.7.|
00201070  38 00 39 00 3a 00 3b 00  3c 00 3d 00 3e 00 3f 00  |8.9.:.;.<.=.>.?.|
00201080  40 00 41 00 42 00 43 00  44 00 45 00 46 00 47 00  |@.A.B.C.D.E.F.G.|
00201090  48 00 49 00 4a 00 4b 00  4c 00 4d 00 4e 00 4f 00  |H.I.J.K.L.M.N.O.|
002010a0  50 00 51 00 52 00 53 00  54 00 55 00 56 00 57 00  |P.Q.R.S.T.U.V.W.|
002010b0  58 00 59 00 5a 00 5b 00  5c 00 5d 00 5e 00 5f 00  |X.Y.Z.[.\.].^._.|
002010c0  60 00 41 00 42 00 43 00  44 00 45 00 46 00 47 00  |`.A.B.C.D.E.F.G.|
002010d0  48 00 49 00 4a 00 4b 00  4c 00 4d 00 4e 00 4f 00  |H.I.J.K.L.M.N.O.|
002010e0  50 00 51 00 52 00 53 00  54 00 55 00 56 00 57 00  |P.Q.R.S.T.U.V.W.|
002010f0  58 00 59 00 5a 00 7b 00  7c 00 7d 00 7e 00 7f 00  |X.Y.Z.{.|.}.~...|
00201100  80 00 81 00 82 00 83 00  84 00 85 00 86 00 87 00  |................|
00201110  88 00 89 00 8a 00 8b 00  8c 00 8d 00 8e 00 8f 00  |................|
00201120  90 00 91 00 92 00 93 00  94 00 95 00 96 00 97 00  |................|
00201130  98 00 99 00 9a 00 9b 00  9c 00 9d 00 9e 00 9f 00  |................|
00201140  a0 00 a1 00 a2 00 a3 00  a4 00 a5 00 a6 00 a7 00  |................|
00201150  a8 00 a9 00 aa 00 ab 00  ac 00 ad 00 ae 00 af 00  |................|
00201160  b0 00 b1 00 b2 00 b3 00  b4 00 b5 00 b6 00 b7 00  |................|
00201170  b8 00 b9 00 ba 00 bb 00  bc 00 bd 00 be 00 bf 00  |................|
00201180  c0 00 c1 00 c2 00 c3 00  c4 00 c5 00 c6 00 c7 00  |................|
00201190  c8 00 c9 00 ca 00 cb 00  cc 00 cd 00 ce 00 cf 00  |................|
002011a0  d0 00 d1 00 d2 00 d3 00  d4 00 d5 00 d6 00 d7 00  |................|
002011b0  d8 00 d9 00 da 00 db 00  dc 00 dd 00 de 00 df 00  |................|
002011c0  c0 00 c1 00 c2 00 c3 00  c4 00 c5 00 c6 00 c7 00  |................|
002011d0  c8 00 c9 00 ca 00 cb 00  cc 00 cd 00 ce 00 cf 00  |................|
002011e0  d0 00 d1 00 d2 00 d3 00  d4 00 d5 00 d6 00 f7 00  |................|
002011f0  d8 00 d9 00 da 00 db 00  dc 00 dd 00 de 00 78 01  |..............x.|
00201200  00 01 00 01 02 01 02 01  04 01 04 01 06 01 06 01  |................|
00201210  08 01 08 01 0a 01 0a 01  0c 01 0c 01 0e 01 0e 01  |................|
00201220  10 01 10 01 12 01 12 01  14 01 14 01 16 01 16 01  |................|
00201230  18 01 18 01 1a 01 1a 01  1c 01 1c 01 1e 01 1e 01  |................|
00201240  20 01 20 01 22 01 22 01  24 01 24 01 26 01 26 01  | . .".".$.$.&.&.|
00201250  28 01 28 01 2a 01 2a 01  2c 01 2c 01 2e 01 2e 01  |(.(.*.*.,.,.....|
00201260  30 01 31 01 32 01 32 01  34 01 34 01 36 01 36 01  |0.1.2.2.4.4.6.6.|
00201270  38 01 39 01 39 01 3b 01  3b 01 3d 01 3d 01 3f 01  |8.9.9.;.;.=.=.?.|
00201280  3f 01 41 01 41 01 43 01  43 01 45 01 45 01 47 01  |?.A.A.C.C.E.E.G.|
00201290  47 01 49 01 4a 01 4a 01  4c 01 4c 01 4e 01 4e 01  |G.I.J.J.L.L.N.N.|
002012a0  50 01 50 01 52 01 52 01  54 01 54 01 56 01 56 01  |P.P.R.R.T.T.V.V.|
002012b0  58 01 58 01 5a 01 5a 01  5c 01 5c 01 5e 01 5e 01  |X.X.Z.Z.\.\.^.^.|
002012c0  60 01 60 01 62 01 62 01  64 01 64 01 66 01 66 01  |`.`.b.b.d.d.f.f.|
002012d0  68 01 68 01 6a 01 6a 01  6c 01 6c 01 6e 01 6e 01  |h.h.j.j.l.l.n.n.|
002012e0  70 01 70 01 72 01 72 01  74 01 74 01 76 01 76 01  |p.p.r.r.t.t.v.v.|
002012f0  78 01 79 01 79 01 7b 01  7b 01 7d 01 7d 01 7f 01  |x.y.y.{.{.}.}...|
00201300  43 02 81 01 82 01 82 01  84 01 84 01 86 01 87 01  |C...............|
00201310  87 01 89 01 8a 01 8b 01  8b 01 8d 01 8e 01 8f 01  |................|
00201320  90 01 91 01 91 01 93 01  94 01 f6 01 96 01 97 01  |................|
00201330  98 01 98 01 3d 02 9b 01  9c 01 9d 01 20 02 9f 01  |....=....... ...|
00201340  a0 01 a0 01 a2 01 a2 01  a4 01 a4 01 a6 01 a7 01  |................|
00201350  a7 01 a9 01 aa 01 ab 01  ac 01 ac 01 ae 01 af 01  |................|
00201360  af 01 b1 01 b2 01 b3 01  b3 01 b5 01 b5 01 b7 01  |................|
00201370  b8 01 b8 01 ba 01 bb 01  bc 01 bc 01 be 01 f7 01  |................|
00201380  c0 01 c1 01 c2 01 c3 01  c4 01 c5 01 c4 01 c7 01  |................|
00201390  c8 01 c7 01 ca 01 cb 01  ca 01 cd 01 cd 01 cf 01  |................|
002013a0  cf 01 d1 01 d1 01 d3 01  d3 01 d5 01 d5 01 d7 01  |................|
002013b0  d7 01 d9 01 d9 01 db 01  db 01 8e 01 de 01 de 01  |................|
002013c0  e0 01 e0 01 e2 01 e2 01  e4 01 e4 01 e6 01 e6 01  |................|
002013d0  e8 01 e8 01 ea 01 ea 01  ec 01 ec 01 ee 01 ee 01  |................|
002013e0  f0 01 f1 01 f2 01 f1 01  f4 01 f4 01 f6 01 f7 01  |................|
002013f0  f8 01 f8 01 fa 01 fa 01  fc 01 fc 01 fe 01 fe 01  |................|
00201400  00 02 00 02 02 02 02 02  04 02 04 02 06 02 06 02  |................|
00201410  08 02 08 02 0a 02 0a 02  0c 02 0c 02 0e 02 0e 02  |................|
00201420  10 02 10 02 12 02 12 02  14 02 14 02 16 02 16 02  |................|
00201430  18 02 18 02 1a 02 1a 02  1c 02 1c 02 1e 02 1e 02  |................|
00201440  20 02 21 02 22 02 22 02  24 02 24 02 26 02 26 02  | .!.".".$.$.&.&.|
00201450  28 02 28 02 2a 02 2a 02  2c 02 2c 02 2e 02 2e 02  |(.(.*.*.,.,.....|
00201460  30 02 30 02 32 02 32 02  34 02 35 02 36 02 37 02  |0.0.2.2.4.5.6.7.|
00201470  38 02 39 02 65 2c 3b 02  3b 02 3d 02 66 2c 3f 02  |8.9.e,;.;.=.f,?.|
00201480  40 02 41 02 41 02 43 02  44 02 45 02 46 02 46 02  |@.A.A.C.D.E.F.F.|
00201490  48 02 48 02 4a 02 4a 02  4c 02 4c 02 4e 02 4e 02  |H.H.J.J.L.L.N.N.|
002014a0  50 02 51 02 52 02 81 01  86 01 55 02 89 01 8a 01  |P.Q.R.....U.....|
002014b0  58 02 8f 01 5a 02 90 01  5c 02 5d 02 5e 02 5f 02  |X...Z...\.].^._.|
002014c0  93 01 61 02 62 02 94 01  64 02 65 02 66 02 67 02  |..a.b...d.e.f.g.|
002014d0  97 01 96 01 6a 02 62 2c  6c 02 6d 02 6e 02 9c 01  |....j.b,l.m.n...|
002014e0  70 02 71 02 9d 01 73 02  74 02 9f 01 76 02 77 02  |p.q...s.t...v.w.|
002014f0  78 02 79 02 7a 02 7b 02  7c 02 64 2c 7e 02 7f 02  |x.y.z.{.|.d,~...|
00201500  a6 01 81 02 82 02 a9 01  84 02 85 02 86 02 87 02  |................|
00201510  ae 01 44 02 b1 01 b2 01  45 02 8d 02 8e 02 8f 02  |..D.....E.......|
00201520  90 02 91 02 b7 01 93 02  94 02 95 02 96 02 97 02  |................|
00201530  98 02 99 02 9a 02 9b 02  9c 02 9d 02 9e 02 9f 02  |................|
00201540  a0 02 a1 02 a2 02 a3 02  a4 02 a5 02 a6 02 a7 02  |................|
00201550  a8 02 a9 02 aa 02 ab 02  ac 02 ad 02 ae 02 af 02  |................|
00201560  b0 02 b1 02 b2 02 b3 02  b4 02 b5 02 b6 02 b7 02  |................|
00201570  b8 02 b9 02 ba 02 bb 02  bc 02 bd 02 be 02 bf 02  |................|
00201580  c0 02 c1 02 c2 02 c3 02  c4 02 c5 02 c6 02 c7 02  |................|
00201590  c8 02 c9 02 ca 02 cb 02  cc 02 cd 02 ce 02 cf 02  |................|
002015a0  d0 02 d1 02 d2 02 d3 02  d4 02 d5 02 d6 02 d7 02  |................|
002015b0  d8 02 d9 02 da 02 db 02  dc 02 dd 02 de 02 df 02  |................|
002015c0  e0 02 e1 02 e2 02 e3 02  e4 02 e5 02 e6 02 e7 02  |................|
002015d0  e8 02 e9 02 ea 02 eb 02  ec 02 ed 02 ee 02 ef 02  |................|
002015e0  f0 02 f1 02 f2 02 f3 02  f4 02 f5 02 f6 02 f7 02  |................|
002015f0  f8 02 f9 02 fa 02 fb 02  fc 02 fd 02 fe 02 ff 02  |................|
00201600  00 03 01 03 02 03 03 03  04 03 05 03 06 03 07 03  |................|
00201610  08 03 09 03 0a 03 0b 03  0c 03 0d 03 0e 03 0f 03  |................|
00201620  10 03 11 03 12 03 13 03  14 03 15 03 16 03 17 03  |................|
00201630  18 03 19 03 1a 03 1b 03  1c 03 1d 03 1e 03 1f 03  |................|
00201640  20 03 21 03 22 03 23 03  24 03 25 03 26 03 27 03  | .!.".#.$.%.&.'.|
00201650  28 03 29 03 2a 03 2b 03  2c 03 2d 03 2e 03 2f 03  |(.).*.+.,.-.../.|
00201660  30 03 31 03 32 03 33 03  34 03 35 03 36 03 37 03  |0.1.2.3.4.5.6.7.|
00201670  38 03 39 03 3a 03 3b 03  3c 03 3d 03 3e 03 3f 03  |8.9.:.;.<.=.>.?.|
00201680  40 03 41 03 42 03 43 03  44 03 45 03 46 03 47 03  |@.A.B.C.D.E.F.G.|
00201690  48 03 49 03 4a 03 4b 03  4c 03 4d 03 4e 03 4f 03  |H.I.J.K.L.M.N.O.|
002016a0  50 03 51 03 52 03 53 03  54 03 55 03 56 03 57 03  |P.Q.R.S.T.U.V.W.|
002016b0  58 03 59 03 5a 03 5b 03  5c 03 5d 03 5e 03 5f 03  |X.Y.Z.[.\.].^._.|
002016c0  60 03 61 03 62 03 63 03  64 03 65 03 66 03 67 03  |`.a.b.c.d.e.f.g.|
002016d0  68 03 69 03 6a 03 6b 03  6c 03 6d 03 6e 03 6f 03  |h.i.j.k.l.m.n.o.|
002016e0  70 03 71 03 72 03 73 03  74 03 75 03 76 03 77 03  |p.q.r.s.t.u.v.w.|
002016f0  78 03 79 03 7a 03 fd 03  fe 03 ff 03 7e 03 7f 03  |x.y.z.......~...|
00201700  80 03 81 03 82 03 83 03  84 03 85 03 86 03 87 03  |................|
00201710  88 03 89 03 8a 03 8b 03  8c 03 8d 03 8e 03 8f 03  |................|
00201720  90 03 91 03 92 03 93 03  94 03 95 03 96 03 97 03  |................|
00201730  98 03 99 03 9a 03 9b 03  9c 03 9d 03 9e 03 9f 03  |................|
00201740  a0 03 a1 03 a2 03 a3 03  a4 03 a5 03 a6 03 a7 03  |................|
00201750  a8 03 a9 03 aa 03 ab 03  86 03 88 03 89 03 8a 03  |................|
00201760  b0 03 91 03 92 03 93 03  94 03 95 03 96 03 97 03  |................|
00201770  98 03 99 03 9a 03 9b 03  9c 03 9d 03 9e 03 9f 03  |................|
00201780  a0 03 a1 03 a3 03 a3 03  a4 03 a5 03 a6 03 a7 03  |................|
00201790  a8 03 a9 03 aa 03 ab 03  8c 03 8e 03 8f 03 cf 03  |................|
002017a0  d0 03 d1 03 d2 03 d3 03  d4 03 d5 03 d6 03 d7 03  |................|
002017b0  d8 03 d8 03 da 03 da 03  dc 03 dc 03 de 03 de 03  |................|
002017c0  e0 03 e0 03 e2 03 e2 03  e4 03 e4 03 e6 03 e6 03  |................|
002017d0  e8 03 e8 03 ea 03 ea 03  ec 03 ec 03 ee 03 ee 03  |................|
002017e0  f0 03 f1 03 f9 03 f3 03  f4 03 f5 03 f6 03 f7 03  |................|
002017f0  f7 03 f9 03 fa 03 fa 03  fc 03 fd 03 fe 03 ff 03  |................|
00201800  00 04 01 04 02 04 03 04  04 04 05 04 06 04 07 04  |................|
00201810  08 04 09 04 0a 04 0b 04  0c 04 0d 04 0e 04 0f 04  |................|
00201820  10 04 11 04 12 04 13 04  14 04 15 04 16 04 17 04  |................|
00201830  18 04 19 04 1a 04 1b 04  1c 04 1d 04 1e 04 1f 04  |................|
00201840  20 04 21 04 22 04 23 04  24 04 25 04 26 04 27 04  | .!.".#.$.%.&.'.|
00201850  28 04 29 04 2a 04 2b 04  2c 04 2d 04 2e 04 2f 04  |(.).*.+.,.-.../.|
00201860  10 04 11 04 12 04 13 04  14 04 15 04 16 04 17 04  |................|
00201870  18 04 19 04 1a 04 1b 04  1c 04 1d 04 1e 04 1f 04  |................|
00201880  20 04 21 04 22 04 23 04  24 04 25 04 26 04 27 04  | .!.".#.$.%.&.'.|
00201890  28 04 29 04 2a 04 2b 04  2c 04 2d 04 2e 04 2f 04  |(.).*.+.,.-.../.|
002018a0  00 04 01 04 02 04 03 04  04 04 05 04 06 04 07 04  |................|
002018b0  08 04 09 04 0a 04 0b 04  0c 04 0d 04 0e 04 0f 04  |................|
002018c0  60 04 60 04 62 04 62 04  64 04 64 04 66 04 66 04  |`.`.b.b.d.d.f.f.|
002018d0  68 04 68 04 6a 04 6a 04  6c 04 6c 04 6e 04 6e 04  |h.h.j.j.l.l.n.n.|
002018e0  70 04 70 04 72 04 72 04  74 04 74 04 76 04 76 04  |p.p.r.r.t.t.v.v.|
002018f0  78 04 78 04 7a 04 7a 04  7c 04 7c 04 7e 04 7e 04  |x.x.z.z.|.|.~.~.|
00201900  80 04 80 04 82 04 83 04  84 04 85 04 86 04 87 04  |................|
00201910  88 04 89 04 8a 04 8a 04  8c 04 8c 04 8e 04 8e 04  |................|
00201920  90 04 90 04 92 04 92 04  94 04 94 04 96 04 96 04  |................|
00201930  98 04 98 04 9a 04 9a 04  9c 04 9c 04 9e 04 9e 04  |................|
00201940  a0 04 a0 04 a2 04 a2 04  a4 04 a4 04 a6 04 a6 04  |................|
00201950  a8 04 a8 04 aa 04 aa 04  ac 04 ac 04 ae 04 ae 04  |................|
00201960  b0 04 b0 04 b2 04 b2 04  b4 04 b4 04 b6 04 b6 04  |................|
00201970  b8 04 b8 04 ba 04 ba 04  bc 04 bc 04 be 04 be 04  |................|
00201980  c0 04 c1 04 c1 04 c3 04  c3 04 c5 04 c5 04 c7 04  |................|
00201990  c7 04 c9 04 c9 04 cb 04  cb 04 cd 04 cd 04 c0 04  |................|
002019a0  d0 04 d0 04 d2 04 d2 04  d4 04 d4 04 d6 04 d6 04  |................|
002019b0  d8 04 d8 04 da 04 da 04  dc 04 dc 04 de 04 de 04  |................|
002019c0  e0 04 e0 04 e2 04 e2 04  e4 04 e4 04 e6 04 e6 04  |................|
002019d0  e8 04 e8 04 ea 04 ea 04  ec 04 ec 04 ee 04 ee 04  |................|
002019e0  f0 04 f0 04 f2 04 f2 04  f4 04 f4 04 f6 04 f6 04  |................|
002019f0  f8 04 f8 04 fa 04 fa 04  fc 04 fc 04 fe 04 fe 04  |................|
00201a00  00 05 00 05 02 05 02 05  04 05 04 05 06 05 06 05  |................|
00201a10  08 05 08 05 0a 05 0a 05  0c 05 0c 05 0e 05 0e 05  |................|
00201a20  10 05 10 05 12 05 12 05  14 05 15 05 16 05 17 05  |................|
00201a30  18 05 19 05 1a 05 1b 05  1c 05 1d 05 1e 05 1f 05  |................|
00201a40  20 05 21 05 22 05 23 05  24 05 25 05 26 05 27 05  | .!.".#.$.%.&.'.|
00201a50  28 05 29 05 2a 05 2b 05  2c 05 2d 05 2e 05 2f 05  |(.).*.+.,.-.../.|
00201a60  30 05 31 05 32 05 33 05  34 05 35 05 36 05 37 05  |0.1.2.3.4.5.6.7.|
00201a70  38 05 39 05 3a 05 3b 05  3c 05 3d 05 3e 05 3f 05  |8.9.:.;.<.=.>.?.|
00201a80  40 05 41 05 42 05 43 05  44 05 45 05 46 05 47 05  |@.A.B.C.D.E.F.G.|
00201a90  48 05 49 05 4a 05 4b 05  4c 05 4d 05 4e 05 4f 05  |H.I.J.K.L.M.N.O.|
00201aa0  50 05 51 05 52 05 53 05  54 05 55 05 56 05 57 05  |P.Q.R.S.T.U.V.W.|
00201ab0  58 05 59 05 5a 05 5b 05  5c 05 5d 05 5e 05 5f 05  |X.Y.Z.[.\.].^._.|
00201ac0  60 05 31 05 32 05 33 05  34 05 35 05 36 05 37 05  |`.1.2.3.4.5.6.7.|
00201ad0  38 05 39 05 3a 05 3b 05  3c 05 3d 05 3e 05 3f 05  |8.9.:.;.<.=.>.?.|
00201ae0  40 05 41 05 42 05 43 05  44 05 45 05 46 05 47 05  |@.A.B.C.D.E.F.G.|
00201af0  48 05 49 05 4a 05 4b 05  4c 05 4d 05 4e 05 4f 05  |H.I.J.K.L.M.N.O.|
00201b00  50 05 51 05 52 05 53 05  54 05 55 05 56 05 ff ff  |P.Q.R.S.T.U.V...|
00201b10  f6 17 63 2c 7e 1d 7f 1d  80 1d 81 1d 82 1d 83 1d  |..c,~...........|
00201b20  84 1d 85 1d 86 1d 87 1d  88 1d 89 1d 8a 1d 8b 1d  |................|
00201b30  8c 1d 8d 1d 8e 1d 8f 1d  90 1d 91 1d 92 1d 93 1d  |................|
00201b40  94 1d 95 1d 96 1d 97 1d  98 1d 99 1d 9a 1d 9b 1d  |................|
00201b50  9c 1d 9d 1d 9e 1d 9f 1d  a0 1d a1 1d a2 1d a3 1d  |................|
00201b60  a4 1d a5 1d a6 1d a7 1d  a8 1d a9 1d aa 1d ab 1d  |................|
00201b70  ac 1d ad 1d ae 1d af 1d  b0 1d b1 1d b2 1d b3 1d  |................|
00201b80  b4 1d b5 1d b6 1d b7 1d  b8 1d b9 1d ba 1d bb 1d  |................|
00201b90  bc 1d bd 1d be 1d bf 1d  c0 1d c1 1d c2 1d c3 1d  |................|
00201ba0  c4 1d c5 1d c6 1d c7 1d  c8 1d c9 1d ca 1d cb 1d  |................|
00201bb0  cc 1d cd 1d ce 1d cf 1d  d0 1d d1 1d d2 1d d3 1d  |................|
00201bc0  d4 1d d5 1d d6 1d d7 1d  d8 1d d9 1d da 1d db 1d  |................|
00201bd0  dc 1d dd 1d de 1d df 1d  e0 1d e1 1d e2 1d e3 1d  |................|
00201be0  e4 1d e5 1d e6 1d e7 1d  e8 1d e9 1d ea 1d eb 1d  |................|
00201bf0  ec 1d ed 1d ee 1d ef 1d  f0 1d f1 1d f2 1d f3 1d  |................|
00201c00  f4 1d f5 1d f6 1d f7 1d  f8 1d f9 1d fa 1d fb 1d  |................|
00201c10  fc 1d fd 1d fe 1d ff 1d  00 1e 00 1e 02 1e 02 1e  |................|
00201c20  04 1e 04 1e 06 1e 06 1e  08 1e 08 1e 0a 1e 0a 1e  |................|
00201c30  0c 1e 0c 1e 0e 1e 0e 1e  10 1e 10 1e 12 1e 12 1e  |................|
00201c40  14 1e 14 1e 16 1e 16 1e  18 1e 18 1e 1a 1e 1a 1e  |................|
00201c50  1c 1e 1c 1e 1e 1e 1e 1e  20 1e 20 1e 22 1e 22 1e  |........ . .".".|
00201c60  24 1e 24 1e 26 1e 26 1e  28 1e 28 1e 2a 1e 2a 1e  |$.$.&.&.(.(.*.*.|
00201c70  2c 1e 2c 1e 2e 1e 2e 1e  30 1e 30 1e 32 1e 32 1e  |,.,.....0.0.2.2.|
00201c80  34 1e 34 1e 36 1e 36 1e  38 1e 38 1e 3a 1e 3a 1e  |4.4.6.6.8.8.:.:.|
00201c90  3c 1e 3c 1e 3e 1e 3e 1e  40 1e 40 1e 42 1e 42 1e  |<.<.>.>.@.@.B.B.|
00201ca0  44 1e 44 1e 46 1e 46 1e  48 1e 48 1e 4a 1e 4a 1e  |D.D.F.F.H.H.J.J.|
00201cb0  4c 1e 4c 1e 4e 1e 4e 1e  50 1e 50 1e 52 1e 52 1e  |L.L.N.N.P.P.R.R.|
00201cc0  54 1e 54 1e 56 1e 56 1e  58 1e 58 1e 5a 1e 5a 1e  |T.T.V.V.X.X.Z.Z.|
00201cd0  5c 1e 5c 1e 5e 1e 5e 1e  60 1e 60 1e 62 1e 62 1e  |\.\.^.^.`.`.b.b.|
00201ce0  64 1e 64 1e 66 1e 66 1e  68 1e 68 1e 6a 1e 6a 1e  |d.d.f.f.h.h.j.j.|
00201cf0  6c 1e 6c 1e 6e 1e 6e 1e  70 1e 70 1e 72 1e 72 1e  |l.l.n.n.p.p.r.r.|
00201d00  74 1e 74 1e 76 1e 76 1e  78 1e 78 1e 7a 1e 7a 1e  |t.t.v.v.x.x.z.z.|
00201d10  7c 1e 7c 1e 7e 1e 7e 1e  80 1e 80 1e 82 1e 82 1e  ||.|.~.~.........|
00201d20  84 1e 84 1e 86 1e 86 1e  88 1e 88 1e 8a 1e 8a 1e  |................|
00201d30  8c 1e 8c 1e 8e 1e 8e 1e  90 1e 90 1e 92 1e 92 1e  |................|
00201d40  94 1e 94 1e 96 1e 97 1e  98 1e 99 1e 9a 1e 9b 1e  |................|
00201d50  9c 1e 9d 1e 9e 1e 9f 1e  a0 1e a0 1e a2 1e a2 1e  |................|
00201d60  a4 1e a4 1e a6 1e a6 1e  a8 1e a8 1e aa 1e aa 1e  |................|
00201d70  ac 1e ac 1e ae 1e ae 1e  b0 1e b0 1e b2 1e b2 1e  |................|
00201d80  b4 1e b4 1e b6 1e b6 1e  b8 1e b8 1e ba 1e ba 1e  |................|
00201d90  bc 1e bc 1e be 1e be 1e  c0 1e c0 1e c2 1e c2 1e  |................|
00201da0  c4 1e c4 1e c6 1e c6 1e  c8 1e c8 1e ca 1e ca 1e  |................|
00201db0  cc 1e cc 1e ce 1e ce 1e  d0 1e d0 1e d2 1e d2 1e  |................|
00201dc0  d4 1e d4 1e d6 1e d6 1e  d8 1e d8 1e da 1e da 1e  |................|
00201dd0  dc 1e dc 1e de 1e de 1e  e0 1e e0 1e e2 1e e2 1e  |................|
00201de0  e4 1e e4 1e e6 1e e6 1e  e8 1e e8 1e ea 1e ea 1e  |................|
00201df0  ec 1e ec 1e ee 1e ee 1e  f0 1e f0 1e f2 1e f2 1e  |................|
00201e00  f4 1e f4 1e f6 1e f6 1e  f8 1e f8 1e fa 1e fb 1e  |................|
00201e10  fc 1e fd 1e fe 1e ff 1e  08 1f 09 1f 0a 1f 0b 1f  |................|
00201e20  0c 1f 0d 1f 0e 1f 0f 1f  08 1f 09 1f 0a 1f 0b 1f  |................|
00201e30  0c 1f 0d 1f 0e 1f 0f 1f  18 1f 19 1f 1a 1f 1b 1f  |................|
00201e40  1c 1f 1d 1f 16 1f 17 1f  18 1f 19 1f 1a 1f 1b 1f  |................|
00201e50  1c 1f 1d 1f 1e 1f 1f 1f  28 1f 29 1f 2a 1f 2b 1f  |........(.).*.+.|
00201e60  2c 1f 2d 1f 2e 1f 2f 1f  28 1f 29 1f 2a 1f 2b 1f  |,.-.../.(.).*.+.|
00201e70  2c 1f 2d 1f 2e 1f 2f 1f  38 1f 39 1f 3a 1f 3b 1f  |,.-.../.8.9.:.;.|
00201e80  3c 1f 3d 1f 3e 1f 3f 1f  38 1f 39 1f 3a 1f 3b 1f  |<.=.>.?.8.9.:.;.|
00201e90  3c 1f 3d 1f 3e 1f 3f 1f  48 1f 49 1f 4a 1f 4b 1f  |<.=.>.?.H.I.J.K.|
00201ea0  4c 1f 4d 1f 46 1f 47 1f  48 1f 49 1f 4a 1f 4b 1f  |L.M.F.G.H.I.J.K.|
00201eb0  4c 1f 4d 1f 4e 1f 4f 1f  50 1f 59 1f 52 1f 5b 1f  |L.M.N.O.P.Y.R.[.|
00201ec0  54 1f 5d 1f 56 1f 5f 1f  58 1f 59 1f 5a 1f 5b 1f  |T.].V._.X.Y.Z.[.|
00201ed0  5c 1f 5d 1f 5e 1f 5f 1f  68 1f 69 1f 6a 1f 6b 1f  |\.].^._.h.i.j.k.|
00201ee0  6c 1f 6d 1f 6e 1f 6f 1f  68 1f 69 1f 6a 1f 6b 1f  |l.m.n.o.h.i.j.k.|
00201ef0  6c 1f 6d 1f 6e 1f 6f 1f  ba 1f bb 1f c8 1f c9 1f  |l.m.n.o.........|
00201f00  ca 1f cb 1f da 1f db 1f  f8 1f f9 1f ea 1f eb 1f  |................|
00201f10  fa 1f fb 1f 7e 1f 7f 1f  88 1f 89 1f 8a 1f 8b 1f  |....~...........|
00201f20  8c 1f 8d 1f 8e 1f 8f 1f  88 1f 89 1f 8a 1f 8b 1f  |................|
00201f30  8c 1f 8d 1f 8e 1f 8f 1f  98 1f 99 1f 9a 1f 9b 1f  |................|
00201f40  9c 1f 9d 1f 9e 1f 9f 1f  98 1f 99 1f 9a 1f 9b 1f  |................|
00201f50  9c 1f 9d 1f 9e 1f 9f 1f  a8 1f a9 1f aa 1f ab 1f  |................|
00201f60  ac 1f ad 1f ae 1f af 1f  a8 1f a9 1f aa 1f ab 1f  |................|
00201f70  ac 1f ad 1f ae 1f af 1f  b8 1f b9 1f b2 1f bc 1f  |................|
00201f80  b4 1f b5 1f b6 1f b7 1f  b8 1f b9 1f ba 1f bb 1f  |................|
00201f90  bc 1f bd 1f be 1f bf 1f  c0 1f c1 1f c2 1f c3 1f  |................|
00201fa0  c4 1f c5 1f c6 1f c7 1f  c8 1f c9 1f ca 1f cb 1f  |................|
00201fb0  c3 1f cd 1f ce 1f cf 1f  d8 1f d9 1f d2 1f d3 1f  |................|
00201fc0  d4 1f d5 1f d6 1f d7 1f  d8 1f d9 1f da 1f db 1f  |................|
00201fd0  dc 1f dd 1f de 1f df 1f  e8 1f e9 1f e2 1f e3 1f  |................|
00201fe0  e4 1f ec 1f e6 1f e7 1f  e8 1f e9 1f ea 1f eb 1f  |................|
00201ff0  ec 1f ed 1f ee 1f ef 1f  f0 1f f1 1f f2 1f f3 1f  |................|
00202000  f4 1f f5 1f f6 1f f7 1f  f8 1f f9 1f fa 1f fb 1f  |................|
00202010  f3 1f fd 1f fe 1f ff 1f  00 20 01 20 02 20 03 20  |......... . . . |
00202020  04 20 05 20 06 20 07 20  08 20 09 20 0a 20 0b 20  |. . . . . . . . |
00202030  0c 20 0d 20 0e 20 0f 20  10 20 11 20 12 20 13 20  |. . . . . . . . |
00202040  14 20 15 20 16 20 17 20  18 20 19 20 1a 20 1b 20  |. . . . . . . . |
00202050  1c 20 1d 20 1e 20 1f 20  20 20 21 20 22 20 23 20  |. . . .   ! " # |
00202060  24 20 25 20 26 20 27 20  28 20 29 20 2a 20 2b 20  |$ % & ' ( ) * + |
00202070  2c 20 2d 20 2e 20 2f 20  30 20 31 20 32 20 33 20  |, - . / 0 1 2 3 |
00202080  34 20 35 20 36 20 37 20  38 20 39 20 3a 20 3b 20  |4 5 6 7 8 9 : ; |
00202090  3c 20 3d 20 3e 20 3f 20  40 20 41 20 42 20 43 20  |< = > ? @ A B C |
002020a0  44 20 45 20 46 20 47 20  48 20 49 20 4a 20 4b 20  |D E F G H I J K |
002020b0  4c 20 4d 20 4e 20 4f 20  50 20 51 20 52 20 53 20  |L M N O P Q R S |
002020c0  54 20 55 20 56 20 57 20  58 20 59 20 5a 20 5b 20  |T U V W X Y Z [ |
002020d0  5c 20 5d 20 5e 20 5f 20  60 20 61 20 62 20 63 20  |\ ] ^ _ ` a b c |
002020e0  64 20 65 20 66 20 67 20  68 20 69 20 6a 20 6b 20  |d e f g h i j k |
002020f0  6c 20 6d 20 6e 20 6f 20  70 20 71 20 72 20 73 20  |l m n o p q r s |
00202100  74 20 75 20 76 20 77 20  78 20 79 20 7a 20 7b 20  |t u v w x y z { |
00202110  7c 20 7d 20 7e 20 7f 20  80 20 81 20 82 20 83 20  || } ~ . . . . . |
00202120  84 20 85 20 86 20 87 20  88 20 89 20 8a 20 8b 20  |. . . . . . . . |
00202130  8c 20 8d 20 8e 20 8f 20  90 20 91 20 92 20 93 20  |. . . . . . . . |
00202140  94 20 95 20 96 20 97 20  98 20 99 20 9a 20 9b 20  |. . . . . . . . |
00202150  9c 20 9d 20 9e 20 9f 20  a0 20 a1 20 a2 20 a3 20  |. . . . . . . . |
00202160  a4 20 a5 20 a6 20 a7 20  a8 20 a9 20 aa 20 ab 20  |. . . . . . . . |
00202170  ac 20 ad 20 ae 20 af 20  b0 20 b1 20 b2 20 b3 20  |. . . . . . . . |
00202180  b4 20 b5 20 b6 20 b7 20  b8 20 b9 20 ba 20 bb 20  |. . . . . . . . |
00202190  bc 20 bd 20 be 20 bf 20  c0 20 c1 20 c2 20 c3 20  |. . . . . . . . |
002021a0  c4 20 c5 20 c6 20 c7 20  c8 20 c9 20 ca 20 cb 20  |. . . . . . . . |
002021b0  cc 20 cd 20 ce 20 cf 20  d0 20 d1 20 d2 20 d3 20  |. . . . . . . . |
002021c0  d4 20 d5 20 d6 20 d7 20  d8 20 d9 20 da 20 db 20  |. . . . . . . . |
002021d0  dc 20 dd 20 de 20 df 20  e0 20 e1 20 e2 20 e3 20  |. . . . . . . . |
002021e0  e4 20 e5 20 e6 20 e7 20  e8 20 e9 20 ea 20 eb 20  |. . . . . . . . |
002021f0  ec 20 ed 20 ee 20 ef 20  f0 20 f1 20 f2 20 f3 20  |. . . . . . . . |
00202200  f4 20 f5 20 f6 20 f7 20  f8 20 f9 20 fa 20 fb 20  |. . . . . . . . |
00202210  fc 20 fd 20 fe 20 ff 20  00 21 01 21 02 21 03 21  |. . . . .!.!.!.!|
00202220  04 21 05 21 06 21 07 21  08 21 09 21 0a 21 0b 21  |.!.!.!.!.!.!.!.!|
00202230  0c 21 0d 21 0e 21 0f 21  10 21 11 21 12 21 13 21  |.!.!.!.!.!.!.!.!|
00202240  14 21 15 21 16 21 17 21  18 21 19 21 1a 21 1b 21  |.!.!.!.!.!.!.!.!|
00202250  1c 21 1d 21 1e 21 1f 21  20 21 21 21 22 21 23 21  |.!.!.!.! !!!"!#!|
00202260  24 21 25 21 26 21 27 21  28 21 29 21 2a 21 2b 21  |$!%!&!'!(!)!*!+!|
00202270  2c 21 2d 21 2e 21 2f 21  30 21 31 21 32 21 33 21  |,!-!.!/!0!1!2!3!|
00202280  34 21 35 21 36 21 37 21  38 21 39 21 3a 21 3b 21  |4!5!6!7!8!9!:!;!|
00202290  3c 21 3d 21 3e 21 3f 21  40 21 41 21 42 21 43 21  |<!=!>!?!@!A!B!C!|
002022a0  44 21 45 21 46 21 47 21  48 21 49 21 4a 21 4b 21  |D!E!F!G!H!I!J!K!|
002022b0  4c 21 4d 21 32 21 4f 21  50 21 51 21 52 21 53 21  |L!M!2!O!P!Q!R!S!|
002022c0  54 21 55 21 56 21 57 21  58 21 59 21 5a 21 5b 21  |T!U!V!W!X!Y!Z![!|
002022d0  5c 21 5d 21 5e 21 5f 21  60 21 61 21 62 21 63 21  |\!]!^!_!`!a!b!c!|
002022e0  64 21 65 21 66 21 67 21  68 21 69 21 6a 21 6b 21  |d!e!f!g!h!i!j!k!|
002022f0  6c 21 6d 21 6e 21 6f 21  60 21 61 21 62 21 63 21  |l!m!n!o!`!a!b!c!|
00202300  64 21 65 21 66 21 67 21  68 21 69 21 6a 21 6b 21  |d!e!f!g!h!i!j!k!|
00202310  6c 21 6d 21 6e 21 6f 21  80 21 81 21 82 21 83 21  |l!m!n!o!.!.!.!.!|
00202320  83 21 ff ff 4b 03 b6 24  b7 24 b8 24 b9 24 ba 24  |.!..K..$.$.$.$.$|
00202330  bb 24 bc 24 bd 24 be 24  bf 24 c0 24 c1 24 c2 24  |.$.$.$.$.$.$.$.$|
00202340  c3 24 c4 24 c5 24 c6 24  c7 24 c8 24 c9 24 ca 24  |.$.$.$.$.$.$.$.$|
00202350  cb 24 cc 24 cd 24 ce 24  cf 24 ff ff 46 07 00 2c  |.$.$.$.$.$..F..,|
00202360  01 2c 02 2c 03 2c 04 2c  05 2c 06 2c 07 2c 08 2c  |.,.,.,.,.,.,.,.,|
00202370  09 2c 0a 2c 0b 2c 0c 2c  0d 2c 0e 2c 0f 2c 10 2c  |.,.,.,.,.,.,.,.,|
00202380  11 2c 12 2c 13 2c 14 2c  15 2c 16 2c 17 2c 18 2c  |.,.,.,.,.,.,.,.,|
00202390  19 2c 1a 2c 1b 2c 1c 2c  1d 2c 1e 2c 1f 2c 20 2c  |.,.,.,.,.,.,., ,|
002023a0  21 2c 22 2c 23 2c 24 2c  25 2c 26 2c 27 2c 28 2c  |!,",#,$,%,&,',(,|
002023b0  29 2c 2a 2c 2b 2c 2c 2c  2d 2c 2e 2c 5f 2c 60 2c  |),*,+,,,-,.,_,`,|
002023c0  60 2c 62 2c 63 2c 64 2c  65 2c 66 2c 67 2c 67 2c  |`,b,c,d,e,f,g,g,|
002023d0  69 2c 69 2c 6b 2c 6b 2c  6d 2c 6e 2c 6f 2c 70 2c  |i,i,k,k,m,n,o,p,|
002023e0  71 2c 72 2c 73 2c 74 2c  75 2c 75 2c 77 2c 78 2c  |q,r,s,t,u,u,w,x,|
002023f0  79 2c 7a 2c 7b 2c 7c 2c  7d 2c 7e 2c 7f 2c 80 2c  |y,z,{,|,},~,.,.,|
00202400  80 2c 82 2c 82 2c 84 2c  84 2c 86 2c 86 2c 88 2c  |.,.,.,.,.,.,.,.,|
00202410  88 2c 8a 2c 8a 2c 8c 2c  8c 2c 8e 2c 8e 2c 90 2c  |.,.,.,.,.,.,.,.,|
00202420  90 2c 92 2c 92 2c 94 2c  94 2c 96 2c 96 2c 98 2c  |.,.,.,.,.,.,.,.,|
00202430  98 2c 9a 2c 9a 2c 9c 2c  9c 2c 9e 2c 9e 2c a0 2c  |.,.,.,.,.,.,.,.,|
00202440  a0 2c a2 2c a2 2c a4 2c  a4 2c a6 2c a6 2c a8 2c  |.,.,.,.,.,.,.,.,|
00202450  a8 2c aa 2c aa 2c ac 2c  ac 2c ae 2c ae 2c b0 2c  |.,.,.,.,.,.,.,.,|
00202460  b0 2c b2 2c b2 2c b4 2c  b4 2c b6 2c b6 2c b8 2c  |.,.,.,.,.,.,.,.,|
00202470  b8 2c ba 2c ba 2c bc 2c  bc 2c be 2c be 2c c0 2c  |.,.,.,.,.,.,.,.,|
00202480  c0 2c c2 2c c2 2c c4 2c  c4 2c c6 2c c6 2c c8 2c  |.,.,.,.,.,.,.,.,|
00202490  c8 2c ca 2c ca 2c cc 2c  cc 2c ce 2c ce 2c d0 2c  |.,.,.,.,.,.,.,.,|
002024a0  d0 2c d2 2c d2 2c d4 2c  d4 2c d6 2c d6 2c d8 2c  |.,.,.,.,.,.,.,.,|
002024b0  d8 2c da 2c da 2c dc 2c  dc 2c de 2c de 2c e0 2c  |.,.,.,.,.,.,.,.,|
002024c0  e0 2c e2 2c e2 2c e4 2c  e5 2c e6 2c e7 2c e8 2c  |.,.,.,.,.,.,.,.,|
002024d0  e9 2c ea 2c eb 2c ec 2c  ed 2c ee 2c ef 2c f0 2c  |.,.,.,.,.,.,.,.,|
002024e0  f1 2c f2 2c f3 2c f4 2c  f5 2c f6 2c f7 2c f8 2c  |.,.,.,.,.,.,.,.,|
002024f0  f9 2c fa 2c fb 2c fc 2c  fd 2c fe 2c ff 2c a0 10  |.,.,.,.,.,.,.,..|
00202500  a1 10 a2 10 a3 10 a4 10  a5 10 a6 10 a7 10 a8 10  |................|
00202510  a9 10 aa 10 ab 10 ac 10  ad 10 ae 10 af 10 b0 10  |................|
00202520  b1 10 b2 10 b3 10 b4 10  b5 10 b6 10 b7 10 b8 10  |................|
00202530  b9 10 ba 10 bb 10 bc 10  bd 10 be 10 bf 10 c0 10  |................|
00202540  c1 10 c2 10 c3 10 c4 10  c5 10 ff ff 1b d2 21 ff  |..............!.|
00202550  22 ff 23 ff 24 ff 25 ff  26 ff 27 ff 28 ff 29 ff  |".#.$.%.&.'.(.).|
00202560  2a ff 2b ff 2c ff 2d ff  2e ff 2f ff 30 ff 31 ff  |*.+.,.-.../.0.1.|
00202570  32 ff 33 ff 34 ff 35 ff  36 ff 37 ff 38 ff 39 ff  |2.3.4.5.6.7.8.9.|
00202580  3a ff 5b ff 5c ff 5d ff  5e ff 5f ff 60 ff 61 ff  |:.[.\.].^._.`.a.|
00202590  62 ff 63 ff 64 ff 65 ff  66 ff 67 ff 68 ff 69 ff  |b.c.d.e.f.g.h.i.|
002025a0  6a ff 6b ff 6c ff 6d ff  6e ff 6f ff 70 ff 71 ff  |j.k.l.m.n.o.p.q.|
002025b0  72 ff 73 ff 74 ff 75 ff  76 ff 77 ff 78 ff 79 ff  |r.s.t.u.v.w.x.y.|
002025c0  7a ff 7b ff 7c ff 7d ff  7e ff 7f ff 80 ff 81 ff  |z.{.|.}.~.......|
002025d0  82 ff 83 ff 84 ff 85 ff  86 ff 87 ff 88 ff 89 ff  |................|
002025e0  8a ff 8b ff 8c ff 8d ff  8e ff 8f ff 90 ff 91 ff  |................|
002025f0  92 ff 93 ff 94 ff 95 ff  96 ff 97 ff 98 ff 99 ff  |................|
00202600  9a ff 9b ff 9c ff 9d ff  9e ff 9f ff a0 ff a1 ff  |................|
00202610  a2 ff a3 ff a4 ff a5 ff  a6 ff a7 ff a8 ff a9 ff  |................|
00202620  aa ff ab ff ac ff ad ff  ae ff af ff b0 ff b1 ff  |................|
00202630  b2 ff b3 ff b4 ff b5 ff  b6 ff b7 ff b8 ff b9 ff  |................|
00202640  ba ff bb ff bc ff bd ff  be ff bf ff c0 ff c1 ff  |................|
00202650  c2 ff c3 ff c4 ff c5 ff  c6 ff c7 ff c8 ff c9 ff  |................|
00202660  ca ff cb ff cc ff cd ff  ce ff cf ff d0 ff d1 ff  |................|
00202670  d2 ff d3 ff d4 ff d5 ff  d6 ff d7 ff d8 ff d9 ff  |................|
00202680  da ff db ff dc ff dd ff  de ff df ff e0 ff e1 ff  |................|
00202690  e2 ff e3 ff e4 ff e5 ff  e6 ff e7 ff e8 ff e9 ff  |................|
002026a0  ea ff eb ff ec ff ed ff  ee ff ef ff f0 ff f1 ff  |................|
002026b0  f2 ff f3 ff f4 ff f5 ff  f6 ff f7 ff f8 ff f9 ff  |................|
002026c0  fa ff fb ff fc ff fd ff  fe ff ff ff 00 00 00 00  |................|
002026d0  00 00 00 00 00 00 00 00  00 00 00 00 00 00 00 00  |................|
*
00203000  83 00 00 00 00 00 00 00  00 00 00 00 00 00 00 00  |................|
00203010  00 00 00 00 00 00 00 00  00 00 00 00 00 00 00 00  |................|
00203020  20 00 00 00 00 00 00 00  00 00 00 00 00 00 00 00  | ...............|
00203030  00 00 00 00 00 00 00 00  00 00 00 00 00 00 00 00  |................|
00203040  81 00 00 00 00 00 00 00  00 00 00 00 00 00 00 00  |................|
00203050  00 00 00 00 02 00 00 00  00 06 00 00 00 00 00 00  |................|
00203060  82 00 00 00 0d d3 19 e6  00 00 00 00 00 00 00 00  |................|
00203070  00 00 00 00 03 00 00 00  cc 16 00 00 00 00 00 00  |................|
00203080  85 02 13 f0 10 00 00 00  39 6f 64 5b 39 6f 64 5b  |........9od[9od[|
00203090  39 6f 64 5b 36 36 80 80  80 00 00 00 00 00 00 00  |9od[66..........|
002030a0  c0 03 00 06 74 88 00 00  00 10 00 00 00 00 00 00  |....t...........|
002030b0  00 00 00 00 06 00 00 00  00 10 00 00 00 00 00 00  |................|
002030c0  c1 00 66 00 6f 00 6c 00  64 00 65 00 72 00 00 00  |..f.o.l.d.e.r...|
002030d0  00 00 00 00 00 00 00 00  00 00 00 00 00 00 00 00  |................|
002030e0  05 02 d5 ec 20 00 00 00  39 6f 64 5b 39 6f 64 5b  |.... ...9od[9od[|
002030f0  39 6f 64 5b 37 37 80 80  80 00 00 00 00 00 00 00  |9od[77..........|
00203100  40 03 00 08 0c 2b 00 00  05 00 00 00 00 00 00 00  |@....+..........|
00203110  00 00 00 00 07 00 00 00  05 00 00 00 00 00 00 00  |................|
00203120  41 00 66 00 69 00 6c 00  65 00 2e 00 74 00 78 00  |A.f.i.l.e...t.x.|
00203130  74 00 00 00 00 00 00 00  00 00 00 00 00 00 00 00  |t...............|
00203140  85 02 59 47 20 00 00 00  39 6f 64 5b 39 6f 64 5b  |..YG ...9od[9od[|
00203150  39 6f 64 5b 37 37 80 80  80 00 00 00 00 00 00 00  |9od[77..........|
00203160  c0 03 00 0e ba 44 00 00  8a 00 10 00 00 00 00 00  |.....D..........|
00203170  00 00 00 00 08 00 00 00  8a 00 10 00 00 00 00 00  |................|
00203180  c1 00 69 00 6d 00 61 00  67 00 65 00 2d 00 6e 00  |..i.m.a.g.e.-.n.|
00203190  61 00 6d 00 65 00 2e 00  62 00 6d 00 70 00 00 00  |a.m.e...b.m.p...|
002031a0  00 00 00 00 00 00 00 00  00 00 00 00 00 00 00 00  |................|
*
00205000  74 65 78 74 0a 00 00 00  00 00 00 00 00 00 00 00  |text............|
00205010  00 00 00 00 00 00 00 00  00 00 00 00 00 00 00 00  |................|
*
00206000  42 4d 8a 00 10 00 00 00  00 00 8a 00 00 00 7c 00  |BM............|.|
00206010  00 00 00 02 00 00 00 02  00 00 01 00 20 00 03 00  |............ ...|
00206020  00 00 00 00 10 00 12 0b  00 00 12 0b 00 00 00 00  |................|
00206030  00 00 00 00 00 00 00 00  ff 00 00 ff 00 00 ff 00  |................|
00206040  00 00 00 00 00 ff 42 47  52 73 8f c2 f5 28 51 b8  |......BGRs...(Q.|
00206050  1e 15 1e 85 eb 01 33 33  33 13 66 66 66 26 66 66  |......333.fff&ff|
00206060  66 06 99 99 99 09 3d 0a  d7 03 28 5c 8f 32 00 00  |f.....=...(\.2..|
00206070  00 00 00 00 00 00 00 00  00 00 04 00 00 00 00 00  |................|
00206080  00 00 00 00 00 00 00 00  00 00 00 00 00 00 00 00  |................|
*
0020a230  00 00 00 00 00 00 00 00  00 00 31 31 31 1f 33 33  |..........111.33|
0020a240  33 5e 32 32 32 88 33 33  33 ae 33 33 33 d5 32 32  |3^222.333.333.22|
0020a250  32 e2 33 33 33 ef 33 33  33 ff 33 33 33 ff 33 33  |2.333.333.333.33|
0020a260  33 ff 33 33 33 ff 33 33  33 ff 33 33 33 ff 33 33  |3.333.333.333.33|
*
0020a760  33 ff 33 33 33 f5 33 33  33 e9 33 33 33 dc 33 33  |3.333.333.333.33|
0020a770  33 bd 33 33 33 96 33 33  33 6e 33 33 33 36 55 55  |3.333.333n3336UU|
0020a780  55 03 00 00 00 00 00 00  00 00 00 00 00 00 00 00  |U...............|
0020a790  00 00 00 00 00 00 00 00  00 00 00 00 00 00 00 00  |................|
*
0020aa20  00 00 00 00 00 00 00 00  00 00 00 00 00 00 33 33  |..............33|
0020aa30  33 3b 33 33 33 96 33 33  33 dc 33 33 33 ff 33 33  |3;333.333.333.33|
0020aa40  33 ff 33 33 33 ff 33 33  33 ff 33 33 33 ff 33 33  |3.333.333.333.33|
*
0020af80  33 ef 33 33 33 ae 33 33  33 59 38 38 38 09 00 00  |3.333.333Y888...|
0020af90  00 00 00 00 00 00 00 00  00 00 00 00 00 00 00 00  |................|
*
0020b220  00 00 2a 2a 2a 0c 32 32  32 75 33 33 33 da 33 33  |..***.222u333.33|
0020b230  33 ff 33 33 33 ff 33 33  33 ff 33 33 33 ff 33 33  |3.333.333.333.33|
*
0020b780  33 ff 33 33 33 ff 33 33  33 ff 33 33 33 f0 32 32  |3.333.333.333.22|
0020b790  32 97 34 34 34 22 00 00  00 00 00 00 00 00 00 00  |2.444"..........|
0020b7a0  00 00 00 00 00 00 00 00  00 00 00 00 00 00 00 00  |................|
*
0020ba10  00 00 00 00 00 00 00 00  00 00 2a 2a 2a 0c 33 33  |..........***.33|
0020ba20  33 7c 32 32 32 ec 33 33  33 ff 33 33 33 ff 33 33  |3|222.333.333.33|
0020ba30  33 ff 33 33 33 ff 33 33  33 ff 33 33 33 ff 33 33  |3.333.333.333.33|
*
0020bf90  33 ff 32 32 32 fb 33 33  33 9f 36 36 36 21 00 00  |3.222.333.666!..|
0020bfa0  00 00 00 00 00 00 00 00  00 00 00 00 00 00 00 00  |................|
*
0020c210  00 00 00 00 00 00 31 31  31 4d 33 33 33 e0 33 33  |......111M333.33|
0020c220  33 ff 33 33 33 ff 33 33  33 ff 33 33 33 ff 33 33  |3.333.333.333.33|
*
0020c790  33 ff 33 33 33 ff 33 33  33 ff 32 32 32 f6 33 33  |3.333.333.222.33|
0020c7a0  33 80 24 24 24 07 00 00  00 00 00 00 00 00 00 00  |3.$$$...........|
0020c7b0  00 00 00 00 00 00 00 00  00 00 00 00 00 00 00 00  |................|
*
0020ca00  00 00 00 00 00 00 00 00  00 00 00 00 00 00 38 38  |..............88|
0020ca10  38 12 33 33 33 af 33 33  33 ff 33 33 33 ff 33 33  |8.333.333.333.33|
0020ca20  33 ff 33 33 33 ff 33 33  33 ff 33 33 33 ff 33 33  |3.333.333.333.33|
*
0020cfa0  33 ff 32 32 32 d4 35 35  35 2b 00 00 00 00 00 00  |3.222.555+......|
0020cfb0  00 00 00 00 00 00 00 00  00 00 00 00 00 00 00 00  |................|
*
0020d200  00 00 00 00 00 00 00 00  00 00 31 31 31 34 32 32  |..........111422|
0020d210  32 de 33 33 33 ff 33 33  33 ff 33 33 33 ff 33 33  |2.333.333.333.33|
0020d220  33 ff 33 33 33 ff 33 33  33 ff 33 33 33 ff 33 33  |3.333.333.333.33|
*
0020d7a0  33 ff 33 33 33 ff 32 32  32 f6 33 33 33 63 00 00  |3.333.222.333c..|
0020d7b0  00 00 00 00 00 00 00 00  00 00 00 00 00 00 00 00  |................|
*
0020da00  00 00 00 00 00 00 33 33  33 59 33 33 33 f9 33 33  |......333Y333.33|
0020da10  33 ff 33 33 33 ff 33 33  33 ff 33 33 33 ff 33 33  |3.333.333.333.33|
*
0020dfb0  33 86 00 00 00 01 00 00  00 00 00 00 00 00 00 00  |3...............|
0020dfc0  00 00 00 00 00 00 00 00  00 00 00 00 00 00 00 00  |................|
*
0020e200  00 00 32 32 32 6b 33 33  33 fd 33 33 33 ff 33 33  |..222k333.333.33|
0020e210  33 ff 33 33 33 ff 33 33  33 ff 33 33 33 ff 33 33  |3.333.333.333.33|
*
0020e7b0  33 ff 33 33 33 a0 3f 3f  3f 04 00 00 00 00 00 00  |3.333.???.......|
0020e7c0  00 00 00 00 00 00 00 00  00 00 00 00 00 00 00 00  |................|
*
0020e9f0  00 00 00 00 00 00 00 00  00 00 00 00 00 00 33 33  |..............33|
0020ea00  33 6e 33 33 33 ff 33 33  33 ff 33 33 33 ff 33 33  |3n333.333.333.33|
0020ea10  33 ff 33 33 33 ff 33 33  33 ff 33 33 33 ff 33 33  |3.333.333.333.33|
*
0020efb0  33 ff 33 33 33 ff 33 33  33 9a 00 00 00 00 00 00  |3.333.333.......|
0020efc0  00 00 00 00 00 00 00 00  00 00 00 00 00 00 00 00  |................|
*
0020f1f0  00 00 00 00 00 00 00 00  00 00 34 34 34 58 33 33  |..........444X33|
0020f200  33 fd 33 33 33 ff 33 33  33 ff 33 33 33 ff 33 33  |3.333.333.333.33|
0020f210  33 ff 33 33 33 ff 33 33  33 ff 33 33 33 ff 33 33  |3.333.333.333.33|
*
0020f7b0  33 ff 33 33 33 ff 33 33  33 ff 33 33 33 7d 00 00  |3.333.333.333}..|
0020f7c0  00 00 00 00 00 00 00 00  00 00 00 00 00 00 00 00  |................|
*
0020f9f0  00 00 00 00 00 00 31 31  31 39 33 33 33 f9 33 33  |......1119333.33|
0020fa00  33 ff 33 33 33 ff 33 33  33 ff 33 33 33 ff 33 33  |3.333.333.333.33|
*
0020ffb0  33 ff 33 33 33 ff 33 33  33 ff 33 33 33 fe 32 32  |3.333.333.333.22|
0020ffc0  32 56 00 00 00 00 00 00  00 00 00 00 00 00 00 00  |2V..............|
0020ffd0  00 00 00 00 00 00 00 00  00 00 00 00 00 00 00 00  |................|
*
002101f0  00 00 2d 2d 2d 11 33 33  33 df 33 33 33 ff 33 33  |..---.333.333.33|
00210200  33 ff 33 33 33 ff 33 33  33 ff 33 33 33 ff 33 33  |3.333.333.333.33|
*
002107c0  33 f0 36 36 36 21 00 00  00 00 00 00 00 00 00 00  |3.666!..........|
002107d0  00 00 00 00 00 00 00 00  00 00 00 00 00 00 00 00  |................|
*
002109f0  00 00 33 33 33 af 33 33  33 ff 33 33 33 ff 33 33  |..333.333.333.33|
00210a00  33 ff 33 33 33 ff 33 33  33 ff 33 33 33 ff 33 33  |3.333.333.333.33|
*
00210fc0  33 ff 33 33 33 c7 55 55  55 03 00 00 00 00 00 00  |3.333.UUU.......|
00210fd0  00 00 00 00 00 00 00 00  00 00 00 00 00 00 00 00  |................|
*
002111e0  00 00 00 00 00 00 00 00  00 00 00 00 00 00 32 32  |..............22|
002111f0  32 51 33 33 33 ff 33 33  33 ff 33 33 33 ff 33 33  |2Q333.333.333.33|
00211200  33 ff 33 33 33 ff 33 33  33 ff 33 33 33 ff 33 33  |3.333.333.333.33|
*
002117c0  33 ff 33 33 33 ff 33 33  33 68 00 00 00 00 00 00  |3.333.333h......|
002117d0  00 00 00 00 00 00 00 00  00 00 00 00 00 00 00 00  |................|
*
002119e0  00 00 00 00 00 00 00 00  00 00 2e 2e 2e 0b 33 33  |..............33|
002119f0  33 e1 33 33 33 ff 33 33  33 ff 33 33 33 ff 33 33  |3.333.333.333.33|
00211a00  33 ff 33 33 33 ff 33 33  33 ff 33 33 33 ff 33 33  |3.333.333.333.33|
*
00211a40  33 ff 32 32 32 e8 33 33  33 99 34 34 34 58 34 34  |3.222.333.444X44|
00211a50  34 2c 2d 2d 2d 11 00 00  00 00 00 00 00 00 00 00  |4,---...........|
00211a60  00 00 00 00 00 00 00 00  00 00 00 00 00 00 00 00  |................|
*
00211f60  00 00 2e 2e 2e 0b 31 31  31 1f 31 31 31 48 33 33  |......111.111H33|
00211f70  33 87 32 32 32 d8 33 33  33 ff 33 33 33 ff 33 33  |3.222.333.333.33|
00211f80  33 ff 33 33 33 ff 33 33  33 ff 33 33 33 ff 33 33  |3.333.333.333.33|
*
00211fc0  33 ff 33 33 33 ff 32 32  32 ec 35 35 35 13 00 00  |3.333.222.555...|
00211fd0  00 00 00 00 00 00 00 00  00 00 00 00 00 00 00 00  |................|
*
002121e0  00 00 00 00 00 00 00 00  00 00 33 33 33 7b 33 33  |..........333{33|
002121f0  33 ff 33 33 33 ff 33 33  33 ff 33 33 33 ff 33 33  |3.333.333.333.33|
*
00212230  33 ff 33 33 33 ff 33 33  33 ff 33 33 33 dc 31 31  |3.333.333.333.11|
00212240  31 57 33 33 33 05 00 00  00 00 00 00 00 00 00 00  |1W333...........|
00212250  00 00 00 00 00 00 00 00  00 00 00 00 00 00 00 00  |................|
*
00212770  00 00 00 00 00 01 34 34  34 44 33 33 33 c8 33 33  |......444D333.33|
00212780  33 ff 33 33 33 ff 33 33  33 ff 33 33 33 ff 33 33  |3.333.333.333.33|
*
002127c0  33 ff 33 33 33 ff 33 33  33 ff 33 33 33 8c 00 00  |3.333.333.333...|
002127d0  00 00 00 00 00 00 00 00  00 00 00 00 00 00 00 00  |................|
*
002129e0  00 00 00 00 00 00 2e 2e  2e 0b 33 33 33 eb 33 33  |..........333.33|
002129f0  33 ff 33 33 33 ff 33 33  33 ff 33 33 33 ff 33 33  |3.333.333.333.33|
*
00212a30  33 ff 33 33 33 f3 33 33  33 72 2a 2a 2a 06 00 00  |3.333.333r***...|
00212a40  00 00 00 00 00 00 00 00  00 00 00 00 00 00 00 00  |................|
*
00212f70  00 00 00 00 00 00 00 00  00 00 00 00 00 01 33 33  |..............33|
00212f80  33 6d 33 33 33 f8 33 33  33 ff 33 33 33 ff 33 33  |3m333.333.333.33|
00212f90  33 ff 33 33 33 ff 33 33  33 ff 33 33 33 ff 33 33  |3.333.333.333.33|
*
00212fc0  33 ff 33 33 33 ff 33 33  33 ff 33 33 33 f3 35 35  |3.333.333.333.55|
00212fd0  35 13 00 00 00 00 00 00  00 00 00 00 00 00 00 00  |5...............|
00212fe0  00 00 00 00 00 00 00 00  00 00 00 00 00 00 00 00  |................|
*
002131e0  00 00 00 00 00 00 33 33  33 72 33 33 33 ff 33 33  |......333r333.33|
002131f0  33 ff 33 33 33 ff 33 33  33 ff 33 33 33 ff 33 33  |3.333.333.333.33|
*
00213230  33 e0 31 31 31 2e 00 00  00 00 00 00 00 00 00 00  |3.111...........|
00213240  00 00 00 00 00 00 00 00  00 00 00 00 00 00 00 00  |................|
*
00213780  00 00 33 33 33 45 33 33  33 f4 33 33 33 ff 33 33  |..333E333.333.33|
00213790  33 ff 33 33 33 ff 33 33  33 ff 33 33 33 ff 33 33  |3.333.333.333.33|
*
002137c0  33 ff 33 33 33 ff 33 33  33 ff 33 33 33 ff 32 32  |3.333.333.333.22|
002137d0  32 7f 00 00 00 00 00 00  00 00 00 00 00 00 00 00  |2...............|
002137e0  00 00 00 00 00 00 00 00  00 00 00 00 00 00 00 00  |................|
*
002139e0  00 00 00 00 00 00 32 32  32 d8 33 33 33 ff 33 33  |......222.333.33|
002139f0  33 ff 33 33 33 ff 33 33  33 ff 33 33 33 ff 33 33  |3.333.333.333.33|
*
00213a20  33 ff 33 33 33 ff 33 33  33 ff 33 33 33 cb 37 37  |3.333.333.333.77|
00213a30  37 17 00 00 00 00 00 00  00 00 00 00 00 00 00 00  |7...............|
00213a40  00 00 00 00 00 00 00 00  00 00 00 00 00 00 00 00  |................|
*
00213f80  00 00 00 00 00 00 34 34  34 3a 33 33 33 f3 33 33  |......444:333.33|
00213f90  33 ff 33 33 33 ff 33 33  33 ff 33 33 33 ff 33 33  |3.333.333.333.33|
*
00213fc0  33 ff 33 33 33 ff 33 33  33 ff 33 33 33 ff 32 32  |3.333.333.333.22|
00213fd0  32 e2 00 00 00 02 00 00  00 00 00 00 00 00 00 00  |2...............|
00213fe0  00 00 00 00 00 00 00 00  00 00 00 00 00 00 00 00  |................|
*
002141e0  00 00 32 32 32 38 33 33  33 ff 33 33 33 ff 33 33  |..2228333.333.33|
002141f0  33 ff 33 33 33 ff 33 33  33 ff 33 33 33 ff 33 33  |3.333.333.333.33|
*
00214220  33 ff 33 33 33 ff 33 33  33 e1 37 37 37 17 00 00  |3.333.333.777...|
00214230  00 00 00 00 00 00 00 00  00 00 00 00 00 00 00 00  |................|
*
00214780  00 00 00 00 00 00 00 00  00 00 34 34 34 62 33 33  |..........444b33|
00214790  33 ff 33 33 33 ff 33 33  33 ff 33 33 33 ff 33 33  |3.333.333.333.33|
*
002147d0  33 ff 33 33 33 40 00 00  00 00 00 00 00 00 00 00  |3.333@..........|
002147e0  00 00 00 00 00 00 00 00  00 00 00 00 00 00 00 00  |................|
*
002149e0  00 00 33 33 33 94 33 33  33 ff 33 33 33 ff 33 33  |..333.333.333.33|
002149f0  33 ff 33 33 33 ff 33 33  33 ff 33 33 33 ff 33 33  |3.333.333.333.33|
*
00214a20  33 ff 33 33 33 f4 35 35  35 30 00 00 00 00 00 00  |3.333.5550......|
00214a30  00 00 00 00 00 00 00 00  00 00 00 00 00 00 00 00  |................|
*
00214f80  00 00 00 00 00 00 00 00  00 00 00 00 00 00 33 33  |..............33|
00214f90  33 aa 33 33 33 ff 33 33  33 ff 33 33 33 ff 33 33  |3.333.333.333.33|
00214fa0  33 ff 33 33 33 ff 33 33  33 ff 33 33 33 ff 33 33  |3.333.333.333.33|
*
00214fd0  33 ff 33 33 33 99 00 00  00 00 00 00 00 00 00 00  |3.333...........|
00214fe0  00 00 00 00 00 00 00 00  00 00 00 00 00 00 00 00  |................|
*
002151e0  00 00 33 33 33 db 33 33  33 ff 33 33 33 ff 33 33  |..333.333.333.33|
002151f0  33 ff 33 33 33 ff 33 33  33 ff 33 33 33 ff 33 33  |3.333.333.333.33|
*
00215220  33 ff 33 33 33 73 00 00  00 00 00 00 00 00 00 00  |3.333s..........|
00215230  00 00 00 00 00 00 00 00  00 00 00 00 00 00 00 00  |................|
*
00215780  00 00 00 00 00 00 00 00  00 00 00 00 00 00 37 37  |..............77|
00215790  37 17 32 32 32 f7 33 33  33 ff 33 33 33 ff 33 33  |7.222.333.333.33|
002157a0  33 ff 33 33 33 ff 33 33  33 ff 33 33 33 ff 33 33  |3.333.333.333.33|
*
002157d0  33 ff 33 33 33 e1 00 00  00 00 00 00 00 00 00 00  |3.333...........|
002157e0  00 00 00 00 00 00 00 00  00 00 00 00 00 00 00 00  |................|
*
002159d0  00 00 00 00 00 00 00 00  00 00 00 00 00 00 34 34  |..............44|
002159e0  34 1d 33 33 33 ff 33 33  33 ff 33 33 33 ff 33 33  |4.333.333.333.33|
002159f0  33 ff 33 33 33 ff 33 33  33 ff 33 33 33 ff 33 33  |3.333.333.333.33|
*
00215a20  33 df 24 24 24 07 00 00  00 00 00 00 00 00 00 00  |3.$$$...........|
00215a30  00 00 00 00 00 00 00 00  00 00 00 00 00 00 00 00  |................|
*
00215f90  00 00 33 33 33 99 33 33  33 ff 33 33 33 ff 33 33  |..333.333.333.33|
00215fa0  33 ff 33 33 33 ff 33 33  33 ff 33 33 33 ff 33 33  |3.333.333.333.33|
*
00215fd0  33 ff 33 33 33 ff 2f 2f  2f 20 00 00 00 00 00 00  |3.333./// ......|
00215fe0  00 00 00 00 00 00 00 00  00 00 00 00 00 00 00 00  |................|
*
002161d0  00 00 00 00 00 00 00 00  00 00 00 00 00 00 31 31  |..............11|
002161e0  31 5c 33 33 33 ff 33 33  33 ff 33 33 33 ff 33 33  |1\333.333.333.33|
002161f0  33 ff 33 33 33 ff 33 33  33 ff 33 33 33 ff 33 33  |3.333.333.333.33|
*
00216210  33 ff 33 33 33 ff 33 33  33 ff 33 33 33 ff 31 31  |3.333.333.333.11|
00216220  31 5c 00 00 00 00 00 00  00 00 00 00 00 00 00 00  |1\..............|
00216230  00 00 00 00 00 00 00 00  00 00 00 00 00 00 00 00  |................|
*
00216790  00 00 31 31 31 24 33 33  33 fe 33 33 33 ff 33 33  |..111$333.333.33|
002167a0  33 ff 33 33 33 ff 33 33  33 ff 33 33 33 ff 33 33  |3.333.333.333.33|
*
002167d0  33 ff 33 33 33 ff 33 33  33 5e 00 00 00 00 00 00  |3.333.333^......|
002167e0  00 00 00 00 00 00 00 00  00 00 00 00 00 00 00 00  |................|
*
002169d0  00 00 00 00 00 00 00 00  00 00 00 00 00 00 33 33  |..............33|
002169e0  33 87 33 33 33 ff 33 33  33 ff 33 33 33 ff 33 33  |3.333.333.333.33|
002169f0  33 ff 33 33 33 ff 33 33  33 ff 33 33 33 ff 33 33  |3.333.333.333.33|
*
00216a10  33 ff 33 33 33 ff 33 33  33 ff 32 32 32 ec 24 24  |3.333.333.222.$$|
00216a20  24 07 00 00 00 00 00 00  00 00 00 00 00 00 00 00  |$...............|
00216a30  00 00 00 00 00 00 00 00  00 00 00 00 00 00 00 00  |................|
*
00216f90  00 00 00 00 00 00 32 32  32 d3 33 33 33 ff 33 33  |......222.333.33|
00216fa0  33 ff 33 33 33 ff 33 33  33 ff 33 33 33 ff 33 33  |3.333.333.333.33|
*
00216fd0  33 ff 33 33 33 ff 33 33  33 87 00 00 00 00 00 00  |3.333.333.......|
00216fe0  00 00 00 00 00 00 00 00  00 00 00 00 00 00 00 00  |................|
*
002171d0  00 00 00 00 00 00 00 00  00 00 00 00 00 00 33 33  |..............33|
002171e0  33 ae 33 33 33 ff 33 33  33 ff 33 33 33 ff 33 33  |3.333.333.333.33|
002171f0  33 ff 33 33 33 ff 33 33  33 ff 33 33 33 ff 33 33  |3.333.333.333.33|
*
00217210  33 ff 33 33 33 ff 33 33  33 ff 33 33 33 9b 00 00  |3.333.333.333...|
00217220  00 00 00 00 00 00 00 00  00 00 00 00 00 00 00 00  |................|
*
00217790  00 00 00 00 00 00 32 32  32 8e 33 33 33 ff 33 33  |......222.333.33|
002177a0  33 ff 33 33 33 ff 33 33  33 ff 33 33 33 ff 33 33  |3.333.333.333.33|
*
002177d0  33 ff 33 33 33 ff 33 33  33 ae 00 00 00 00 00 00  |3.333.333.......|
002177e0  00 00 00 00 00 00 00 00  00 00 00 00 00 00 00 00  |................|
*
002179d0  00 00 00 00 00 00 00 00  00 00 00 00 00 00 32 32  |..............22|
002179e0  32 d3 33 33 33 ff 33 33  33 ff 33 33 33 ff 33 33  |2.333.333.333.33|
002179f0  33 ff 33 33 33 ff 33 33  33 ff 33 33 33 ff 33 33  |3.333.333.333.33|
*
00217a10  33 ff 33 33 33 ff 33 33  33 ff 33 33 33 59 00 00  |3.333.333.333Y..|
00217a20  00 00 00 00 00 00 00 00  00 00 00 00 00 00 00 00  |................|
*
00217f90  00 00 00 00 00 00 34 34  34 4e 33 33 33 ff 33 33  |......444N333.33|
00217fa0  33 ff 33 33 33 ff 33 33  33 ff 33 33 33 ff 33 33  |3.333.333.333.33|
*
00217fd0  33 ff 33 33 33 ff 33 33  33 d2 00 00 00 00 00 00  |3.333.333.......|
00217fe0  00 00 00 00 00 00 00 00  00 00 00 00 00 00 00 00  |................|
*
002181d0  00 00 00 00 00 00 00 00  00 00 00 00 00 00 33 33  |..............33|
002181e0  33 e4 33 33 33 ff 33 33  33 ff 33 33 33 ff 33 33  |3.333.333.333.33|
002181f0  33 ff 33 33 33 ff 33 33  33 ff 33 33 33 ff 33 33  |3.333.333.333.33|
*
00218210  33 ff 33 33 33 ff 33 33  33 ff 34 34 34 2c 00 00  |3.333.333.444,..|
00218220  00 00 00 00 00 00 00 00  00 00 00 00 00 00 00 00  |................|
*
00218790  00 00 00 00 00 00 34 34  34 31 33 33 33 ff 33 33  |......4441333.33|
002187a0  33 ff 33 33 33 ff 33 33  33 ff 33 33 33 ff 33 33  |3.333.333.333.33|
*
002187d0  33 ff 33 33 33 ff 32 32  32 e2 00 00 00 00 00 00  |3.333.222.......|
002187e0  00 00 00 00 00 00 00 00  00 00 00 00 00 00 00 00  |................|
*
002189d0  00 00 00 00 00 00 00 00  00 00 00 00 00 00 33 33  |..............33|
002189e0  33 f0 33 33 33 ff 33 33  33 ff 33 33 33 ff 33 33  |3.333.333.333.33|
002189f0  33 ff 33 33 33 ff 33 33  33 ff 33 33 33 ff 33 33  |3.333.333.333.33|
*
00218a10  33 ff 33 33 33 ff 33 33  33 ff 33 33 33 0f 00 00  |3.333.333.333...|
00218a20  00 00 00 00 00 00 00 00  00 00 00 00 00 00 00 00  |................|
*
00218f90  00 00 00 00 00 00 31 31  31 1a 33 33 33 ff 33 33  |......111.333.33|
00218fa0  33 ff 33 33 33 ff 33 33  33 ff 33 33 33 ff 33 33  |3.333.333.333.33|
*
00218fd0  33 ff 33 33 33 ff 33 33  33 f0 00 00 00 00 00 00  |3.333.333.......|
00218fe0  00 00 00 00 00 00 00 00  00 00 00 00 00 00 00 00  |................|
*
002191d0  00 00 00 00 00 00 00 00  00 00 00 00 00 00 32 32  |..............22|
002191e0  32 fc 33 33 33 ff 33 33  33 ff 33 33 33 ff 33 33  |2.333.333.333.33|
002191f0  33 ff 33 33 33 ff 33 33  33 ff 33 33 33 ff 33 33  |3.333.333.333.33|
*
00219210  33 ff 33 33 33 ff 33 33  33 ff 55 55 55 03 00 00  |3.333.333.UUU...|
00219220  00 00 00 00 00 00 00 00  00 00 00 00 00 00 00 00  |................|
*
00219790  00 00 00 00 00 00 33 33  33 05 33 33 33 ff 33 33  |......333.333.33|
002197a0  33 ff 33 33 33 ff 33 33  33 ff 33 33 33 ff 33 33  |3.333.333.333.33|
*
002197d0  33 ff 33 33 33 ff 32 32  32 fc 00 00 00 00 00 00  |3.333.222.......|
002197e0  00 00 00 00 00 00 00 00  00 00 00 00 00 00 00 00  |................|
*
002199d0  00 00 00 00 00 00 00 00  00 00 00 00 00 00 33 33  |..............33|
002199e0  33 ff 33 33 33 ff 33 33  33 ff 33 33 33 ff 33 33  |3.333.333.333.33|
*
00219a10  33 ff 33 33 33 ff 33 33  33 ff 00 00 00 00 00 00  |3.333.333.......|
00219a20  00 00 00 00 00 00 00 00  00 00 00 00 00 00 00 00  |................|
*
00219f90  00 00 00 00 00 00 00 00  00 00 33 33 33 ff 33 33  |..........333.33|
00219fa0  33 ff 33 33 33 ff 33 33  33 ff 33 33 33 ff 33 33  |3.333.333.333.33|
*
00219fd0  33 ff 33 33 33 ff 33 33  33 ff 00 00 00 00 00 00  |3.333.333.......|
00219fe0  00 00 00 00 00 00 00 00  00 00 00 00 00 00 00 00  |................|
*
0021a1d0  00 00 00 00 00 00 00 00  00 00 00 00 00 00 33 33  |..............33|
0021a1e0  33 ff 33 33 33 ff 33 33  33 ff 33 33 33 ff 33 33  |3.333.333.333.33|
*
0021a210  33 ff 33 33 33 ff 33 33  33 ff 00 00 00 00 00 00  |3.333.333.......|
0021a220  00 00 00 00 00 00 00 00  00 00 00 00 00 00 00 00  |................|
*
0021a790  00 00 00 00 00 00 00 00  00 00 33 33 33 ff 33 33  |..........333.33|
0021a7a0  33 ff 33 33 33 ff 33 33  33 ff 33 33 33 ff 33 33  |3.333.333.333.33|
*
0021a7d0  33 ff 33 33 33 ff 33 33  33 ff 00 00 00 00 00 00  |3.333.333.......|
0021a7e0  00 00 00 00 00 00 00 00  00 00 00 00 00 00 00 00  |................|
*
0021a9d0  00 00 00 00 00 00 00 00  00 00 00 00 00 00 33 33  |..............33|
0021a9e0  33 ff 33 33 33 ff 33 33  33 ff 33 33 33 ff 33 33  |3.333.333.333.33|
*
0021aa10  33 ff 33 33 33 ff 33 33  33 ff 00 00 00 00 00 00  |3.333.333.......|
0021aa20  00 00 00 00 00 00 00 00  00 00 00 00 00 00 00 00  |................|
*
0021af90  00 00 00 00 00 00 00 00  00 00 33 33 33 ff 33 33  |..........333.33|
0021afa0  33 ff 33 33 33 ff 33 33  33 ff 33 33 33 ff 33 33  |3.333.333.333.33|
*
0021afd0  33 ff 33 33 33 ff 33 33  33 ff 00 00 00 00 00 00  |3.333.333.......|
0021afe0  00 00 00 00 00 00 00 00  00 00 00 00 00 00 00 00  |................|
*
0021b1d0  00 00 00 00 00 00 00 00  00 00 00 00 00 00 33 33  |..............33|
0021b1e0  33 ff 33 33 33 ff 33 33  33 ff 33 33 33 ff 33 33  |3.333.333.333.33|
*
0021b210  33 ff 33 33 33 ff 33 33  33 ff 00 00 00 00 00 00  |3.333.333.......|
0021b220  00 00 00 00 00 00 00 00  00 00 00 00 00 00 00 00  |................|
*
0021b790  00 00 00 00 00 00 00 00  00 00 33 33 33 ff 33 33  |..........333.33|
0021b7a0  33 ff 33 33 33 ff 33 33  33 ff 33 33 33 ff 33 33  |3.333.333.333.33|
*
0021b7d0  33 ff 33 33 33 ff 33 33  33 ff 00 00 00 00 00 00  |3.333.333.......|
0021b7e0  00 00 00 00 00 00 00 00  00 00 00 00 00 00 00 00  |................|
*
0021b9d0  00 00 00 00 00 00 00 00  00 00 00 00 00 00 33 33  |..............33|
0021b9e0  33 ff 33 33 33 ff 33 33  33 ff 33 33 33 ff 33 33  |3.333.333.333.33|
*
0021ba10  33 ff 33 33 33 ff 33 33  33 ff 00 00 00 00 00 00  |3.333.333.......|
0021ba20  00 00 00 00 00 00 00 00  00 00 00 00 00 00 00 00  |................|
*
0021bf90  00 00 00 00 00 00 00 00  00 00 33 33 33 ff 33 33  |..........333.33|
0021bfa0  33 ff 33 33 33 ff 33 33  33 ff 33 33 33 ff 33 33  |3.333.333.333.33|
*
0021bfd0  33 ff 33 33 33 ff 33 33  33 ff 00 00 00 00 00 00  |3.333.333.......|
0021bfe0  00 00 00 00 00 00 00 00  00 00 00 00 00 00 00 00  |................|
*
0021c1d0  00 00 00 00 00 00 00 00  00 00 00 00 00 00 33 33  |..............33|
0021c1e0  33 ff 33 33 33 ff 33 33  33 ff 33 33 33 ff 33 33  |3.333.333.333.33|
*
0021c210  33 ff 33 33 33 ff 33 33  33 ff 00 00 00 00 00 00  |3.333.333.......|
0021c220  00 00 00 00 00 00 00 00  00 00 00 00 00 00 00 00  |................|
*
0021c790  00 00 00 00 00 00 00 00  00 00 33 33 33 ff 33 33  |..........333.33|
0021c7a0  33 ff 33 33 33 ff 33 33  33 ff 33 33 33 ff 33 33  |3.333.333.333.33|
*
0021c7d0  33 ff 33 33 33 ff 33 33  33 ff 00 00 00 00 00 00  |3.333.333.......|
0021c7e0  00 00 00 00 00 00 00 00  00 00 00 00 00 00 00 00  |................|
*
0021c9d0  00 00 00 00 00 00 00 00  00 00 00 00 00 00 33 33  |..............33|
0021c9e0  33 ff 33 33 33 ff 33 33  33 ff 33 33 33 ff 33 33  |3.333.333.333.33|
*
0021ca10  33 ff 33 33 33 ff 33 33  33 ff 00 00 00 00 00 00  |3.333.333.......|
0021ca20  00 00 00 00 00 00 00 00  00 00 00 00 00 00 00 00  |................|
*
0021cf90  00 00 00 00 00 00 00 00  00 00 33 33 33 ff 33 33  |..........333.33|
0021cfa0  33 ff 33 33 33 ff 33 33  33 ff 33 33 33 ff 33 33  |3.333.333.333.33|
*
0021cfd0  33 ff 33 33 33 ff 33 33  33 ff 00 00 00 00 00 00  |3.333.333.......|
0021cfe0  00 00 00 00 00 00 00 00  00 00 00 00 00 00 00 00  |................|
*
0021d1d0  00 00 00 00 00 00 00 00  00 00 00 00 00 00 33 33  |..............33|
0021d1e0  33 ff 33 33 33 ff 33 33  33 ff 33 33 33 ff 33 33  |3.333.333.333.33|
*
0021d210  33 ff 33 33 33 ff 33 33  33 ff 00 00 00 00 00 00  |3.333.333.......|
0021d220  00 00 00 00 00 00 00 00  00 00 00 00 00 00 00 00  |................|
*
0021d790  00 00 00 00 00 00 00 00  00 00 33 33 33 ff 33 33  |..........333.33|
0021d7a0  33 ff 33 33 33 ff 33 33  33 ff 33 33 33 ff 33 33  |3.333.333.333.33|
*
0021d7d0  33 ff 33 33 33 ff 33 33  33 ff 00 00 00 00 00 00  |3.333.333.......|
0021d7e0  00 00 00 00 00 00 00 00  00 00 00 00 00 00 00 00  |................|
*
0021d9d0  00 00 00 00 00 00 00 00  00 00 00 00 00 00 33 33  |..............33|
0021d9e0  33 ff 33 33 33 ff 33 33  33 ff 33 33 33 ff 33 33  |3.333.333.333.33|
*
0021da10  33 ff 33 33 33 ff 33 33  33 ff 00 00 00 00 00 00  |3.333.333.......|
0021da20  00 00 00 00 00 00 00 00  00 00 00 00 00 00 00 00  |................|
*
0021df90  00 00 00 00 00 00 00 00  00 00 33 33 33 ff 33 33  |..........333.33|
0021dfa0  33 ff 33 33 33 ff 33 33  33 ff 33 33 33 ff 33 33  |3.333.333.333.33|
*
0021dfd0  33 ff 33 33 33 ff 33 33  33 ff 00 00 00 00 00 00  |3.333.333.......|
0021dfe0  00 00 00 00 00 00 00 00  00 00 00 00 00 00 00 00  |................|
*
0021e1d0  00 00 00 00 00 00 00 00  00 00 00 00 00 00 33 33  |..............33|
0021e1e0  33 ff 33 33 33 ff 33 33  33 ff 33 33 33 ff 33 33  |3.333.333.333.33|
*
0021e210  33 ff 33 33 33 ff 33 33  33 ff 00 00 00 00 00 00  |3.333.333.......|
0021e220  00 00 00 00 00 00 00 00  00 00 00 00 00 00 00 00  |................|
*
0021e790  00 00 00 00 00 00 00 00  00 00 33 33 33 ff 33 33  |..........333.33|
0021e7a0  33 ff 33 33 33 ff 33 33  33 ff 33 33 33 ff 33 33  |3.333.333.333.33|
*
0021e7d0  33 ff 33 33 33 ff 33 33  33 ff 00 00 00 00 00 00  |3.333.333.......|
0021e7e0  00 00 00 00 00 00 00 00  00 00 00 00 00 00 00 00  |................|
*
0021e9d0  00 00 00 00 00 00 00 00  00 00 00 00 00 00 33 33  |..............33|
0021e9e0  33 ff 33 33 33 ff 33 33  33 ff 33 33 33 ff 33 33  |3.333.333.333.33|
*
0021ea10  33 ff 33 33 33 ff 33 33  33 ff 00 00 00 00 00 00  |3.333.333.......|
0021ea20  00 00 00 00 00 00 00 00  00 00 00 00 00 00 00 00  |................|
*
0021ef90  00 00 00 00 00 00 00 00  00 00 33 33 33 ff 33 33  |..........333.33|
0021efa0  33 ff 33 33 33 ff 33 33  33 ff 33 33 33 ff 33 33  |3.333.333.333.33|
*
0021efd0  33 ff 33 33 33 ff 33 33  33 ff 00 00 00 00 00 00  |3.333.333.......|
0021efe0  00 00 00 00 00 00 00 00  00 00 00 00 00 00 00 00  |................|
*
0021f1d0  00 00 00 00 00 00 00 00  00 00 00 00 00 00 33 33  |..............33|
0021f1e0  33 ff 33 33 33 ff 33 33  33 ff 33 33 33 ff 33 33  |3.333.333.333.33|
*
0021f210  33 ff 33 33 33 ff 33 33  33 ff 00 00 00 00 00 00  |3.333.333.......|
0021f220  00 00 00 00 00 00 00 00  00 00 00 00 00 00 00 00  |................|
*
0021f790  00 00 00 00 00 00 00 00  00 00 33 33 33 ff 33 33  |..........333.33|
0021f7a0  33 ff 33 33 33 ff 33 33  33 ff 33 33 33 ff 33 33  |3.333.333.333.33|
*
0021f7d0  33 ff 33 33 33 ff 33 33  33 ff 00 00 00 00 00 00  |3.333.333.......|
0021f7e0  00 00 00 00 00 00 00 00  00 00 00 00 00 00 00 00  |................|
*
0021f9d0  00 00 00 00 00 00 00 00  00 00 00 00 00 00 33 33  |..............33|
0021f9e0  33 ff 33 33 33 ff 33 33  33 ff 33 33 33 ff 33 33  |3.333.333.333.33|
*
0021fa10  33 ff 33 33 33 ff 33 33  33 ff 00 00 00 00 00 00  |3.333.333.......|
0021fa20  00 00 00 00 00 00 00 00  00 00 00 00 00 00 00 00  |................|
*
0021ff90  00 00 00 00 00 00 00 00  00 00 33 33 33 ff 33 33  |..........333.33|
0021ffa0  33 ff 33 33 33 ff 33 33  33 ff 33 33 33 ff 33 33  |3.333.333.333.33|
*
0021ffd0  33 ff 33 33 33 ff 33 33  33 ff 00 00 00 00 00 00  |3.333.333.......|
0021ffe0  00 00 00 00 00 00 00 00  00 00 00 00 00 00 00 00  |................|
*
002201d0  00 00 00 00 00 00 00 00  00 00 00 00 00 00 33 33  |..............33|
002201e0  33 ff 33 33 33 ff 33 33  33 ff 33 33 33 ff 33 33  |3.333.333.333.33|
*
00220210  33 ff 33 33 33 ff 33 33  33 ff 00 00 00 00 00 00  |3.333.333.......|
00220220  00 00 00 00 00 00 00 00  00 00 00 00 00 00 00 00  |................|
*
00220790  00 00 00 00 00 00 00 00  00 00 33 33 33 ff 33 33  |..........333.33|
002207a0  33 ff 33 33 33 ff 33 33  33 ff 33 33 33 ff 33 33  |3.333.333.333.33|
*
002207d0  33 ff 33 33 33 ff 33 33  33 ff 00 00 00 00 00 00  |3.333.333.......|
002207e0  00 00 00 00 00 00 00 00  00 00 00 00 00 00 00 00  |................|
*
002209d0  00 00 00 00 00 00 00 00  00 00 00 00 00 00 33 33  |..............33|
002209e0  33 ff 33 33 33 ff 33 33  33 ff 33 33 33 ff 33 33  |3.333.333.333.33|
*
00220a10  33 ff 33 33 33 ff 33 33  33 ff 00 00 00 00 00 00  |3.333.333.......|
00220a20  00 00 00 00 00 00 00 00  00 00 00 00 00 00 00 00  |................|
*
00220f90  00 00 00 00 00 00 00 00  00 00 33 33 33 ff 33 33  |..........333.33|
00220fa0  33 ff 33 33 33 ff 33 33  33 ff 33 33 33 ff 33 33  |3.333.333.333.33|
*
00220fd0  33 ff 33 33 33 ff 33 33  33 ff 00 00 00 00 00 00  |3.333.333.......|
00220fe0  00 00 00 00 00 00 00 00  00 00 00 00 00 00 00 00  |................|
*
002211d0  00 00 00 00 00 00 00 00  00 00 00 00 00 00 33 33  |..............33|
002211e0  33 ff 33 33 33 ff 33 33  33 ff 33 33 33 ff 33 33  |3.333.333.333.33|
*
00221210  33 ff 33 33 33 ff 33 33  33 ff 00 00 00 00 00 00  |3.333.333.......|
00221220  00 00 00 00 00 00 00 00  00 00 00 00 00 00 00 00  |................|
*
00221790  00 00 00 00 00 00 00 00  00 00 33 33 33 ff 33 33  |..........333.33|
002217a0  33 ff 33 33 33 ff 33 33  33 ff 33 33 33 ff 33 33  |3.333.333.333.33|
*
002217d0  33 ff 33 33 33 ff 33 33  33 ff 00 00 00 00 00 00  |3.333.333.......|
002217e0  00 00 00 00 00 00 00 00  00 00 00 00 00 00 00 00  |................|
*
002219d0  00 00 00 00 00 00 00 00  00 00 00 00 00 00 33 33  |..............33|
002219e0  33 ff 33 33 33 ff 33 33  33 ff 33 33 33 ff 33 33  |3.333.333.333.33|
*
00221a10  33 ff 33 33 33 ff 33 33  33 ff 00 00 00 00 00 00  |3.333.333.......|
00221a20  00 00 00 00 00 00 00 00  00 00 00 00 00 00 00 00  |................|
*
00221f90  00 00 00 00 00 00 00 00  00 00 33 33 33 ff 33 33  |..........333.33|
00221fa0  33 ff 33 33 33 ff 33 33  33 ff 33 33 33 ff 33 33  |3.333.333.333.33|
*
00221fd0  33 ff 33 33 33 ff 33 33  33 ff 00 00 00 00 00 00  |3.333.333.......|
00221fe0  00 00 00 00 00 00 00 00  00 00 00 00 00 00 00 00  |................|
*
002221d0  00 00 00 00 00 00 00 00  00 00 00 00 00 00 33 33  |..............33|
002221e0  33 ff 33 33 33 ff 33 33  33 ff 33 33 33 ff 33 33  |3.333.333.333.33|
*
00222210  33 ff 33 33 33 ff 33 33  33 ff 00 00 00 00 00 00  |3.333.333.......|
00222220  00 00 00 00 00 00 00 00  00 00 00 00 00 00 00 00  |................|
*
00222790  00 00 00 00 00 00 00 00  00 00 33 33 33 ff 33 33  |..........333.33|
002227a0  33 ff 33 33 33 ff 33 33  33 ff 33 33 33 ff 33 33  |3.333.333.333.33|
*
002227d0  33 ff 33 33 33 ff 33 33  33 ff 00 00 00 00 00 00  |3.333.333.......|
002227e0  00 00 00 00 00 00 00 00  00 00 00 00 00 00 00 00  |................|
*
002229d0  00 00 00 00 00 00 00 00  00 00 00 00 00 00 33 33  |..............33|
002229e0  33 ff 33 33 33 ff 33 33  33 ff 33 33 33 ff 33 33  |3.333.333.333.33|
*
00222a10  33 ff 33 33 33 ff 33 33  33 ff 00 00 00 00 00 00  |3.333.333.......|
00222a20  00 00 00 00 00 00 00 00  00 00 00 00 00 00 00 00  |................|
*
00222f90  00 00 00 00 00 00 00 00  00 00 33 33 33 ff 33 33  |..........333.33|
00222fa0  33 ff 33 33 33 ff 33 33  33 ff 33 33 33 ff 33 33  |3.333.333.333.33|
*
00222fd0  33 ff 33 33 33 ff 33 33  33 ff 00 00 00 00 00 00  |3.333.333.......|
00222fe0  00 00 00 00 00 00 00 00  00 00 00 00 00 00 00 00  |................|
*
002231d0  00 00 00 00 00 00 00 00  00 00 00 00 00 00 33 33  |..............33|
002231e0  33 ff 33 33 33 ff 33 33  33 ff 33 33 33 ff 33 33  |3.333.333.333.33|
*
00223210  33 ff 33 33 33 ff 33 33  33 ff 00 00 00 00 00 00  |3.333.333.......|
00223220  00 00 00 00 00 00 00 00  00 00 00 00 00 00 00 00  |................|
*
00223790  00 00 00 00 00 00 00 00  00 00 33 33 33 ff 33 33  |..........333.33|
002237a0  33 ff 33 33 33 ff 33 33  33 ff 33 33 33 ff 33 33  |3.333.333.333.33|
*
002237d0  33 ff 33 33 33 ff 33 33  33 ff 00 00 00 00 00 00  |3.333.333.......|
002237e0  00 00 00 00 00 00 00 00  00 00 00 00 00 00 00 00  |................|
*
002239d0  00 00 00 00 00 00 00 00  00 00 00 00 00 00 33 33  |..............33|
002239e0  33 ff 33 33 33 ff 33 33  33 ff 33 33 33 ff 33 33  |3.333.333.333.33|
*
00223a10  33 ff 33 33 33 ff 33 33  33 ff 00 00 00 00 00 00  |3.333.333.......|
00223a20  00 00 00 00 00 00 00 00  00 00 00 00 00 00 00 00  |................|
*
00223f90  00 00 00 00 00 00 00 00  00 00 33 33 33 ff 33 33  |..........333.33|
00223fa0  33 ff 33 33 33 ff 33 33  33 ff 33 33 33 ff 33 33  |3.333.333.333.33|
*
00223fd0  33 ff 33 33 33 ff 33 33  33 ff 00 00 00 00 00 00  |3.333.333.......|
00223fe0  00 00 00 00 00 00 00 00  00 00 00 00 00 00 00 00  |................|
*
002241d0  00 00 00 00 00 00 00 00  00 00 00 00 00 00 33 33  |..............33|
002241e0  33 ff 33 33 33 ff 33 33  33 ff 33 33 33 ff 33 33  |3.333.333.333.33|
*
00224210  33 ff 33 33 33 ff 33 33  33 ff 00 00 00 00 00 00  |3.333.333.......|
00224220  00 00 00 00 00 00 00 00  00 00 00 00 00 00 00 00  |................|
*
00224790  00 00 00 00 00 00 00 00  00 00 33 33 33 ff 33 33  |..........333.33|
002247a0  33 ff 33 33 33 ff 33 33  33 ff 33 33 33 ff 33 33  |3.333.333.333.33|
*
002247d0  33 ff 33 33 33 ff 33 33  33 ff 00 00 00 00 00 00  |3.333.333.......|
002247e0  00 00 00 00 00 00 00 00  00 00 00 00 00 00 00 00  |................|
*
002249d0  00 00 00 00 00 00 00 00  00 00 00 00 00 00 33 33  |..............33|
002249e0  33 ff 33 33 33 ff 33 33  33 ff 33 33 33 ff 33 33  |3.333.333.333.33|
*
00224a10  33 ff 33 33 33 ff 33 33  33 ff 00 00 00 00 00 00  |3.333.333.......|
00224a20  00 00 00 00 00 00 00 00  00 00 00 00 00 00 00 00  |................|
*
00224f90  00 00 00 00 00 00 00 00  00 00 33 33 33 ff 33 33  |..........333.33|
00224fa0  33 ff 33 33 33 ff 33 33  33 ff 33 33 33 ff 33 33  |3.333.333.333.33|
*
00224fd0  33 ff 33 33 33 ff 33 33  33 ff 00 00 00 00 00 00  |3.333.333.......|
00224fe0  00 00 00 00 00 00 00 00  00 00 00 00 00 00 00 00  |................|
*
002251d0  00 00 00 00 00 00 00 00  00 00 00 00 00 00 33 33  |..............33|
002251e0  33 ff 33 33 33 ff 33 33  33 ff 33 33 33 ff 33 33  |3.333.333.333.33|
*
00225210  33 ff 33 33 33 ff 33 33  33 ff 00 00 00 00 00 00  |3.333.333.......|
00225220  00 00 00 00 00 00 00 00  00 00 00 00 00 00 00 00  |................|
*
00225790  00 00 00 00 00 00 00 00  00 00 33 33 33 ff 33 33  |..........333.33|
002257a0  33 ff 33 33 33 ff 33 33  33 ff 33 33 33 ff 33 33  |3.333.333.333.33|
*
002257d0  33 ff 33 33 33 ff 33 33  33 ff 00 00 00 00 00 00  |3.333.333.......|
002257e0  00 00 00 00 00 00 00 00  00 00 00 00 00 00 00 00  |................|
*
002259d0  00 00 00 00 00 00 00 00  00 00 00 00 00 00 33 33  |..............33|
002259e0  33 ff 33 33 33 ff 33 33  33 ff 33 33 33 ff 33 33  |3.333.333.333.33|
*
00225a10  33 ff 33 33 33 ff 33 33  33 ff 00 00 00 00 00 00  |3.333.333.......|
00225a20  00 00 00 00 00 00 00 00  00 00 00 00 00 00 00 00  |................|
*
00225f90  00 00 00 00 00 00 00 00  00 00 33 33 33 ff 33 33  |..........333.33|
00225fa0  33 ff 33 33 33 ff 33 33  33 ff 33 33 33 ff 33 33  |3.333.333.333.33|
*
00225fd0  33 ff 33 33 33 ff 33 33  33 ff 00 00 00 00 00 00  |3.333.333.......|
00225fe0  00 00 00 00 00 00 00 00  00 00 00 00 00 00 00 00  |................|
*
002261d0  00 00 00 00 00 00 00 00  00 00 00 00 00 00 33 33  |..............33|
002261e0  33 ff 33 33 33 ff 33 33  33 ff 33 33 33 ff 33 33  |3.333.333.333.33|
*
00226210  33 ff 33 33 33 ff 33 33  33 ff 00 00 00 00 00 00  |3.333.333.......|
00226220  00 00 00 00 00 00 00 00  00 00 00 00 00 00 00 00  |................|
*
00226790  00 00 00 00 00 00 00 00  00 00 33 33 33 ff 33 33  |..........333.33|
002267a0  33 ff 33 33 33 ff 33 33  33 ff 33 33 33 ff 33 33  |3.333.333.333.33|
*
002267d0  33 ff 33 33 33 ff 33 33  33 ff 00 00 00 00 00 00  |3.333.333.......|
002267e0  00 00 00 00 00 00 00 00  00 00 00 00 00 00 00 00  |................|
*
002269d0  00 00 00 00 00 00 00 00  00 00 00 00 00 00 33 33  |..............33|
002269e0  33 ff 33 33 33 ff 33 33  33 ff 33 33 33 ff 33 33  |3.333.333.333.33|
*
00226a10  33 ff 33 33 33 ff 33 33  33 ff 00 00 00 00 00 00  |3.333.333.......|
00226a20  00 00 00 00 00 00 00 00  00 00 00 00 00 00 00 00  |................|
*
00226f90  00 00 00 00 00 00 00 00  00 00 33 33 33 ff 33 33  |..........333.33|
00226fa0  33 ff 33 33 33 ff 33 33  33 ff 33 33 33 ff 33 33  |3.333.333.333.33|
*
00226fd0  33 ff 33 33 33 ff 33 33  33 ff 00 00 00 00 00 00  |3.333.333.......|
00226fe0  00 00 00 00 00 00 00 00  00 00 00 00 00 00 00 00  |................|
*
002271d0  00 00 00 00 00 00 00 00  00 00 00 00 00 00 33 33  |..............33|
002271e0  33 ff 33 33 33 ff 33 33  33 ff 33 33 33 ff 33 33  |3.333.333.333.33|
*
00227210  33 ff 33 33 33 ff 33 33  33 ff 00 00 00 00 00 00  |3.333.333.......|
00227220  00 00 00 00 00 00 00 00  00 00 00 00 00 00 00 00  |................|
*
00227790  00 00 00 00 00 00 00 00  00 00 33 33 33 ff 33 33  |..........333.33|
002277a0  33 ff 33 33 33 ff 33 33  33 ff 33 33 33 ff 33 33  |3.333.333.333.33|
*
002277d0  33 ff 33 33 33 ff 33 33  33 ff 00 00 00 00 00 00  |3.333.333.......|
002277e0  00 00 00 00 00 00 00 00  00 00 00 00 00 00 00 00  |................|
*
002279d0  00 00 00 00 00 00 00 00  00 00 00 00 00 00 33 33  |..............33|
002279e0  33 ff 33 33 33 ff 33 33  33 ff 33 33 33 ff 33 33  |3.333.333.333.33|
*
00227a10  33 ff 33 33 33 ff 33 33  33 ff 00 00 00 00 00 00  |3.333.333.......|
00227a20  00 00 00 00 00 00 00 00  00 00 00 00 00 00 00 00  |................|
*
00227f90  00 00 00 00 00 00 00 00  00 00 33 33 33 ff 33 33  |..........333.33|
00227fa0  33 ff 33 33 33 ff 33 33  33 ff 33 33 33 ff 33 33  |3.333.333.333.33|
*
00227fd0  33 ff 33 33 33 ff 33 33  33 ff 00 00 00 00 00 00  |3.333.333.......|
00227fe0  00 00 00 00 00 00 00 00  00 00 00 00 00 00 00 00  |................|
*
002281d0  00 00 00 00 00 00 00 00  00 00 00 00 00 00 33 33  |..............33|
002281e0  33 ff 33 33 33 ff 33 33  33 ff 33 33 33 ff 33 33  |3.333.333.333.33|
*
00228210  33 ff 33 33 33 ff 33 33  33 ff 00 00 00 00 00 00  |3.333.333.......|
00228220  00 00 00 00 00 00 00 00  00 00 00 00 00 00 00 00  |................|
*
00228790  00 00 00 00 00 00 00 00  00 00 33 33 33 ff 33 33  |..........333.33|
002287a0  33 ff 33 33 33 ff 33 33  33 ff 33 33 33 ff 33 33  |3.333.333.333.33|
*
002287d0  33 ff 33 33 33 ff 33 33  33 ff 00 00 00 00 00 00  |3.333.333.......|
002287e0  00 00 00 00 00 00 00 00  00 00 00 00 00 00 00 00  |................|
*
002289d0  00 00 00 00 00 00 00 00  00 00 00 00 00 00 33 33  |..............33|
002289e0  33 ff 33 33 33 ff 33 33  33 ff 33 33 33 ff 33 33  |3.333.333.333.33|
*
00228a10  33 ff 33 33 33 ff 33 33  33 ff 00 00 00 00 00 00  |3.333.333.......|
00228a20  00 00 00 00 00 00 00 00  00 00 00 00 00 00 00 00  |................|
*
00228f90  00 00 00 00 00 00 00 00  00 00 33 33 33 ff 33 33  |..........333.33|
00228fa0  33 ff 33 33 33 ff 33 33  33 ff 33 33 33 ff 33 33  |3.333.333.333.33|
*
00228fd0  33 ff 33 33 33 ff 33 33  33 ff 00 00 00 00 00 00  |3.333.333.......|
00228fe0  00 00 00 00 00 00 00 00  00 00 00 00 00 00 00 00  |................|
*
002291d0  00 00 00 00 00 00 00 00  00 00 00 00 00 00 33 33  |..............33|
002291e0  33 ff 33 33 33 ff 33 33  33 ff 33 33 33 ff 33 33  |3.333.333.333.33|
*
00229210  33 ff 33 33 33 ff 33 33  33 ff 00 00 00 00 00 00  |3.333.333.......|
00229220  00 00 00 00 00 00 00 00  00 00 00 00 00 00 00 00  |................|
*
00229790  00 00 00 00 00 00 00 00  00 00 33 33 33 ff 33 33  |..........333.33|
002297a0  33 ff 33 33 33 ff 33 33  33 ff 33 33 33 ff 33 33  |3.333.333.333.33|
*
002297d0  33 ff 33 33 33 ff 33 33  33 ff 00 00 00 00 00 00  |3.333.333.......|
002297e0  00 00 00 00 00 00 00 00  00 00 00 00 00 00 00 00  |................|
*
002299d0  00 00 00 00 00 00 00 00  00 00 00 00 00 00 33 33  |..............33|
002299e0  33 ff 33 33 33 ff 33 33  33 ff 33 33 33 ff 33 33  |3.333.333.333.33|
*
00229a10  33 ff 33 33 33 ff 33 33  33 ff 00 00 00 00 00 00  |3.333.333.......|
00229a20  00 00 00 00 00 00 00 00  00 00 00 00 00 00 00 00  |................|
*
00229f90  00 00 00 00 00 00 00 00  00 00 33 33 33 ff 33 33  |..........333.33|
00229fa0  33 ff 33 33 33 ff 33 33  33 ff 33 33 33 ff 33 33  |3.333.333.333.33|
*
00229fd0  33 ff 33 33 33 ff 33 33  33 ff 00 00 00 00 00 00  |3.333.333.......|
00229fe0  00 00 00 00 00 00 00 00  00 00 00 00 00 00 00 00  |................|
*
0022a1d0  00 00 00 00 00 00 00 00  00 00 00 00 00 00 33 33  |..............33|
0022a1e0  33 ff 33 33 33 ff 33 33  33 ff 33 33 33 ff 33 33  |3.333.333.333.33|
*
0022a210  33 ff 33 33 33 ff 33 33  33 ff 00 00 00 00 00 00  |3.333.333.......|
0022a220  00 00 00 00 00 00 00 00  00 00 00 00 00 00 00 00  |................|
*
0022a790  00 00 00 00 00 00 00 00  00 00 33 33 33 ff 33 33  |..........333.33|
0022a7a0  33 ff 33 33 33 ff 33 33  33 ff 33 33 33 ff 33 33  |3.333.333.333.33|
*
0022a7d0  33 ff 33 33 33 ff 33 33  33 ff 00 00 00 00 00 00  |3.333.333.......|
0022a7e0  00 00 00 00 00 00 00 00  00 00 00 00 00 00 00 00  |................|
*
0022a9d0  00 00 00 00 00 00 00 00  00 00 00 00 00 00 33 33  |..............33|
0022a9e0  33 ff 33 33 33 ff 33 33  33 ff 33 33 33 ff 33 33  |3.333.333.333.33|
*
0022aa10  33 ff 33 33 33 ff 33 33  33 ff 00 00 00 00 00 00  |3.333.333.......|
0022aa20  00 00 00 00 00 00 00 00  00 00 00 00 00 00 00 00  |................|
*
0022af90  00 00 00 00 00 00 00 00  00 00 33 33 33 ff 33 33  |..........333.33|
0022afa0  33 ff 33 33 33 ff 33 33  33 ff 33 33 33 ff 33 33  |3.333.333.333.33|
*
0022afd0  33 ff 33 33 33 ff 33 33  33 ff 00 00 00 00 00 00  |3.333.333.......|
0022afe0  00 00 00 00 00 00 00 00  00 00 00 00 00 00 00 00  |................|
*
0022b1d0  00 00 00 00 00 00 00 00  00 00 00 00 00 00 33 33  |..............33|
0022b1e0  33 ff 33 33 33 ff 33 33  33 ff 33 33 33 ff 33 33  |3.333.333.333.33|
*
0022b210  33 ff 33 33 33 ff 33 33  33 ff 00 00 00 00 00 00  |3.333.333.......|
0022b220  00 00 00 00 00 00 00 00  00 00 00 00 00 00 00 00  |................|
*
0022b790  00 00 00 00 00 00 00 00  00 00 33 33 33 ff 33 33  |..........333.33|
0022b7a0  33 ff 33 33 33 ff 33 33  33 ff 33 33 33 ff 33 33  |3.333.333.333.33|
*
0022b7d0  33 ff 33 33 33 ff 33 33  33 ff 00 00 00 00 00 00  |3.333.333.......|
0022b7e0  00 00 00 00 00 00 00 00  00 00 00 00 00 00 00 00  |................|
*
0022b9d0  00 00 00 00 00 00 00 00  00 00 00 00 00 00 33 33  |..............33|
0022b9e0  33 ff 33 33 33 ff 33 33  33 ff 33 33 33 ff 33 33  |3.333.333.333.33|
*
0022ba10  33 ff 33 33 33 ff 33 33  33 ff 00 00 00 00 00 00  |3.333.333.......|
0022ba20  00 00 00 00 00 00 00 00  00 00 00 00 00 00 00 00  |................|
*
0022bf90  00 00 00 00 00 00 00 00  00 00 33 33 33 ff 33 33  |..........333.33|
0022bfa0  33 ff 33 33 33 ff 33 33  33 ff 33 33 33 ff 33 33  |3.333.333.333.33|
*
0022bfd0  33 ff 33 33 33 ff 33 33  33 ff 00 00 00 00 00 00  |3.333.333.......|
0022bfe0  00 00 00 00 00 00 00 00  00 00 00 00 00 00 00 00  |................|
*
0022c1d0  00 00 00 00 00 00 00 00  00 00 00 00 00 00 33 33  |..............33|
0022c1e0  33 ff 33 33 33 ff 33 33  33 ff 33 33 33 ff 33 33  |3.333.333.333.33|
*
0022c210  33 ff 33 33 33 ff 33 33  33 ff 00 00 00 00 00 00  |3.333.333.......|
0022c220  00 00 00 00 00 00 00 00  00 00 00 00 00 00 00 00  |................|
*
0022c790  00 00 00 00 00 00 00 00  00 00 33 33 33 ff 33 33  |..........333.33|
0022c7a0  33 ff 33 33 33 ff 33 33  33 ff 33 33 33 ff 33 33  |3.333.333.333.33|
*
0022c7d0  33 ff 33 33 33 ff 33 33  33 ff 00 00 00 00 00 00  |3.333.333.......|
0022c7e0  00 00 00 00 00 00 00 00  00 00 00 00 00 00 00 00  |................|
*
0022c9d0  00 00 00 00 00 00 00 00  00 00 00 00 00 00 33 33  |..............33|
0022c9e0  33 ff 33 33 33 ff 33 33  33 ff 33 33 33 ff 33 33  |3.333.333.333.33|
*
0022ca10  33 ff 33 33 33 ff 33 33  33 ff 00 00 00 00 00 00  |3.333.333.......|
0022ca20  00 00 00 00 00 00 00 00  00 00 00 00 00 00 00 00  |................|
*
0022cf90  00 00 00 00 00 00 00 00  00 00 33 33 33 ff 33 33  |..........333.33|
0022cfa0  33 ff 33 33 33 ff 33 33  33 ff 33 33 33 ff 33 33  |3.333.333.333.33|
*
0022cfd0  33 ff 33 33 33 ff 33 33  33 ff 00 00 00 00 00 00  |3.333.333.......|
0022cfe0  00 00 00 00 00 00 00 00  00 00 00 00 00 00 00 00  |................|
*
0022d1d0  00 00 00 00 00 00 00 00  00 00 00 00 00 00 33 33  |..............33|
0022d1e0  33 ff 33 33 33 ff 33 33  33 ff 33 33 33 ff 33 33  |3.333.333.333.33|
*
0022d210  33 ff 33 33 33 ff 33 33  33 ff 00 00 00 00 00 00  |3.333.333.......|
0022d220  00 00 00 00 00 00 00 00  00 00 00 00 00 00 00 00  |................|
*
0022d790  00 00 00 00 00 00 00 00  00 00 33 33 33 ff 33 33  |..........333.33|
0022d7a0  33 ff 33 33 33 ff 33 33  33 ff 33 33 33 ff 33 33  |3.333.333.333.33|
*
0022d7d0  33 ff 33 33 33 ff 33 33  33 ff 00 00 00 00 00 00  |3.333.333.......|
0022d7e0  00 00 00 00 00 00 00 00  00 00 00 00 00 00 00 00  |................|
*
0022d9d0  00 00 00 00 00 00 00 00  00 00 00 00 00 00 33 33  |..............33|
0022d9e0  33 ff 33 33 33 ff 33 33  33 ff 33 33 33 ff 33 33  |3.333.333.333.33|
*
0022da10  33 ff 33 33 33 ff 33 33  33 ff 00 00 00 00 00 00  |3.333.333.......|
0022da20  00 00 00 00 00 00 00 00  00 00 00 00 00 00 00 00  |................|
*
0022df90  00 00 00 00 00 00 00 00  00 00 33 33 33 ff 33 33  |..........333.33|
0022dfa0  33 ff 33 33 33 ff 33 33  33 ff 33 33 33 ff 33 33  |3.333.333.333.33|
*
0022dfd0  33 ff 33 33 33 ff 33 33  33 ff 00 00 00 00 00 00  |3.333.333.......|
0022dfe0  00 00 00 00 00 00 00 00  00 00 00 00 00 00 00 00  |................|
*
0022e1d0  00 00 00 00 00 00 00 00  00 00 00 00 00 00 33 33  |..............33|
0022e1e0  33 ff 33 33 33 ff 33 33  33 ff 33 33 33 ff 33 33  |3.333.333.333.33|
*
0022e210  33 ff 33 33 33 ff 33 33  33 ff 00 00 00 00 00 00  |3.333.333.......|
0022e220  00 00 00 00 00 00 00 00  00 00 00 00 00 00 00 00  |................|
*
0022e790  00 00 00 00 00 00 00 00  00 00 33 33 33 ff 33 33  |..........333.33|
0022e7a0  33 ff 33 33 33 ff 33 33  33 ff 33 33 33 ff 33 33  |3.333.333.333.33|
*
0022e7d0  33 ff 33 33 33 ff 33 33  33 ff 00 00 00 00 00 00  |3.333.333.......|
0022e7e0  00 00 00 00 00 00 00 00  00 00 00 00 00 00 00 00  |................|
*
0022e9d0  00 00 00 00 00 00 00 00  00 00 00 00 00 00 33 33  |..............33|
0022e9e0  33 ff 33 33 33 ff 33 33  33 ff 33 33 33 ff 33 33  |3.333.333.333.33|
*
0022ea10  33 ff 33 33 33 ff 33 33  33 ff 00 00 00 00 00 00  |3.333.333.......|
0022ea20  00 00 00 00 00 00 00 00  00 00 00 00 00 00 00 00  |................|
*
0022ef90  00 00 00 00 00 00 00 00  00 00 33 33 33 ff 33 33  |..........333.33|
0022efa0  33 ff 33 33 33 ff 33 33  33 ff 33 33 33 ff 33 33  |3.333.333.333.33|
*
0022efd0  33 ff 33 33 33 ff 33 33  33 ff 00 00 00 00 00 00  |3.333.333.......|
0022efe0  00 00 00 00 00 00 00 00  00 00 00 00 00 00 00 00  |................|
*
0022f1d0  00 00 00 00 00 00 00 00  00 00 00 00 00 00 33 33  |..............33|
0022f1e0  33 ff 33 33 33 ff 33 33  33 ff 33 33 33 ff 33 33  |3.333.333.333.33|
*
0022f210  33 ff 33 33 33 ff 33 33  33 ff 00 00 00 00 00 00  |3.333.333.......|
0022f220  00 00 00 00 00 00 00 00  00 00 00 00 00 00 00 00  |................|
*
0022f790  00 00 00 00 00 00 00 00  00 00 33 33 33 ff 33 33  |..........333.33|
0022f7a0  33 ff 33 33 33 ff 33 33  33 ff 33 33 33 ff 33 33  |3.333.333.333.33|
*
0022f7d0  33 ff 33 33 33 ff 33 33  33 ff 00 00 00 00 00 00  |3.333.333.......|
0022f7e0  00 00 00 00 00 00 00 00  00 00 00 00 00 00 00 00  |................|
*
0022f9d0  00 00 00 00 00 00 00 00  00 00 00 00 00 00 33 33  |..............33|
0022f9e0  33 ff 33 33 33 ff 33 33  33 ff 33 33 33 ff 33 33  |3.333.333.333.33|
*
0022fa10  33 ff 33 33 33 ff 33 33  33 ff 00 00 00 00 00 00  |3.333.333.......|
0022fa20  00 00 00 00 00 00 00 00  00 00 00 00 00 00 00 00  |................|
*
0022ff90  00 00 00 00 00 00 00 00  00 00 33 33 33 ff 33 33  |..........333.33|
0022ffa0  33 ff 33 33 33 ff 33 33  33 ff 33 33 33 ff 33 33  |3.333.333.333.33|
*
0022ffd0  33 ff 33 33 33 ff 33 33  33 ff 00 00 00 00 00 00  |3.333.333.......|
0022ffe0  00 00 00 00 00 00 00 00  00 00 00 00 00 00 00 00  |................|
*
002301d0  00 00 00 00 00 00 00 00  00 00 00 00 00 00 33 33  |..............33|
002301e0  33 ff 33 33 33 ff 33 33  33 ff 33 33 33 ff 33 33  |3.333.333.333.33|
*
00230210  33 ff 33 33 33 ff 33 33  33 ff 00 00 00 00 00 00  |3.333.333.......|
00230220  00 00 00 00 00 00 00 00  00 00 00 00 00 00 00 00  |................|
*
00230790  00 00 00 00 00 00 00 00  00 00 33 33 33 ff 33 33  |..........333.33|
002307a0  33 ff 33 33 33 ff 33 33  33 ff 33 33 33 ff 33 33  |3.333.333.333.33|
*
002307d0  33 ff 33 33 33 ff 33 33  33 ff 00 00 00 00 00 00  |3.333.333.......|
002307e0  00 00 00 00 00 00 00 00  00 00 00 00 00 00 00 00  |................|
*
002309d0  00 00 00 00 00 00 00 00  00 00 00 00 00 00 33 33  |..............33|
002309e0  33 ff 33 33 33 ff 33 33  33 ff 33 33 33 ff 33 33  |3.333.333.333.33|
*
00230a10  33 ff 33 33 33 ff 33 33  33 ff 00 00 00 00 00 00  |3.333.333.......|
00230a20  00 00 00 00 00 00 00 00  00 00 00 00 00 00 00 00  |................|
*
00230f90  00 00 00 00 00 00 00 00  00 00 33 33 33 ff 33 33  |..........333.33|
00230fa0  33 ff 33 33 33 ff 33 33  33 ff 33 33 33 ff 33 33  |3.333.333.333.33|
*
00230fd0  33 ff 33 33 33 ff 33 33  33 ff 00 00 00 00 00 00  |3.333.333.......|
00230fe0  00 00 00 00 00 00 00 00  00 00 00 00 00 00 00 00  |................|
*
002311d0  00 00 00 00 00 00 00 00  00 00 00 00 00 00 33 33  |..............33|
002311e0  33 ff 33 33 33 ff 33 33  33 ff 33 33 33 ff 33 33  |3.333.333.333.33|
*
00231210  33 ff 33 33 33 ff 33 33  33 ff 00 00 00 00 00 00  |3.333.333.......|
00231220  00 00 00 00 00 00 00 00  00 00 00 00 00 00 00 00  |................|
*
00231790  00 00 00 00 00 00 00 00  00 00 33 33 33 ff 33 33  |..........333.33|
002317a0  33 ff 33 33 33 ff 33 33  33 ff 33 33 33 ff 33 33  |3.333.333.333.33|
*
002317d0  33 ff 33 33 33 ff 33 33  33 ff 00 00 00 00 00 00  |3.333.333.......|
002317e0  00 00 00 00 00 00 00 00  00 00 00 00 00 00 00 00  |................|
*
002319d0  00 00 00 00 00 00 00 00  00 00 00 00 00 00 33 33  |..............33|
002319e0  33 ff 33 33 33 ff 33 33  33 ff 33 33 33 ff 33 33  |3.333.333.333.33|
*
00231a10  33 ff 33 33 33 ff 33 33  33 ff 00 00 00 00 00 00  |3.333.333.......|
00231a20  00 00 00 00 00 00 00 00  00 00 00 00 00 00 00 00  |................|
*
00231f90  00 00 00 00 00 00 00 00  00 00 33 33 33 ff 33 33  |..........333.33|
00231fa0  33 ff 33 33 33 ff 33 33  33 ff 33 33 33 ff 33 33  |3.333.333.333.33|
*
00231fd0  33 ff 33 33 33 ff 33 33  33 ff 00 00 00 00 00 00  |3.333.333.......|
00231fe0  00 00 00 00 00 00 00 00  00 00 00 00 00 00 00 00  |................|
*
002321d0  00 00 00 00 00 00 00 00  00 00 00 00 00 00 33 33  |..............33|
002321e0  33 ff 33 33 33 ff 33 33  33 ff 33 33 33 ff 33 33  |3.333.333.333.33|
*
00232210  33 ff 33 33 33 ff 33 33  33 ff 00 00 00 00 00 00  |3.333.333.......|
00232220  00 00 00 00 00 00 00 00  00 00 00 00 00 00 00 00  |................|
*
00232790  00 00 00 00 00 00 00 00  00 00 33 33 33 ff 33 33  |..........333.33|
002327a0  33 ff 33 33 33 ff 33 33  33 ff 33 33 33 ff 33 33  |3.333.333.333.33|
*
002327d0  33 ff 33 33 33 ff 33 33  33 ff 00 00 00 00 00 00  |3.333.333.......|
002327e0  00 00 00 00 00 00 00 00  00 00 00 00 00 00 00 00  |................|
*
002329d0  00 00 00 00 00 00 00 00  00 00 00 00 00 00 33 33  |..............33|
002329e0  33 ff 33 33 33 ff 33 33  33 ff 33 33 33 ff 33 33  |3.333.333.333.33|
*
00232a10  33 ff 33 33 33 ff 33 33  33 ff 00 00 00 00 00 00  |3.333.333.......|
00232a20  00 00 00 00 00 00 00 00  00 00 00 00 00 00 00 00  |................|
*
00232f90  00 00 00 00 00 00 00 00  00 00 33 33 33 ff 33 33  |..........333.33|
00232fa0  33 ff 33 33 33 ff 33 33  33 ff 33 33 33 ff 33 33  |3.333.333.333.33|
*
00232fd0  33 ff 33 33 33 ff 33 33  33 ff 00 00 00 00 00 00  |3.333.333.......|
00232fe0  00 00 00 00 00 00 00 00  00 00 00 00 00 00 00 00  |................|
*
002331d0  00 00 00 00 00 00 00 00  00 00 00 00 00 00 33 33  |..............33|
002331e0  33 ff 33 33 33 ff 33 33  33 ff 33 33 33 ff 33 33  |3.333.333.333.33|
*
00233210  33 ff 33 33 33 ff 33 33  33 ff 00 00 00 00 00 00  |3.333.333.......|
00233220  00 00 00 00 00 00 00 00  00 00 00 00 00 00 00 00  |................|
*
00233790  00 00 00 00 00 00 00 00  00 00 33 33 33 ff 33 33  |..........333.33|
002337a0  33 ff 33 33 33 ff 33 33  33 ff 33 33 33 ff 33 33  |3.333.333.333.33|
*
002337d0  33 ff 33 33 33 ff 33 33  33 ff 00 00 00 00 00 00  |3.333.333.......|
002337e0  00 00 00 00 00 00 00 00  00 00 00 00 00 00 00 00  |................|
*
002339d0  00 00 00 00 00 00 00 00  00 00 00 00 00 00 33 33  |..............33|
002339e0  33 ff 33 33 33 ff 33 33  33 ff 33 33 33 ff 33 33  |3.333.333.333.33|
*
00233a10  33 ff 33 33 33 ff 33 33  33 ff 00 00 00 00 00 00  |3.333.333.......|
00233a20  00 00 00 00 00 00 00 00  00 00 00 00 00 00 00 00  |................|
*
00233f90  00 00 00 00 00 00 00 00  00 00 33 33 33 ff 33 33  |..........333.33|
00233fa0  33 ff 33 33 33 ff 33 33  33 ff 33 33 33 ff 33 33  |3.333.333.333.33|
*
00233fd0  33 ff 33 33 33 ff 33 33  33 ff 00 00 00 00 00 00  |3.333.333.......|
00233fe0  00 00 00 00 00 00 00 00  00 00 00 00 00 00 00 00  |................|
*
002341d0  00 00 00 00 00 00 00 00  00 00 00 00 00 00 33 33  |..............33|
002341e0  33 ff 33 33 33 ff 33 33  33 ff 33 33 33 ff 33 33  |3.333.333.333.33|
*
00234210  33 ff 33 33 33 ff 33 33  33 ff 00 00 00 00 00 00  |3.333.333.......|
00234220  00 00 00 00 00 00 00 00  00 00 00 00 00 00 00 00  |................|
*
00234790  00 00 00 00 00 00 00 00  00 00 33 33 33 ff 33 33  |..........333.33|
002347a0  33 ff 33 33 33 ff 33 33  33 ff 33 33 33 ff 33 33  |3.333.333.333.33|
*
002347d0  33 ff 33 33 33 ff 33 33  33 ff 00 00 00 00 00 00  |3.333.333.......|
002347e0  00 00 00 00 00 00 00 00  00 00 00 00 00 00 00 00  |................|
*
002349d0  00 00 00 00 00 00 00 00  00 00 00 00 00 00 33 33  |..............33|
002349e0  33 ff 33 33 33 ff 33 33  33 ff 33 33 33 ff 33 33  |3.333.333.333.33|
*
00234a10  33 ff 33 33 33 ff 33 33  33 ff 00 00 00 00 00 00  |3.333.333.......|
00234a20  00 00 00 00 00 00 00 00  00 00 00 00 00 00 00 00  |................|
*
00234f90  00 00 00 00 00 00 00 00  00 00 33 33 33 ff 33 33  |..........333.33|
00234fa0  33 ff 33 33 33 ff 33 33  33 ff 33 33 33 ff 33 33  |3.333.333.333.33|
*
00234fd0  33 ff 33 33 33 ff 33 33  33 ff 00 00 00 00 00 00  |3.333.333.......|
00234fe0  00 00 00 00 00 00 00 00  00 00 00 00 00 00 00 00  |................|
*
002351d0  00 00 00 00 00 00 00 00  00 00 00 00 00 00 33 33  |..............33|
002351e0  33 ff 33 33 33 ff 33 33  33 ff 33 33 33 ff 33 33  |3.333.333.333.33|
*
00235210  33 ff 33 33 33 ff 33 33  33 ff 00 00 00 00 00 00  |3.333.333.......|
00235220  00 00 00 00 00 00 00 00  00 00 00 00 00 00 00 00  |................|
*
00235790  00 00 00 00 00 00 00 00  00 00 33 33 33 ff 33 33  |..........333.33|
002357a0  33 ff 33 33 33 ff 33 33  33 ff 33 33 33 ff 33 33  |3.333.333.333.33|
*
002357d0  33 ff 33 33 33 ff 33 33  33 ff 00 00 00 00 00 00  |3.333.333.......|
002357e0  00 00 00 00 00 00 00 00  00 00 00 00 00 00 00 00  |................|
*
002359d0  00 00 00 00 00 00 00 00  00 00 00 00 00 00 33 33  |..............33|
002359e0  33 ff 33 33 33 ff 33 33  33 ff 33 33 33 ff 33 33  |3.333.333.333.33|
*
00235a10  33 ff 33 33 33 ff 33 33  33 ff 00 00 00 00 00 00  |3.333.333.......|
00235a20  00 00 00 00 00 00 00 00  00 00 00 00 00 00 00 00  |................|
*
00235f90  00 00 00 00 00 00 00 00  00 00 33 33 33 ff 33 33  |..........333.33|
00235fa0  33 ff 33 33 33 ff 33 33  33 ff 33 33 33 ff 33 33  |3.333.333.333.33|
*
00235fd0  33 ff 33 33 33 ff 33 33  33 ff 00 00 00 00 00 00  |3.333.333.......|
00235fe0  00 00 00 00 00 00 00 00  00 00 00 00 00 00 00 00  |................|
*
002361d0  00 00 00 00 00 00 00 00  00 00 00 00 00 00 33 33  |..............33|
002361e0  33 ff 33 33 33 ff 33 33  33 ff 33 33 33 ff 33 33  |3.333.333.333.33|
*
00236210  33 ff 33 33 33 ff 33 33  33 ff 00 00 00 00 00 00  |3.333.333.......|
00236220  00 00 00 00 00 00 00 00  00 00 00 00 00 00 00 00  |................|
*
00236790  00 00 00 00 00 00 00 00  00 00 33 33 33 ff 33 33  |..........333.33|
002367a0  33 ff 33 33 33 ff 33 33  33 ff 33 33 33 ff 33 33  |3.333.333.333.33|
*
002367d0  33 ff 33 33 33 ff 33 33  33 ff 00 00 00 00 00 00  |3.333.333.......|
002367e0  00 00 00 00 00 00 00 00  00 00 00 00 00 00 00 00  |................|
*
002369d0  00 00 00 00 00 00 00 00  00 00 00 00 00 00 33 33  |..............33|
002369e0  33 ff 33 33 33 ff 33 33  33 ff 33 33 33 ff 33 33  |3.333.333.333.33|
*
00236a10  33 ff 33 33 33 ff 33 33  33 ff 00 00 00 00 00 00  |3.333.333.......|
00236a20  00 00 00 00 00 00 00 00  00 00 00 00 00 00 00 00  |................|
*
00236f90  00 00 00 00 00 00 00 00  00 00 33 33 33 ff 33 33  |..........333.33|
00236fa0  33 ff 33 33 33 ff 33 33  33 ff 33 33 33 ff 33 33  |3.333.333.333.33|
*
00236fd0  33 ff 33 33 33 ff 33 33  33 ff 00 00 00 00 00 00  |3.333.333.......|
00236fe0  00 00 00 00 00 00 00 00  00 00 00 00 00 00 00 00  |................|
*
002371d0  00 00 00 00 00 00 00 00  00 00 00 00 00 00 33 33  |..............33|
002371e0  33 ff 33 33 33 ff 33 33  33 ff 33 33 33 ff 33 33  |3.333.333.333.33|
*
00237210  33 ff 33 33 33 ff 33 33  33 ff 00 00 00 00 00 00  |3.333.333.......|
00237220  00 00 00 00 00 00 00 00  00 00 00 00 00 00 00 00  |................|
*
00237790  00 00 00 00 00 00 00 00  00 00 33 33 33 ff 33 33  |..........333.33|
002377a0  33 ff 33 33 33 ff 33 33  33 ff 33 33 33 ff 33 33  |3.333.333.333.33|
*
002377d0  33 ff 33 33 33 ff 33 33  33 ff 00 00 00 00 00 00  |3.333.333.......|
002377e0  00 00 00 00 00 00 00 00  00 00 00 00 00 00 00 00  |................|
*
00237f90  00 00 00 00 00 00 00 00  00 00 33 33 33 ff 33 33  |..........333.33|
00237fa0  33 ff 33 33 33 ff 33 33  33 ff 33 33 33 ff 33 33  |3.333.333.333.33|
*
00237fd0  33 ff 33 33 33 ff 33 33  33 ff 00 00 00 00 00 00  |3.333.333.......|
00237fe0  00 00 00 00 00 00 00 00  00 00 00 00 00 00 00 00  |................|
*
00238790  00 00 00 00 00 00 00 00  00 00 33 33 33 ff 33 33  |..........333.33|
002387a0  33 ff 33 33 33 ff 33 33  33 ff 33 33 33 ff 33 33  |3.333.333.333.33|
*
002387d0  33 ff 33 33 33 ff 33 33  33 ff 00 00 00 00 00 00  |3.333.333.......|
002387e0  00 00 00 00 00 00 00 00  00 00 00 00 00 00 00 00  |................|
*
00238f90  00 00 00 00 00 00 00 00  00 00 33 33 33 ff 33 33  |..........333.33|
00238fa0  33 ff 33 33 33 ff 33 33  33 ff 33 33 33 ff 33 33  |3.333.333.333.33|
*
00238fd0  33 ff 33 33 33 ff 33 33  33 ff 00 00 00 00 00 00  |3.333.333.......|
00238fe0  00 00 00 00 00 00 00 00  00 00 00 00 00 00 00 00  |................|
*
00239790  00 00 00 00 00 00 00 00  00 00 33 33 33 ff 33 33  |..........333.33|
002397a0  33 ff 33 33 33 ff 33 33  33 ff 33 33 33 ff 33 33  |3.333.333.333.33|
*
002397d0  33 ff 33 33 33 ff 33 33  33 ff 00 00 00 00 00 00  |3.333.333.......|
002397e0  00 00 00 00 00 00 00 00  00 00 00 00 00 00 00 00  |................|
*
00239f90  00 00 00 00 00 00 00 00  00 00 33 33 33 ff 33 33  |..........333.33|
00239fa0  33 ff 33 33 33 ff 33 33  33 ff 33 33 33 ff 33 33  |3.333.333.333.33|
*
00239fd0  33 ff 33 33 33 ff 33 33  33 ff 00 00 00 00 00 00  |3.333.333.......|
00239fe0  00 00 00 00 00 00 00 00  00 00 00 00 00 00 00 00  |................|
*
0023a790  00 00 00 00 00 00 00 00  00 00 33 33 33 ff 33 33  |..........333.33|
0023a7a0  33 ff 33 33 33 ff 33 33  33 ff 33 33 33 ff 33 33  |3.333.333.333.33|
*
0023a7d0  33 ff 33 33 33 ff 33 33  33 ff 00 00 00 00 00 00  |3.333.333.......|
0023a7e0  00 00 00 00 00 00 00 00  00 00 00 00 00 00 00 00  |................|
*
0023af90  00 00 00 00 00 00 00 00  00 00 33 33 33 ff 33 33  |..........333.33|
0023afa0  33 ff 33 33 33 ff 33 33  33 ff 33 33 33 ff 33 33  |3.333.333.333.33|
*
0023afd0  33 ff 33 33 33 ff 33 33  33 ff 00 00 00 00 00 00  |3.333.333.......|
0023afe0  00 00 00 00 00 00 00 00  00 00 00 00 00 00 00 00  |................|
*
0023b790  00 00 00 00 00 00 00 00  00 00 33 33 33 ff 33 33  |..........333.33|
0023b7a0  33 ff 33 33 33 ff 33 33  33 ff 33 33 33 ff 33 33  |3.333.333.333.33|
*
0023b7d0  33 ff 33 33 33 ff 33 33  33 ff 00 00 00 00 00 00  |3.333.333.......|
0023b7e0  00 00 00 00 00 00 00 00  00 00 00 00 00 00 00 00  |................|
*
0023bf90  00 00 00 00 00 00 00 00  00 00 33 33 33 ff 33 33  |..........333.33|
0023bfa0  33 ff 33 33 33 ff 33 33  33 ff 33 33 33 ff 33 33  |3.333.333.333.33|
*
0023bfd0  33 ff 33 33 33 ff 33 33  33 ff 00 00 00 00 00 00  |3.333.333.......|
0023bfe0  00 00 00 00 00 00 00 00  00 00 00 00 00 00 00 00  |................|
*
0023c790  00 00 00 00 00 00 00 00  00 00 33 33 33 ff 33 33  |..........333.33|
0023c7a0  33 ff 33 33 33 ff 33 33  33 ff 33 33 33 ff 33 33  |3.333.333.333.33|
*
0023c7d0  33 ff 33 33 33 ff 33 33  33 ff 00 00 00 00 00 00  |3.333.333.......|
0023c7e0  00 00 00 00 00 00 00 00  00 00 00 00 00 00 00 00  |................|
*
0023cf90  00 00 00 00 00 00 00 00  00 00 33 33 33 ff 33 33  |..........333.33|
0023cfa0  33 ff 33 33 33 ff 33 33  33 ff 33 33 33 ff 33 33  |3.333.333.333.33|
*
0023cfd0  33 ff 33 33 33 ff 33 33  33 ff 00 00 00 00 00 00  |3.333.333.......|
0023cfe0  00 00 00 00 00 00 00 00  00 00 00 00 00 00 00 00  |................|
*
0023d790  00 00 00 00 00 00 00 00  00 00 33 33 33 ff 33 33  |..........333.33|
0023d7a0  33 ff 33 33 33 ff 33 33  33 ff 33 33 33 ff 33 33  |3.333.333.333.33|
*
0023d7d0  33 ff 33 33 33 ff 33 33  33 ff 00 00 00 00 00 00  |3.333.333.......|
0023d7e0  00 00 00 00 00 00 00 00  00 00 00 00 00 00 00 00  |................|
*
0023df90  00 00 00 00 00 00 00 00  00 00 33 33 33 ff 33 33  |..........333.33|
0023dfa0  33 ff 33 33 33 ff 33 33  33 ff 33 33 33 ff 33 33  |3.333.333.333.33|
*
0023dfd0  33 ff 33 33 33 ff 33 33  33 ff 00 00 00 00 00 00  |3.333.333.......|
0023dfe0  00 00 00 00 00 00 00 00  00 00 00 00 00 00 00 00  |................|
*
0023e790  00 00 00 00 00 00 00 00  00 00 33 33 33 ff 33 33  |..........333.33|
0023e7a0  33 ff 33 33 33 ff 33 33  33 ff 33 33 33 ff 33 33  |3.333.333.333.33|
*
0023e7d0  33 ff 33 33 33 ff 33 33  33 ff 00 00 00 00 00 00  |3.333.333.......|
0023e7e0  00 00 00 00 00 00 00 00  00 00 00 00 00 00 00 00  |................|
*
0023ef90  00 00 00 00 00 00 00 00  00 00 33 33 33 ff 33 33  |..........333.33|
0023efa0  33 ff 33 33 33 ff 33 33  33 ff 33 33 33 ff 33 33  |3.333.333.333.33|
*
0023efd0  33 ff 33 33 33 ff 33 33  33 ff 00 00 00 00 00 00  |3.333.333.......|
0023efe0  00 00 00 00 00 00 00 00  00 00 00 00 00 00 00 00  |................|
*
0023f790  00 00 00 00 00 00 00 00  00 00 33 33 33 ff 33 33  |..........333.33|
0023f7a0  33 ff 33 33 33 ff 33 33  33 ff 33 33 33 ff 33 33  |3.333.333.333.33|
*
0023f7d0  33 ff 33 33 33 ff 33 33  33 ff 00 00 00 00 00 00  |3.333.333.......|
0023f7e0  00 00 00 00 00 00 00 00  00 00 00 00 00 00 00 00  |................|
*
0023f990  00 00 00 00 00 01 31 31  31 2e 33 33 33 69 33 33  |......111.333i33|
0023f9a0  33 91 33 33 33 b8 32 32  32 d9 33 33 33 e6 32 32  |3.333.222.333.22|
0023f9b0  32 f2 33 33 33 ff 33 33  33 ff 33 33 33 ff 33 33  |2.333.333.333.33|
0023f9c0  33 ff 33 33 33 ff 33 33  33 ff 33 33 33 ff 33 33  |3.333.333.333.33|
*
0023fe60  33 ff 32 32 32 f2 33 33  33 e6 32 32 32 d9 33 33  |3.222.333.222.33|
0023fe70  33 b8 33 33 33 90 33 33  33 68 33 33 33 2d 00 00  |3.333.333h333-..|
0023fe80  00 01 00 00 00 00 00 00  00 00 00 00 00 00 00 00  |................|
0023fe90  00 00 00 00 00 00 00 00  00 00 00 00 00 00 00 00  |................|
*
0023ff90  00 00 00 00 00 00 00 00  00 00 33 33 33 ff 33 33  |..........333.33|
0023ffa0  33 ff 33 33 33 ff 33 33  33 ff 33 33 33 ff 33 33  |3.333.333.333.33|
*
0023ffd0  33 ff 33 33 33 ff 33 33  33 ff 00 00 00 00 00 00  |3.333.333.......|
0023ffe0  00 00 00 00 00 00 00 00  00 00 00 00 00 00 00 00  |................|
*
00240180  00 00 00 00 00 00 2a 2a  2a 06 32 32 32 51 33 33  |......***.222Q33|
00240190  33 a9 33 33 33 ea 33 33  33 ff 33 33 33 ff 33 33  |3.333.333.333.33|
002401a0  33 ff 33 33 33 ff 33 33  33 ff 33 33 33 ff 33 33  |3.333.333.333.33|
*
00240680  33 ea 33 33 33 a8 33 33  33 4f 2a 2a 2a 06 00 00  |3.333.333O***...|
00240690  00 00 00 00 00 00 00 00  00 00 00 00 00 00 00 00  |................|
*
00240790  00 00 00 00 00 00 00 00  00 00 33 33 33 ff 33 33  |..........333.33|
002407a0  33 ff 33 33 33 ff 33 33  33 ff 33 33 33 ff 33 33  |3.333.333.333.33|
*
002407d0  33 ff 33 33 33 ff 33 33  33 ff 00 00 00 00 00 00  |3.333.333.......|
002407e0  00 00 00 00 00 00 00 00  00 00 00 00 00 00 00 00  |................|
*
00240970  00 00 00 00 00 00 00 00  00 00 00 00 00 00 33 33  |..............33|
00240980  33 1e 33 33 33 91 32 32  32 ed 33 33 33 ff 33 33  |3.333.222.333.33|
00240990  33 ff 33 33 33 ff 33 33  33 ff 33 33 33 ff 33 33  |3.333.333.333.33|
*
00240e80  33 ff 33 33 33 ff 33 33  33 ff 32 32 32 ec 33 33  |3.333.333.222.33|
00240e90  33 90 34 34 34 1d 00 00  00 00 00 00 00 00 00 00  |3.444...........|
00240ea0  00 00 00 00 00 00 00 00  00 00 00 00 00 00 00 00  |................|
*
00240f90  00 00 00 00 00 00 00 00  00 00 33 33 33 ff 33 33  |..........333.33|
00240fa0  33 ff 33 33 33 ff 33 33  33 ff 33 33 33 ff 33 33  |3.333.333.333.33|
*
00240fd0  33 ff 33 33 33 ff 33 33  33 ff 00 00 00 00 00 00  |3.333.333.......|
00240fe0  00 00 00 00 00 00 00 00  00 00 00 00 00 00 00 00  |................|
*
00241170  00 00 00 00 00 00 31 31  31 1f 32 32 32 9d 33 33  |......111.222.33|
00241180  33 f9 33 33 33 ff 33 33  33 ff 33 33 33 ff 33 33  |3.333.333.333.33|
00241190  33 ff 33 33 33 ff 33 33  33 ff 33 33 33 ff 33 33  |3.333.333.333.33|
*
00241690  33 ff 33 33 33 f9 33 33  33 9b 34 34 34 1d 00 00  |3.333.333.444...|
002416a0  00 00 00 00 00 00 00 00  00 00 00 00 00 00 00 00  |................|
*
00241790  00 00 00 00 00 00 00 00  00 00 33 33 33 ff 33 33  |..........333.33|
002417a0  33 ff 33 33 33 ff 33 33  33 ff 33 33 33 ff 33 33  |3.333.333.333.33|
*
002417d0  33 ff 33 33 33 ff 33 33  33 ff 00 00 00 00 00 00  |3.333.333.......|
002417e0  00 00 00 00 00 00 00 00  00 00 00 00 00 00 00 00  |................|
*
00241960  00 00 00 00 00 00 00 00  00 00 00 00 00 00 33 33  |..............33|
00241970  33 05 32 32 32 6f 33 33  33 f3 33 33 33 ff 33 33  |3.222o333.333.33|
00241980  33 ff 33 33 33 ff 33 33  33 ff 33 33 33 ff 33 33  |3.333.333.333.33|
*
00241e90  33 ff 33 33 33 ff 33 33  33 ff 33 33 33 f5 33 33  |3.333.333.333.33|
00241ea0  33 80 24 24 24 07 00 00  00 00 00 00 00 00 00 00  |3.$$$...........|
00241eb0  00 00 00 00 00 00 00 00  00 00 00 00 00 00 00 00  |................|
*
00241f90  00 00 00 00 00 00 00 00  00 00 33 33 33 ff 33 33  |..........333.33|
00241fa0  33 ff 33 33 33 ff 33 33  33 ff 33 33 33 ff 33 33  |3.333.333.333.33|
*
00241fd0  33 ff 33 33 33 ff 33 33  33 ff 00 00 00 00 00 00  |3.333.333.......|
00241fe0  00 00 00 00 00 00 00 00  00 00 00 00 00 00 00 00  |................|
*
00242160  00 00 00 00 00 00 00 00  00 00 35 35 35 2b 32 32  |..........555+22|
00242170  32 d4 33 33 33 ff 33 33  33 ff 33 33 33 ff 33 33  |2.333.333.333.33|
00242180  33 ff 33 33 33 ff 33 33  33 ff 33 33 33 ff 33 33  |3.333.333.333.33|
*
002426a0  33 ff 32 32 32 d3 30 30  30 2a 00 00 00 00 00 00  |3.222.000*......|
002426b0  00 00 00 00 00 00 00 00  00 00 00 00 00 00 00 00  |................|
*
00242790  00 00 00 00 00 00 00 00  00 00 33 33 33 ff 33 33  |..........333.33|
002427a0  33 ff 33 33 33 ff 33 33  33 ff 33 33 33 ff 33 33  |3.333.333.333.33|
*
002427d0  33 ff 33 33 33 ff 33 33  33 ff 00 00 00 00 00 00  |3.333.333.......|
002427e0  00 00 00 00 00 00 00 00  00 00 00 00 00 00 00 00  |................|
*
00242960  00 00 00 00 00 00 31 31  31 61 33 33 33 f5 33 33  |......111a333.33|
00242970  33 ff 33 33 33 ff 33 33  33 ff 33 33 33 ff 33 33  |3.333.333.333.33|
*
00242ea0  33 ff 33 33 33 ff 33 33  33 f4 33 33 33 5f 00 00  |3.333.333.333_..|
00242eb0  00 00 00 00 00 00 00 00  00 00 00 00 00 00 00 00  |................|
*
00242f90  00 00 00 00 00 00 00 00  00 00 33 33 33 ff 33 33  |..........333.33|
00242fa0  33 ff 33 33 33 ff 33 33  33 ff 33 33 33 ff 33 33  |3.333.333.333.33|
*
00242fd0  33 ff 33 33 33 ff 33 33  33 ff 00 00 00 00 00 00  |3.333.333.......|
00242fe0  00 00 00 00 00 00 00 00  00 00 00 00 00 00 00 00  |................|
*
00243160  00 01 33 33 33 80 33 33  33 ff 33 33 33 ff 33 33  |..333.333.333.33|
00243170  33 ff 33 33 33 ff 33 33  33 ff 33 33 33 ff 33 33  |3.333.333.333.33|
*
002436b0  33 91 00 00 00 02 00 00  00 00 00 00 00 00 00 00  |3...............|
002436c0  00 00 00 00 00 00 00 00  00 00 00 00 00 00 00 00  |................|
*
00243790  00 00 00 00 00 00 00 00  00 00 33 33 33 ff 33 33  |..........333.33|
002437a0  33 ff 33 33 33 ff 33 33  33 ff 33 33 33 ff 33 33  |3.333.333.333.33|
*
002437d0  33 ff 33 33 33 ff 33 33  33 ff 00 00 00 00 00 00  |3.333.333.......|
002437e0  00 00 00 00 00 00 00 00  00 00 00 00 00 00 00 00  |................|
*
00243950  00 00 00 00 00 00 00 00  00 00 3f 3f 3f 04 32 32  |..........???.22|
00243960  32 a1 33 33 33 ff 33 33  33 ff 33 33 33 ff 33 33  |2.333.333.333.33|
00243970  33 ff 33 33 33 ff 33 33  33 ff 33 33 33 ff 33 33  |3.333.333.333.33|
*
00243eb0  33 ff 33 33 33 a0 3f 3f  3f 04 00 00 00 00 00 00  |3.333.???.......|
00243ec0  00 00 00 00 00 00 00 00  00 00 00 00 00 00 00 00  |................|
*
00243f90  00 00 00 00 00 00 00 00  00 00 33 33 33 ff 33 33  |..........333.33|
00243fa0  33 ff 33 33 33 ff 33 33  33 ff 33 33 33 ff 33 33  |3.333.333.333.33|
*
00243fd0  33 ff 33 33 33 ff 33 33  33 ff 00 00 00 00 00 00  |3.333.333.......|
00243fe0  00 00 00 00 00 00 00 00  00 00 00 00 00 00 00 00  |................|
*
00244150  00 00 00 00 00 00 00 00  00 01 33 33 33 9e 33 33  |..........333.33|
00244160  33 ff 33 33 33 ff 33 33  33 ff 33 33 33 ff 33 33  |3.333.333.333.33|
*
002446b0  33 ff 33 33 33 ff 33 33  33 a4 00 00 00 01 00 00  |3.333.333.......|
002446c0  00 00 00 00 00 00 00 00  00 00 00 00 00 00 00 00  |................|
*
00244790  00 00 00 00 00 00 00 00  00 00 33 33 33 ff 33 33  |..........333.33|
002447a0  33 ff 33 33 33 ff 33 33  33 ff 33 33 33 ff 33 33  |3.333.333.333.33|
*
002447d0  33 ff 33 33 33 ff 33 33  33 ff 00 00 00 00 00 00  |3.333.333.......|
002447e0  00 00 00 00 00 00 00 00  00 00 00 00 00 00 00 00  |................|
*
00244950  00 00 00 00 00 00 33 33  33 8b 33 33 33 ff 33 33  |......333.333.33|
00244960  33 ff 33 33 33 ff 33 33  33 ff 33 33 33 ff 33 33  |3.333.333.333.33|
*
00244eb0  33 ff 33 33 33 ff 33 33  33 ff 33 33 33 87 00 00  |3.333.333.333...|
00244ec0  00 00 00 00 00 00 00 00  00 00 00 00 00 00 00 00  |................|
*
00244f90  00 00 00 00 00 00 00 00  00 00 33 33 33 ff 33 33  |..........333.33|
00244fa0  33 ff 33 33 33 ff 33 33  33 ff 33 33 33 ff 33 33  |3.333.333.333.33|
*
00244fd0  33 ff 33 33 33 ff 33 33  33 ff 00 00 00 00 00 00  |3.333.333.......|
00244fe0  00 00 00 00 00 00 00 00  00 00 00 00 00 00 00 00  |................|
*
00245150  00 00 34 34 34 62 33 33  33 ff 33 33 33 ff 33 33  |..444b333.333.33|
00245160  33 ff 33 33 33 ff 33 33  33 ff 33 33 33 ff 33 33  |3.333.333.333.33|
*
002456c0  33 5f 00 00 00 00 00 00  00 00 00 00 00 00 00 00  |3_..............|
002456d0  00 00 00 00 00 00 00 00  00 00 00 00 00 00 00 00  |................|
*
00245790  00 00 00 00 00 00 00 00  00 00 33 33 33 ff 33 33  |..........333.33|
002457a0  33 ff 33 33 33 ff 33 33  33 ff 33 33 33 ff 33 33  |3.333.333.333.33|
*
002457d0  33 ff 33 33 33 ff 33 33  33 ff 00 00 00 00 00 00  |3.333.333.......|
002457e0  00 00 00 00 00 00 00 00  00 00 00 00 00 00 00 00  |................|
*
00245940  00 00 00 00 00 00 00 00  00 00 00 00 00 00 35 35  |..............55|
00245950  35 2b 33 33 33 f5 33 33  33 ff 33 33 33 ff 33 33  |5+333.333.333.33|
00245960  33 ff 33 33 33 ff 33 33  33 ff 33 33 33 ff 33 33  |3.333.333.333.33|
*
00245ec0  33 f4 30 30 30 2a 00 00  00 00 00 00 00 00 00 00  |3.000*..........|
00245ed0  00 00 00 00 00 00 00 00  00 00 00 00 00 00 00 00  |................|
*
00245f90  00 00 00 00 00 00 00 00  00 00 33 33 33 ff 33 33  |..........333.33|
00245fa0  33 ff 33 33 33 ff 33 33  33 ff 33 33 33 ff 33 33  |3.333.333.333.33|
*
00245fd0  33 ff 33 33 33 ff 33 33  33 ff 00 00 00 00 00 00  |3.333.333.......|
00245fe0  00 00 00 00 00 00 00 00  00 00 00 00 00 00 00 00  |................|
*
00246140  00 00 00 00 00 00 00 00  00 00 2a 2a 2a 06 32 32  |..........***.22|
00246150  32 d4 33 33 33 ff 33 33  33 ff 33 33 33 ff 33 33  |2.333.333.333.33|
00246160  33 ff 33 33 33 ff 33 33  33 ff 33 33 33 ff 33 33  |3.333.333.333.33|
*
002466c0  33 ff 32 32 32 d3 2a 2a  2a 06 00 00 00 00 00 00  |3.222.***.......|
002466d0  00 00 00 00 00 00 00 00  00 00 00 00 00 00 00 00  |................|
*
00246790  00 00 00 00 00 00 00 00  00 00 33 33 33 ff 33 33  |..........333.33|
002467a0  33 ff 33 33 33 ff 33 33  33 ff 33 33 33 ff 33 33  |3.333.333.333.33|
*
002467d0  33 ff 33 33 33 ff 33 33  33 ff 00 00 00 00 00 00  |3.333.333.......|
002467e0  00 00 00 00 00 00 00 00  00 00 00 00 00 00 00 00  |................|
*
00246940  00 00 00 00 00 00 00 00  00 00 32 32 32 7a 33 33  |..........222z33|
00246950  33 ff 33 33 33 ff 33 33  33 ff 33 33 33 ff 33 33  |3.333.333.333.33|
*
00246ec0  33 ff 33 33 33 ff 33 33  33 76 00 00 00 00 00 00  |3.333.333v......|
00246ed0  00 00 00 00 00 00 00 00  00 00 00 00 00 00 00 00  |................|
*
00246f90  00 00 00 00 00 00 00 00  00 00 33 33 33 ff 33 33  |..........333.33|
00246fa0  33 ff 33 33 33 ff 33 33  33 ff 33 33 33 ff 33 33  |3.333.333.333.33|
*
00246fd0  33 ff 33 33 33 ff 33 33  33 ff 00 00 00 00 00 00  |3.333.333.......|
00246fe0  00 00 00 00 00 00 00 00  00 00 00 00 00 00 00 00  |................|
*
00247140  00 00 00 00 00 00 31 31  31 1f 33 33 33 f5 33 33  |......111.333.33|
00247150  33 ff 33 33 33 ff 33 33  33 ff 33 33 33 ff 33 33  |3.333.333.333.33|
*
002476c0  33 ff 33 33 33 ff 33 33  33 f4 34 34 34 1d 00 00  |3.333.333.444...|
002476d0  00 00 00 00 00 00 00 00  00 00 00 00 00 00 00 00  |................|
*
00247790  00 00 00 00 00 00 00 00  00 00 33 33 33 ff 33 33  |..........333.33|
002477a0  33 ff 33 33 33 ff 33 33  33 ff 33 33 33 ff 33 33  |3.333.333.333.33|
*
002477d0  33 ff 33 33 33 ff 33 33  33 ff 00 00 00 00 00 00  |3.333.333.......|
002477e0  00 00 00 00 00 00 00 00  00 00 00 00 00 00 00 00  |................|
*
00247940  00 00 00 00 00 00 33 33  33 9e 33 33 33 ff 33 33  |......333.333.33|
00247950  33 ff 33 33 33 ff 33 33  33 ff 33 33 33 ff 33 33  |3.333.333.333.33|
*
00247ec0  33 ff 33 33 33 ff 33 33  33 ff 33 33 33 9a 00 00  |3.333.333.333...|
00247ed0  00 00 00 00 00 00 00 00  00 00 00 00 00 00 00 00  |................|
*
00247f90  00 00 00 00 00 00 00 00  00 00 33 33 33 ff 33 33  |..........333.33|
00247fa0  33 ff 33 33 33 ff 33 33  33 ff 33 33 33 ff 33 33  |3.333.333.333.33|
*
00247fd0  33 ff 33 33 33 ff 33 33  33 ff 00 00 00 00 00 00  |3.333.333.......|
00247fe0  00 00 00 00 00 00 00 00  00 00 00 00 00 00 00 00  |................|
*
00248140  00 00 34 34 34 1d 33 33  33 f9 33 33 33 ff 33 33  |..444.333.333.33|
00248150  33 ff 33 33 33 ff 33 33  33 ff 33 33 33 ff 33 33  |3.333.333.333.33|
*
002486c0  33 ff 33 33 33 ff 33 33  33 ff 33 33 33 fa 31 31  |3.333.333.333.11|
002486d0  31 1f 00 00 00 00 00 00  00 00 00 00 00 00 00 00  |1...............|
002486e0  00 00 00 00 00 00 00 00  00 00 00 00 00 00 00 00  |................|
*
00248790  00 00 00 00 00 00 00 00  00 00 33 33 33 ff 33 33  |..........333.33|
002487a0  33 ff 33 33 33 ff 33 33  33 ff 33 33 33 ff 33 33  |3.333.333.333.33|
*
002487d0  33 ff 33 33 33 ff 33 33  33 ff 00 00 00 00 00 00  |3.333.333.......|
002487e0  00 00 00 00 00 00 00 00  00 00 00 00 00 00 00 00  |................|
*
00248940  00 00 33 33 33 91 33 33  33 ff 33 33 33 ff 33 33  |..333.333.333.33|
00248950  33 ff 33 33 33 ff 33 33  33 ff 33 33 33 ff 33 33  |3.333.333.333.33|
*
00248ed0  33 90 00 00 00 00 00 00  00 00 00 00 00 00 00 00  |3...............|
00248ee0  00 00 00 00 00 00 00 00  00 00 00 00 00 00 00 00  |................|
*
00248f90  00 00 00 00 00 00 00 00  00 00 33 33 33 ff 33 33  |..........333.33|
00248fa0  33 ff 33 33 33 ff 33 33  33 ff 33 33 33 ff 33 33  |3.333.333.333.33|
*
00248fd0  33 ff 33 33 33 ff 33 33  33 ff 00 00 00 00 00 00  |3.333.333.......|
00248fe0  00 00 00 00 00 00 00 00  00 00 00 00 00 00 00 00  |................|
*
00249130  00 00 00 00 00 00 00 00  00 00 00 00 00 00 2a 2a  |..............**|
00249140  2a 06 32 32 32 ec 33 33  33 ff 33 33 33 ff 33 33  |*.222.333.333.33|
00249150  33 ff 33 33 33 ff 33 33  33 ff 33 33 33 ff 33 33  |3.333.333.333.33|
*
002496c0  33 ff 33 33 33 ff 33 33  33 ff 33 33 33 ff 32 32  |3.333.333.333.22|
002496d0  32 ed 24 24 24 07 00 00  00 00 00 00 00 00 00 00  |2.$$$...........|
002496e0  00 00 00 00 00 00 00 00  00 00 00 00 00 00 00 00  |................|
*
00249790  00 00 00 00 00 00 00 00  00 00 33 33 33 ff 33 33  |..........333.33|
002497a0  33 ff 33 33 33 ff 33 33  33 ff 33 33 33 ff 33 33  |3.333.333.333.33|
*
002497d0  33 ff 33 33 33 ff 33 33  33 ff 00 00 00 00 00 00  |3.333.333.......|
002497e0  00 00 00 00 00 00 00 00  00 00 00 00 00 00 00 00  |................|
*
00249930  00 00 00 00 00 00 00 00  00 00 00 00 00 00 34 34  |..............44|
00249940  34 53 33 33 33 ff 33 33  33 ff 33 33 33 ff 33 33  |4S333.333.333.33|
00249950  33 ff 33 33 33 ff 33 33  33 ff 33 33 33 ff 33 33  |3.333.333.333.33|
*
00249ed0  33 ff 33 33 33 4f 00 00  00 00 00 00 00 00 00 00  |3.333O..........|
00249ee0  00 00 00 00 00 00 00 00  00 00 00 00 00 00 00 00  |................|
*
00249f90  00 00 00 00 00 00 00 00  00 00 33 33 33 ff 33 33  |..........333.33|
00249fa0  33 ff 33 33 33 ff 33 33  33 ff 33 33 33 ff 33 33  |3.333.333.333.33|
*
00249fd0  33 ff 33 33 33 ff 33 33  33 ff 00 00 00 00 00 00  |3.333.333.......|
00249fe0  00 00 00 00 00 00 00 00  00 00 00 00 00 00 00 00  |................|
*
0024a130  00 00 00 00 00 00 00 00  00 00 00 00 00 00 33 33  |..............33|
0024a140  33 aa 33 33 33 ff 33 33  33 ff 33 33 33 ff 33 33  |3.333.333.333.33|
0024a150  33 ff 33 33 33 ff 33 33  33 ff 33 33 33 ff 33 33  |3.333.333.333.33|
*
0024a6d0  33 ff 32 32 32 a7 00 00  00 00 00 00 00 00 00 00  |3.222...........|
0024a6e0  00 00 00 00 00 00 00 00  00 00 00 00 00 00 00 00  |................|
*
0024a790  00 00 00 00 00 00 00 00  00 00 33 33 33 ff 33 33  |..........333.33|
0024a7a0  33 ff 33 33 33 ff 33 33  33 ff 33 33 33 ff 33 33  |3.333.333.333.33|
*
0024a7d0  33 ff 33 33 33 ff 33 33  33 ff 00 00 00 00 00 00  |3.333.333.......|
0024a7e0  00 00 00 00 00 00 00 00  00 00 00 00 00 00 00 00  |................|
*
0024a930  00 00 00 00 00 00 00 00  00 00 00 00 00 02 33 33  |..............33|
0024a940  33 eb 33 33 33 ff 33 33  33 ff 33 33 33 ff 33 33  |3.333.333.333.33|
0024a950  33 ff 33 33 33 ff 33 33  33 ff 33 33 33 ff 33 33  |3.333.333.333.33|
*
0024aed0  33 ff 33 33 33 e9 00 00  00 01 00 00 00 00 00 00  |3.333...........|
0024aee0  00 00 00 00 00 00 00 00  00 00 00 00 00 00 00 00  |................|
*
0024af90  00 00 00 00 00 00 00 00  00 00 33 33 33 ff 33 33  |..........333.33|
0024afa0  33 ff 33 33 33 ff 33 33  33 ff 33 33 33 ff 33 33  |3.333.333.333.33|
*
0024afd0  33 ff 33 33 33 ff 33 33  33 ff 00 00 00 00 00 00  |3.333.333.......|
0024afe0  00 00 00 00 00 00 00 00  00 00 00 00 00 00 00 00  |................|
*
0024b130  00 00 00 00 00 00 00 00  00 00 35 35 35 30 33 33  |..........555033|
0024b140  33 ff 33 33 33 ff 33 33  33 ff 33 33 33 ff 33 33  |3.333.333.333.33|
*
0024b6d0  33 ff 33 33 33 ff 33 33  33 2d 00 00 00 00 00 00  |3.333.333-......|
0024b6e0  00 00 00 00 00 00 00 00  00 00 00 00 00 00 00 00  |................|
*
0024b790  00 00 00 00 00 00 00 00  00 00 33 33 33 ff 33 33  |..........333.33|
0024b7a0  33 ff 33 33 33 ff 33 33  33 ff 33 33 33 ff 33 33  |3.333.333.333.33|
*
0024b7d0  33 ff 33 33 33 ff 33 33  33 ff 00 00 00 00 00 00  |3.333.333.......|
0024b7e0  00 00 00 00 00 00 00 00  00 00 00 00 00 00 00 00  |................|
*
0024b930  00 00 00 00 00 00 00 00  00 00 32 32 32 6a 33 33  |..........222j33|
0024b940  33 ff 33 33 33 ff 33 33  33 ff 33 33 33 ff 33 33  |3.333.333.333.33|
*
0024bed0  33 ff 33 33 33 ff 33 33  33 68 00 00 00 00 00 00  |3.333.333h......|
0024bee0  00 00 00 00 00 00 00 00  00 00 00 00 00 00 00 00  |................|
*
0024bf90  00 00 00 00 00 00 00 00  00 00 33 33 33 ff 33 33  |..........333.33|
0024bfa0  33 ff 33 33 33 ff 33 33  33 ff 33 33 33 ff 33 33  |3.333.333.333.33|
*
0024bfd0  33 ff 33 33 33 ff 33 33  33 ff 00 00 00 00 00 00  |3.333.333.......|
0024bfe0  00 00 00 00 00 00 00 00  00 00 00 00 00 00 00 00  |................|
*
0024c130  00 00 00 00 00 00 00 00  00 00 32 32 32 93 33 33  |..........222.33|
0024c140  33 ff 33 33 33 ff 33 33  33 ff 33 33 33 ff 33 33  |3.333.333.333.33|
*
0024c6d0  33 ff 33 33 33 ff 33 33  33 90 00 00 00 00 00 00  |3.333.333.......|
0024c6e0  00 00 00 00 00 00 00 00  00 00 00 00 00 00 00 00  |................|
*
0024c790  00 00 00 00 00 00 00 00  00 00 33 33 33 ff 33 33  |..........333.33|
0024c7a0  33 ff 33 33 33 ff 33 33  33 ff 33 33 33 ff 33 33  |3.333.333.333.33|
*
0024c7d0  33 ff 33 33 33 ff 33 33  33 ff 00 00 00 00 00 00  |3.333.333.......|
0024c7e0  00 00 00 00 00 00 00 00  00 00 00 00 00 00 00 00  |................|
*
0024c930  00 00 00 00 00 00 00 00  00 00 32 32 32 ba 33 33  |..........222.33|
0024c940  33 ff 33 33 33 ff 33 33  33 ff 33 33 33 ff 33 33  |3.333.333.333.33|
*
0024ced0  33 ff 33 33 33 ff 33 33  33 b7 00 00 00 00 00 00  |3.333.333.......|
0024cee0  00 00 00 00 00 00 00 00  00 00 00 00 00 00 00 00  |................|
*
0024cf90  00 00 00 00 00 00 00 00  00 00 33 33 33 ff 33 33  |..........333.33|
0024cfa0  33 ff 33 33 33 ff 33 33  33 ff 33 33 33 ff 33 33  |3.333.333.333.33|
*
0024cfd0  33 ff 33 33 33 ff 33 33  33 ff 00 00 00 00 00 00  |3.333.333.......|
0024cfe0  00 00 00 00 00 00 00 00  00 00 00 00 00 00 00 00  |................|
*
0024d130  00 00 00 00 00 00 00 00  00 00 33 33 33 da 33 33  |..........333.33|
0024d140  33 ff 33 33 33 ff 33 33  33 ff 33 33 33 ff 33 33  |3.333.333.333.33|
*
0024d6d0  33 ff 33 33 33 ff 32 32  32 d8 00 00 00 00 00 00  |3.333.222.......|
0024d6e0  00 00 00 00 00 00 00 00  00 00 00 00 00 00 00 00  |................|
*
0024d790  00 00 00 00 00 00 00 00  00 00 33 33 33 ff 33 33  |..........333.33|
0024d7a0  33 ff 33 33 33 ff 33 33  33 ff 33 33 33 ff 33 33  |3.333.333.333.33|
*
0024d7d0  33 ff 33 33 33 ff 33 33  33 ff 00 00 00 00 00 00  |3.333.333.......|
0024d7e0  00 00 00 00 00 00 00 00  00 00 00 00 00 00 00 00  |................|
*
0024d930  00 00 00 00 00 00 00 00  00 00 32 32 32 e8 33 33  |..........222.33|
0024d940  33 ff 33 33 33 ff 33 33  33 ff 33 33 33 ff 33 33  |3.333.333.333.33|
*
0024ded0  33 ff 33 33 33 ff 33 33  33 e6 00 00 00 00 00 00  |3.333.333.......|
0024dee0  00 00 00 00 00 00 00 00  00 00 00 00 00 00 00 00  |................|
*
0024df90  00 00 00 00 00 00 00 00  00 00 33 33 33 ff 33 33  |..........333.33|
0024dfa0  33 ff 33 33 33 ff 33 33  33 ff 33 33 33 ff 33 33  |3.333.333.333.33|
*
0024dfd0  33 ff 33 33 33 ff 33 33  33 ff 00 00 00 00 00 00  |3.333.333.......|
0024dfe0  00 00 00 00 00 00 00 00  00 00 00 00 00 00 00 00  |................|
*
0024e130  00 00 00 00 00 00 00 00  00 00 33 33 33 f4 33 33  |..........333.33|
0024e140  33 ff 33 33 33 ff 33 33  33 ff 33 33 33 ff 33 33  |3.333.333.333.33|
*
0024e6d0  33 ff 33 33 33 ff 33 33  33 f3 00 00 00 00 00 00  |3.333.333.......|
0024e6e0  00 00 00 00 00 00 00 00  00 00 00 00 00 00 00 00  |................|
*
0024e790  00 00 00 00 00 00 00 00  00 00 33 33 33 ff 33 33  |..........333.33|
0024e7a0  33 ff 33 33 33 ff 33 33  33 ff 33 33 33 ff 33 33  |3.333.333.333.33|
*
0024e7d0  33 ff 33 33 33 ff 33 33  33 ff 00 00 00 00 00 00  |3.333.333.......|
0024e7e0  00 00 00 00 00 00 00 00  00 00 00 00 00 00 00 00  |................|
*
0024e930  00 00 00 00 00 00 00 00  00 00 33 33 33 fe 33 33  |..........333.33|
0024e940  33 ff 33 33 33 ff 33 33  33 ff 33 33 33 ff 33 33  |3.333.333.333.33|
*
0024eed0  33 ff 33 33 33 ff 33 33  33 fe 00 00 00 00 00 00  |3.333.333.......|
0024eee0  00 00 00 00 00 00 00 00  00 00 00 00 00 00 00 00  |................|
*
0024ef90  00 00 00 00 00 00 00 00  00 00 33 33 33 ff 33 33  |..........333.33|
0024efa0  33 ff 33 33 33 ff 33 33  33 ff 33 33 33 ff 33 33  |3.333.333.333.33|
*
0024efd0  33 ff 33 33 33 ff 33 33  33 ff 00 00 00 00 00 00  |3.333.333.......|
0024efe0  00 00 00 00 00 00 00 00  00 00 00 00 00 00 00 00  |................|
*
0024f130  00 00 00 00 00 00 00 00  00 00 33 33 33 ff 33 33  |..........333.33|
0024f140  33 ff 33 33 33 ff 33 33  33 ff 33 33 33 ff 33 33  |3.333.333.333.33|
*
0024f6d0  33 ff 33 33 33 ff 33 33  33 ff 00 00 00 00 00 00  |3.333.333.......|
0024f6e0  00 00 00 00 00 00 00 00  00 00 00 00 00 00 00 00  |................|
*
0024f790  00 00 00 00 00 00 00 00  00 00 33 33 33 ff 33 33  |..........333.33|
0024f7a0  33 ff 33 33 33 ff 33 33  33 ff 33 33 33 ff 33 33  |3.333.333.333.33|
*
0024f7d0  33 ff 33 33 33 ff 33 33  33 ff 00 00 00 00 00 00  |3.333.333.......|
0024f7e0  00 00 00 00 00 00 00 00  00 00 00 00 00 00 00 00  |................|
*
0024f930  00 00 00 00 00 00 00 00  00 00 33 33 33 ff 33 33  |..........333.33|
0024f940  33 ff 33 33 33 ff 33 33  33 ff 33 33 33 ff 33 33  |3.333.333.333.33|
*
0024fed0  33 ff 33 33 33 ff 33 33  33 ff 00 00 00 00 00 00  |3.333.333.......|
0024fee0  00 00 00 00 00 00 00 00  00 00 00 00 00 00 00 00  |................|
*
0024ff90  00 00 00 00 00 00 00 00  00 00 33 33 33 ff 33 33  |..........333.33|
0024ffa0  33 ff 33 33 33 ff 33 33  33 ff 33 33 33 ff 33 33  |3.333.333.333.33|
*
0024ffd0  33 ff 33 33 33 ff 33 33  33 ff 00 00 00 00 00 00  |3.333.333.......|
0024ffe0  00 00 00 00 00 00 00 00  00 00 00 00 00 00 00 00  |................|
*
00250130  00 00 00 00 00 00 00 00  00 00 33 33 33 ff 33 33  |..........333.33|
00250140  33 ff 33 33 33 ff 33 33  33 ff 33 33 33 ff 33 33  |3.333.333.333.33|
*
002506d0  33 ff 33 33 33 ff 33 33  33 ff 00 00 00 00 00 00  |3.333.333.......|
002506e0  00 00 00 00 00 00 00 00  00 00 00 00 00 00 00 00  |................|
*
00250790  00 00 00 00 00 00 00 00  00 00 33 33 33 ff 33 33  |..........333.33|
002507a0  33 ff 33 33 33 ff 33 33  33 ff 33 33 33 ff 33 33  |3.333.333.333.33|
*
002507d0  33 ff 33 33 33 ff 33 33  33 ff 00 00 00 00 00 00  |3.333.333.......|
002507e0  00 00 00 00 00 00 00 00  00 00 00 00 00 00 00 00  |................|
*
00250930  00 00 00 00 00 00 00 00  00 00 33 33 33 ff 33 33  |..........333.33|
00250940  33 ff 33 33 33 ff 33 33  33 ff 33 33 33 ff 33 33  |3.333.333.333.33|
*
00250ed0  33 ff 33 33 33 ff 33 33  33 ff 00 00 00 00 00 00  |3.333.333.......|
00250ee0  00 00 00 00 00 00 00 00  00 00 00 00 00 00 00 00  |................|
*
00250f90  00 00 00 00 00 00 00 00  00 00 33 33 33 ff 33 33  |..........333.33|
00250fa0  33 ff 33 33 33 ff 33 33  33 ff 33 33 33 ff 33 33  |3.333.333.333.33|
*
00250fd0  33 ff 33 33 33 ff 33 33  33 ff 00 00 00 00 00 00  |3.333.333.......|
00250fe0  00 00 00 00 00 00 00 00  00 00 00 00 00 00 00 00  |................|
*
00251130  00 00 00 00 00 00 00 00  00 00 33 33 33 ff 33 33  |..........333.33|
00251140  33 ff 33 33 33 ff 33 33  33 ff 33 33 33 ff 33 33  |3.333.333.333.33|
*
002516d0  33 ff 33 33 33 ff 33 33  33 ff 00 00 00 00 00 00  |3.333.333.......|
002516e0  00 00 00 00 00 00 00 00  00 00 00 00 00 00 00 00  |................|
*
00251790  00 00 00 00 00 00 00 00  00 00 33 33 33 ff 33 33  |..........333.33|
002517a0  33 ff 33 33 33 ff 33 33  33 ff 33 33 33 ff 33 33  |3.333.333.333.33|
*
002517d0  33 ff 33 33 33 ff 33 33  33 ff 00 00 00 00 00 00  |3.333.333.......|
002517e0  00 00 00 00 00 00 00 00  00 00 00 00 00 00 00 00  |................|
*
00251930  00 00 00 00 00 00 00 00  00 00 33 33 33 ff 33 33  |..........333.33|
00251940  33 ff 33 33 33 ff 33 33  33 ff 33 33 33 ff 33 33  |3.333.333.333.33|
*
00251ed0  33 ff 33 33 33 ff 33 33  33 ff 00 00 00 00 00 00  |3.333.333.......|
00251ee0  00 00 00 00 00 00 00 00  00 00 00 00 00 00 00 00  |................|
*
00251f90  00 00 00 00 00 00 00 00  00 00 33 33 33 ff 33 33  |..........333.33|
00251fa0  33 ff 33 33 33 ff 33 33  33 ff 33 33 33 ff 33 33  |3.333.333.333.33|
*
00251fd0  33 ff 33 33 33 ff 33 33  33 ff 00 00 00 00 00 00  |3.333.333.......|
00251fe0  00 00 00 00 00 00 00 00  00 00 00 00 00 00 00 00  |................|
*
00252130  00 00 00 00 00 00 00 00  00 00 33 33 33 ff 33 33  |..........333.33|
00252140  33 ff 33 33 33 ff 33 33  33 ff 33 33 33 ff 33 33  |3.333.333.333.33|
*
002526d0  33 ff 33 33 33 ff 33 33  33 ff 00 00 00 00 00 00  |3.333.333.......|
002526e0  00 00 00 00 00 00 00 00  00 00 00 00 00 00 00 00  |................|
*
00252790  00 00 00 00 00 00 00 00  00 00 33 33 33 ff 33 33  |..........333.33|
002527a0  33 ff 33 33 33 ff 33 33  33 ff 33 33 33 ff 33 33  |3.333.333.333.33|
*
002527d0  33 ff 33 33 33 ff 33 33  33 ff 00 00 00 00 00 00  |3.333.333.......|
002527e0  00 00 00 00 00 00 00 00  00 00 00 00 00 00 00 00  |................|
*
00252930  00 00 00 00 00 00 00 00  00 00 33 33 33 ff 33 33  |..........333.33|
00252940  33 ff 33 33 33 ff 33 33  33 ff 33 33 33 ff 33 33  |3.333.333.333.33|
*
00252ed0  33 ff 33 33 33 ff 33 33  33 ff 00 00 00 00 00 00  |3.333.333.......|
00252ee0  00 00 00 00 00 00 00 00  00 00 00 00 00 00 00 00  |................|
*
00252f90  00 00 00 00 00 00 00 00  00 00 33 33 33 ff 33 33  |..........333.33|
00252fa0  33 ff 33 33 33 ff 33 33  33 ff 33 33 33 ff 33 33  |3.333.333.333.33|
*
00252fd0  33 ff 33 33 33 ff 33 33  33 ff 00 00 00 00 00 00  |3.333.333.......|
00252fe0  00 00 00 00 00 00 00 00  00 00 00 00 00 00 00 00  |................|
*
00253130  00 00 00 00 00 00 00 00  00 00 33 33 33 ff 33 33  |..........333.33|
00253140  33 ff 33 33 33 ff 33 33  33 ff 33 33 33 ff 33 33  |3.333.333.333.33|
*
002536d0  33 ff 33 33 33 ff 33 33  33 ff 00 00 00 00 00 00  |3.333.333.......|
002536e0  00 00 00 00 00 00 00 00  00 00 00 00 00 00 00 00  |................|
*
00253790  00 00 00 00 00 00 00 00  00 00 33 33 33 ff 33 33  |..........333.33|
002537a0  33 ff 33 33 33 ff 33 33  33 ff 33 33 33 ff 33 33  |3.333.333.333.33|
*
002537d0  33 ff 33 33 33 ff 33 33  33 ff 00 00 00 00 00 00  |3.333.333.......|
002537e0  00 00 00 00 00 00 00 00  00 00 00 00 00 00 00 00  |................|
*
00253930  00 00 00 00 00 00 00 00  00 00 33 33 33 ff 33 33  |..........333.33|
00253940  33 ff 33 33 33 ff 33 33  33 ff 33 33 33 ff 33 33  |3.333.333.333.33|
*
00253ed0  33 ff 33 33 33 ff 33 33  33 ff 00 00 00 00 00 00  |3.333.333.......|
00253ee0  00 00 00 00 00 00 00 00  00 00 00 00 00 00 00 00  |................|
*
00253f90  00 00 00 00 00 00 00 00  00 00 33 33 33 ff 33 33  |..........333.33|
00253fa0  33 ff 33 33 33 ff 33 33  33 ff 33 33 33 ff 33 33  |3.333.333.333.33|
*
00253fd0  33 ff 33 33 33 ff 33 33  33 ff 00 00 00 00 00 00  |3.333.333.......|
00253fe0  00 00 00 00 00 00 00 00  00 00 00 00 00 00 00 00  |................|
*
00254130  00 00 00 00 00 00 00 00  00 00 33 33 33 ff 33 33  |..........333.33|
00254140  33 ff 33 33 33 ff 33 33  33 ff 33 33 33 ff 33 33  |3.333.333.333.33|
*
002546d0  33 ff 33 33 33 ff 33 33  33 ff 00 00 00 00 00 00  |3.333.333.......|
002546e0  00 00 00 00 00 00 00 00  00 00 00 00 00 00 00 00  |................|
*
00254790  00 00 00 00 00 00 00 00  00 00 33 33 33 ff 33 33  |..........333.33|
002547a0  33 ff 33 33 33 ff 33 33  33 ff 33 33 33 ff 33 33  |3.333.333.333.33|
*
002547d0  33 ff 33 33 33 ff 33 33  33 ff 00 00 00 00 00 00  |3.333.333.......|
002547e0  00 00 00 00 00 00 00 00  00 00 00 00 00 00 00 00  |................|
*
00254930  00 00 00 00 00 00 00 00  00 00 33 33 33 ff 33 33  |..........333.33|
00254940  33 ff 33 33 33 ff 33 33  33 ff 33 33 33 ff 33 33  |3.333.333.333.33|
*
00254ed0  33 ff 33 33 33 ff 33 33  33 ff 00 00 00 00 00 00  |3.333.333.......|
00254ee0  00 00 00 00 00 00 00 00  00 00 00 00 00 00 00 00  |................|
*
00254f90  00 00 00 00 00 00 00 00  00 00 33 33 33 ff 33 33  |..........333.33|
00254fa0  33 ff 33 33 33 ff 33 33  33 ff 33 33 33 ff 33 33  |3.333.333.333.33|
*
00254fd0  33 ff 33 33 33 ff 33 33  33 ff 00 00 00 00 00 00  |3.333.333.......|
00254fe0  00 00 00 00 00 00 00 00  00 00 00 00 00 00 00 00  |................|
*
00255130  00 00 00 00 00 00 00 00  00 00 33 33 33 ff 33 33  |..........333.33|
00255140  33 ff 33 33 33 ff 33 33  33 ff 33 33 33 ff 33 33  |3.333.333.333.33|
*
002556d0  33 ff 33 33 33 ff 33 33  33 ff 00 00 00 00 00 00  |3.333.333.......|
002556e0  00 00 00 00 00 00 00 00  00 00 00 00 00 00 00 00  |................|
*
00255790  00 00 00 00 00 00 00 00  00 00 33 33 33 ff 33 33  |..........333.33|
002557a0  33 ff 33 33 33 ff 33 33  33 ff 33 33 33 ff 33 33  |3.333.333.333.33|
*
002557d0  33 ff 33 33 33 ff 33 33  33 ff 00 00 00 00 00 00  |3.333.333.......|
002557e0  00 00 00 00 00 00 00 00  00 00 00 00 00 00 00 00  |................|
*
00255930  00 00 00 00 00 00 00 00  00 00 33 33 33 ff 33 33  |..........333.33|
00255940  33 ff 33 33 33 ff 33 33  33 ff 33 33 33 ff 33 33  |3.333.333.333.33|
*
002559c0  33 ff 33 33 33 ff 33 33  33 ff 33 33 33 ff 00 00  |3.333.333.333...|
002559d0  00 00 00 00 00 00 00 00  00 00 00 00 00 00 00 00  |................|
*
00255a60  00 00 00 00 00 00 33 33  33 05 2d 2d 2d 11 2d 2d  |......333.---.--|
00255a70  2d 11 36 36 36 21 30 30  30 2f 31 31 31 48 34 34  |-.666!000/111H44|
00255a80  34 5d 32 32 32 74 33 33  33 99 32 32 32 c0 33 33  |4]222t333.222.33|
00255a90  33 e9 33 33 33 ff 33 33  33 ff 33 33 33 ff 33 33  |3.333.333.333.33|
00255aa0  33 ff 33 33 33 ff 33 33  33 ff 33 33 33 ff 33 33  |3.333.333.333.33|
*
00255b30  33 ff 33 33 33 ff 33 33  33 ff 00 00 00 00 00 00  |3.333.333.......|
00255b40  00 00 00 00 00 00 00 00  00 00 00 00 00 00 00 00  |................|
*
00255b90  00 00 00 00 00 00 33 33  33 ff 33 33 33 ff 33 33  |......333.333.33|
00255ba0  33 ff 33 33 33 ff 33 33  33 ff 33 33 33 ff 33 33  |3.333.333.333.33|
*
00255be0  33 d5 00 00 00 00 00 00  00 00 00 00 00 00 00 00  |3...............|
00255bf0  00 00 00 00 00 00 00 00  00 00 00 00 00 00 00 00  |................|
*
00255c40  00 00 2f 2f 2f 1b 33 33  33 fe 33 33 33 ff 33 33  |..///.333.333.33|
00255c50  33 ff 33 33 33 ff 33 33  33 ff 33 33 33 ff 33 33  |3.333.333.333.33|
*
00255c90  33 ff 00 00 00 00 00 00  00 00 00 00 00 00 00 00  |3...............|
00255ca0  00 00 00 00 00 00 00 00  00 00 00 00 00 00 00 00  |................|
*
00255cf0  00 00 33 33 33 ff 33 33  33 ff 33 33 33 ff 33 33  |..333.333.333.33|
00255d00  33 ff 33 33 33 ff 33 33  33 ff 33 33 33 ff 33 33  |3.333.333.333.33|
*
00255d40  33 ff 00 00 00 00 00 00  00 00 00 00 00 00 00 00  |3...............|
00255d50  00 00 00 00 00 00 00 00  00 00 00 00 00 00 00 00  |................|
*
00255da0  00 00 00 00 00 00 00 00  00 00 00 00 00 00 33 33  |..............33|
00255db0  33 ff 33 33 33 ff 33 33  33 ff 33 33 33 ff 33 33  |3.333.333.333.33|
*
00255ed0  33 ff 33 33 33 ff 33 33  33 ff 00 00 00 00 00 00  |3.333.333.......|
00255ee0  00 00 00 00 00 00 00 00  00 00 00 00 00 00 00 00  |................|
*
00255f90  00 00 00 00 00 00 00 00  00 00 33 33 33 ff 33 33  |..........333.33|
00255fa0  33 ff 33 33 33 ff 33 33  33 ff 33 33 33 ff 33 33  |3.333.333.333.33|
*
00255fd0  33 ff 33 33 33 ff 33 33  33 ff 00 00 00 00 00 00  |3.333.333.......|
00255fe0  00 00 00 00 00 00 00 00  00 00 00 00 00 00 00 00  |................|
*
00256130  00 00 00 00 00 00 00 00  00 00 33 33 33 ff 33 33  |..........333.33|
00256140  33 ff 33 33 33 ff 33 33  33 ff 33 33 33 ff 33 33  |3.333.333.333.33|
*
002561c0  33 ff 33 33 33 ff 33 33  33 ff 33 33 33 ff 00 00  |3.333.333.333...|
002561d0  00 00 00 00 00 00 00 00  00 00 00 00 00 00 00 00  |................|
*
00256290  00 00 2e 2e 2e 16 33 33  33 50 33 33 33 8c 33 33  |......333P333.33|
002562a0  33 c7 32 32 32 fc 33 33  33 ff 33 33 33 ff 33 33  |3.222.333.333.33|
002562b0  33 ff 33 33 33 ff 33 33  33 ff 33 33 33 ff 33 33  |3.333.333.333.33|
*
00256330  33 ff 33 33 33 ff 33 33  33 ff 00 00 00 00 00 00  |3.333.333.......|
00256340  00 00 00 00 00 00 00 00  00 00 00 00 00 00 00 00  |................|
*
00256390  00 00 00 00 00 00 33 33  33 ff 33 33 33 ff 33 33  |......333.333.33|
002563a0  33 ff 33 33 33 ff 33 33  33 ff 33 33 33 ff 33 33  |3.333.333.333.33|
*
002563e0  33 8c 00 00 00 00 00 00  00 00 00 00 00 00 00 00  |3...............|
002563f0  00 00 00 00 00 00 00 00  00 00 00 00 00 00 00 00  |................|
*
00256440  00 00 00 00 00 00 33 33  33 d1 33 33 33 ff 33 33  |......333.333.33|
00256450  33 ff 33 33 33 ff 33 33  33 ff 33 33 33 ff 33 33  |3.333.333.333.33|
*
00256490  33 ff 00 00 00 00 00 00  00 00 00 00 00 00 00 00  |3...............|
002564a0  00 00 00 00 00 00 00 00  00 00 00 00 00 00 00 00  |................|
*
002564f0  00 00 33 33 33 ff 33 33  33 ff 33 33 33 ff 33 33  |..333.333.333.33|
00256500  33 ff 33 33 33 ff 33 33  33 ff 33 33 33 ff 33 33  |3.333.333.333.33|
*
00256540  33 ff 00 00 00 00 00 00  00 00 00 00 00 00 00 00  |3...............|
00256550  00 00 00 00 00 00 00 00  00 00 00 00 00 00 00 00  |................|
*
002565a0  00 00 00 00 00 00 00 00  00 00 00 00 00 00 33 33  |..............33|
002565b0  33 ff 33 33 33 ff 33 33  33 ff 33 33 33 ff 33 33  |3.333.333.333.33|
*
002566d0  33 ff 33 33 33 ff 33 33  33 ff 00 00 00 00 00 00  |3.333.333.......|
002566e0  00 00 00 00 00 00 00 00  00 00 00 00 00 00 00 00  |................|
*
00256790  00 00 00 00 00 00 00 00  00 00 33 33 33 ff 33 33  |..........333.33|
002567a0  33 ff 33 33 33 ff 33 33  33 ff 33 33 33 ff 33 33  |3.333.333.333.33|
*
002567d0  33 ff 33 33 33 ff 33 33  33 ff 00 00 00 00 00 00  |3.333.333.......|
002567e0  00 00 00 00 00 00 00 00  00 00 00 00 00 00 00 00  |................|
*
00256930  00 00 00 00 00 00 00 00  00 00 33 33 33 ff 33 33  |..........333.33|
00256940  33 ff 33 33 33 ff 33 33  33 ff 33 33 33 ff 33 33  |3.333.333.333.33|
*
002569c0  33 ff 33 33 33 ff 33 33  33 ff 33 33 33 ff 00 00  |3.333.333.333...|
002569d0  00 00 00 00 00 00 00 00  00 00 00 00 00 00 00 00  |................|
*
00256aa0  00 00 2e 2e 2e 16 32 32  32 66 33 33 33 b9 32 32  |......222f333.22|
00256ab0  32 fb 33 33 33 ff 33 33  33 ff 33 33 33 ff 33 33  |2.333.333.333.33|
00256ac0  33 ff 33 33 33 ff 33 33  33 ff 33 33 33 ff 33 33  |3.333.333.333.33|
*
00256b30  33 ff 33 33 33 ff 33 33  33 ff 00 00 00 00 00 00  |3.333.333.......|
00256b40  00 00 00 00 00 00 00 00  00 00 00 00 00 00 00 00  |................|
*
00256b90  00 00 00 00 00 00 33 33  33 ff 33 33 33 ff 33 33  |......333.333.33|
00256ba0  33 ff 33 33 33 ff 33 33  33 ff 33 33 33 ff 33 33  |3.333.333.333.33|
*
00256bd0  33 ff 33 33 33 ff 33 33  33 ff 33 33 33 ff 31 31  |3.333.333.333.11|
00256be0  31 43 00 00 00 00 00 00  00 00 00 00 00 00 00 00  |1C..............|
00256bf0  00 00 00 00 00 00 00 00  00 00 00 00 00 00 00 00  |................|
*
00256c40  00 00 00 00 00 00 32 32  32 89 33 33 33 ff 33 33  |......222.333.33|
00256c50  33 ff 33 33 33 ff 33 33  33 ff 33 33 33 ff 33 33  |3.333.333.333.33|
*
00256c90  33 ff 00 00 00 00 00 00  00 00 00 00 00 00 00 00  |3...............|
00256ca0  00 00 00 00 00 00 00 00  00 00 00 00 00 00 00 00  |................|
*
00256cf0  00 00 33 33 33 ff 33 33  33 ff 33 33 33 ff 33 33  |..333.333.333.33|
00256d00  33 ff 33 33 33 ff 33 33  33 ff 33 33 33 ff 33 33  |3.333.333.333.33|
*
00256d40  33 ff 00 00 00 00 00 00  00 00 00 00 00 00 00 00  |3...............|
00256d50  00 00 00 00 00 00 00 00  00 00 00 00 00 00 00 00  |................|
*
00256da0  00 00 00 00 00 00 00 00  00 00 00 00 00 00 33 33  |..............33|
00256db0  33 ff 33 33 33 ff 33 33  33 ff 33 33 33 ff 33 33  |3.333.333.333.33|
*
00256ed0  33 ff 33 33 33 ff 33 33  33 ff 00 00 00 00 00 00  |3.333.333.......|
00256ee0  00 00 00 00 00 00 00 00  00 00 00 00 00 00 00 00  |................|
*
00256f90  00 00 00 00 00 00 00 00  00 00 33 33 33 ff 33 33  |..........333.33|
00256fa0  33 ff 33 33 33 ff 33 33  33 ff 33 33 33 ff 33 33  |3.333.333.333.33|
*
00256fd0  33 ff 33 33 33 ff 33 33  33 ff 00 00 00 00 00 00  |3.333.333.......|
00256fe0  00 00 00 00 00 00 00 00  00 00 00 00 00 00 00 00  |................|
*
00257130  00 00 00 00 00 00 00 00  00 00 33 33 33 ff 33 33  |..........333.33|
00257140  33 ff 33 33 33 ff 33 33  33 ff 33 33 33 ff 33 33  |3.333.333.333.33|
*
002571c0  33 ff 33 33 33 ff 33 33  33 ff 33 33 33 ff 00 00  |3.333.333.333...|
002571d0  00 00 00 00 00 00 00 00  00 00 00 00 00 00 00 00  |................|
*
002572a0  00 00 00 00 00 00 00 00  00 00 00 00 00 00 33 33  |..............33|
002572b0  33 19 33 33 33 77 33 33  33 e4 33 33 33 ff 33 33  |3.333w333.333.33|
002572c0  33 ff 33 33 33 ff 33 33  33 ff 33 33 33 ff 33 33  |3.333.333.333.33|
*
00257330  33 ff 33 33 33 ff 33 33  33 ff 00 00 00 00 00 00  |3.333.333.......|
00257340  00 00 00 00 00 00 00 00  00 00 00 00 00 00 00 00  |................|
*
00257390  00 00 00 00 00 00 33 33  33 ff 33 33 33 ff 33 33  |......333.333.33|
002573a0  33 ff 33 33 33 ff 33 33  33 ff 33 33 33 ff 33 33  |3.333.333.333.33|
*
002573d0  33 ff 33 33 33 ff 33 33  33 ff 33 33 33 f4 24 24  |3.333.333.333.$$|
002573e0  24 07 00 00 00 00 00 00  00 00 00 00 00 00 00 00  |$...............|
002573f0  00 00 00 00 00 00 00 00  00 00 00 00 00 00 00 00  |................|
*
00257440  00 00 00 00 00 00 32 32  32 42 33 33 33 ff 33 33  |......222B333.33|
00257450  33 ff 33 33 33 ff 33 33  33 ff 33 33 33 ff 33 33  |3.333.333.333.33|
*
00257490  33 ff 00 00 00 00 00 00  00 00 00 00 00 00 00 00  |3...............|
002574a0  00 00 00 00 00 00 00 00  00 00 00 00 00 00 00 00  |................|
*
002574f0  00 00 33 33 33 ff 33 33  33 ff 33 33 33 ff 33 33  |..333.333.333.33|
00257500  33 ff 33 33 33 ff 33 33  33 ff 33 33 33 ff 33 33  |3.333.333.333.33|
*
00257540  33 ff 00 00 00 00 00 00  00 00 00 00 00 00 00 00  |3...............|
00257550  00 00 00 00 00 00 00 00  00 00 00 00 00 00 00 00  |................|
*
002575a0  00 00 00 00 00 00 00 00  00 00 00 00 00 00 33 33  |..............33|
002575b0  33 ff 33 33 33 ff 33 33  33 ff 33 33 33 ff 33 33  |3.333.333.333.33|
*
002576d0  33 ff 33 33 33 ff 33 33  33 ff 00 00 00 00 00 00  |3.333.333.......|
002576e0  00 00 00 00 00 00 00 00  00 00 00 00 00 00 00 00  |................|
*
00257790  00 00 00 00 00 00 00 00  00 00 33 33 33 ff 33 33  |..........333.33|
002577a0  33 ff 33 33 33 ff 33 33  33 ff 33 33 33 ff 33 33  |3.333.333.333.33|
*
002577d0  33 ff 33 33 33 ff 33 33  33 ff 00 00 00 00 00 00  |3.333.333.......|
002577e0  00 00 00 00 00 00 00 00  00 00 00 00 00 00 00 00  |................|
*
00257930  00 00 00 00 00 00 00 00  00 00 33 33 33 ff 33 33  |..........333.33|
00257940  33 ff 33 33 33 ff 33 33  33 ff 33 33 33 ff 33 33  |3.333.333.333.33|
*
002579c0  33 ff 33 33 33 ff 33 33  33 ff 33 33 33 ff 00 00  |3.333.333.333...|
002579d0  00 00 00 00 00 00 00 00  00 00 00 00 00 00 00 00  |................|
*
00257ab0  00 00 00 00 00 00 24 24  24 07 33 33 33 6c 33 33  |......$$$.333l33|
00257ac0  33 e9 33 33 33 ff 33 33  33 ff 33 33 33 ff 33 33  |3.333.333.333.33|
00257ad0  33 ff 33 33 33 ff 33 33  33 ff 33 33 33 ff 33 33  |3.333.333.333.33|
*
00257b30  33 ff 33 33 33 ff 33 33  33 ff 00 00 00 00 00 00  |3.333.333.......|
00257b40  00 00 00 00 00 00 00 00  00 00 00 00 00 00 00 00  |................|
*
00257b90  00 00 00 00 00 00 33 33  33 ff 33 33 33 ff 33 33  |......333.333.33|
00257ba0  33 ff 33 33 33 ff 33 33  33 ff 33 33 33 ff 33 33  |3.333.333.333.33|
*
00257bd0  33 ff 33 33 33 ff 33 33  33 ff 32 32 32 b0 00 00  |3.333.333.222...|
00257be0  00 00 00 00 00 00 00 00  00 00 00 00 00 00 00 00  |................|
*
00257c40  00 00 00 00 00 00 2a 2a  2a 06 32 32 32 f2 33 33  |......***.222.33|
00257c50  33 ff 33 33 33 ff 33 33  33 ff 33 33 33 ff 33 33  |3.333.333.333.33|
*
00257c90  33 ff 00 00 00 00 00 00  00 00 00 00 00 00 00 00  |3...............|
00257ca0  00 00 00 00 00 00 00 00  00 00 00 00 00 00 00 00  |................|
*
00257cf0  00 00 33 33 33 ff 33 33  33 ff 33 33 33 ff 33 33  |..333.333.333.33|
00257d00  33 ff 33 33 33 ff 33 33  33 ff 33 33 33 ff 33 33  |3.333.333.333.33|
*
00257d40  33 ff 00 00 00 00 00 00  00 00 00 00 00 00 00 00  |3...............|
00257d50  00 00 00 00 00 00 00 00  00 00 00 00 00 00 00 00  |................|
*
00257da0  00 00 00 00 00 00 00 00  00 00 00 00 00 00 33 33  |..............33|
00257db0  33 ff 33 33 33 ff 33 33  33 ff 33 33 33 ff 33 33  |3.333.333.333.33|
*
00257ed0  33 ff 33 33 33 ff 33 33  33 ff 00 00 00 00 00 00  |3.333.333.......|
00257ee0  00 00 00 00 00 00 00 00  00 00 00 00 00 00 00 00  |................|
*
00257f90  00 00 00 00 00 00 00 00  00 00 33 33 33 ff 33 33  |..........333.33|
00257fa0  33 ff 33 33 33 ff 33 33  33 ff 33 33 33 ff 33 33  |3.333.333.333.33|
*
00257fd0  33 ff 33 33 33 ff 33 33  33 ff 00 00 00 00 00 00  |3.333.333.......|
00257fe0  00 00 00 00 00 00 00 00  00 00 00 00 00 00 00 00  |................|
*
00258130  00 00 00 00 00 00 00 00  00 00 33 33 33 ff 33 33  |..........333.33|
00258140  33 ff 33 33 33 ff 33 33  33 ff 33 33 33 ff 33 33  |3.333.333.333.33|
*
002581c0  33 ff 33 33 33 ff 33 33  33 ff 33 33 33 ff 00 00  |3.333.333.333...|
002581d0  00 00 00 00 00 00 00 00  00 00 00 00 00 00 00 00  |................|
*
002582b0  00 00 00 00 00 00 00 00  00 00 00 00 00 00 3a 3a  |..............::|
002582c0  3a 0d 32 32 32 83 33 33  33 f8 33 33 33 ff 33 33  |:.222.333.333.33|
002582d0  33 ff 33 33 33 ff 33 33  33 ff 33 33 33 ff 33 33  |3.333.333.333.33|
*
00258330  33 ff 33 33 33 ff 33 33  33 ff 00 00 00 00 00 00  |3.333.333.......|
00258340  00 00 00 00 00 00 00 00  00 00 00 00 00 00 00 00  |................|
*
00258390  00 00 00 00 00 00 33 33  33 ff 33 33 33 ff 33 33  |......333.333.33|
002583a0  33 ff 33 33 33 ff 33 33  33 ff 33 33 33 ff 33 33  |3.333.333.333.33|
*
002583d0  33 ff 33 33 33 ff 33 33  33 ff 33 33 33 67 00 00  |3.333.333.333g..|
002583e0  00 00 00 00 00 00 00 00  00 00 00 00 00 00 00 00  |................|
*
00258440  00 00 00 00 00 00 00 00  00 00 32 32 32 b1 33 33  |..........222.33|
00258450  33 ff 33 33 33 ff 33 33  33 ff 33 33 33 ff 33 33  |3.333.333.333.33|
*
00258490  33 ff 00 00 00 00 00 00  00 00 00 00 00 00 00 00  |3...............|
002584a0  00 00 00 00 00 00 00 00  00 00 00 00 00 00 00 00  |................|
*
002584f0  00 00 33 33 33 ff 33 33  33 ff 33 33 33 ff 33 33  |..333.333.333.33|
00258500  33 ff 33 33 33 ff 33 33  33 ff 33 33 33 ff 33 33  |3.333.333.333.33|
*
00258540  33 ff 00 00 00 00 00 00  00 00 00 00 00 00 00 00  |3...............|
00258550  00 00 00 00 00 00 00 00  00 00 00 00 00 00 00 00  |................|
*
002585a0  00 00 00 00 00 00 00 00  00 00 00 00 00 00 33 33  |..............33|
002585b0  33 ff 33 33 33 ff 33 33  33 ff 33 33 33 ff 33 33  |3.333.333.333.33|
*
002586d0  33 ff 33 33 33 ff 33 33  33 ff 00 00 00 00 00 00  |3.333.333.......|
002586e0  00 00 00 00 00 00 00 00  00 00 00 00 00 00 00 00  |................|
*
00258790  00 00 00 00 00 00 00 00  00 00 33 33 33 ff 33 33  |..........333.33|
002587a0  33 ff 33 33 33 ff 33 33  33 ff 33 33 33 ff 33 33  |3.333.333.333.33|
*
002587d0  33 ff 33 33 33 ff 33 33  33 ff 00 00 00 00 00 00  |3.333.333.......|
002587e0  00 00 00 00 00 00 00 00  00 00 00 00 00 00 00 00  |................|
*
00258930  00 00 00 00 00 00 00 00  00 00 33 33 33 ff 33 33  |..........333.33|
00258940  33 ff 33 33 33 ff 33 33  33 ff 33 33 33 ff 33 33  |3.333.333.333.33|
*
002589c0  33 ff 33 33 33 ff 33 33  33 ff 33 33 33 ff 00 00  |3.333.333.333...|
002589d0  00 00 00 00 00 00 00 00  00 00 00 00 00 00 00 00  |................|
*
00258ac0  00 00 00 00 00 00 35 35  35 2b 33 33 33 cd 33 33  |......555+333.33|
00258ad0  33 ff 33 33 33 ff 33 33  33 ff 33 33 33 ff 33 33  |3.333.333.333.33|
*
00258b30  33 ff 33 33 33 ff 33 33  33 ff 00 00 00 00 00 00  |3.333.333.......|
00258b40  00 00 00 00 00 00 00 00  00 00 00 00 00 00 00 00  |................|
*
00258b90  00 00 00 00 00 00 33 33  33 ff 33 33 33 ff 33 33  |......333.333.33|
00258ba0  33 ff 33 33 33 ff 33 33  33 ff 33 33 33 ff 33 33  |3.333.333.333.33|
*
00258bd0  33 ff 33 33 33 ff 33 33  33 ff 31 31 31 1f 00 00  |3.333.333.111...|
00258be0  00 00 00 00 00 00 00 00  00 00 00 00 00 00 00 00  |................|
*
00258c40  00 00 00 00 00 00 00 00  00 00 33 33 33 69 33 33  |..........333i33|
00258c50  33 ff 33 33 33 ff 33 33  33 ff 33 33 33 ff 33 33  |3.333.333.333.33|
*
00258c90  33 ff 00 00 00 00 00 00  00 00 00 00 00 00 00 00  |3...............|
00258ca0  00 00 00 00 00 00 00 00  00 00 00 00 00 00 00 00  |................|
*
00258cf0  00 00 33 33 33 ff 33 33  33 ff 33 33 33 ff 33 33  |..333.333.333.33|
00258d00  33 ff 33 33 33 ff 33 33  33 ff 33 33 33 ff 33 33  |3.333.333.333.33|
*
00258d40  33 ff 00 00 00 00 00 00  00 00 00 00 00 00 00 00  |3...............|
00258d50  00 00 00 00 00 00 00 00  00 00 00 00 00 00 00 00  |................|
*
00258da0  00 00 00 00 00 00 00 00  00 00 00 00 00 00 33 33  |..............33|
00258db0  33 ff 33 33 33 ff 33 33  33 ff 33 33 33 ff 33 33  |3.333.333.333.33|
*
00258ed0  33 ff 33 33 33 ff 33 33  33 ff 00 00 00 00 00 00  |3.333.333.......|
00258ee0  00 00 00 00 00 00 00 00  00 00 00 00 00 00 00 00  |................|
*
00258f90  00 00 00 00 00 00 00 00  00 00 33 33 33 ff 33 33  |..........333.33|
00258fa0  33 ff 33 33 33 ff 33 33  33 ff 33 33 33 ff 33 33  |3.333.333.333.33|
*
00258fd0  33 ff 33 33 33 ff 33 33  33 ff 00 00 00 00 00 00  |3.333.333.......|
00258fe0  00 00 00 00 00 00 00 00  00 00 00 00 00 00 00 00  |................|
*
00259130  00 00 00 00 00 00 00 00  00 00 33 33 33 ff 33 33  |..........333.33|
00259140  33 ff 33 33 33 ff 33 33  33 ff 33 33 33 ff 33 33  |3.333.333.333.33|
*
002591c0  33 ff 33 33 33 ff 33 33  33 ff 33 33 33 ff 00 00  |3.333.333.333...|
002591d0  00 00 00 00 00 00 00 00  00 00 00 00 00 00 00 00  |................|
*
002592c0  00 00 00 00 00 00 00 00  00 00 33 33 33 05 33 33  |..........333.33|
002592d0  33 8b 33 33 33 ff 33 33  33 ff 33 33 33 ff 33 33  |3.333.333.333.33|
002592e0  33 ff 33 33 33 ff 33 33  33 ff 33 33 33 ff 33 33  |3.333.333.333.33|
*
00259330  33 ff 33 33 33 ff 33 33  33 ff 00 00 00 00 00 00  |3.333.333.......|
00259340  00 00 00 00 00 00 00 00  00 00 00 00 00 00 00 00  |................|
*
00259390  00 00 00 00 00 00 33 33  33 ff 33 33 33 ff 33 33  |......333.333.33|
002593a0  33 ff 33 33 33 ff 33 33  33 ff 33 33 33 ff 33 33  |3.333.333.333.33|
*
002593d0  33 ff 33 33 33 ff 33 33  33 d5 00 00 00 00 00 00  |3.333.333.......|
002593e0  00 00 00 00 00 00 00 00  00 00 00 00 00 00 00 00  |................|
*
00259440  00 00 00 00 00 00 00 00  00 00 36 36 36 21 33 33  |..........666!33|
00259450  33 ff 33 33 33 ff 33 33  33 ff 33 33 33 ff 33 33  |3.333.333.333.33|
*
00259490  33 ff 00 00 00 00 00 00  00 00 00 00 00 00 00 00  |3...............|
002594a0  00 00 00 00 00 00 00 00  00 00 00 00 00 00 00 00  |................|
*
002594f0  00 00 33 33 33 ff 33 33  33 ff 33 33 33 ff 33 33  |..333.333.333.33|
00259500  33 ff 33 33 33 ff 33 33  33 ff 33 33 33 ff 33 33  |3.333.333.333.33|
*
00259540  33 ff 00 00 00 00 00 00  00 00 00 00 00 00 00 00  |3...............|
00259550  00 00 00 00 00 00 00 00  00 00 00 00 00 00 00 00  |................|
*
002595a0  00 00 00 00 00 00 00 00  00 00 00 00 00 00 33 33  |..............33|
002595b0  33 ff 33 33 33 ff 33 33  33 ff 33 33 33 ff 33 33  |3.333.333.333.33|
*
002596d0  33 ff 33 33 33 ff 33 33  33 ff 00 00 00 00 00 00  |3.333.333.......|
002596e0  00 00 00 00 00 00 00 00  00 00 00 00 00 00 00 00  |................|
*
00259790  00 00 00 00 00 00 00 00  00 00 33 33 33 ff 33 33  |..........333.33|
002597a0  33 ff 33 33 33 ff 33 33  33 ff 33 33 33 ff 33 33  |3.333.333.333.33|
*
002597d0  33 ff 33 33 33 ff 33 33  33 ff 00 00 00 00 00 00  |3.333.333.......|
002597e0  00 00 00 00 00 00 00 00  00 00 00 00 00 00 00 00  |................|
*
00259930  00 00 00 00 00 00 00 00  00 00 33 33 33 ff 33 33  |..........333.33|
00259940  33 ff 33 33 33 ff 33 33  33 ff 33 33 33 ff 33 33  |3.333.333.333.33|
*
002599c0  33 ff 33 33 33 ff 33 33  33 ff 33 33 33 ff 00 00  |3.333.333.333...|
002599d0  00 00 00 00 00 00 00 00  00 00 00 00 00 00 00 00  |................|
*
00259ad0  00 00 34 34 34 62 33 33  33 fa 33 33 33 ff 33 33  |..444b333.333.33|
00259ae0  33 ff 33 33 33 ff 33 33  33 ff 33 33 33 ff 33 33  |3.333.333.333.33|
*
00259b30  33 ff 33 33 33 ff 33 33  33 ff 00 00 00 00 00 00  |3.333.333.......|
00259b40  00 00 00 00 00 00 00 00  00 00 00 00 00 00 00 00  |................|
*
00259b90  00 00 00 00 00 00 33 33  33 ff 33 33 33 ff 33 33  |......333.333.33|
00259ba0  33 ff 33 33 33 ff 33 33  33 ff 33 33 33 ff 33 33  |3.333.333.333.33|
*
00259bd0  33 ff 33 33 33 ff 33 33  33 8b 00 00 00 00 00 00  |3.333.333.......|
00259be0  00 00 00 00 00 00 00 00  00 00 00 00 00 00 00 00  |................|
*
00259c40  00 00 00 00 00 00 00 00  00 00 00 00 00 00 32 32  |..............22|
00259c50  32 d8 33 33 33 ff 33 33  33 ff 33 33 33 ff 33 33  |2.333.333.333.33|
00259c60  33 ff 33 33 33 ff 33 33  33 ff 33 33 33 ff 33 33  |3.333.333.333.33|
*
00259c90  33 ff 00 00 00 00 00 00  00 00 00 00 00 00 00 00  |3...............|
00259ca0  00 00 00 00 00 00 00 00  00 00 00 00 00 00 00 00  |................|
*
00259cf0  00 00 33 33 33 ff 33 33  33 ff 33 33 33 ff 33 33  |..333.333.333.33|
00259d00  33 ff 33 33 33 ff 33 33  33 ff 33 33 33 ff 33 33  |3.333.333.333.33|
*
00259d40  33 ff 00 00 00 00 00 00  00 00 00 00 00 00 00 00  |3...............|
00259d50  00 00 00 00 00 00 00 00  00 00 00 00 00 00 00 00  |................|
*
00259da0  00 00 00 00 00 00 00 00  00 00 00 00 00 00 33 33  |..............33|
00259db0  33 ff 33 33 33 ff 33 33  33 ff 33 33 33 ff 33 33  |3.333.333.333.33|
*
00259ed0  33 ff 33 33 33 ff 33 33  33 ff 00 00 00 00 00 00  |3.333.333.......|
00259ee0  00 00 00 00 00 00 00 00  00 00 00 00 00 00 00 00  |................|
*
00259f90  00 00 00 00 00 00 00 00  00 00 33 33 33 ff 33 33  |..........333.33|
00259fa0  33 ff 33 33 33 ff 33 33  33 ff 33 33 33 ff 33 33  |3.333.333.333.33|
*
00259fd0  33 ff 33 33 33 ff 33 33  33 ff 00 00 00 00 00 00  |3.333.333.......|
00259fe0  00 00 00 00 00 00 00 00  00 00 00 00 00 00 00 00  |................|
*
0025a130  00 00 00 00 00 00 00 00  00 00 33 33 33 ff 33 33  |..........333.33|
0025a140  33 ff 33 33 33 ff 33 33  33 ff 33 33 33 ff 33 33  |3.333.333.333.33|
*
0025a1c0  33 ff 33 33 33 ff 33 33  33 ff 33 33 33 ff 00 00  |3.333.333.333...|
0025a1d0  00 00 00 00 00 00 00 00  00 00 00 00 00 00 00 00  |................|
*
0025a2d0  00 00 00 00 00 00 32 32  32 47 32 32 32 f7 33 33  |......222G222.33|
0025a2e0  33 ff 33 33 33 ff 33 33  33 ff 33 33 33 ff 33 33  |3.333.333.333.33|
*
0025a330  33 ff 33 33 33 ff 33 33  33 ff 00 00 00 00 00 00  |3.333.333.......|
0025a340  00 00 00 00 00 00 00 00  00 00 00 00 00 00 00 00  |................|
*
0025a390  00 00 00 00 00 00 33 33  33 ff 33 33 33 ff 33 33  |......333.333.33|
0025a3a0  33 ff 33 33 33 ff 33 33  33 ff 33 33 33 ff 33 33  |3.333.333.333.33|
*
0025a3d0  33 ff 33 33 33 ff 31 31  31 43 00 00 00 00 00 00  |3.333.111C......|
0025a3e0  00 00 00 00 00 00 00 00  00 00 00 00 00 00 00 00  |................|
*
0025a440  00 00 00 00 00 00 00 00  00 00 00 00 00 00 33 33  |..............33|
0025a450  33 90 33 33 33 ff 33 33  33 ff 33 33 33 ff 33 33  |3.333.333.333.33|
0025a460  33 ff 33 33 33 ff 33 33  33 ff 33 33 33 ff 33 33  |3.333.333.333.33|
*
0025a490  33 ff 00 00 00 00 00 00  00 00 00 00 00 00 00 00  |3...............|
0025a4a0  00 00 00 00 00 00 00 00  00 00 00 00 00 00 00 00  |................|
*
0025a4f0  00 00 33 33 33 ff 33 33  33 ff 33 33 33 ff 33 33  |..333.333.333.33|
0025a500  33 ff 33 33 33 ff 33 33  33 ff 33 33 33 ff 33 33  |3.333.333.333.33|
*
0025a540  33 ff 00 00 00 00 00 00  00 00 00 00 00 00 00 00  |3...............|
0025a550  00 00 00 00 00 00 00 00  00 00 00 00 00 00 00 00  |................|
*
0025a5a0  00 00 00 00 00 00 00 00  00 00 00 00 00 00 33 33  |..............33|
0025a5b0  33 ff 33 33 33 ff 33 33  33 ff 33 33 33 ff 33 33  |3.333.333.333.33|
*
0025a6d0  33 ff 33 33 33 ff 33 33  33 ff 00 00 00 00 00 00  |3.333.333.......|
0025a6e0  00 00 00 00 00 00 00 00  00 00 00 00 00 00 00 00  |................|
*
0025a790  00 00 00 00 00 00 00 00  00 00 33 33 33 ff 33 33  |..........333.33|
0025a7a0  33 ff 33 33 33 ff 33 33  33 ff 33 33 33 ff 33 33  |3.333.333.333.33|
*
0025a7d0  33 ff 33 33 33 ff 33 33  33 ff 00 00 00 00 00 00  |3.333.333.......|
0025a7e0  00 00 00 00 00 00 00 00  00 00 00 00 00 00 00 00  |................|
*
0025a930  00 00 00 00 00 00 00 00  00 00 33 33 33 ff 33 33  |..........333.33|
0025a940  33 ff 33 33 33 ff 33 33  33 ff 33 33 33 ff 33 33  |3.333.333.333.33|
*
0025a9c0  33 ff 33 33 33 ff 33 33  33 ff 33 33 33 ff 00 00  |3.333.333.333...|
0025a9d0  00 00 00 00 00 00 00 00  00 00 00 00 00 00 00 00  |................|
*
0025aad0  00 00 00 00 00 00 00 00  00 00 34 34 34 4e 32 32  |..........444N22|
0025aae0  32 fb 33 33 33 ff 33 33  33 ff 33 33 33 ff 33 33  |2.333.333.333.33|
0025aaf0  33 ff 33 33 33 ff 33 33  33 ff 33 33 33 ff 33 33  |3.333.333.333.33|
*
0025ab30  33 ff 33 33 33 ff 33 33  33 ff 00 00 00 00 00 00  |3.333.333.......|
0025ab40  00 00 00 00 00 00 00 00  00 00 00 00 00 00 00 00  |................|
*
0025ab90  00 00 00 00 00 00 33 33  33 ff 33 33 33 ff 33 33  |......333.333.33|
0025aba0  33 ff 33 33 33 ff 33 33  33 ff 33 33 33 ff 33 33  |3.333.333.333.33|
*
0025abd0  33 ff 33 33 33 f4 24 24  24 07 00 00 00 00 00 00  |3.333.$$$.......|
0025abe0  00 00 00 00 00 00 00 00  00 00 00 00 00 00 00 00  |................|
*
0025ac40  00 00 00 00 00 00 00 00  00 00 00 00 00 00 34 34  |..............44|
0025ac50  34 49 33 33 33 ff 33 33  33 ff 33 33 33 ff 33 33  |4I333.333.333.33|
0025ac60  33 ff 33 33 33 ff 33 33  33 ff 33 33 33 ff 33 33  |3.333.333.333.33|
*
0025ac90  33 ff 00 00 00 00 00 00  00 00 00 00 00 00 00 00  |3...............|
0025aca0  00 00 00 00 00 00 00 00  00 00 00 00 00 00 00 00  |................|
*
0025acf0  00 00 33 33 33 ff 33 33  33 ff 33 33 33 ff 33 33  |..333.333.333.33|
0025ad00  33 ff 33 33 33 ff 33 33  33 ff 33 33 33 ff 33 33  |3.333.333.333.33|
*
0025ad40  33 ff 00 00 00 00 00 00  00 00 00 00 00 00 00 00  |3...............|
0025ad50  00 00 00 00 00 00 00 00  00 00 00 00 00 00 00 00  |................|
*
0025ada0  00 00 00 00 00 00 00 00  00 00 00 00 00 00 33 33  |..............33|
0025adb0  33 ff 33 33 33 ff 33 33  33 ff 33 33 33 ff 33 33  |3.333.333.333.33|
*
0025aed0  33 ff 33 33 33 ff 33 33  33 ff 00 00 00 00 00 00  |3.333.333.......|
0025aee0  00 00 00 00 00 00 00 00  00 00 00 00 00 00 00 00  |................|
*
0025af90  00 00 00 00 00 00 00 00  00 00 33 33 33 ff 33 33  |..........333.33|
0025afa0  33 ff 33 33 33 ff 33 33  33 ff 33 33 33 ff 33 33  |3.333.333.333.33|
*
0025afd0  33 ff 33 33 33 ff 33 33  33 ff 00 00 00 00 00 00  |3.333.333.......|
0025afe0  00 00 00 00 00 00 00 00  00 00 00 00 00 00 00 00  |................|
*
0025b130  00 00 00 00 00 00 00 00  00 00 33 33 33 ff 33 33  |..........333.33|
0025b140  33 ff 33 33 33 ff 33 33  33 ff 33 33 33 ff 33 33  |3.333.333.333.33|
*
0025b1c0  33 ff 33 33 33 ff 33 33  33 ff 33 33 33 ff 00 00  |3.333.333.333...|
0025b1d0  00 00 00 00 00 00 00 00  00 00 00 00 00 00 00 00  |................|
*
0025b2d0  00 00 00 00 00 00 00 00  00 00 00 00 00 00 34 34  |..............44|
0025b2e0  34 62 33 33 33 ff 33 33  33 ff 33 33 33 ff 33 33  |4b333.333.333.33|
0025b2f0  33 ff 33 33 33 ff 33 33  33 ff 33 33 33 ff 33 33  |3.333.333.333.33|
*
0025b330  33 ff 33 33 33 ff 33 33  33 ff 00 00 00 00 00 00  |3.333.333.......|
0025b340  00 00 00 00 00 00 00 00  00 00 00 00 00 00 00 00  |................|
*
0025b390  00 00 00 00 00 00 33 33  33 ff 33 33 33 ff 33 33  |......333.333.33|
0025b3a0  33 ff 33 33 33 ff 33 33  33 ff 33 33 33 ff 33 33  |3.333.333.333.33|
*
0025b3d0  33 ff 32 32 32 b0 00 00  00 00 00 00 00 00 00 00  |3.222...........|
0025b3e0  00 00 00 00 00 00 00 00  00 00 00 00 00 00 00 00  |................|
*
0025b440  00 00 00 00 00 00 00 00  00 00 00 00 00 00 38 38  |..............88|
0025b450  38 09 32 32 32 f6 33 33  33 ff 33 33 33 ff 33 33  |8.222.333.333.33|
0025b460  33 ff 33 33 33 ff 33 33  33 ff 33 33 33 ff 33 33  |3.333.333.333.33|
*
0025b490  33 ff 00 00 00 00 00 00  00 00 00 00 00 00 00 00  |3...............|
0025b4a0  00 00 00 00 00 00 00 00  00 00 00 00 00 00 00 00  |................|
*
0025b4f0  00 00 33 33 33 ff 33 33  33 ff 33 33 33 ff 33 33  |..333.333.333.33|
0025b500  33 ff 33 33 33 ff 33 33  33 ff 33 33 33 ff 33 33  |3.333.333.333.33|
*
0025b540  33 ff 00 00 00 00 00 00  00 00 00 00 00 00 00 00  |3...............|
0025b550  00 00 00 00 00 00 00 00  00 00 00 00 00 00 00 00  |................|
*
0025b5a0  00 00 00 00 00 00 00 00  00 00 00 00 00 00 33 33  |..............33|
0025b5b0  33 ff 33 33 33 ff 33 33  33 ff 33 33 33 ff 33 33  |3.333.333.333.33|
*
0025b6d0  33 ff 33 33 33 ff 33 33  33 ff 00 00 00 00 00 00  |3.333.333.......|
0025b6e0  00 00 00 00 00 00 00 00  00 00 00 00 00 00 00 00  |................|
*
0025b790  00 00 00 00 00 00 00 00  00 00 33 33 33 ff 33 33  |..........333.33|
0025b7a0  33 ff 33 33 33 ff 33 33  33 ff 33 33 33 ff 33 33  |3.333.333.333.33|
*
0025b7d0  33 ff 33 33 33 ff 33 33  33 ff 00 00 00 00 00 00  |3.333.333.......|
0025b7e0  00 00 00 00 00 00 00 00  00 00 00 00 00 00 00 00  |................|
*
0025b930  00 00 00 00 00 00 00 00  00 00 33 33 33 ff 33 33  |..........333.33|
0025b940  33 ff 33 33 33 ff 33 33  33 ff 33 33 33 ff 33 33  |3.333.333.333.33|
*
0025b9c0  33 ff 33 33 33 ff 33 33  33 ff 33 33 33 ff 00 00  |3.333.333.333...|
0025b9d0  00 00 00 00 00 00 00 00  00 00 00 00 00 00 00 00  |................|
*
0025bae0  00 00 33 33 33 a0 33 33  33 ff 33 33 33 ff 33 33  |..333.333.333.33|
0025baf0  33 ff 33 33 33 ff 33 33  33 ff 33 33 33 ff 33 33  |3.333.333.333.33|
*
0025bb30  33 ff 33 33 33 ff 33 33  33 ff 00 00 00 00 00 00  |3.333.333.......|
0025bb40  00 00 00 00 00 00 00 00  00 00 00 00 00 00 00 00  |................|
*
0025bb90  00 00 00 00 00 00 33 33  33 ff 33 33 33 ff 33 33  |......333.333.33|
0025bba0  33 ff 33 33 33 ff 33 33  33 ff 33 33 33 ff 33 33  |3.333.333.333.33|
*
0025bbd0  33 ff 33 33 33 67 00 00  00 00 00 00 00 00 00 00  |3.333g..........|
0025bbe0  00 00 00 00 00 00 00 00  00 00 00 00 00 00 00 00  |................|
*
0025bc50  00 00 33 33 33 b8 33 33  33 ff 33 33 33 ff 33 33  |..333.333.333.33|
0025bc60  33 ff 33 33 33 ff 33 33  33 ff 33 33 33 ff 33 33  |3.333.333.333.33|
*
0025bc90  33 ff 00 00 00 00 00 00  00 00 00 00 00 00 00 00  |3...............|
0025bca0  00 00 00 00 00 00 00 00  00 00 00 00 00 00 00 00  |................|
*
0025bcf0  00 00 33 33 33 ff 33 33  33 ff 33 33 33 ff 33 33  |..333.333.333.33|
0025bd00  33 ff 33 33 33 ff 33 33  33 ff 33 33 33 ff 33 33  |3.333.333.333.33|
*
0025bd40  33 ff 00 00 00 00 00 00  00 00 00 00 00 00 00 00  |3...............|
0025bd50  00 00 00 00 00 00 00 00  00 00 00 00 00 00 00 00  |................|
*
0025bda0  00 00 00 00 00 00 00 00  00 00 00 00 00 00 33 33  |..............33|
0025bdb0  33 ff 33 33 33 ff 33 33  33 ff 33 33 33 ff 33 33  |3.333.333.333.33|
*
0025bed0  33 ff 33 33 33 ff 33 33  33 ff 00 00 00 00 00 00  |3.333.333.......|
0025bee0  00 00 00 00 00 00 00 00  00 00 00 00 00 00 00 00  |................|
*
0025bf90  00 00 00 00 00 00 00 00  00 00 33 33 33 ff 33 33  |..........333.33|
0025bfa0  33 ff 33 33 33 ff 33 33  33 ff 33 33 33 ff 33 33  |3.333.333.333.33|
*
0025bfd0  33 ff 33 33 33 ff 33 33  33 ff 00 00 00 00 00 00  |3.333.333.......|
0025bfe0  00 00 00 00 00 00 00 00  00 00 00 00 00 00 00 00  |................|
*
0025c130  00 00 00 00 00 00 00 00  00 00 33 33 33 ff 33 33  |..........333.33|
0025c140  33 ff 33 33 33 ff 33 33  33 ff 33 33 33 ff 33 33  |3.333.333.333.33|
*
0025c1c0  33 ff 33 33 33 ff 33 33  33 ff 33 33 33 ff 00 00  |3.333.333.333...|
0025c1d0  00 00 00 00 00 00 00 00  00 00 00 00 00 00 00 00  |................|
*
0025c2e0  00 00 2a 2a 2a 0c 33 33  33 da 33 33 33 ff 33 33  |..***.333.333.33|
0025c2f0  33 ff 33 33 33 ff 33 33  33 ff 33 33 33 ff 33 33  |3.333.333.333.33|
*
0025c330  33 ff 33 33 33 ff 33 33  33 ff 00 00 00 00 00 00  |3.333.333.......|
0025c340  00 00 00 00 00 00 00 00  00 00 00 00 00 00 00 00  |................|
*
0025c390  00 00 00 00 00 00 33 33  33 ff 33 33 33 ff 33 33  |......333.333.33|
0025c3a0  33 ff 33 33 33 ff 33 33  33 ff 33 33 33 ff 33 33  |3.333.333.333.33|
*
0025c3d0  33 ff 31 31 31 1f 00 00  00 00 00 00 00 00 00 00  |3.111...........|
0025c3e0  00 00 00 00 00 00 00 00  00 00 00 00 00 00 00 00  |................|
*
0025c450  00 00 32 32 32 70 33 33  33 ff 33 33 33 ff 33 33  |..222p333.333.33|
0025c460  33 ff 33 33 33 ff 33 33  33 ff 33 33 33 ff 33 33  |3.333.333.333.33|
*
0025c490  33 ff 00 00 00 00 00 00  00 00 00 00 00 00 00 00  |3...............|
0025c4a0  00 00 00 00 00 00 00 00  00 00 00 00 00 00 00 00  |................|
*
0025c4f0  00 00 33 33 33 ff 33 33  33 ff 33 33 33 ff 33 33  |..333.333.333.33|
0025c500  33 ff 33 33 33 ff 33 33  33 ff 33 33 33 ff 33 33  |3.333.333.333.33|
*
0025c540  33 ff 00 00 00 00 00 00  00 00 00 00 00 00 00 00  |3...............|
0025c550  00 00 00 00 00 00 00 00  00 00 00 00 00 00 00 00  |................|
*
0025c5a0  00 00 00 00 00 00 00 00  00 00 00 00 00 00 33 33  |..............33|
0025c5b0  33 ff 33 33 33 ff 33 33  33 ff 33 33 33 ff 33 33  |3.333.333.333.33|
*
0025c6d0  33 ff 33 33 33 ff 33 33  33 ff 00 00 00 00 00 00  |3.333.333.......|
0025c6e0  00 00 00 00 00 00 00 00  00 00 00 00 00 00 00 00  |................|
*
0025c790  00 00 00 00 00 00 00 00  00 00 33 33 33 ff 33 33  |..........333.33|
0025c7a0  33 ff 33 33 33 ff 33 33  33 ff 33 33 33 ff 33 33  |3.333.333.333.33|
*
0025c7d0  33 ff 33 33 33 ff 33 33  33 ff 00 00 00 00 00 00  |3.333.333.......|
0025c7e0  00 00 00 00 00 00 00 00  00 00 00 00 00 00 00 00  |................|
*
0025c930  00 00 00 00 00 00 00 00  00 00 33 33 33 ff 33 33  |..........333.33|
0025c940  33 ff 33 33 33 ff 33 33  33 ff 33 33 33 ff 33 33  |3.333.333.333.33|
*
0025c9c0  33 ff 33 33 33 ff 33 33  33 ff 33 33 33 ff 00 00  |3.333.333.333...|
0025c9d0  00 00 00 00 00 00 00 00  00 00 00 00 00 00 00 00  |................|
*
0025cae0  00 00 00 00 00 00 34 34  34 49 33 33 33 ff 33 33  |......444I333.33|
0025caf0  33 ff 33 33 33 ff 33 33  33 ff 33 33 33 ff 33 33  |3.333.333.333.33|
*
0025cb30  33 ff 33 33 33 ff 33 33  33 ff 00 00 00 00 00 00  |3.333.333.......|
0025cb40  00 00 00 00 00 00 00 00  00 00 00 00 00 00 00 00  |................|
*
0025cb90  00 00 00 00 00 00 33 33  33 ff 33 33 33 ff 33 33  |......333.333.33|
0025cba0  33 ff 33 33 33 ff 33 33  33 ff 33 33 33 ff 33 33  |3.333.333.333.33|
*
0025cbd0  33 d5 00 00 00 00 00 00  00 00 00 00 00 00 00 00  |3...............|
0025cbe0  00 00 00 00 00 00 00 00  00 00 00 00 00 00 00 00  |................|
*
0025cc50  00 00 33 33 33 28 33 33  33 ff 33 33 33 ff 33 33  |..333(333.333.33|
0025cc60  33 ff 33 33 33 ff 33 33  33 ff 33 33 33 ff 33 33  |3.333.333.333.33|
*
0025cc90  33 ff 00 00 00 00 00 00  00 00 00 00 00 00 00 00  |3...............|
0025cca0  00 00 00 00 00 00 00 00  00 00 00 00 00 00 00 00  |................|
*
0025ccf0  00 00 33 33 33 ff 33 33  33 ff 33 33 33 ff 33 33  |..333.333.333.33|
0025cd00  33 ff 33 33 33 ff 33 33  33 ff 33 33 33 ff 33 33  |3.333.333.333.33|
*
0025cd40  33 ff 00 00 00 00 00 00  00 00 00 00 00 00 00 00  |3...............|
0025cd50  00 00 00 00 00 00 00 00  00 00 00 00 00 00 00 00  |................|
*
0025cda0  00 00 00 00 00 00 00 00  00 00 00 00 00 00 33 33  |..............33|
0025cdb0  33 ff 33 33 33 ff 33 33  33 ff 33 33 33 ff 33 33  |3.333.333.333.33|
*
0025ced0  33 ff 33 33 33 ff 33 33  33 ff 00 00 00 00 00 00  |3.333.333.......|
0025cee0  00 00 00 00 00 00 00 00  00 00 00 00 00 00 00 00  |................|
*
0025cf90  00 00 00 00 00 00 00 00  00 00 33 33 33 ff 33 33  |..........333.33|
0025cfa0  33 ff 33 33 33 ff 33 33  33 ff 33 33 33 ff 33 33  |3.333.333.333.33|
*
0025cfd0  33 ff 33 33 33 ff 33 33  33 ff 00 00 00 00 00 00  |3.333.333.......|
0025cfe0  00 00 00 00 00 00 00 00  00 00 00 00 00 00 00 00  |................|
*
0025d130  00 00 00 00 00 00 00 00  00 00 33 33 33 ff 33 33  |..........333.33|
0025d140  33 ff 33 33 33 ff 33 33  33 ff 33 33 33 ff 33 33  |3.333.333.333.33|
*
0025d1c0  33 ff 33 33 33 ff 33 33  33 ff 33 33 33 ff 00 00  |3.333.333.333...|
0025d1d0  00 00 00 00 00 00 00 00  00 00 00 00 00 00 00 00  |................|
*
0025d2e0  00 00 00 00 00 00 00 00  00 00 33 33 33 b9 33 33  |..........333.33|
0025d2f0  33 ff 33 33 33 ff 33 33  33 ff 33 33 33 ff 33 33  |3.333.333.333.33|
*
0025d330  33 ff 33 33 33 ff 33 33  33 ff 00 00 00 00 00 00  |3.333.333.......|
0025d340  00 00 00 00 00 00 00 00  00 00 00 00 00 00 00 00  |................|
*
0025d390  00 00 00 00 00 00 33 33  33 ff 33 33 33 ff 33 33  |......333.333.33|
0025d3a0  33 ff 33 33 33 ff 33 33  33 ff 33 33 33 ff 33 33  |3.333.333.333.33|
*
0025d3d0  33 8b 00 00 00 00 00 00  00 00 00 00 00 00 00 00  |3...............|
0025d3e0  00 00 00 00 00 00 00 00  00 00 00 00 00 00 00 00  |................|
*
0025d450  00 00 00 00 00 00 32 32  32 dd 33 33 33 ff 33 33  |......222.333.33|
0025d460  33 ff 33 33 33 ff 33 33  33 ff 33 33 33 ff 33 33  |3.333.333.333.33|
*
0025d490  33 ff 00 00 00 00 00 00  00 00 00 00 00 00 00 00  |3...............|
0025d4a0  00 00 00 00 00 00 00 00  00 00 00 00 00 00 00 00  |................|
*
0025d4f0  00 00 33 33 33 ff 33 33  33 ff 33 33 33 ff 33 33  |..333.333.333.33|
0025d500  33 ff 33 33 33 ff 33 33  33 ff 33 33 33 ff 33 33  |3.333.333.333.33|
*
0025d540  33 ff 00 00 00 00 00 00  00 00 00 00 00 00 00 00  |3...............|
0025d550  00 00 00 00 00 00 00 00  00 00 00 00 00 00 00 00  |................|
*
0025d5a0  00 00 00 00 00 00 00 00  00 00 00 00 00 00 33 33  |..............33|
0025d5b0  33 ff 33 33 33 ff 33 33  33 ff 33 33 33 ff 33 33  |3.333.333.333.33|
*
0025d6d0  33 ff 33 33 33 ff 33 33  33 ff 00 00 00 00 00 00  |3.333.333.......|
0025d6e0  00 00 00 00 00 00 00 00  00 00 00 00 00 00 00 00  |................|
*
0025d790  00 00 00 00 00 00 00 00  00 00 33 33 33 ff 33 33  |..........333.33|
0025d7a0  33 ff 33 33 33 ff 33 33  33 ff 33 33 33 ff 33 33  |3.333.333.333.33|
*
0025d7d0  33 ff 33 33 33 ff 33 33  33 ff 00 00 00 00 00 00  |3.333.333.......|
0025d7e0  00 00 00 00 00 00 00 00  00 00 00 00 00 00 00 00  |................|
*
0025d930  00 00 00 00 00 00 00 00  00 00 33 33 33 ff 33 33  |..........333.33|
0025d940  33 ff 33 33 33 ff 33 33  33 ff 33 33 33 ff 33 33  |3.333.333.333.33|
*
0025d9c0  33 ff 33 33 33 ff 33 33  33 ff 33 33 33 ff 00 00  |3.333.333.333...|
0025d9d0  00 00 00 00 00 00 00 00  00 00 00 00 00 00 00 00  |................|
*
0025dae0  00 00 00 00 00 00 00 00  00 00 32 32 32 33 33 33  |..........222333|
0025daf0  33 ff 33 33 33 ff 33 33  33 ff 33 33 33 ff 33 33  |3.333.333.333.33|
*
0025db30  33 ff 33 33 33 ff 33 33  33 ff 00 00 00 00 00 00  |3.333.333.......|
0025db40  00 00 00 00 00 00 00 00  00 00 00 00 00 00 00 00  |................|
*
0025db90  00 00 00 00 00 00 33 33  33 ff 33 33 33 ff 33 33  |......333.333.33|
0025dba0  33 ff 33 33 33 ff 33 33  33 ff 33 33 33 ff 33 33  |3.333.333.333.33|
*
0025dbc0  33 ff 33 33 33 ff 33 33  33 ff 33 33 33 ff 31 31  |3.333.333.333.11|
0025dbd0  31 43 00 00 00 00 00 00  00 00 00 00 00 00 00 00  |1C..............|
0025dbe0  00 00 00 00 00 00 00 00  00 00 00 00 00 00 00 00  |................|
*
0025dc50  00 00 00 00 00 00 32 32  32 97 33 33 33 ff 33 33  |......222.333.33|
0025dc60  33 ff 33 33 33 ff 33 33  33 ff 33 33 33 ff 33 33  |3.333.333.333.33|
*
0025dc90  33 ff 00 00 00 00 00 00  00 00 00 00 00 00 00 00  |3...............|
0025dca0  00 00 00 00 00 00 00 00  00 00 00 00 00 00 00 00  |................|
*
0025dcf0  00 00 33 33 33 ff 33 33  33 ff 33 33 33 ff 33 33  |..333.333.333.33|
0025dd00  33 ff 33 33 33 ff 33 33  33 ff 33 33 33 ff 33 33  |3.333.333.333.33|
*
0025dd40  33 ff 00 00 00 00 00 00  00 00 00 00 00 00 00 00  |3...............|
0025dd50  00 00 00 00 00 00 00 00  00 00 00 00 00 00 00 00  |................|
*
0025dda0  00 00 00 00 00 00 00 00  00 00 00 00 00 00 33 33  |..............33|
0025ddb0  33 ff 33 33 33 ff 33 33  33 ff 33 33 33 ff 33 33  |3.333.333.333.33|
*
0025ded0  33 ff 33 33 33 ff 33 33  33 ff 00 00 00 00 00 00  |3.333.333.......|
0025dee0  00 00 00 00 00 00 00 00  00 00 00 00 00 00 00 00  |................|
*
0025df90  00 00 00 00 00 00 00 00  00 00 33 33 33 ff 33 33  |..........333.33|
0025dfa0  33 ff 33 33 33 ff 33 33  33 ff 33 33 33 ff 33 33  |3.333.333.333.33|
*
0025dfd0  33 ff 33 33 33 ff 33 33  33 ff 00 00 00 00 00 00  |3.333.333.......|
0025dfe0  00 00 00 00 00 00 00 00  00 00 00 00 00 00 00 00  |................|
*
0025e130  00 00 00 00 00 00 00 00  00 00 33 33 33 ff 33 33  |..........333.33|
0025e140  33 ff 33 33 33 ff 33 33  33 ff 33 33 33 ff 33 33  |3.333.333.333.33|
*
0025e1c0  33 ff 33 33 33 ff 33 33  33 ff 33 33 33 ff 00 00  |3.333.333.333...|
0025e1d0  00 00 00 00 00 00 00 00  00 00 00 00 00 00 00 00  |................|
*
0025e2e0  00 00 00 00 00 00 00 00  00 00 00 00 00 00 32 32  |..............22|
0025e2f0  32 ca 33 33 33 ff 33 33  33 ff 33 33 33 ff 33 33  |2.333.333.333.33|
0025e300  33 ff 33 33 33 ff 33 33  33 ff 33 33 33 ff 33 33  |3.333.333.333.33|
*
0025e330  33 ff 33 33 33 ff 33 33  33 ff 00 00 00 00 00 00  |3.333.333.......|
0025e340  00 00 00 00 00 00 00 00  00 00 00 00 00 00 00 00  |................|
*
0025e390  00 00 00 00 00 00 33 33  33 ff 33 33 33 ff 33 33  |......333.333.33|
0025e3a0  33 ff 33 33 33 ff 33 33  33 ff 33 33 33 ff 33 33  |3.333.333.333.33|
*
0025e3c0  33 ff 33 33 33 ff 33 33  33 ff 33 33 33 f4 24 24  |3.333.333.333.$$|
0025e3d0  24 07 00 00 00 00 00 00  00 00 00 00 00 00 00 00  |$...............|
0025e3e0  00 00 00 00 00 00 00 00  00 00 00 00 00 00 00 00  |................|
*
0025e450  00 00 00 00 00 00 33 33  33 50 33 33 33 ff 33 33  |......333P333.33|
0025e460  33 ff 33 33 33 ff 33 33  33 ff 33 33 33 ff 33 33  |3.333.333.333.33|
*
0025e490  33 ff 00 00 00 00 00 00  00 00 00 00 00 00 00 00  |3...............|
0025e4a0  00 00 00 00 00 00 00 00  00 00 00 00 00 00 00 00  |................|
*
0025e4f0  00 00 33 33 33 ff 33 33  33 ff 33 33 33 ff 33 33  |..333.333.333.33|
0025e500  33 ff 33 33 33 ff 33 33  33 ff 33 33 33 ff 33 33  |3.333.333.333.33|
*
0025e540  33 ff 00 00 00 00 00 00  00 00 00 00 00 00 00 00  |3...............|
0025e550  00 00 00 00 00 00 00 00  00 00 00 00 00 00 00 00  |................|
*
0025e5a0  00 00 00 00 00 00 00 00  00 00 00 00 00 00 33 33  |..............33|
0025e5b0  33 ff 33 33 33 ff 33 33  33 ff 33 33 33 ff 33 33  |3.333.333.333.33|
*
0025e6d0  33 ff 33 33 33 ff 33 33  33 ff 00 00 00 00 00 00  |3.333.333.......|
0025e6e0  00 00 00 00 00 00 00 00  00 00 00 00 00 00 00 00  |................|
*
0025e790  00 00 00 00 00 00 00 00  00 00 33 33 33 ff 33 33  |..........333.33|
0025e7a0  33 ff 33 33 33 ff 33 33  33 ff 33 33 33 ff 33 33  |3.333.333.333.33|
*
0025e7d0  33 ff 33 33 33 ff 33 33  33 ff 00 00 00 00 00 00  |3.333.333.......|
0025e7e0  00 00 00 00 00 00 00 00  00 00 00 00 00 00 00 00  |................|
*
0025e930  00 00 00 00 00 00 00 00  00 00 33 33 33 ff 33 33  |..........333.33|
0025e940  33 ff 33 33 33 ff 33 33  33 ff 33 33 33 ff 33 33  |3.333.333.333.33|
*
0025e9c0  33 ff 33 33 33 ff 33 33  33 ff 33 33 33 ff 00 00  |3.333.333.333...|
0025e9d0  00 00 00 00 00 00 00 00  00 00 00 00 00 00 00 00  |................|
*
0025eae0  00 00 00 00 00 00 00 00  00 00 00 00 00 00 32 32  |..............22|
0025eaf0  32 65 33 33 33 ff 33 33  33 ff 33 33 33 ff 33 33  |2e333.333.333.33|
0025eb00  33 ff 33 33 33 ff 33 33  33 ff 33 33 33 ff 33 33  |3.333.333.333.33|
*
0025eb30  33 ff 33 33 33 ff 33 33  33 ff 00 00 00 00 00 00  |3.333.333.......|
0025eb40  00 00 00 00 00 00 00 00  00 00 00 00 00 00 00 00  |................|
*
0025eb90  00 00 00 00 00 00 33 33  33 ff 33 33 33 ff 33 33  |......333.333.33|
0025eba0  33 ff 33 33 33 ff 33 33  33 ff 33 33 33 ff 33 33  |3.333.333.333.33|
*
0025ebc0  33 ff 33 33 33 ff 33 33  33 ff 32 32 32 b0 00 00  |3.333.333.222...|
0025ebd0  00 00 00 00 00 00 00 00  00 00 00 00 00 00 00 00  |................|
*
0025ec50  00 00 00 00 00 00 3a 3a  3a 0d 33 33 33 f9 33 33  |......:::.333.33|
0025ec60  33 ff 33 33 33 ff 33 33  33 ff 33 33 33 ff 33 33  |3.333.333.333.33|
*
0025ec90  33 ff 00 00 00 00 00 00  00 00 00 00 00 00 00 00  |3...............|
0025eca0  00 00 00 00 00 00 00 00  00 00 00 00 00 00 00 00  |................|
*
0025ecf0  00 00 33 33 33 ff 33 33  33 ff 33 33 33 ff 33 33  |..333.333.333.33|
0025ed00  33 ff 33 33 33 ff 33 33  33 ff 33 33 33 ff 33 33  |3.333.333.333.33|
*
0025ed40  33 ff 00 00 00 00 00 00  00 00 00 00 00 00 00 00  |3...............|
0025ed50  00 00 00 00 00 00 00 00  00 00 00 00 00 00 00 00  |................|
*
0025eda0  00 00 00 00 00 00 00 00  00 00 00 00 00 00 33 33  |..............33|
0025edb0  33 ff 33 33 33 ff 33 33  33 ff 33 33 33 ff 33 33  |3.333.333.333.33|
*
0025eed0  33 ff 33 33 33 ff 33 33  33 ff 00 00 00 00 00 00  |3.333.333.......|
0025eee0  00 00 00 00 00 00 00 00  00 00 00 00 00 00 00 00  |................|
*
0025ef90  00 00 00 00 00 00 00 00  00 00 33 33 33 ff 33 33  |..........333.33|
0025efa0  33 ff 33 33 33 ff 33 33  33 ff 33 33 33 ff 33 33  |3.333.333.333.33|
*
0025efd0  33 ff 33 33 33 ff 33 33  33 ff 00 00 00 00 00 00  |3.333.333.......|
0025efe0  00 00 00 00 00 00 00 00  00 00 00 00 00 00 00 00  |................|
*
0025f130  00 00 00 00 00 00 00 00  00 00 33 33 33 ff 33 33  |..........333.33|
0025f140  33 ff 33 33 33 ff 33 33  33 ff 33 33 33 ff 33 33  |3.333.333.333.33|
*
0025f1c0  33 ff 33 33 33 ff 33 33  33 ff 33 33 33 ff 00 00  |3.333.333.333...|
0025f1d0  00 00 00 00 00 00 00 00  00 00 00 00 00 00 00 00  |................|
*
0025f2e0  00 00 00 00 00 00 00 00  00 00 00 00 00 00 2f 2f  |..............//|
0025f2f0  2f 10 32 32 32 fc 33 33  33 ff 33 33 33 ff 33 33  |/.222.333.333.33|
0025f300  33 ff 33 33 33 ff 33 33  33 ff 33 33 33 ff 33 33  |3.333.333.333.33|
*
0025f330  33 ff 33 33 33 ff 33 33  33 ff 00 00 00 00 00 00  |3.333.333.......|
0025f340  00 00 00 00 00 00 00 00  00 00 00 00 00 00 00 00  |................|
*
0025f390  00 00 00 00 00 00 33 33  33 ff 33 33 33 ff 33 33  |......333.333.33|
0025f3a0  33 ff 33 33 33 ff 33 33  33 ff 33 33 33 ff 33 33  |3.333.333.333.33|
*
0025f3c0  33 ff 33 33 33 ff 33 33  33 ff 33 33 33 67 00 00  |3.333.333.333g..|
0025f3d0  00 00 00 00 00 00 00 00  00 00 00 00 00 00 00 00  |................|
*
0025f450  00 00 00 00 00 00 00 00  00 00 32 32 32 bf 33 33  |..........222.33|
0025f460  33 ff 33 33 33 ff 33 33  33 ff 33 33 33 ff 33 33  |3.333.333.333.33|
*
0025f490  33 ff 00 00 00 00 00 00  00 00 00 00 00 00 00 00  |3...............|
0025f4a0  00 00 00 00 00 00 00 00  00 00 00 00 00 00 00 00  |................|
*
0025f4f0  00 00 33 33 33 ff 33 33  33 ff 33 33 33 ff 33 33  |..333.333.333.33|
0025f500  33 ff 33 33 33 ff 33 33  33 ff 33 33 33 ff 33 33  |3.333.333.333.33|
*
0025f540  33 ff 00 00 00 00 00 00  00 00 00 00 00 00 00 00  |3...............|
0025f550  00 00 00 00 00 00 00 00  00 00 00 00 00 00 00 00  |................|
*
0025f5a0  00 00 00 00 00 00 00 00  00 00 00 00 00 00 33 33  |..............33|
0025f5b0  33 ff 33 33 33 ff 33 33  33 ff 33 33 33 ff 33 33  |3.333.333.333.33|
*
0025f6d0  33 ff 33 33 33 ff 33 33  33 ff 00 00 00 00 00 00  |3.333.333.......|
0025f6e0  00 00 00 00 00 00 00 00  00 00 00 00 00 00 00 00  |................|
*
0025f790  00 00 00 00 00 00 00 00  00 00 33 33 33 ff 33 33  |..........333.33|
0025f7a0  33 ff 33 33 33 ff 33 33  33 ff 33 33 33 ff 33 33  |3.333.333.333.33|
*
0025f7d0  33 ff 33 33 33 ff 33 33  33 ff 00 00 00 00 00 00  |3.333.333.......|
0025f7e0  00 00 00 00 00 00 00 00  00 00 00 00 00 00 00 00  |................|
*
0025f930  00 00 00 00 00 00 00 00  00 00 33 33 33 ff 33 33  |..........333.33|
0025f940  33 ff 33 33 33 ff 33 33  33 ff 33 33 33 ff 33 33  |3.333.333.333.33|
*
0025f9c0  33 ff 33 33 33 ff 33 33  33 ff 33 33 33 ff 00 00  |3.333.333.333...|
0025f9d0  00 00 00 00 00 00 00 00  00 00 00 00 00 00 00 00  |................|
*
0025fa30  00 00 00 00 00 00 33 33  33 ff 33 33 33 ff 33 33  |......333.333.33|
0025fa40  33 ff 33 33 33 ff 33 33  33 ff 33 33 33 ff 33 33  |3.333.333.333.33|
0025fa50  33 ff 33 33 33 ff 33 33  33 ff 32 32 32 fc 33 33  |3.333.333.222.33|
0025fa60  33 ee 32 32 32 dd 33 33  33 c2 33 33 33 91 31 31  |3.222.333.333.11|
0025fa70  31 5c 36 36 36 0e 00 00  00 00 00 00 00 00 00 00  |1\666...........|
0025fa80  00 00 00 00 00 00 00 00  00 00 00 00 00 00 00 00  |................|
*
0025faf0  00 00 32 32 32 c9 33 33  33 ff 33 33 33 ff 33 33  |..222.333.333.33|
0025fb00  33 ff 33 33 33 ff 33 33  33 ff 33 33 33 ff 33 33  |3.333.333.333.33|
*
0025fb30  33 ff 33 33 33 ff 33 33  33 ff 00 00 00 00 00 00  |3.333.333.......|
0025fb40  00 00 00 00 00 00 00 00  00 00 00 00 00 00 00 00  |................|
*
0025fb90  00 00 00 00 00 00 33 33  33 ff 33 33 33 ff 33 33  |......333.333.33|
0025fba0  33 ff 33 33 33 ff 33 33  33 ff 33 33 33 ff 33 33  |3.333.333.333.33|
*
0025fbc0  33 ff 33 33 33 ff 33 33  33 ff 31 31 31 1f 00 00  |3.333.333.111...|
0025fbd0  00 00 00 00 00 00 00 00  00 00 00 00 00 00 00 00  |................|
*
0025fc50  00 00 00 00 00 00 00 00  00 00 33 33 33 77 33 33  |..........333w33|
0025fc60  33 ff 33 33 33 ff 33 33  33 ff 33 33 33 ff 33 33  |3.333.333.333.33|
*
0025fc90  33 ff 00 00 00 00 00 00  00 00 00 00 00 00 00 00  |3...............|
0025fca0  00 00 00 00 00 00 00 00  00 00 00 00 00 00 00 00  |................|
*
0025fcf0  00 00 33 33 33 ff 33 33  33 ff 33 33 33 ff 33 33  |..333.333.333.33|
0025fd00  33 ff 33 33 33 ff 33 33  33 ff 33 33 33 ff 33 33  |3.333.333.333.33|
*
0025fd40  33 ff 00 00 00 00 00 00  00 00 00 00 00 00 00 00  |3...............|
0025fd50  00 00 00 00 00 00 00 00  00 00 00 00 00 00 00 00  |................|
*
0025fda0  00 00 00 00 00 00 00 00  00 00 00 00 00 00 33 33  |..............33|
0025fdb0  33 ff 33 33 33 ff 33 33  33 ff 33 33 33 ff 33 33  |3.333.333.333.33|
*
0025fed0  33 ff 33 33 33 ff 33 33  33 ff 00 00 00 00 00 00  |3.333.333.......|
0025fee0  00 00 00 00 00 00 00 00  00 00 00 00 00 00 00 00  |................|
*
0025ff90  00 00 00 00 00 00 00 00  00 00 33 33 33 ff 33 33  |..........333.33|
0025ffa0  33 ff 33 33 33 ff 33 33  33 ff 33 33 33 ff 33 33  |3.333.333.333.33|
*
0025ffd0  33 ff 33 33 33 ff 33 33  33 ff 00 00 00 00 00 00  |3.333.333.......|
0025ffe0  00 00 00 00 00 00 00 00  00 00 00 00 00 00 00 00  |................|
*
00260130  00 00 00 00 00 00 00 00  00 00 33 33 33 ff 33 33  |..........333.33|
00260140  33 ff 33 33 33 ff 33 33  33 ff 33 33 33 ff 33 33  |3.333.333.333.33|
*
002601c0  33 ff 33 33 33 ff 33 33  33 ff 33 33 33 ff 00 00  |3.333.333.333...|
002601d0  00 00 00 00 00 00 00 00  00 00 00 00 00 00 00 00  |................|
*
00260230  00 00 00 00 00 00 33 33  33 ff 33 33 33 ff 33 33  |......333.333.33|
00260240  33 ff 33 33 33 ff 33 33  33 ff 33 33 33 ff 33 33  |3.333.333.333.33|
*
00260270  33 ff 33 33 33 f5 32 32  32 9d 35 35 35 18 00 00  |3.333.222.555...|
00260280  00 00 00 00 00 00 00 00  00 00 00 00 00 00 00 00  |................|
*
002602f0  00 00 32 32 32 84 33 33  33 ff 33 33 33 ff 33 33  |..222.333.333.33|
00260300  33 ff 33 33 33 ff 33 33  33 ff 33 33 33 ff 33 33  |3.333.333.333.33|
*
00260330  33 ff 33 33 33 ff 33 33  33 ff 00 00 00 00 00 00  |3.333.333.......|
00260340  00 00 00 00 00 00 00 00  00 00 00 00 00 00 00 00  |................|
*
00260390  00 00 00 00 00 00 33 33  33 ff 33 33 33 ff 33 33  |......333.333.33|
002603a0  33 ff 33 33 33 ff 33 33  33 ff 33 33 33 ff 33 33  |3.333.333.333.33|
*
002603c0  33 ff 33 33 33 ff 33 33  33 d5 00 00 00 00 00 00  |3.333.333.......|
002603d0  00 00 00 00 00 00 00 00  00 00 00 00 00 00 00 00  |................|
*
00260450  00 00 00 00 00 00 00 00  00 00 30 30 30 2f 33 33  |..........000/33|
00260460  33 ff 33 33 33 ff 33 33  33 ff 33 33 33 ff 33 33  |3.333.333.333.33|
*
00260490  33 ff 00 00 00 00 00 00  00 00 00 00 00 00 00 00  |3...............|
002604a0  00 00 00 00 00 00 00 00  00 00 00 00 00 00 00 00  |................|
*
002604f0  00 00 33 33 33 ff 33 33  33 ff 33 33 33 ff 33 33  |..333.333.333.33|
00260500  33 ff 33 33 33 ff 33 33  33 ff 33 33 33 ff 33 33  |3.333.333.333.33|
*
00260540  33 ff 00 00 00 00 00 00  00 00 00 00 00 00 00 00  |3...............|
00260550  00 00 00 00 00 00 00 00  00 00 00 00 00 00 00 00  |................|
*
002605a0  00 00 00 00 00 00 00 00  00 00 00 00 00 00 33 33  |..............33|
002605b0  33 ff 33 33 33 ff 33 33  33 ff 33 33 33 ff 33 33  |3.333.333.333.33|
*
002606d0  33 ff 33 33 33 ff 33 33  33 ff 00 00 00 00 00 00  |3.333.333.......|
002606e0  00 00 00 00 00 00 00 00  00 00 00 00 00 00 00 00  |................|
*
00260790  00 00 00 00 00 00 00 00  00 00 33 33 33 ff 33 33  |..........333.33|
002607a0  33 ff 33 33 33 ff 33 33  33 ff 33 33 33 ff 33 33  |3.333.333.333.33|
*
002607d0  33 ff 33 33 33 ff 33 33  33 ff 00 00 00 00 00 00  |3.333.333.......|
002607e0  00 00 00 00 00 00 00 00  00 00 00 00 00 00 00 00  |................|
*
00260930  00 00 00 00 00 00 00 00  00 00 33 33 33 ff 33 33  |..........333.33|
00260940  33 ff 33 33 33 ff 33 33  33 ff 33 33 33 ff 33 33  |3.333.333.333.33|
*
002609c0  33 ff 33 33 33 ff 33 33  33 ff 33 33 33 ff 00 00  |3.333.333.333...|
002609d0  00 00 00 00 00 00 00 00  00 00 00 00 00 00 00 00  |................|
*
00260a30  00 00 00 00 00 00 33 33  33 ff 33 33 33 ff 33 33  |......333.333.33|
00260a40  33 ff 33 33 33 ff 33 33  33 ff 33 33 33 ff 33 33  |3.333.333.333.33|
*
00260a70  33 ff 33 33 33 ff 33 33  33 ff 33 33 33 ee 32 32  |3.333.333.333.22|
00260a80  32 51 00 00 00 00 00 00  00 00 00 00 00 00 00 00  |2Q..............|
00260a90  00 00 00 00 00 00 00 00  00 00 00 00 00 00 00 00  |................|
*
00260af0  00 00 34 34 34 53 33 33  33 ff 33 33 33 ff 33 33  |..444S333.333.33|
00260b00  33 ff 33 33 33 ff 33 33  33 ff 33 33 33 ff 33 33  |3.333.333.333.33|
*
00260b30  33 ff 33 33 33 ff 33 33  33 ff 00 00 00 00 00 00  |3.333.333.......|
00260b40  00 00 00 00 00 00 00 00  00 00 00 00 00 00 00 00  |................|
*
00260b90  00 00 00 00 00 00 33 33  33 ff 33 33 33 ff 33 33  |......333.333.33|
00260ba0  33 ff 33 33 33 ff 33 33  33 ff 33 33 33 ff 33 33  |3.333.333.333.33|
*
00260bc0  33 ff 33 33 33 ff 33 33  33 8c 00 00 00 00 00 00  |3.333.333.......|
00260bd0  00 00 00 00 00 00 00 00  00 00 00 00 00 00 00 00  |................|
*
00260c50  00 00 00 00 00 00 00 00  00 00 00 00 00 01 33 33  |..............33|
00260c60  33 e5 33 33 33 ff 33 33  33 ff 33 33 33 ff 33 33  |3.333.333.333.33|
00260c70  33 ff 33 33 33 ff 33 33  33 ff 33 33 33 ff 33 33  |3.333.333.333.33|
*
00260c90  33 ff 00 00 00 00 00 00  00 00 00 00 00 00 00 00  |3...............|
00260ca0  00 00 00 00 00 00 00 00  00 00 00 00 00 00 00 00  |................|
*
00260cf0  00 00 33 33 33 ff 33 33  33 ff 33 33 33 ff 33 33  |..333.333.333.33|
00260d00  33 ff 33 33 33 ff 33 33  33 ff 33 33 33 ff 33 33  |3.333.333.333.33|
*
00260d40  33 ff 00 00 00 00 00 00  00 00 00 00 00 00 00 00  |3...............|
00260d50  00 00 00 00 00 00 00 00  00 00 00 00 00 00 00 00  |................|
*
00260da0  00 00 00 00 00 00 00 00  00 00 00 00 00 00 33 33  |..............33|
00260db0  33 ff 33 33 33 ff 33 33  33 ff 33 33 33 ff 33 33  |3.333.333.333.33|
*
00260ed0  33 ff 33 33 33 ff 33 33  33 ff 00 00 00 00 00 00  |3.333.333.......|
00260ee0  00 00 00 00 00 00 00 00  00 00 00 00 00 00 00 00  |................|
*
00260f90  00 00 00 00 00 00 00 00  00 00 33 33 33 ff 33 33  |..........333.33|
00260fa0  33 ff 33 33 33 ff 33 33  33 ff 33 33 33 ff 33 33  |3.333.333.333.33|
*
00260fd0  33 ff 33 33 33 ff 33 33  33 ff 00 00 00 00 00 00  |3.333.333.......|
00260fe0  00 00 00 00 00 00 00 00  00 00 00 00 00 00 00 00  |................|
*
00261130  00 00 00 00 00 00 00 00  00 00 33 33 33 ff 33 33  |..........333.33|
00261140  33 ff 33 33 33 ff 33 33  33 ff 33 33 33 ff 33 33  |3.333.333.333.33|
*
002611c0  33 ff 33 33 33 ff 33 33  33 ff 33 33 33 ff 00 00  |3.333.333.333...|
002611d0  00 00 00 00 00 00 00 00  00 00 00 00 00 00 00 00  |................|
*
00261230  00 00 00 00 00 00 33 33  33 ff 33 33 33 ff 33 33  |......333.333.33|
00261240  33 ff 33 33 33 ff 33 33  33 ff 33 33 33 ff 33 33  |3.333.333.333.33|
*
00261280  33 fa 34 34 34 49 00 00  00 00 00 00 00 00 00 00  |3.444I..........|
00261290  00 00 00 00 00 00 00 00  00 00 00 00 00 00 00 00  |................|
*
002612f0  00 00 34 34 34 2c 33 33  33 ff 33 33 33 ff 33 33  |..444,333.333.33|
00261300  33 ff 33 33 33 ff 33 33  33 ff 33 33 33 ff 33 33  |3.333.333.333.33|
*
00261330  33 ff 33 33 33 ff 33 33  33 ff 00 00 00 00 00 00  |3.333.333.......|
00261340  00 00 00 00 00 00 00 00  00 00 00 00 00 00 00 00  |................|
*
00261390  00 00 00 00 00 00 33 33  33 ff 33 33 33 ff 33 33  |......333.333.33|
002613a0  33 ff 33 33 33 ff 33 33  33 ff 33 33 33 ff 33 33  |3.333.333.333.33|
*
002613c0  33 ff 33 33 33 ff 31 31  31 43 00 00 00 00 00 00  |3.333.111C......|
002613d0  00 00 00 00 00 00 00 00  00 00 00 00 00 00 00 00  |................|
*
00261450  00 00 00 00 00 00 00 00  00 00 00 00 00 00 33 33  |..............33|
00261460  33 9e 33 33 33 ff 33 33  33 ff 33 33 33 ff 33 33  |3.333.333.333.33|
00261470  33 ff 33 33 33 ff 33 33  33 ff 33 33 33 ff 33 33  |3.333.333.333.33|
*
00261490  33 ff 00 00 00 00 00 00  00 00 00 00 00 00 00 00  |3...............|
002614a0  00 00 00 00 00 00 00 00  00 00 00 00 00 00 00 00  |................|
*
002614f0  00 00 33 33 33 ff 33 33  33 ff 33 33 33 ff 33 33  |..333.333.333.33|
00261500  33 ff 33 33 33 ff 33 33  33 ff 33 33 33 ff 33 33  |3.333.333.333.33|
*
00261540  33 ff 00 00 00 00 00 00  00 00 00 00 00 00 00 00  |3...............|
00261550  00 00 00 00 00 00 00 00  00 00 00 00 00 00 00 00  |................|
*
002615a0  00 00 00 00 00 00 00 00  00 00 00 00 00 00 33 33  |..............33|
002615b0  33 ff 33 33 33 ff 33 33  33 ff 33 33 33 ff 33 33  |3.333.333.333.33|
*
002616d0  33 ff 33 33 33 ff 33 33  33 ff 00 00 00 00 00 00  |3.333.333.......|
002616e0  00 00 00 00 00 00 00 00  00 00 00 00 00 00 00 00  |................|
*
00261790  00 00 00 00 00 00 00 00  00 00 33 33 33 ff 33 33  |..........333.33|
002617a0  33 ff 33 33 33 ff 33 33  33 ff 33 33 33 ff 33 33  |3.333.333.333.33|
*
002617d0  33 ff 33 33 33 ff 33 33  33 ff 00 00 00 00 00 00  |3.333.333.......|
002617e0  00 00 00 00 00 00 00 00  00 00 00 00 00 00 00 00  |................|
*
00261930  00 00 00 00 00 00 00 00  00 00 33 33 33 ff 33 33  |..........333.33|
00261940  33 ff 33 33 33 ff 33 33  33 ff 33 33 33 ff 33 33  |3.333.333.333.33|
*
002619c0  33 ff 33 33 33 ff 33 33  33 ff 33 33 33 ff 00 00  |3.333.333.333...|
002619d0  00 00 00 00 00 00 00 00  00 00 00 00 00 00 00 00  |................|
*
00261a30  00 00 00 00 00 00 33 33  33 ff 33 33 33 ff 33 33  |......333.333.33|
00261a40  33 ff 33 33 33 ff 33 33  33 ff 33 33 33 ff 33 33  |3.333.333.333.33|
*
00261a80  33 ff 33 33 33 ee 38 38  38 12 00 00 00 00 00 00  |3.333.888.......|
00261a90  00 00 00 00 00 00 00 00  00 00 00 00 00 00 00 00  |................|
*
00261af0  00 00 3f 3f 3f 08 33 33  33 fd 33 33 33 ff 33 33  |..???.333.333.33|
00261b00  33 ff 33 33 33 ff 33 33  33 ff 33 33 33 ff 33 33  |3.333.333.333.33|
*
00261b30  33 ff 33 33 33 ff 33 33  33 ff 00 00 00 00 00 00  |3.333.333.......|
00261b40  00 00 00 00 00 00 00 00  00 00 00 00 00 00 00 00  |................|
*
00261b90  00 00 00 00 00 00 33 33  33 ff 33 33 33 ff 33 33  |......333.333.33|
00261ba0  33 ff 33 33 33 ff 33 33  33 ff 33 33 33 ff 33 33  |3.333.333.333.33|
*
00261bc0  33 ff 33 33 33 f3 24 24  24 07 00 00 00 00 00 00  |3.333.$$$.......|
00261bd0  00 00 00 00 00 00 00 00  00 00 00 00 00 00 00 00  |................|
*
00261c50  00 00 00 00 00 00 00 00  00 00 00 00 00 00 32 32  |..............22|
00261c60  32 56 33 33 33 ff 33 33  33 ff 33 33 33 ff 33 33  |2V333.333.333.33|
00261c70  33 ff 33 33 33 ff 33 33  33 ff 33 33 33 ff 33 33  |3.333.333.333.33|
*
00261c90  33 ff 00 00 00 00 00 00  00 00 00 00 00 00 00 00  |3...............|
00261ca0  00 00 00 00 00 00 00 00  00 00 00 00 00 00 00 00  |................|
*
00261cf0  00 00 33 33 33 ff 33 33  33 ff 33 33 33 ff 33 33  |..333.333.333.33|
00261d00  33 ff 33 33 33 ff 33 33  33 ff 33 33 33 ff 33 33  |3.333.333.333.33|
*
00261d40  33 ff 00 00 00 00 00 00  00 00 00 00 00 00 00 00  |3...............|
00261d50  00 00 00 00 00 00 00 00  00 00 00 00 00 00 00 00  |................|
*
00261da0  00 00 00 00 00 00 00 00  00 00 00 00 00 00 33 33  |..............33|
00261db0  33 ff 33 33 33 ff 33 33  33 ff 33 33 33 ff 33 33  |3.333.333.333.33|
*
00261ed0  33 ff 33 33 33 ff 33 33  33 ff 00 00 00 00 00 00  |3.333.333.......|
00261ee0  00 00 00 00 00 00 00 00  00 00 00 00 00 00 00 00  |................|
*
00261f90  00 00 00 00 00 00 00 00  00 00 33 33 33 ff 33 33  |..........333.33|
00261fa0  33 ff 33 33 33 ff 33 33  33 ff 33 33 33 ff 33 33  |3.333.333.333.33|
*
00261fd0  33 ff 33 33 33 ff 33 33  33 ff 00 00 00 00 00 00  |3.333.333.......|
00261fe0  00 00 00 00 00 00 00 00  00 00 00 00 00 00 00 00  |................|
*
00262130  00 00 00 00 00 00 00 00  00 00 33 33 33 ff 33 33  |..........333.33|
00262140  33 ff 33 33 33 ff 33 33  33 ff 33 33 33 ff 33 33  |3.333.333.333.33|
*
002621c0  33 ff 33 33 33 ff 33 33  33 ff 33 33 33 ff 00 00  |3.333.333.333...|
002621d0  00 00 00 00 00 00 00 00  00 00 00 00 00 00 00 00  |................|
*
00262230  00 00 00 00 00 00 33 33  33 ff 33 33 33 ff 33 33  |......333.333.33|
00262240  33 ff 33 33 33 ff 33 33  33 ff 33 33 33 ff 33 33  |3.333.333.333.33|
*
00262280  33 ff 33 33 33 ff 33 33  33 86 00 00 00 00 00 00  |3.333.333.......|
00262290  00 00 00 00 00 00 00 00  00 00 00 00 00 00 00 00  |................|
*
002622f0  00 00 00 00 00 00 33 33  33 ef 33 33 33 ff 33 33  |......333.333.33|
00262300  33 ff 33 33 33 ff 33 33  33 ff 33 33 33 ff 33 33  |3.333.333.333.33|
*
00262330  33 ff 33 33 33 ff 33 33  33 ff 00 00 00 00 00 00  |3.333.333.......|
00262340  00 00 00 00 00 00 00 00  00 00 00 00 00 00 00 00  |................|
*
00262390  00 00 00 00 00 00 33 33  33 ff 33 33 33 ff 33 33  |......333.333.33|
002623a0  33 ff 33 33 33 ff 33 33  33 ff 33 33 33 ff 33 33  |3.333.333.333.33|
*
002623c0  33 ff 32 32 32 b0 00 00  00 00 00 00 00 00 00 00  |3.222...........|
002623d0  00 00 00 00 00 00 00 00  00 00 00 00 00 00 00 00  |................|
*
00262450  00 00 00 00 00 00 00 00  00 00 00 00 00 00 2d 2d  |..............--|
00262460  2d 11 32 32 32 fc 33 33  33 ff 33 33 33 ff 33 33  |-.222.333.333.33|
00262470  33 ff 33 33 33 ff 33 33  33 ff 33 33 33 ff 33 33  |3.333.333.333.33|
*
00262490  33 ff 00 00 00 00 00 00  00 00 00 00 00 00 00 00  |3...............|
002624a0  00 00 00 00 00 00 00 00  00 00 00 00 00 00 00 00  |................|
*
002624f0  00 00 33 33 33 ff 33 33  33 ff 33 33 33 ff 33 33  |..333.333.333.33|
00262500  33 ff 33 33 33 ff 33 33  33 ff 33 33 33 ff 33 33  |3.333.333.333.33|
*
00262540  33 ff 00 00 00 00 00 00  00 00 00 00 00 00 00 00  |3...............|
00262550  00 00 00 00 00 00 00 00  00 00 00 00 00 00 00 00  |................|
*
002625a0  00 00 00 00 00 00 00 00  00 00 00 00 00 00 33 33  |..............33|
002625b0  33 ff 33 33 33 ff 33 33  33 ff 33 33 33 ff 33 33  |3.333.333.333.33|
*
002626d0  33 ff 33 33 33 ff 33 33  33 ff 00 00 00 00 00 00  |3.333.333.......|
002626e0  00 00 00 00 00 00 00 00  00 00 00 00 00 00 00 00  |................|
*
00262790  00 00 00 00 00 00 00 00  00 00 33 33 33 ff 33 33  |..........333.33|
002627a0  33 ff 33 33 33 ff 33 33  33 ff 33 33 33 ff 33 33  |3.333.333.333.33|
*
002627d0  33 ff 33 33 33 ff 33 33  33 ff 00 00 00 00 00 00  |3.333.333.......|
002627e0  00 00 00 00 00 00 00 00  00 00 00 00 00 00 00 00  |................|
*
00262930  00 00 00 00 00 00 00 00  00 00 33 33 33 ff 33 33  |..........333.33|
00262940  33 ff 33 33 33 ff 33 33  33 ff 33 33 33 ff 33 33  |3.333.333.333.33|
*
002629c0  33 ff 33 33 33 ff 33 33  33 ff 33 33 33 ff 00 00  |3.333.333.333...|
002629d0  00 00 00 00 00 00 00 00  00 00 00 00 00 00 00 00  |................|
*
00262a30  00 00 00 00 00 00 33 33  33 ff 33 33 33 ff 33 33  |......333.333.33|
00262a40  33 ff 33 33 33 ff 33 33  33 ff 33 33 33 ff 33 33  |3.333.333.333.33|
*
00262a80  33 ff 33 33 33 ff 33 33  33 df 00 00 00 00 00 00  |3.333.333.......|
00262a90  00 00 00 00 00 00 00 00  00 00 00 00 00 00 00 00  |................|
*
00262af0  00 00 00 00 00 00 32 32  32 e3 33 33 33 ff 33 33  |......222.333.33|
00262b00  33 ff 33 33 33 ff 33 33  33 ff 33 33 33 ff 33 33  |3.333.333.333.33|
*
00262b30  33 ff 33 33 33 ff 33 33  33 ff 00 00 00 00 00 00  |3.333.333.......|
00262b40  00 00 00 00 00 00 00 00  00 00 00 00 00 00 00 00  |................|
*
00262b90  00 00 00 00 00 00 33 33  33 ff 33 33 33 ff 33 33  |......333.333.33|
00262ba0  33 ff 33 33 33 ff 33 33  33 ff 33 33 33 ff 33 33  |3.333.333.333.33|
*
00262bc0  33 ff 33 33 33 67 00 00  00 00 00 00 00 00 00 00  |3.333g..........|
00262bd0  00 00 00 00 00 00 00 00  00 00 00 00 00 00 00 00  |................|
*
00262c60  00 00 33 33 33 c6 33 33  33 ff 33 33 33 ff 33 33  |..333.333.333.33|
00262c70  33 ff 33 33 33 ff 33 33  33 ff 33 33 33 ff 33 33  |3.333.333.333.33|
*
00262c90  33 ff 00 00 00 00 00 00  00 00 00 00 00 00 00 00  |3...............|
00262ca0  00 00 00 00 00 00 00 00  00 00 00 00 00 00 00 00  |................|
*
00262cf0  00 00 33 33 33 ff 33 33  33 ff 33 33 33 ff 33 33  |..333.333.333.33|
00262d00  33 ff 33 33 33 ff 33 33  33 ff 33 33 33 ff 33 33  |3.333.333.333.33|
*
00262d40  33 ff 00 00 00 00 00 00  00 00 00 00 00 00 00 00  |3...............|
00262d50  00 00 00 00 00 00 00 00  00 00 00 00 00 00 00 00  |................|
*
00262da0  00 00 00 00 00 00 00 00  00 00 00 00 00 00 33 33  |..............33|
00262db0  33 ff 33 33 33 ff 33 33  33 ff 33 33 33 ff 33 33  |3.333.333.333.33|
*
00262ed0  33 ff 33 33 33 ff 33 33  33 ff 00 00 00 00 00 00  |3.333.333.......|
00262ee0  00 00 00 00 00 00 00 00  00 00 00 00 00 00 00 00  |................|
*
00262f90  00 00 00 00 00 00 00 00  00 00 33 33 33 ff 33 33  |..........333.33|
00262fa0  33 ff 33 33 33 ff 33 33  33 ff 33 33 33 ff 33 33  |3.333.333.333.33|
*
00262fd0  33 ff 33 33 33 ff 33 33  33 ff 00 00 00 00 00 00  |3.333.333.......|
00262fe0  00 00 00 00 00 00 00 00  00 00 00 00 00 00 00 00  |................|
*
00263130  00 00 00 00 00 00 00 00  00 00 33 33 33 ff 33 33  |..........333.33|
00263140  33 ff 33 33 33 ff 33 33  33 ff 33 33 33 ff 33 33  |3.333.333.333.33|
*
002631c0  33 ff 33 33 33 ff 33 33  33 ff 33 33 33 ff 00 00  |3.333.333.333...|
002631d0  00 00 00 00 00 00 00 00  00 00 00 00 00 00 00 00  |................|
*
00263230  00 00 00 00 00 00 33 33  33 ff 33 33 33 ff 33 33  |......333.333.33|
00263240  33 ff 33 33 33 ff 33 33  33 ff 33 33 33 ff 33 33  |3.333.333.333.33|
*
00263280  33 ff 33 33 33 ff 33 33  33 ff 31 31 31 24 00 00  |3.333.333.111$..|
00263290  00 00 00 00 00 00 00 00  00 00 00 00 00 00 00 00  |................|
*
002632f0  00 00 00 00 00 00 33 33  33 d6 33 33 33 ff 33 33  |......333.333.33|
00263300  33 ff 33 33 33 ff 33 33  33 ff 33 33 33 ff 33 33  |3.333.333.333.33|
*
00263330  33 ff 33 33 33 ff 33 33  33 ff 00 00 00 00 00 00  |3.333.333.......|
00263340  00 00 00 00 00 00 00 00  00 00 00 00 00 00 00 00  |................|
*
00263390  00 00 00 00 00 00 33 33  33 ff 33 33 33 ff 33 33  |......333.333.33|
002633a0  33 ff 33 33 33 ff 33 33  33 ff 33 33 33 ff 33 33  |3.333.333.333.33|
*
002633c0  33 ff 31 31 31 1f 00 00  00 00 00 00 00 00 00 00  |3.111...........|
002633d0  00 00 00 00 00 00 00 00  00 00 00 00 00 00 00 00  |................|
*
00263460  00 00 32 32 32 7e 33 33  33 ff 33 33 33 ff 33 33  |..222~333.333.33|
00263470  33 ff 33 33 33 ff 33 33  33 ff 33 33 33 ff 33 33  |3.333.333.333.33|
*
00263490  33 ff 00 00 00 00 00 00  00 00 00 00 00 00 00 00  |3...............|
002634a0  00 00 00 00 00 00 00 00  00 00 00 00 00 00 00 00  |................|
*
002634f0  00 00 33 33 33 ff 33 33  33 ff 33 33 33 ff 33 33  |..333.333.333.33|
00263500  33 ff 33 33 33 ff 33 33  33 ff 33 33 33 ff 33 33  |3.333.333.333.33|
*
00263540  33 ff 00 00 00 00 00 00  00 00 00 00 00 00 00 00  |3...............|
00263550  00 00 00 00 00 00 00 00  00 00 00 00 00 00 00 00  |................|
*
002635a0  00 00 00 00 00 00 00 00  00 00 00 00 00 00 33 33  |..............33|
002635b0  33 ff 33 33 33 ff 33 33  33 ff 33 33 33 ff 33 33  |3.333.333.333.33|
*
002636d0  33 ff 33 33 33 ff 33 33  33 ff 00 00 00 00 00 00  |3.333.333.......|
002636e0  00 00 00 00 00 00 00 00  00 00 00 00 00 00 00 00  |................|
*
00263790  00 00 00 00 00 00 00 00  00 00 33 33 33 ff 33 33  |..........333.33|
002637a0  33 ff 33 33 33 ff 33 33  33 ff 33 33 33 ff 33 33  |3.333.333.333.33|
*
002637d0  33 ff 33 33 33 ff 33 33  33 ff 00 00 00 00 00 00  |3.333.333.......|
002637e0  00 00 00 00 00 00 00 00  00 00 00 00 00 00 00 00  |................|
*
00263930  00 00 00 00 00 00 00 00  00 00 33 33 33 ff 33 33  |..........333.33|
00263940  33 ff 33 33 33 ff 33 33  33 ff 33 33 33 ff 33 33  |3.333.333.333.33|
*
002639c0  33 ff 33 33 33 ff 33 33  33 ff 33 33 33 ff 00 00  |3.333.333.333...|
002639d0  00 00 00 00 00 00 00 00  00 00 00 00 00 00 00 00  |................|
*
00263a30  00 00 00 00 00 00 33 33  33 ff 33 33 33 ff 33 33  |......333.333.33|
00263a40  33 ff 33 33 33 ff 33 33  33 ff 33 33 33 ff 33 33  |3.333.333.333.33|
*
00263a80  33 ff 33 33 33 ff 33 33  33 ff 32 32 32 47 00 00  |3.333.333.222G..|
00263a90  00 00 00 00 00 00 00 00  00 00 00 00 00 00 00 00  |................|
*
00263af0  00 00 00 00 00 00 33 33  33 d6 33 33 33 ff 33 33  |......333.333.33|
00263b00  33 ff 33 33 33 ff 33 33  33 ff 33 33 33 ff 33 33  |3.333.333.333.33|
*
00263b30  33 ff 33 33 33 ff 33 33  33 ff 00 00 00 00 00 00  |3.333.333.......|
00263b40  00 00 00 00 00 00 00 00  00 00 00 00 00 00 00 00  |................|
*
00263b90  00 00 00 00 00 00 33 33  33 ff 33 33 33 ff 33 33  |......333.333.33|
00263ba0  33 ff 33 33 33 ff 33 33  33 ff 33 33 33 ff 33 33  |3.333.333.333.33|
*
00263bc0  33 d5 00 00 00 00 00 00  00 00 00 00 00 00 00 00  |3...............|
00263bd0  00 00 00 00 00 00 00 00  00 00 00 00 00 00 00 00  |................|
*
00263c10  00 00 33 33 33 63 32 32  32 6f 00 00 00 00 00 00  |..333c222o......|
00263c20  00 00 00 00 00 00 00 00  00 00 00 00 00 00 00 00  |................|
*
00263c60  00 00 33 33 33 36 33 33  33 ff 33 33 33 ff 33 33  |..3336333.333.33|
00263c70  33 ff 33 33 33 ff 33 33  33 ff 33 33 33 ff 33 33  |3.333.333.333.33|
*
00263c90  33 ff 00 00 00 00 00 00  00 00 00 00 00 00 00 00  |3...............|
00263ca0  00 00 00 00 00 00 00 00  00 00 00 00 00 00 00 00  |................|
*
00263cf0  00 00 33 33 33 ff 33 33  33 ff 33 33 33 ff 33 33  |..333.333.333.33|
00263d00  33 ff 33 33 33 ff 33 33  33 ff 33 33 33 ff 33 33  |3.333.333.333.33|
*
00263d40  33 ff 00 00 00 00 00 00  00 00 00 00 00 00 00 00  |3...............|
00263d50  00 00 00 00 00 00 00 00  00 00 00 00 00 00 00 00  |................|
*
00263da0  00 00 00 00 00 00 00 00  00 00 00 00 00 00 33 33  |..............33|
00263db0  33 ff 33 33 33 ff 33 33  33 ff 33 33 33 ff 33 33  |3.333.333.333.33|
*
00263ed0  33 ff 33 33 33 ff 33 33  33 ff 00 00 00 00 00 00  |3.333.333.......|
00263ee0  00 00 00 00 00 00 00 00  00 00 00 00 00 00 00 00  |................|
*
00263f90  00 00 00 00 00 00 00 00  00 00 33 33 33 ff 33 33  |..........333.33|
00263fa0  33 ff 33 33 33 ff 33 33  33 ff 33 33 33 ff 33 33  |3.333.333.333.33|
*
00263fd0  33 ff 33 33 33 ff 33 33  33 ff 00 00 00 00 00 00  |3.333.333.......|
00263fe0  00 00 00 00 00 00 00 00  00 00 00 00 00 00 00 00  |................|
*
00264130  00 00 00 00 00 00 00 00  00 00 33 33 33 ff 33 33  |..........333.33|
00264140  33 ff 33 33 33 ff 33 33  33 ff 33 33 33 ff 33 33  |3.333.333.333.33|
*
002641c0  33 ff 33 33 33 ff 33 33  33 ff 33 33 33 ff 00 00  |3.333.333.333...|
002641d0  00 00 00 00 00 00 00 00  00 00 00 00 00 00 00 00  |................|
*
00264230  00 00 00 00 00 00 33 33  33 ff 33 33 33 ff 33 33  |......333.333.33|
00264240  33 ff 33 33 33 ff 33 33  33 ff 33 33 33 ff 33 33  |3.333.333.333.33|
*
00264280  33 ff 33 33 33 ff 33 33  33 ff 31 31 31 5c 00 00  |3.333.333.111\..|
00264290  00 00 00 00 00 00 00 00  00 00 00 00 00 00 00 00  |................|
*
002642f0  00 00 00 00 00 00 32 32  32 e7 33 33 33 ff 33 33  |......222.333.33|
00264300  33 ff 33 33 33 ff 33 33  33 ff 33 33 33 ff 33 33  |3.333.333.333.33|
*
00264330  33 ff 33 33 33 ff 33 33  33 ff 00 00 00 00 00 00  |3.333.333.......|
00264340  00 00 00 00 00 00 00 00  00 00 00 00 00 00 00 00  |................|
*
00264390  00 00 00 00 00 00 33 33  33 ff 33 33 33 ff 33 33  |......333.333.33|
002643a0  33 ff 33 33 33 ff 33 33  33 ff 33 33 33 ff 33 33  |3.333.333.333.33|
*
002643c0  33 8c 00 00 00 00 00 00  00 00 00 00 00 00 00 00  |3...............|
002643d0  00 00 00 00 00 00 00 00  00 00 00 00 00 00 00 00  |................|
*
00264410  00 00 33 33 33 ae 33 33  33 b8 00 00 00 00 00 00  |..333.333.......|
00264420  00 00 00 00 00 00 00 00  00 00 00 00 00 00 00 00  |................|
*
00264460  00 00 00 00 00 02 33 33  33 e9 33 33 33 ff 33 33  |......333.333.33|
00264470  33 ff 33 33 33 ff 33 33  33 ff 33 33 33 ff 33 33  |3.333.333.333.33|
*
00264490  33 ff 00 00 00 00 00 00  00 00 00 00 00 00 00 00  |3...............|
002644a0  00 00 00 00 00 00 00 00  00 00 00 00 00 00 00 00  |................|
*
002644f0  00 00 33 33 33 ff 33 33  33 ff 33 33 33 ff 33 33  |..333.333.333.33|
00264500  33 ff 33 33 33 ff 33 33  33 ff 33 33 33 ff 33 33  |3.333.333.333.33|
*
00264540  33 ff 00 00 00 00 00 00  00 00 00 00 00 00 00 00  |3...............|
00264550  00 00 00 00 00 00 00 00  00 00 00 00 00 00 00 00  |................|
*
002645a0  00 00 00 00 00 00 00 00  00 00 00 00 00 00 33 33  |..............33|
002645b0  33 ff 33 33 33 ff 33 33  33 ff 33 33 33 ff 33 33  |3.333.333.333.33|
*
002646d0  33 ff 33 33 33 ff 33 33  33 ff 00 00 00 00 00 00  |3.333.333.......|
002646e0  00 00 00 00 00 00 00 00  00 00 00 00 00 00 00 00  |................|
*
00264790  00 00 00 00 00 00 00 00  00 00 33 33 33 ff 33 33  |..........333.33|
002647a0  33 ff 33 33 33 ff 33 33  33 ff 33 33 33 ff 33 33  |3.333.333.333.33|
*
002647d0  33 ff 33 33 33 ff 33 33  33 ff 00 00 00 00 00 00  |3.333.333.......|
002647e0  00 00 00 00 00 00 00 00  00 00 00 00 00 00 00 00  |................|
*
00264930  00 00 00 00 00 00 00 00  00 00 33 33 33 ff 33 33  |..........333.33|
00264940  33 ff 33 33 33 ff 33 33  33 ff 33 33 33 ff 33 33  |3.333.333.333.33|
*
002649c0  33 ff 33 33 33 ff 33 33  33 ff 33 33 33 ff 00 00  |3.333.333.333...|
002649d0  00 00 00 00 00 00 00 00  00 00 00 00 00 00 00 00  |................|
*
00264a30  00 00 00 00 00 00 33 33  33 ff 33 33 33 ff 33 33  |......333.333.33|
00264a40  33 ff 33 33 33 ff 33 33  33 ff 33 33 33 ff 33 33  |3.333.333.333.33|
*
00264a80  33 ff 33 33 33 ff 33 33  33 ff 33 33 33 64 00 00  |3.333.333.333d..|
00264a90  00 00 00 00 00 00 00 00  00 00 00 00 00 00 00 00  |................|
*
00264af0  00 00 00 00 00 00 32 32  32 f7 33 33 33 ff 33 33  |......222.333.33|
00264b00  33 ff 33 33 33 ff 33 33  33 ff 33 33 33 ff 33 33  |3.333.333.333.33|
*
00264b30  33 ff 33 33 33 ff 33 33  33 ff 00 00 00 00 00 00  |3.333.333.......|
00264b40  00 00 00 00 00 00 00 00  00 00 00 00 00 00 00 00  |................|
*
00264b90  00 00 00 00 00 00 33 33  33 ff 33 33 33 ff 33 33  |......333.333.33|
00264ba0  33 ff 33 33 33 ff 33 33  33 ff 33 33 33 ff 33 33  |3.333.333.333.33|
00264bb0  33 ff 33 33 33 ff 33 33  33 ff 33 33 33 ff 31 31  |3.333.333.333.11|
00264bc0  31 43 00 00 00 00 00 00  00 00 00 00 00 00 00 00  |1C..............|
00264bd0  00 00 00 00 00 00 00 00  00 00 00 00 00 00 00 00  |................|
*
00264c00  00 00 00 00 00 00 00 00  00 00 00 00 00 00 2a 2a  |..............**|
00264c10  2a 06 32 32 32 f2 33 33  33 f8 2a 2a 2a 0c 00 00  |*.222.333.***...|
00264c20  00 00 00 00 00 00 00 00  00 00 00 00 00 00 00 00  |................|
*
00264c60  00 00 00 00 00 00 33 33  33 a5 33 33 33 ff 33 33  |......333.333.33|
00264c70  33 ff 33 33 33 ff 33 33  33 ff 33 33 33 ff 33 33  |3.333.333.333.33|
*
00264c90  33 ff 00 00 00 00 00 00  00 00 00 00 00 00 00 00  |3...............|
00264ca0  00 00 00 00 00 00 00 00  00 00 00 00 00 00 00 00  |................|
*
00264cf0  00 00 33 33 33 ff 33 33  33 ff 33 33 33 ff 33 33  |..333.333.333.33|
00264d00  33 ff 33 33 33 ff 33 33  33 ff 33 33 33 ff 33 33  |3.333.333.333.33|
*
00264d40  33 ff 00 00 00 00 00 00  00 00 00 00 00 00 00 00  |3...............|
00264d50  00 00 00 00 00 00 00 00  00 00 00 00 00 00 00 00  |................|
*
00264da0  00 00 00 00 00 00 00 00  00 00 00 00 00 00 33 33  |..............33|
00264db0  33 ff 33 33 33 ff 33 33  33 ff 33 33 33 ff 33 33  |3.333.333.333.33|
*
00264ed0  33 ff 33 33 33 ff 33 33  33 ff 00 00 00 00 00 00  |3.333.333.......|
00264ee0  00 00 00 00 00 00 00 00  00 00 00 00 00 00 00 00  |................|
*
00264f90  00 00 00 00 00 00 00 00  00 00 33 33 33 ff 33 33  |..........333.33|
00264fa0  33 ff 33 33 33 ff 33 33  33 ff 33 33 33 ff 33 33  |3.333.333.333.33|
*
00264fd0  33 ff 33 33 33 ff 33 33  33 ff 00 00 00 00 00 00  |3.333.333.......|
00264fe0  00 00 00 00 00 00 00 00  00 00 00 00 00 00 00 00  |................|
*
00265130  00 00 00 00 00 00 00 00  00 00 33 33 33 ff 33 33  |..........333.33|
00265140  33 ff 33 33 33 ff 33 33  33 ff 33 33 33 ff 33 33  |3.333.333.333.33|
*
002651c0  33 ff 33 33 33 ff 33 33  33 ff 33 33 33 ff 00 00  |3.333.333.333...|
002651d0  00 00 00 00 00 00 00 00  00 00 00 00 00 00 00 00  |................|
*
00265230  00 00 00 00 00 00 33 33  33 ff 33 33 33 ff 33 33  |......333.333.33|
00265240  33 ff 33 33 33 ff 33 33  33 ff 33 33 33 ff 33 33  |3.333.333.333.33|
*
00265280  33 ff 33 33 33 ff 33 33  33 ff 31 31 31 4d 00 00  |3.333.333.111M..|
00265290  00 00 00 00 00 00 00 00  00 00 00 00 00 00 00 00  |................|
*
002652f0  00 00 24 24 24 07 33 33  33 ff 33 33 33 ff 33 33  |..$$$.333.333.33|
00265300  33 ff 33 33 33 ff 33 33  33 ff 33 33 33 ff 33 33  |3.333.333.333.33|
*
00265330  33 ff 33 33 33 ff 33 33  33 ff 00 00 00 00 00 00  |3.333.333.......|
00265340  00 00 00 00 00 00 00 00  00 00 00 00 00 00 00 00  |................|
*
00265390  00 00 00 00 00 00 33 33  33 ff 33 33 33 ff 33 33  |......333.333.33|
002653a0  33 ff 33 33 33 ff 33 33  33 ff 33 33 33 ff 33 33  |3.333.333.333.33|
002653b0  33 ff 33 33 33 ff 33 33  33 ff 33 33 33 f4 24 24  |3.333.333.333.$$|
002653c0  24 07 00 00 00 00 00 00  00 00 00 00 00 00 00 00  |$...............|
002653d0  00 00 00 00 00 00 00 00  00 00 00 00 00 00 00 00  |................|
*
00265400  00 00 00 00 00 00 00 00  00 00 00 00 00 00 33 33  |..............33|
00265410  33 46 33 33 33 ff 33 33  33 ff 31 31 31 4d 00 00  |3F333.333.111M..|
00265420  00 00 00 00 00 00 00 00  00 00 00 00 00 00 00 00  |................|
*
00265460  00 00 00 00 00 00 33 33  33 5e 33 33 33 ff 33 33  |......333^333.33|
00265470  33 ff 33 33 33 ff 33 33  33 ff 33 33 33 ff 33 33  |3.333.333.333.33|
*
00265490  33 ff 00 00 00 00 00 00  00 00 00 00 00 00 00 00  |3...............|
002654a0  00 00 00 00 00 00 00 00  00 00 00 00 00 00 00 00  |................|
*
002654f0  00 00 33 33 33 ff 33 33  33 ff 33 33 33 ff 33 33  |..333.333.333.33|
00265500  33 ff 33 33 33 ff 33 33  33 ff 33 33 33 ff 33 33  |3.333.333.333.33|
*
00265540  33 ff 00 00 00 00 00 00  00 00 00 00 00 00 00 00  |3...............|
00265550  00 00 00 00 00 00 00 00  00 00 00 00 00 00 00 00  |................|
*
002655a0  00 00 00 00 00 00 00 00  00 00 00 00 00 00 33 33  |..............33|
002655b0  33 ff 33 33 33 ff 33 33  33 ff 33 33 33 ff 33 33  |3.333.333.333.33|
*
002656d0  33 ff 33 33 33 ff 33 33  33 ff 00 00 00 00 00 00  |3.333.333.......|
002656e0  00 00 00 00 00 00 00 00  00 00 00 00 00 00 00 00  |................|
*
00265790  00 00 00 00 00 00 00 00  00 00 33 33 33 ff 33 33  |..........333.33|
002657a0  33 ff 33 33 33 ff 33 33  33 ff 33 33 33 ff 33 33  |3.333.333.333.33|
*
002657d0  33 ff 33 33 33 ff 33 33  33 ff 00 00 00 00 00 00  |3.333.333.......|
002657e0  00 00 00 00 00 00 00 00  00 00 00 00 00 00 00 00  |................|
*
00265930  00 00 00 00 00 00 00 00  00 00 33 33 33 ff 33 33  |..........333.33|
00265940  33 ff 33 33 33 ff 33 33  33 ff 33 33 33 ff 33 33  |3.333.333.333.33|
*
002659c0  33 ff 33 33 33 ff 33 33  33 ff 33 33 33 ff 00 00  |3.333.333.333...|
002659d0  00 00 00 00 00 00 00 00  00 00 00 00 00 00 00 00  |................|
*
00265a30  00 00 00 00 00 00 33 33  33 ff 33 33 33 ff 33 33  |......333.333.33|
00265a40  33 ff 33 33 33 ff 33 33  33 ff 33 33 33 ff 33 33  |3.333.333.333.33|
*
00265a80  33 ff 33 33 33 ff 33 33  33 ff 33 33 33 2d 00 00  |3.333.333.333-..|
00265a90  00 00 00 00 00 00 00 00  00 00 00 00 00 00 00 00  |................|
*
00265af0  00 00 34 34 34 22 33 33  33 ff 33 33 33 ff 33 33  |..444"333.333.33|
00265b00  33 ff 33 33 33 ff 33 33  33 ff 33 33 33 ff 33 33  |3.333.333.333.33|
*
00265b30  33 ff 33 33 33 ff 33 33  33 ff 00 00 00 00 00 00  |3.333.333.......|
00265b40  00 00 00 00 00 00 00 00  00 00 00 00 00 00 00 00  |................|
*
00265b90  00 00 00 00 00 00 33 33  33 ff 33 33 33 ff 33 33  |......333.333.33|
00265ba0  33 ff 33 33 33 ff 33 33  33 ff 33 33 33 ff 33 33  |3.333.333.333.33|
00265bb0  33 ff 33 33 33 ff 33 33  33 ff 32 32 32 b1 00 00  |3.333.333.222...|
00265bc0  00 00 00 00 00 00 00 00  00 00 00 00 00 00 00 00  |................|
*
00265c00  00 00 00 00 00 00 00 00  00 00 00 00 00 00 33 33  |..............33|
00265c10  33 91 33 33 33 ff 33 33  33 ff 32 32 32 97 00 00  |3.333.333.222...|
00265c20  00 00 00 00 00 00 00 00  00 00 00 00 00 00 00 00  |................|
*
00265c60  00 00 00 00 00 00 37 37  37 17 33 33 33 fd 33 33  |......777.333.33|
00265c70  33 ff 33 33 33 ff 33 33  33 ff 33 33 33 ff 33 33  |3.333.333.333.33|
*
00265c90  33 ff 00 00 00 00 00 00  00 00 00 00 00 00 00 00  |3...............|
00265ca0  00 00 00 00 00 00 00 00  00 00 00 00 00 00 00 00  |................|
*
00265cf0  00 00 33 33 33 ff 33 33  33 ff 33 33 33 ff 33 33  |..333.333.333.33|
00265d00  33 ff 33 33 33 ff 33 33  33 ff 33 33 33 ff 33 33  |3.333.333.333.33|
*
00265d40  33 ff 00 00 00 00 00 00  00 00 00 00 00 00 00 00  |3...............|
00265d50  00 00 00 00 00 00 00 00  00 00 00 00 00 00 00 00  |................|
*
00265dc0  00 00 00 00 00 00 00 00  00 00 00 00 00 02 2d 2d  |..............--|
00265dd0  2d 11 38 38 38 12 34 34  34 22 34 34 34 2c 32 32  |-.888.444"444,22|
00265de0  32 47 33 33 33 5f 32 32  32 79 33 33 33 99 33 33  |2G333_222y333.33|
00265df0  33 c7 33 33 33 f3 33 33  33 ff 33 33 33 ff 33 33  |3.333.333.333.33|
00265e00  33 ff 33 33 33 ff 33 33  33 ff 33 33 33 ff 33 33  |3.333.333.333.33|
*
00265ed0  33 ff 33 33 33 ff 33 33  33 ff 00 00 00 00 00 00  |3.333.333.......|
00265ee0  00 00 00 00 00 00 00 00  00 00 00 00 00 00 00 00  |................|
*
00265f90  00 00 00 00 00 00 00 00  00 00 33 33 33 ff 33 33  |..........333.33|
00265fa0  33 ff 33 33 33 ff 33 33  33 ff 33 33 33 ff 33 33  |3.333.333.333.33|
*
00265fd0  33 ff 33 33 33 ff 33 33  33 ff 00 00 00 00 00 00  |3.333.333.......|
00265fe0  00 00 00 00 00 00 00 00  00 00 00 00 00 00 00 00  |................|
*
00266130  00 00 00 00 00 00 00 00  00 00 33 33 33 ff 33 33  |..........333.33|
00266140  33 ff 33 33 33 ff 33 33  33 ff 33 33 33 ff 33 33  |3.333.333.333.33|
*
002661c0  33 ff 33 33 33 ff 33 33  33 ff 33 33 33 ff 00 00  |3.333.333.333...|
002661d0  00 00 00 00 00 00 00 00  00 00 00 00 00 00 00 00  |................|
*
00266230  00 00 00 00 00 00 33 33  33 ff 33 33 33 ff 33 33  |......333.333.33|
00266240  33 ff 33 33 33 ff 33 33  33 ff 33 33 33 ff 33 33  |3.333.333.333.33|
*
00266280  33 ff 33 33 33 ff 33 33  33 e4 00 00 00 01 00 00  |3.333.333.......|
00266290  00 00 00 00 00 00 00 00  00 00 00 00 00 00 00 00  |................|
*
002662f0  00 00 33 33 33 55 33 33  33 ff 33 33 33 ff 33 33  |..333U333.333.33|
00266300  33 ff 33 33 33 ff 33 33  33 ff 33 33 33 ff 33 33  |3.333.333.333.33|
*
00266330  33 ff 33 33 33 ff 33 33  33 ff 00 00 00 00 00 00  |3.333.333.......|
00266340  00 00 00 00 00 00 00 00  00 00 00 00 00 00 00 00  |................|
*
00266390  00 00 00 00 00 00 33 33  33 ff 33 33 33 ff 33 33  |......333.333.33|
002663a0  33 ff 33 33 33 ff 33 33  33 ff 33 33 33 ff 33 33  |3.333.333.333.33|
002663b0  33 ff 33 33 33 ff 33 33  33 ff 33 33 33 68 00 00  |3.333.333.333h..|
002663c0  00 00 00 00 00 00 00 00  00 00 00 00 00 00 00 00  |................|
*
00266400  00 00 00 00 00 00 00 00  00 00 00 00 00 00 33 33  |..............33|
00266410  33 dc 33 33 33 ff 33 33  33 ff 33 33 33 e1 00 00  |3.333.333.333...|
00266420  00 00 00 00 00 00 00 00  00 00 00 00 00 00 00 00  |................|
*
00266460  00 00 00 00 00 00 00 00  00 00 33 33 33 cc 33 33  |..........333.33|
00266470  33 ff 33 33 33 ff 33 33  33 ff 33 33 33 ff 33 33  |3.333.333.333.33|
*
00266490  33 ff 00 00 00 00 00 00  00 00 00 00 00 00 00 00  |3...............|
002664a0  00 00 00 00 00 00 00 00  00 00 00 00 00 00 00 00  |................|
*
002664f0  00 00 33 33 33 ff 33 33  33 ff 33 33 33 ff 33 33  |..333.333.333.33|
00266500  33 ff 33 33 33 ff 33 33  33 ff 33 33 33 ff 33 33  |3.333.333.333.33|
*
00266540  33 ff 00 00 00 00 00 00  00 00 00 00 00 00 00 00  |3...............|
00266550  00 00 00 00 00 00 00 00  00 00 00 00 00 00 00 00  |................|
*
002665f0  00 00 00 00 00 01 33 33  33 23 33 33 33 5f 33 33  |......333#333_33|
00266600  33 a3 32 32 32 e7 33 33  33 ff 33 33 33 ff 33 33  |3.222.333.333.33|
00266610  33 ff 33 33 33 ff 33 33  33 ff 33 33 33 ff 33 33  |3.333.333.333.33|
*
002666d0  33 ff 33 33 33 ff 33 33  33 ff 00 00 00 00 00 00  |3.333.333.......|
002666e0  00 00 00 00 00 00 00 00  00 00 00 00 00 00 00 00  |................|
*
00266790  00 00 00 00 00 00 00 00  00 00 33 33 33 ff 33 33  |..........333.33|
002667a0  33 ff 33 33 33 ff 33 33  33 ff 33 33 33 ff 33 33  |3.333.333.333.33|
*
002667d0  33 ff 33 33 33 ff 33 33  33 ff 00 00 00 00 00 00  |3.333.333.......|
002667e0  00 00 00 00 00 00 00 00  00 00 00 00 00 00 00 00  |................|
*
00266930  00 00 00 00 00 00 00 00  00 00 33 33 33 ff 33 33  |..........333.33|
00266940  33 ff 33 33 33 ff 33 33  33 ff 33 33 33 ff 33 33  |3.333.333.333.33|
*
002669c0  33 ff 33 33 33 ff 33 33  33 ff 33 33 33 ff 00 00  |3.333.333.333...|
002669d0  00 00 00 00 00 00 00 00  00 00 00 00 00 00 00 00  |................|
*
00266a30  00 00 00 00 00 00 33 33  33 ff 33 33 33 ff 33 33  |......333.333.33|
00266a40  33 ff 33 33 33 ff 33 33  33 ff 33 33 33 ff 33 33  |3.333.333.333.33|
*
00266a80  33 ff 33 33 33 ff 33 33  33 85 00 00 00 00 00 00  |3.333.333.......|
00266a90  00 00 00 00 00 00 00 00  00 00 00 00 00 00 00 00  |................|
*
00266af0  00 00 32 32 32 89 33 33  33 ff 33 33 33 ff 33 33  |..222.333.333.33|
00266b00  33 ff 33 33 33 ff 33 33  33 ff 33 33 33 ff 33 33  |3.333.333.333.33|
*
00266b30  33 ff 33 33 33 ff 33 33  33 ff 00 00 00 00 00 00  |3.333.333.......|
00266b40  00 00 00 00 00 00 00 00  00 00 00 00 00 00 00 00  |................|
*
00266b90  00 00 00 00 00 00 33 33  33 ff 33 33 33 ff 33 33  |......333.333.33|
00266ba0  33 ff 33 33 33 ff 33 33  33 ff 33 33 33 ff 33 33  |3.333.333.333.33|
00266bb0  33 ff 33 33 33 ff 33 33  33 ff 31 31 31 1f 00 00  |3.333.333.111...|
00266bc0  00 00 00 00 00 00 00 00  00 00 00 00 00 00 00 00  |................|
*
00266c00  00 00 00 00 00 00 00 00  00 00 31 31 31 29 33 33  |..........111)33|
00266c10  33 ff 33 33 33 ff 33 33  33 ff 33 33 33 ff 34 34  |3.333.333.333.44|
00266c20  34 2c 00 00 00 00 00 00  00 00 00 00 00 00 00 00  |4,..............|
00266c30  00 00 00 00 00 00 00 00  00 00 00 00 00 00 00 00  |................|
*
00266c60  00 00 00 00 00 00 00 00  00 00 32 32 32 84 33 33  |..........222.33|
00266c70  33 ff 33 33 33 ff 33 33  33 ff 33 33 33 ff 33 33  |3.333.333.333.33|
*
00266c90  33 ff 00 00 00 00 00 00  00 00 00 00 00 00 00 00  |3...............|
00266ca0  00 00 00 00 00 00 00 00  00 00 00 00 00 00 00 00  |................|
*
00266cf0  00 00 33 33 33 ff 33 33  33 ff 33 33 33 ff 33 33  |..333.333.333.33|
00266d00  33 ff 33 33 33 ff 33 33  33 ff 33 33 33 ff 33 33  |3.333.333.333.33|
*
00266d40  33 ff 00 00 00 00 00 00  00 00 00 00 00 00 00 00  |3...............|
00266d50  00 00 00 00 00 00 00 00  00 00 00 00 00 00 00 00  |................|
*
00266e00  00 00 00 00 00 00 33 33  33 32 33 33 33 8f 33 33  |......3332333.33|
00266e10  33 ea 33 33 33 ff 33 33  33 ff 33 33 33 ff 33 33  |3.333.333.333.33|
00266e20  33 ff 33 33 33 ff 33 33  33 ff 33 33 33 ff 33 33  |3.333.333.333.33|
*
00266ed0  33 ff 33 33 33 ff 33 33  33 ff 00 00 00 00 00 00  |3.333.333.......|
00266ee0  00 00 00 00 00 00 00 00  00 00 00 00 00 00 00 00  |................|
*
00266f90  00 00 00 00 00 00 00 00  00 00 33 33 33 ff 33 33  |..........333.33|
00266fa0  33 ff 33 33 33 ff 33 33  33 ff 33 33 33 ff 33 33  |3.333.333.333.33|
*
00266fd0  33 ff 33 33 33 ff 33 33  33 ff 00 00 00 00 00 00  |3.333.333.......|
00266fe0  00 00 00 00 00 00 00 00  00 00 00 00 00 00 00 00  |................|
*
00267130  00 00 00 00 00 00 00 00  00 00 33 33 33 ff 33 33  |..........333.33|
00267140  33 ff 33 33 33 ff 33 33  33 ff 33 33 33 ff 33 33  |3.333.333.333.33|
*
002671c0  33 ff 33 33 33 ff 33 33  33 ff 33 33 33 ff 00 00  |3.333.333.333...|
002671d0  00 00 00 00 00 00 00 00  00 00 00 00 00 00 00 00  |................|
*
00267230  00 00 00 00 00 00 33 33  33 ff 33 33 33 ff 33 33  |......333.333.33|
00267240  33 ff 33 33 33 ff 33 33  33 ff 33 33 33 ff 33 33  |3.333.333.333.33|
*
00267280  33 ff 32 32 32 e3 2a 2a  2a 0c 00 00 00 00 00 00  |3.222.***.......|
00267290  00 00 00 00 00 00 00 00  00 00 00 00 00 00 00 00  |................|
*
002672f0  00 00 33 33 33 bd 33 33  33 ff 33 33 33 ff 33 33  |..333.333.333.33|
00267300  33 ff 33 33 33 ff 33 33  33 ff 33 33 33 ff 33 33  |3.333.333.333.33|
*
00267330  33 ff 33 33 33 ff 33 33  33 ff 00 00 00 00 00 00  |3.333.333.......|
00267340  00 00 00 00 00 00 00 00  00 00 00 00 00 00 00 00  |................|
*
00267390  00 00 00 00 00 00 33 33  33 ff 33 33 33 ff 33 33  |......333.333.33|
002673a0  33 ff 33 33 33 ff 33 33  33 ff 33 33 33 ff 33 33  |3.333.333.333.33|
002673b0  33 ff 33 33 33 ff 33 33  33 d5 00 00 00 00 00 00  |3.333.333.......|
002673c0  00 00 00 00 00 00 00 00  00 00 00 00 00 00 00 00  |................|
*
00267400  00 00 00 00 00 00 00 00  00 00 32 32 32 74 33 33  |..........222t33|
00267410  33 ff 33 33 33 ff 33 33  33 ff 33 33 33 ff 33 33  |3.333.333.333.33|
00267420  33 76 00 00 00 00 00 00  00 00 00 00 00 00 00 00  |3v..............|
00267430  00 00 00 00 00 00 00 00  00 00 00 00 00 00 00 00  |................|
*
00267460  00 00 00 00 00 00 00 00  00 00 32 32 32 3d 33 33  |..........222=33|
00267470  33 ff 33 33 33 ff 33 33  33 ff 33 33 33 ff 33 33  |3.333.333.333.33|
*
00267490  33 ff 00 00 00 00 00 00  00 00 00 00 00 00 00 00  |3...............|
002674a0  00 00 00 00 00 00 00 00  00 00 00 00 00 00 00 00  |................|
*
002674f0  00 00 33 33 33 ff 33 33  33 ff 33 33 33 ff 33 33  |..333.333.333.33|
00267500  33 ff 33 33 33 ff 33 33  33 ff 33 33 33 ff 33 33  |3.333.333.333.33|
*
00267540  33 ff 00 00 00 00 00 00  00 00 00 00 00 00 00 00  |3...............|
00267550  00 00 00 00 00 00 00 00  00 00 00 00 00 00 00 00  |................|
*
00267600  00 00 00 00 00 00 00 00  00 00 00 00 00 00 33 33  |..............33|
00267610  33 05 32 32 32 51 32 32  32 c9 33 33 33 ff 33 33  |3.222Q222.333.33|
00267620  33 ff 33 33 33 ff 33 33  33 ff 33 33 33 ff 33 33  |3.333.333.333.33|
*
002676d0  33 ff 33 33 33 ff 33 33  33 ff 00 00 00 00 00 00  |3.333.333.......|
002676e0  00 00 00 00 00 00 00 00  00 00 00 00 00 00 00 00  |................|
*
00267790  00 00 00 00 00 00 00 00  00 00 33 33 33 ff 33 33  |..........333.33|
002677a0  33 ff 33 33 33 ff 33 33  33 ff 33 33 33 ff 33 33  |3.333.333.333.33|
*
002677d0  33 ff 33 33 33 ff 33 33  33 ff 00 00 00 00 00 00  |3.333.333.......|
002677e0  00 00 00 00 00 00 00 00  00 00 00 00 00 00 00 00  |................|
*
00267930  00 00 00 00 00 00 00 00  00 00 33 33 33 ff 33 33  |..........333.33|
00267940  33 ff 33 33 33 ff 33 33  33 ff 33 33 33 ff 33 33  |3.333.333.333.33|
*
002679c0  33 ff 33 33 33 ff 33 33  33 ff 33 33 33 ff 00 00  |3.333.333.333...|
002679d0  00 00 00 00 00 00 00 00  00 00 00 00 00 00 00 00  |................|
*
00267a30  00 00 00 00 00 00 33 33  33 ff 33 33 33 ff 33 33  |......333.333.33|
00267a40  33 ff 33 33 33 ff 33 33  33 ff 33 33 33 ff 33 33  |3.333.333.333.33|
*
00267a80  33 f0 33 33 33 37 00 00  00 00 00 00 00 00 00 00  |3.3337..........|
00267a90  00 00 00 00 00 00 00 00  00 00 00 00 00 00 00 00  |................|
*
00267ae0  00 00 00 00 00 00 00 00  00 00 00 00 00 00 2a 2a  |..............**|
00267af0  2a 0c 33 33 33 f5 33 33  33 ff 33 33 33 ff 33 33  |*.333.333.333.33|
00267b00  33 ff 33 33 33 ff 33 33  33 ff 33 33 33 ff 33 33  |3.333.333.333.33|
*
00267b30  33 ff 33 33 33 ff 33 33  33 ff 00 00 00 00 00 00  |3.333.333.......|
00267b40  00 00 00 00 00 00 00 00  00 00 00 00 00 00 00 00  |................|
*
00267b90  00 00 00 00 00 00 33 33  33 ff 33 33 33 ff 33 33  |......333.333.33|
00267ba0  33 ff 33 33 33 ff 33 33  33 ff 33 33 33 ff 33 33  |3.333.333.333.33|
00267bb0  33 ff 33 33 33 ff 33 33  33 8c 00 00 00 00 00 00  |3.333.333.......|
00267bc0  00 00 00 00 00 00 00 00  00 00 00 00 00 00 00 00  |................|
*
00267c00  00 00 00 00 00 00 00 00  00 00 32 32 32 bf 33 33  |..........222.33|
00267c10  33 ff 33 33 33 ff 33 33  33 ff 33 33 33 ff 32 32  |3.333.333.333.22|
00267c20  32 c0 00 00 00 00 00 00  00 00 00 00 00 00 00 00  |2...............|
00267c30  00 00 00 00 00 00 00 00  00 00 00 00 00 00 00 00  |................|
*
00267c60  00 00 00 00 00 00 00 00  00 00 3f 3f 3f 04 33 33  |..........???.33|
00267c70  33 f0 33 33 33 ff 33 33  33 ff 33 33 33 ff 33 33  |3.333.333.333.33|
00267c80  33 ff 33 33 33 ff 33 33  33 ff 33 33 33 ff 33 33  |3.333.333.333.33|
00267c90  33 ff 00 00 00 00 00 00  00 00 00 00 00 00 00 00  |3...............|
00267ca0  00 00 00 00 00 00 00 00  00 00 00 00 00 00 00 00  |................|
*
00267cf0  00 00 33 33 33 ff 33 33  33 ff 33 33 33 ff 33 33  |..333.333.333.33|
00267d00  33 ff 33 33 33 ff 33 33  33 ff 33 33 33 ff 33 33  |3.333.333.333.33|
*
00267d40  33 ff 00 00 00 00 00 00  00 00 00 00 00 00 00 00  |3...............|
00267d50  00 00 00 00 00 00 00 00  00 00 00 00 00 00 00 00  |................|
*
00267e10  00 00 00 00 00 00 00 00  00 00 34 34 34 49 33 33  |..........444I33|
00267e20  33 c8 33 33 33 ff 33 33  33 ff 33 33 33 ff 33 33  |3.333.333.333.33|
00267e30  33 ff 33 33 33 ff 33 33  33 ff 33 33 33 ff 33 33  |3.333.333.333.33|
*
00267ed0  33 ff 33 33 33 ff 33 33  33 ff 00 00 00 00 00 00  |3.333.333.......|
00267ee0  00 00 00 00 00 00 00 00  00 00 00 00 00 00 00 00  |................|
*
00267f90  00 00 00 00 00 00 00 00  00 00 33 33 33 ff 33 33  |..........333.33|
00267fa0  33 ff 33 33 33 ff 33 33  33 ff 33 33 33 ff 33 33  |3.333.333.333.33|
*
00267fd0  33 ff 33 33 33 ff 33 33  33 ff 00 00 00 00 00 00  |3.333.333.......|
00267fe0  00 00 00 00 00 00 00 00  00 00 00 00 00 00 00 00  |................|
*
00268130  00 00 00 00 00 00 00 00  00 00 33 33 33 ff 33 33  |..........333.33|
00268140  33 ff 33 33 33 ff 33 33  33 ff 33 33 33 ff 33 33  |3.333.333.333.33|
*
002681c0  33 ff 33 33 33 ff 33 33  33 ff 33 33 33 ff 00 00  |3.333.333.333...|
002681d0  00 00 00 00 00 00 00 00  00 00 00 00 00 00 00 00  |................|
*
00268230  00 00 00 00 00 00 33 33  33 ff 33 33 33 ff 33 33  |......333.333.33|
00268240  33 ff 33 33 33 ff 33 33  33 ff 33 33 33 ff 33 33  |3.333.333.333.33|
*
00268270  33 ff 33 33 33 ff 33 33  33 ff 33 33 33 dc 34 34  |3.333.333.333.44|
00268280  34 35 00 00 00 00 00 00  00 00 00 00 00 00 00 00  |45..............|
00268290  00 00 00 00 00 00 00 00  00 00 00 00 00 00 00 00  |................|
*
002682e0  00 00 00 00 00 00 00 00  00 00 00 00 00 00 34 34  |..............44|
002682f0  34 58 33 33 33 ff 33 33  33 ff 33 33 33 ff 33 33  |4X333.333.333.33|
00268300  33 ff 33 33 33 ff 33 33  33 ff 33 33 33 ff 33 33  |3.333.333.333.33|
*
00268330  33 ff 33 33 33 ff 33 33  33 ff 00 00 00 00 00 00  |3.333.333.......|
00268340  00 00 00 00 00 00 00 00  00 00 00 00 00 00 00 00  |................|
*
00268390  00 00 00 00 00 00 33 33  33 ff 33 33 33 ff 33 33  |......333.333.33|
002683a0  33 ff 33 33 33 ff 33 33  33 ff 33 33 33 ff 33 33  |3.333.333.333.33|
002683b0  33 ff 33 33 33 ff 31 31  31 43 00 00 00 00 00 00  |3.333.111C......|
002683c0  00 00 00 00 00 00 00 00  00 00 00 00 00 00 00 00  |................|
*
00268400  00 00 00 00 00 00 2f 2f  2f 10 32 32 32 fb 33 33  |......///.222.33|
00268410  33 ff 33 33 33 ff 33 33  33 ff 33 33 33 ff 33 33  |3.333.333.333.33|
00268420  33 fa 33 33 33 0f 00 00  00 00 00 00 00 00 00 00  |3.333...........|
00268430  00 00 00 00 00 00 00 00  00 00 00 00 00 00 00 00  |................|
*
00268460  00 00 00 00 00 00 00 00  00 00 00 00 00 00 32 32  |..............22|
00268470  32 ac 33 33 33 ff 33 33  33 ff 33 33 33 ff 33 33  |2.333.333.333.33|
00268480  33 ff 33 33 33 ff 33 33  33 ff 33 33 33 ff 33 33  |3.333.333.333.33|
00268490  33 ff 00 00 00 00 00 00  00 00 00 00 00 00 00 00  |3...............|
002684a0  00 00 00 00 00 00 00 00  00 00 00 00 00 00 00 00  |................|
*
002684f0  00 00 33 33 33 ff 33 33  33 ff 33 33 33 ff 33 33  |..333.333.333.33|
00268500  33 ff 33 33 33 ff 33 33  33 ff 33 33 33 ff 33 33  |3.333.333.333.33|
*
00268540  33 ff 00 00 00 00 00 00  00 00 00 00 00 00 00 00  |3...............|
00268550  00 00 00 00 00 00 00 00  00 00 00 00 00 00 00 00  |................|
*
00268620  00 01 33 33 33 67 33 33  33 f0 33 33 33 ff 33 33  |..333g333.333.33|
00268630  33 ff 33 33 33 ff 33 33  33 ff 33 33 33 ff 33 33  |3.333.333.333.33|
*
002686d0  33 ff 33 33 33 ff 33 33  33 ff 00 00 00 00 00 00  |3.333.333.......|
002686e0  00 00 00 00 00 00 00 00  00 00 00 00 00 00 00 00  |................|
*
00268790  00 00 00 00 00 00 00 00  00 00 33 33 33 ff 33 33  |..........333.33|
002687a0  33 ff 33 33 33 ff 33 33  33 ff 33 33 33 ff 33 33  |3.333.333.333.33|
*
002687d0  33 ff 33 33 33 ff 33 33  33 ff 00 00 00 00 00 00  |3.333.333.......|
002687e0  00 00 00 00 00 00 00 00  00 00 00 00 00 00 00 00  |................|
*
00268930  00 00 00 00 00 00 00 00  00 00 33 33 33 ff 33 33  |..........333.33|
00268940  33 ff 33 33 33 ff 33 33  33 ff 33 33 33 ff 33 33  |3.333.333.333.33|
*
002689c0  33 ff 33 33 33 ff 33 33  33 ff 33 33 33 ff 00 00  |3.333.333.333...|
002689d0  00 00 00 00 00 00 00 00  00 00 00 00 00 00 00 00  |................|
*
00268a30  00 00 00 00 00 00 33 33  33 ff 33 33 33 ff 33 33  |......333.333.33|
00268a40  33 ff 33 33 33 ff 33 33  33 ff 33 33 33 ff 33 33  |3.333.333.333.33|
*
00268a70  33 ff 33 33 33 e6 32 32  32 7f 38 38 38 09 00 00  |3.333.222.888...|
00268a80  00 00 00 00 00 00 00 00  00 00 00 00 00 00 00 00  |................|
*
00268ae0  00 00 00 00 00 00 00 00  00 00 00 00 00 00 33 33  |..............33|
00268af0  33 bd 33 33 33 ff 33 33  33 ff 33 33 33 ff 33 33  |3.333.333.333.33|
00268b00  33 ff 33 33 33 ff 33 33  33 ff 33 33 33 ff 33 33  |3.333.333.333.33|
*
00268b30  33 ff 33 33 33 ff 33 33  33 ff 00 00 00 00 00 00  |3.333.333.......|
00268b40  00 00 00 00 00 00 00 00  00 00 00 00 00 00 00 00  |................|
*
00268b90  00 00 00 00 00 00 33 33  33 ff 33 33 33 ff 33 33  |......333.333.33|
00268ba0  33 ff 33 33 33 ff 33 33  33 ff 33 33 33 ff 33 33  |3.333.333.333.33|
00268bb0  33 ff 33 33 33 f3 24 24  24 07 00 00 00 00 00 00  |3.333.$$$.......|
00268bc0  00 00 00 00 00 00 00 00  00 00 00 00 00 00 00 00  |................|
*
00268c00  00 00 00 00 00 00 31 31  31 57 33 33 33 ff 33 33  |......111W333.33|
00268c10  33 ff 33 33 33 ff 33 33  33 ff 33 33 33 ff 33 33  |3.333.333.333.33|
00268c20  33 ff 33 33 33 55 00 00  00 00 00 00 00 00 00 00  |3.333U..........|
00268c30  00 00 00 00 00 00 00 00  00 00 00 00 00 00 00 00  |................|
*
00268c60  00 00 00 00 00 00 00 00  00 00 00 00 00 00 33 33  |..............33|
00268c70  33 64 33 33 33 ff 33 33  33 ff 33 33 33 ff 33 33  |3d333.333.333.33|
00268c80  33 ff 33 33 33 ff 33 33  33 ff 33 33 33 ff 33 33  |3.333.333.333.33|
00268c90  33 ff 00 00 00 00 00 00  00 00 00 00 00 00 00 00  |3...............|
00268ca0  00 00 00 00 00 00 00 00  00 00 00 00 00 00 00 00  |................|
*
00268cf0  00 00 33 33 33 ff 33 33  33 ff 33 33 33 ff 33 33  |..333.333.333.33|
00268d00  33 ff 33 33 33 ff 33 33  33 ff 33 33 33 ff 33 33  |3.333.333.333.33|
*
00268d40  33 ff 00 00 00 00 00 00  00 00 00 00 00 00 00 00  |3...............|
00268d50  00 00 00 00 00 00 00 00  00 00 00 00 00 00 00 00  |................|
*
00268e20  00 00 00 00 00 00 2f 2f  2f 1b 33 33 33 b7 33 33  |......///.333.33|
00268e30  33 ff 33 33 33 ff 33 33  33 ff 33 33 33 ff 33 33  |3.333.333.333.33|
*
00268ed0  33 ff 33 33 33 ff 33 33  33 ff 00 00 00 00 00 00  |3.333.333.......|
00268ee0  00 00 00 00 00 00 00 00  00 00 00 00 00 00 00 00  |................|
*
00268f90  00 00 00 00 00 00 00 00  00 00 33 33 33 ff 33 33  |..........333.33|
00268fa0  33 ff 33 33 33 ff 33 33  33 ff 33 33 33 ff 33 33  |3.333.333.333.33|
*
00268fd0  33 ff 33 33 33 ff 33 33  33 ff 00 00 00 00 00 00  |3.333.333.......|
00268fe0  00 00 00 00 00 00 00 00  00 00 00 00 00 00 00 00  |................|
*
00269130  00 00 00 00 00 00 00 00  00 00 33 33 33 ff 33 33  |..........333.33|
00269140  33 ff 33 33 33 ff 33 33  33 ff 33 33 33 ff 33 33  |3.333.333.333.33|
*
002691c0  33 ff 33 33 33 ff 33 33  33 ff 33 33 33 ff 00 00  |3.333.333.333...|
002691d0  00 00 00 00 00 00 00 00  00 00 00 00 00 00 00 00  |................|
*
00269230  00 00 00 00 00 00 33 33  33 ff 33 33 33 ff 33 33  |......333.333.33|
00269240  33 ff 33 33 33 ff 33 33  33 ff 33 33 33 ff 33 33  |3.333.333.333.33|
00269250  33 ff 33 33 33 ff 33 33  33 ff 33 33 33 f4 33 33  |3.333.333.333.33|
00269260  33 e9 32 32 32 d8 32 32  32 b1 32 32 32 83 33 33  |3.222.222.222.33|
00269270  33 45 55 55 55 03 00 00  00 00 00 00 00 00 00 00  |3EUUU...........|
00269280  00 00 00 00 00 00 00 00  00 00 00 00 00 00 00 00  |................|
*
002692e0  00 00 00 00 00 00 00 00  00 00 34 34 34 31 33 33  |..........444133|
002692f0  33 fe 33 33 33 ff 33 33  33 ff 33 33 33 ff 33 33  |3.333.333.333.33|
00269300  33 ff 33 33 33 ff 33 33  33 ff 33 33 33 ff 33 33  |3.333.333.333.33|
*
00269330  33 ff 33 33 33 ff 33 33  33 ff 00 00 00 00 00 00  |3.333.333.......|
00269340  00 00 00 00 00 00 00 00  00 00 00 00 00 00 00 00  |................|
*
00269390  00 00 00 00 00 00 33 33  33 ff 33 33 33 ff 33 33  |......333.333.33|
002693a0  33 ff 33 33 33 ff 33 33  33 ff 33 33 33 ff 33 33  |3.333.333.333.33|
002693b0  33 ff 32 32 32 b1 00 00  00 00 00 00 00 00 00 00  |3.222...........|
002693c0  00 00 00 00 00 00 00 00  00 00 00 00 00 00 00 00  |................|
*
00269400  00 00 00 00 00 00 33 33  33 a3 33 33 33 ff 33 33  |......333.333.33|
00269410  33 ff 33 33 33 ff 33 33  33 ff 33 33 33 ff 33 33  |3.333.333.333.33|
00269420  33 ff 33 33 33 9f 00 00  00 00 00 00 00 00 00 00  |3.333...........|
00269430  00 00 00 00 00 00 00 00  00 00 00 00 00 00 00 00  |................|
*
00269460  00 00 00 00 00 00 00 00  00 00 00 00 00 00 34 34  |..............44|
00269470  34 1d 33 33 33 ff 33 33  33 ff 33 33 33 ff 33 33  |4.333.333.333.33|
00269480  33 ff 33 33 33 ff 33 33  33 ff 33 33 33 ff 33 33  |3.333.333.333.33|
00269490  33 ff 00 00 00 00 00 00  00 00 00 00 00 00 00 00  |3...............|
002694a0  00 00 00 00 00 00 00 00  00 00 00 00 00 00 00 00  |................|
*
002694f0  00 00 33 33 33 ff 33 33  33 ff 33 33 33 ff 33 33  |..333.333.333.33|
00269500  33 ff 33 33 33 ff 33 33  33 ff 33 33 33 ff 33 33  |3.333.333.333.33|
*
00269540  33 ff 00 00 00 00 00 00  00 00 00 00 00 00 00 00  |3...............|
00269550  00 00 00 00 00 00 00 00  00 00 00 00 00 00 00 00  |................|
*
00269620  00 00 00 00 00 00 00 00  00 00 00 00 00 02 33 33  |..............33|
00269630  33 87 33 33 33 fe 33 33  33 ff 33 33 33 ff 33 33  |3.333.333.333.33|
00269640  33 ff 33 33 33 ff 33 33  33 ff 33 33 33 ff 33 33  |3.333.333.333.33|
*
002696d0  33 ff 33 33 33 ff 33 33  33 ff 00 00 00 00 00 00  |3.333.333.......|
002696e0  00 00 00 00 00 00 00 00  00 00 00 00 00 00 00 00  |................|
*
00269790  00 00 00 00 00 00 00 00  00 00 33 33 33 ff 33 33  |..........333.33|
002697a0  33 ff 33 33 33 ff 33 33  33 ff 33 33 33 ff 33 33  |3.333.333.333.33|
*
002697d0  33 ff 33 33 33 ff 33 33  33 ff 00 00 00 00 00 00  |3.333.333.......|
002697e0  00 00 00 00 00 00 00 00  00 00 00 00 00 00 00 00  |................|
*
00269930  00 00 00 00 00 00 00 00  00 00 33 33 33 ff 33 33  |..........333.33|
00269940  33 ff 33 33 33 ff 33 33  33 ff 33 33 33 ff 33 33  |3.333.333.333.33|
*
002699c0  33 ff 33 33 33 ff 33 33  33 ff 33 33 33 ff 00 00  |3.333.333.333...|
002699d0  00 00 00 00 00 00 00 00  00 00 00 00 00 00 00 00  |................|
*
00269ae0  00 00 00 00 00 00 00 00  00 00 33 33 33 b8 33 33  |..........333.33|
00269af0  33 ff 33 33 33 ff 33 33  33 ff 33 33 33 ff 33 33  |3.333.333.333.33|
*
00269b30  33 ff 33 33 33 ff 33 33  33 ff 00 00 00 00 00 00  |3.333.333.......|
00269b40  00 00 00 00 00 00 00 00  00 00 00 00 00 00 00 00  |................|
*
00269b90  00 00 00 00 00 00 33 33  33 ff 33 33 33 ff 33 33  |......333.333.33|
00269ba0  33 ff 33 33 33 ff 33 33  33 ff 33 33 33 ff 33 33  |3.333.333.333.33|
00269bb0  33 ff 33 33 33 68 00 00  00 00 00 00 00 00 00 00  |3.333h..........|
00269bc0  00 00 00 00 00 00 00 00  00 00 00 00 00 00 00 00  |................|
*
00269c00  00 00 55 55 55 03 33 33  33 eb 33 33 33 ff 33 33  |..UUU.333.333.33|
00269c10  33 ff 33 33 33 ff 33 33  33 ff 33 33 33 ff 33 33  |3.333.333.333.33|
00269c20  33 ff 32 32 32 e7 00 00  00 01 00 00 00 00 00 00  |3.222...........|
00269c30  00 00 00 00 00 00 00 00  00 00 00 00 00 00 00 00  |................|
*
00269c70  00 00 32 32 32 d3 33 33  33 ff 33 33 33 ff 33 33  |..222.333.333.33|
00269c80  33 ff 33 33 33 ff 33 33  33 ff 33 33 33 ff 33 33  |3.333.333.333.33|
00269c90  33 ff 00 00 00 00 00 00  00 00 00 00 00 00 00 00  |3...............|
00269ca0  00 00 00 00 00 00 00 00  00 00 00 00 00 00 00 00  |................|
*
00269cf0  00 00 33 33 33 ff 33 33  33 ff 33 33 33 ff 33 33  |..333.333.333.33|
00269d00  33 ff 33 33 33 ff 33 33  33 ff 33 33 33 ff 33 33  |3.333.333.333.33|
*
00269d40  33 ff 00 00 00 00 00 00  00 00 00 00 00 00 00 00  |3...............|
00269d50  00 00 00 00 00 00 00 00  00 00 00 00 00 00 00 00  |................|
*
00269e30  00 00 33 33 33 59 33 33  33 f9 33 33 33 ff 33 33  |..333Y333.333.33|
00269e40  33 ff 33 33 33 ff 33 33  33 ff 33 33 33 ff 33 33  |3.333.333.333.33|
*
00269ed0  33 ff 33 33 33 ff 33 33  33 ff 00 00 00 00 00 00  |3.333.333.......|
00269ee0  00 00 00 00 00 00 00 00  00 00 00 00 00 00 00 00  |................|
*
00269f90  00 00 00 00 00 00 00 00  00 00 33 33 33 ff 33 33  |..........333.33|
00269fa0  33 ff 33 33 33 ff 33 33  33 ff 33 33 33 ff 33 33  |3.333.333.333.33|
*
00269fd0  33 ff 33 33 33 ff 33 33  33 ff 00 00 00 00 00 00  |3.333.333.......|
00269fe0  00 00 00 00 00 00 00 00  00 00 00 00 00 00 00 00  |................|
*
0026a130  00 00 00 00 00 00 00 00  00 00 33 33 33 ff 33 33  |..........333.33|
0026a140  33 ff 33 33 33 ff 33 33  33 ff 33 33 33 ff 33 33  |3.333.333.333.33|
*
0026a1c0  33 ff 33 33 33 ff 33 33  33 ff 33 33 33 ff 00 00  |3.333.333.333...|
0026a1d0  00 00 00 00 00 00 00 00  00 00 00 00 00 00 00 00  |................|
*
0026a2e0  00 00 00 00 00 00 34 34  34 53 33 33 33 ff 33 33  |......444S333.33|
0026a2f0  33 ff 33 33 33 ff 33 33  33 ff 33 33 33 ff 33 33  |3.333.333.333.33|
*
0026a330  33 ff 33 33 33 ff 33 33  33 ff 00 00 00 00 00 00  |3.333.333.......|
0026a340  00 00 00 00 00 00 00 00  00 00 00 00 00 00 00 00  |................|
*
0026a390  00 00 00 00 00 00 33 33  33 ff 33 33 33 ff 33 33  |......333.333.33|
0026a3a0  33 ff 33 33 33 ff 33 33  33 ff 33 33 33 ff 33 33  |3.333.333.333.33|
0026a3b0  33 ff 31 31 31 1f 00 00  00 00 00 00 00 00 00 00  |3.111...........|
0026a3c0  00 00 00 00 00 00 00 00  00 00 00 00 00 00 00 00  |................|
*
0026a400  00 00 34 34 34 3a 33 33  33 ff 33 33 33 ff 33 33  |..444:333.333.33|
0026a410  33 ff 33 33 33 ff 33 33  33 ff 33 33 33 ff 33 33  |3.333.333.333.33|
0026a420  33 ff 33 33 33 ff 32 32  32 33 00 00 00 00 00 00  |3.333.2223......|
0026a430  00 00 00 00 00 00 00 00  00 00 00 00 00 00 00 00  |................|
*
0026a470  00 00 33 33 33 8b 33 33  33 ff 33 33 33 ff 33 33  |..333.333.333.33|
0026a480  33 ff 33 33 33 ff 33 33  33 ff 33 33 33 ff 33 33  |3.333.333.333.33|
0026a490  33 ff 00 00 00 00 00 00  00 00 00 00 00 00 00 00  |3...............|
0026a4a0  00 00 00 00 00 00 00 00  00 00 00 00 00 00 00 00  |................|
*
0026a4f0  00 00 33 33 33 ff 33 33  33 ff 33 33 33 ff 33 33  |..333.333.333.33|
0026a500  33 ff 33 33 33 ff 33 33  33 ff 33 33 33 ff 33 33  |3.333.333.333.33|
*
0026a540  33 ff 00 00 00 00 00 00  00 00 00 00 00 00 00 00  |3...............|
0026a550  00 00 00 00 00 00 00 00  00 00 00 00 00 00 00 00  |................|
*
0026a630  00 00 00 00 00 00 32 32  32 51 32 32 32 fb 33 33  |......222Q222.33|
0026a640  33 ff 33 33 33 ff 33 33  33 ff 33 33 33 ff 33 33  |3.333.333.333.33|
*
0026a6d0  33 ff 33 33 33 ff 33 33  33 ff 00 00 00 00 00 00  |3.333.333.......|
0026a6e0  00 00 00 00 00 00 00 00  00 00 00 00 00 00 00 00  |................|
*
0026a790  00 00 00 00 00 00 00 00  00 00 33 33 33 ff 33 33  |..........333.33|
0026a7a0  33 ff 33 33 33 ff 33 33  33 ff 33 33 33 ff 33 33  |3.333.333.333.33|
*
0026a7d0  33 ff 33 33 33 ff 33 33  33 ff 00 00 00 00 00 00  |3.333.333.......|
0026a7e0  00 00 00 00 00 00 00 00  00 00 00 00 00 00 00 00  |................|
*
0026a930  00 00 00 00 00 00 00 00  00 00 33 33 33 ff 33 33  |..........333.33|
0026a940  33 ff 33 33 33 ff 33 33  33 ff 33 33 33 ff 33 33  |3.333.333.333.33|
*
0026a9c0  33 ff 33 33 33 ff 33 33  33 ff 33 33 33 ff 00 00  |3.333.333.333...|
0026a9d0  00 00 00 00 00 00 00 00  00 00 00 00 00 00 00 00  |................|
*
0026aae0  00 00 31 31 31 1a 32 32  32 e8 33 33 33 ff 33 33  |..111.222.333.33|
0026aaf0  33 ff 33 33 33 ff 33 33  33 ff 33 33 33 ff 33 33  |3.333.333.333.33|
*
0026ab30  33 ff 33 33 33 ff 33 33  33 ff 00 00 00 00 00 00  |3.333.333.......|
0026ab40  00 00 00 00 00 00 00 00  00 00 00 00 00 00 00 00  |................|
*
0026ab90  00 00 2a 2a 2a 06 33 33  33 ff 33 33 33 ff 33 33  |..***.333.333.33|
0026aba0  33 ff 33 33 33 ff 33 33  33 ff 33 33 33 ff 33 33  |3.333.333.333.33|
0026abb0  33 d5 00 00 00 00 00 00  00 00 00 00 00 00 00 00  |3...............|
0026abc0  00 00 00 00 00 00 00 00  00 00 00 00 00 00 00 00  |................|
*
0026ac00  00 00 33 33 33 86 33 33  33 ff 33 33 33 ff 33 33  |..333.333.333.33|
0026ac10  33 ff 33 33 33 ff 33 33  33 ff 33 33 33 ff 33 33  |3.333.333.333.33|
0026ac20  33 ff 33 33 33 ff 33 33  33 7d 00 00 00 00 00 00  |3.333.333}......|
0026ac30  00 00 00 00 00 00 00 00  00 00 00 00 00 00 00 00  |................|
*
0026ac70  00 00 34 34 34 44 33 33  33 ff 33 33 33 ff 33 33  |..444D333.333.33|
0026ac80  33 ff 33 33 33 ff 33 33  33 ff 33 33 33 ff 33 33  |3.333.333.333.33|
0026ac90  33 ff 00 00 00 00 00 00  00 00 00 00 00 00 00 00  |3...............|
0026aca0  00 00 00 00 00 00 00 00  00 00 00 00 00 00 00 00  |................|
*
0026acf0  00 00 33 33 33 ff 33 33  33 ff 33 33 33 ff 33 33  |..333.333.333.33|
0026ad00  33 ff 33 33 33 ff 33 33  33 ff 33 33 33 ff 33 33  |3.333.333.333.33|
*
0026ad40  33 ff 00 00 00 00 00 00  00 00 00 00 00 00 00 00  |3...............|
0026ad50  00 00 00 00 00 00 00 00  00 00 00 00 00 00 00 00  |................|
*
0026ae30  00 00 00 00 00 00 00 00  00 00 33 33 33 59 32 32  |..........333Y22|
0026ae40  32 fc 33 33 33 ff 33 33  33 ff 33 33 33 ff 33 33  |2.333.333.333.33|
0026ae50  33 ff 33 33 33 ff 33 33  33 ff 33 33 33 ff 33 33  |3.333.333.333.33|
*
0026aed0  33 ff 33 33 33 ff 33 33  33 ff 00 00 00 00 00 00  |3.333.333.......|
0026aee0  00 00 00 00 00 00 00 00  00 00 00 00 00 00 00 00  |................|
*
0026af90  00 00 00 00 00 00 00 00  00 00 33 33 33 ff 33 33  |..........333.33|
0026afa0  33 ff 33 33 33 ff 33 33  33 ff 33 33 33 ff 33 33  |3.333.333.333.33|
*
0026afd0  33 ff 33 33 33 ff 33 33  33 ff 00 00 00 00 00 00  |3.333.333.......|
0026afe0  00 00 00 00 00 00 00 00  00 00 00 00 00 00 00 00  |................|
*
0026b130  00 00 00 00 00 00 00 00  00 00 33 33 33 ff 33 33  |..........333.33|
0026b140  33 ff 33 33 33 ff 33 33  33 ff 33 33 33 ff 33 33  |3.333.333.333.33|
*
0026b1c0  33 ff 33 33 33 ff 33 33  33 ff 33 33 33 ff 00 00  |3.333.333.333...|
0026b1d0  00 00 00 00 00 00 00 00  00 00 00 00 00 00 00 00  |................|
*
0026b2d0  00 00 00 00 00 00 00 00  00 00 00 00 00 00 33 33  |..............33|
0026b2e0  33 0a 33 33 33 c8 33 33  33 ff 33 33 33 ff 33 33  |3.333.333.333.33|
0026b2f0  33 ff 33 33 33 ff 33 33  33 ff 33 33 33 ff 33 33  |3.333.333.333.33|
*
0026b330  33 ff 33 33 33 ff 33 33  33 ff 00 00 00 00 00 00  |3.333.333.......|
0026b340  00 00 00 00 00 00 00 00  00 00 00 00 00 00 00 00  |................|
*
0026b390  00 00 3a 3a 3a 0d 33 33  33 ff 33 33 33 ff 33 33  |..:::.333.333.33|
0026b3a0  33 ff 33 33 33 ff 33 33  33 ff 33 33 33 ff 33 33  |3.333.333.333.33|
0026b3b0  33 8c 00 00 00 00 00 00  00 00 00 00 00 00 00 00  |3...............|
0026b3c0  00 00 00 00 00 00 00 00  00 00 00 00 00 00 00 00  |................|
*
0026b400  00 00 33 33 33 d1 33 33  33 ff 33 33 33 ff 33 33  |..333.333.333.33|
0026b410  33 ff 33 33 33 ff 33 33  33 ff 33 33 33 ff 33 33  |3.333.333.333.33|
0026b420  33 ff 33 33 33 ff 33 33  33 c7 00 00 00 00 00 00  |3.333.333.......|
0026b430  00 00 00 00 00 00 00 00  00 00 00 00 00 00 00 00  |................|
*
0026b470  00 00 24 24 24 07 33 33  33 f4 33 33 33 ff 33 33  |..$$$.333.333.33|
0026b480  33 ff 33 33 33 ff 33 33  33 ff 33 33 33 ff 33 33  |3.333.333.333.33|
0026b490  33 ff 00 00 00 00 00 00  00 00 00 00 00 00 00 00  |3...............|
0026b4a0  00 00 00 00 00 00 00 00  00 00 00 00 00 00 00 00  |................|
*
0026b4f0  00 00 33 33 33 ff 33 33  33 ff 33 33 33 ff 33 33  |..333.333.333.33|
0026b500  33 ff 33 33 33 ff 33 33  33 ff 33 33 33 ff 33 33  |3.333.333.333.33|
*
0026b540  33 ff 00 00 00 00 00 00  00 00 00 00 00 00 00 00  |3...............|
0026b550  00 00 00 00 00 00 00 00  00 00 00 00 00 00 00 00  |................|
*
0026b630  00 00 00 00 00 00 00 00  00 00 00 00 00 00 32 32  |..............22|
0026b640  32 7a 33 33 33 ff 33 33  33 ff 33 33 33 ff 33 33  |2z333.333.333.33|
0026b650  33 ff 33 33 33 ff 33 33  33 ff 33 33 33 ff 33 33  |3.333.333.333.33|
*
0026b6d0  33 ff 33 33 33 ff 33 33  33 ff 00 00 00 00 00 00  |3.333.333.......|
0026b6e0  00 00 00 00 00 00 00 00  00 00 00 00 00 00 00 00  |................|
*
0026b790  00 00 00 00 00 00 00 00  00 00 33 33 33 ff 33 33  |..........333.33|
0026b7a0  33 ff 33 33 33 ff 33 33  33 ff 33 33 33 ff 33 33  |3.333.333.333.33|
*
0026b7d0  33 ff 33 33 33 ff 33 33  33 ff 00 00 00 00 00 00  |3.333.333.......|
0026b7e0  00 00 00 00 00 00 00 00  00 00 00 00 00 00 00 00  |................|
*
0026b930  00 00 00 00 00 00 00 00  00 00 33 33 33 ff 33 33  |..........333.33|
0026b940  33 ff 33 33 33 ff 33 33  33 ff 33 33 33 ff 33 33  |3.333.333.333.33|
*
0026b9c0  33 ff 33 33 33 ff 33 33  33 ff 33 33 33 ff 00 00  |3.333.333.333...|
0026b9d0  00 00 00 00 00 00 00 00  00 00 00 00 00 00 00 00  |................|
*
0026bad0  00 00 00 00 00 00 00 00  00 00 2e 2e 2e 0b 33 33  |..............33|
0026bae0  33 be 33 33 33 ff 33 33  33 ff 33 33 33 ff 33 33  |3.333.333.333.33|
0026baf0  33 ff 33 33 33 ff 33 33  33 ff 33 33 33 ff 33 33  |3.333.333.333.33|
*
0026bb30  33 ff 33 33 33 ff 33 33  33 ff 00 00 00 00 00 00  |3.333.333.......|
0026bb40  00 00 00 00 00 00 00 00  00 00 00 00 00 00 00 00  |................|
*
0026bb90  00 00 33 33 33 14 33 33  33 ff 33 33 33 ff 33 33  |..333.333.333.33|
0026bba0  33 ff 33 33 33 ff 33 33  33 ff 33 33 33 ff 31 31  |3.333.333.333.11|
0026bbb0  31 43 00 00 00 00 00 00  00 00 00 00 00 00 00 00  |1C..............|
0026bbc0  00 00 00 00 00 00 00 00  00 00 00 00 00 00 00 00  |................|
*
0026bbf0  00 00 00 00 00 00 00 00  00 00 00 00 00 00 33 33  |..............33|
0026bc00  33 1e 33 33 33 ff 33 33  33 ff 33 33 33 ff 33 33  |3.333.333.333.33|
0026bc10  33 ff 33 33 33 ff 33 33  33 ff 33 33 33 ff 33 33  |3.333.333.333.33|
0026bc20  33 ff 33 33 33 ff 33 33  33 fd 33 33 33 14 00 00  |3.333.333.333...|
0026bc30  00 00 00 00 00 00 00 00  00 00 00 00 00 00 00 00  |................|
*
0026bc70  00 00 00 00 00 00 33 33  33 b3 33 33 33 ff 33 33  |......333.333.33|
0026bc80  33 ff 33 33 33 ff 33 33  33 ff 33 33 33 ff 33 33  |3.333.333.333.33|
0026bc90  33 ff 00 00 00 00 00 00  00 00 00 00 00 00 00 00  |3...............|
0026bca0  00 00 00 00 00 00 00 00  00 00 00 00 00 00 00 00  |................|
*
0026bcf0  00 00 33 33 33 ff 33 33  33 ff 33 33 33 ff 33 33  |..333.333.333.33|
0026bd00  33 ff 33 33 33 ff 33 33  33 ff 33 33 33 ff 33 33  |3.333.333.333.33|
*
0026bd40  33 ff 00 00 00 00 00 00  00 00 00 00 00 00 00 00  |3...............|
0026bd50  00 00 00 00 00 00 00 00  00 00 00 00 00 00 00 00  |................|
*
0026be40  00 02 33 33 33 b4 33 33  33 ff 33 33 33 ff 33 33  |..333.333.333.33|
0026be50  33 ff 33 33 33 ff 33 33  33 ff 33 33 33 ff 33 33  |3.333.333.333.33|
*
0026bed0  33 ff 33 33 33 ff 33 33  33 ff 00 00 00 00 00 00  |3.333.333.......|
0026bee0  00 00 00 00 00 00 00 00  00 00 00 00 00 00 00 00  |................|
*
0026bf90  00 00 00 00 00 00 00 00  00 00 33 33 33 ff 33 33  |..........333.33|
0026bfa0  33 ff 33 33 33 ff 33 33  33 ff 33 33 33 ff 33 33  |3.333.333.333.33|
*
0026bfd0  33 ff 33 33 33 ff 33 33  33 ff 00 00 00 00 00 00  |3.333.333.......|
0026bfe0  00 00 00 00 00 00 00 00  00 00 00 00 00 00 00 00  |................|
*
0026c130  00 00 00 00 00 00 00 00  00 00 33 33 33 ff 33 33  |..........333.33|
0026c140  33 ff 33 33 33 ff 33 33  33 ff 33 33 33 ff 33 33  |3.333.333.333.33|
*
0026c1c0  33 ff 33 33 33 ff 33 33  33 ff 33 33 33 ff 00 00  |3.333.333.333...|
0026c1d0  00 00 00 00 00 00 00 00  00 00 00 00 00 00 00 00  |................|
*
0026c2d0  00 00 00 00 00 00 33 33  33 1e 33 33 33 cd 33 33  |......333.333.33|
0026c2e0  33 ff 33 33 33 ff 33 33  33 ff 33 33 33 ff 33 33  |3.333.333.333.33|
*
0026c330  33 ff 33 33 33 ff 33 33  33 ff 00 00 00 00 00 00  |3.333.333.......|
0026c340  00 00 00 00 00 00 00 00  00 00 00 00 00 00 00 00  |................|
*
0026c390  00 00 2f 2f 2f 1b 33 33  33 ff 33 33 33 ff 33 33  |..///.333.333.33|
0026c3a0  33 ff 33 33 33 ff 33 33  33 ff 33 33 33 f3 24 24  |3.333.333.333.$$|
0026c3b0  24 07 00 00 00 00 00 00  00 00 00 00 00 00 00 00  |$...............|
0026c3c0  00 00 00 00 00 00 00 00  00 00 00 00 00 00 00 00  |................|
*
0026c3f0  00 00 00 00 00 00 00 00  00 00 00 00 00 00 33 33  |..............33|
0026c400  33 69 33 33 33 ff 33 33  33 ff 33 33 33 ff 33 33  |3i333.333.333.33|
0026c410  33 ff 33 33 33 ff 33 33  33 ff 33 33 33 ff 33 33  |3.333.333.333.33|
0026c420  33 ff 33 33 33 ff 33 33  33 ff 31 31 31 5c 00 00  |3.333.333.111\..|
0026c430  00 00 00 00 00 00 00 00  00 00 00 00 00 00 00 00  |................|
*
0026c470  00 00 00 00 00 00 32 32  32 6b 33 33 33 ff 33 33  |......222k333.33|
0026c480  33 ff 33 33 33 ff 33 33  33 ff 33 33 33 ff 33 33  |3.333.333.333.33|
0026c490  33 ff 00 00 00 00 00 00  00 00 00 00 00 00 00 00  |3...............|
0026c4a0  00 00 00 00 00 00 00 00  00 00 00 00 00 00 00 00  |................|
*
0026c4f0  00 00 33 33 33 ff 33 33  33 ff 33 33 33 ff 33 33  |..333.333.333.33|
0026c500  33 ff 33 33 33 ff 33 33  33 ff 33 33 33 ff 33 33  |3.333.333.333.33|
*
0026c540  33 ff 00 00 00 00 00 00  00 00 00 00 00 00 00 00  |3...............|
0026c550  00 00 00 00 00 00 00 00  00 00 00 00 00 00 00 00  |................|
*
0026c640  00 00 38 38 38 12 33 33  33 e5 33 33 33 ff 33 33  |..888.333.333.33|
0026c650  33 ff 33 33 33 ff 33 33  33 ff 33 33 33 ff 33 33  |3.333.333.333.33|
*
0026c6d0  33 ff 33 33 33 ff 33 33  33 ff 00 00 00 00 00 00  |3.333.333.......|
0026c6e0  00 00 00 00 00 00 00 00  00 00 00 00 00 00 00 00  |................|
*
0026c790  00 00 00 00 00 00 00 00  00 00 33 33 33 ff 33 33  |..........333.33|
0026c7a0  33 ff 33 33 33 ff 33 33  33 ff 33 33 33 ff 33 33  |3.333.333.333.33|
*
0026c7d0  33 ff 33 33 33 ff 33 33  33 ff 00 00 00 00 00 00  |3.333.333.......|
0026c7e0  00 00 00 00 00 00 00 00  00 00 00 00 00 00 00 00  |................|
*
0026c930  00 00 00 00 00 00 00 00  00 00 33 33 33 ff 33 33  |..........333.33|
0026c940  33 ff 33 33 33 ff 33 33  33 ff 33 33 33 ff 33 33  |3.333.333.333.33|
*
0026c9c0  33 ff 33 33 33 ff 33 33  33 ff 33 33 33 ff 00 00  |3.333.333.333...|
0026c9d0  00 00 00 00 00 00 00 00  00 00 00 00 00 00 00 00  |................|
*
0026cad0  00 00 33 33 33 59 32 32  32 ec 33 33 33 ff 33 33  |..333Y222.333.33|
0026cae0  33 ff 33 33 33 ff 33 33  33 ff 33 33 33 ff 33 33  |3.333.333.333.33|
*
0026cb30  33 ff 33 33 33 ff 33 33  33 ff 00 00 00 00 00 00  |3.333.333.......|
0026cb40  00 00 00 00 00 00 00 00  00 00 00 00 00 00 00 00  |................|
*
0026cb90  00 00 34 34 34 22 33 33  33 ff 33 33 33 ff 33 33  |..444"333.333.33|
0026cba0  33 ff 33 33 33 ff 33 33  33 ff 32 32 32 b1 00 00  |3.333.333.222...|
0026cbb0  00 00 00 00 00 00 00 00  00 00 00 00 00 00 00 00  |................|
*
0026cbf0  00 00 00 00 00 00 00 00  00 00 00 00 00 00 33 33  |..............33|
0026cc00  33 b4 33 33 33 ff 33 33  33 ff 33 33 33 ff 33 33  |3.333.333.333.33|
0026cc10  33 ff 33 33 33 ff 33 33  33 ff 33 33 33 ff 33 33  |3.333.333.333.33|
0026cc20  33 ff 33 33 33 ff 33 33  33 ff 32 32 32 a6 00 00  |3.333.333.222...|
0026cc30  00 00 00 00 00 00 00 00  00 00 00 00 00 00 00 00  |................|
*
0026cc70  00 00 00 00 00 00 33 33  33 23 33 33 33 ff 33 33  |......333#333.33|
0026cc80  33 ff 33 33 33 ff 33 33  33 ff 33 33 33 ff 33 33  |3.333.333.333.33|
0026cc90  33 ff 00 00 00 01 00 00  00 00 00 00 00 00 00 00  |3...............|
0026cca0  00 00 00 00 00 00 00 00  00 00 00 00 00 00 00 00  |................|
*
0026ccf0  00 00 33 33 33 ff 33 33  33 ff 33 33 33 ff 33 33  |..333.333.333.33|
0026cd00  33 ff 33 33 33 ff 33 33  33 ff 33 33 33 ff 33 33  |3.333.333.333.33|
*
0026cd40  33 ff 00 00 00 00 00 00  00 00 00 00 00 00 00 00  |3...............|
0026cd50  00 00 00 00 00 00 00 00  00 00 00 00 00 00 00 00  |................|
*
0026ce40  00 00 00 00 00 00 33 33  33 59 33 33 33 ff 33 33  |......333Y333.33|
0026ce50  33 ff 33 33 33 ff 33 33  33 ff 33 33 33 ff 33 33  |3.333.333.333.33|
*
0026ced0  33 ff 33 33 33 ff 33 33  33 ff 00 00 00 00 00 00  |3.333.333.......|
0026cee0  00 00 00 00 00 00 00 00  00 00 00 00 00 00 00 00  |................|
*
0026cf90  00 00 00 00 00 00 00 00  00 00 33 33 33 ff 33 33  |..........333.33|
0026cfa0  33 ff 33 33 33 ff 33 33  33 ff 33 33 33 ff 33 33  |3.333.333.333.33|
*
0026cfd0  33 ff 33 33 33 ff 33 33  33 ff 00 00 00 00 00 00  |3.333.333.......|
0026cfe0  00 00 00 00 00 00 00 00  00 00 00 00 00 00 00 00  |................|
*
0026d130  00 00 00 00 00 00 00 00  00 00 33 33 33 ff 33 33  |..........333.33|
0026d140  33 ff 33 33 33 ff 33 33  33 ff 33 33 33 ff 33 33  |3.333.333.333.33|
*
0026d1c0  33 ff 33 33 33 ff 33 33  33 ff 33 33 33 ff 00 00  |3.333.333.333...|
0026d1d0  00 00 00 00 00 00 00 00  00 00 00 00 00 00 00 00  |................|
*
0026d2c0  00 00 00 00 00 00 00 00  00 00 30 30 30 2f 33 33  |..........000/33|
0026d2d0  33 b8 33 33 33 ff 33 33  33 ff 33 33 33 ff 33 33  |3.333.333.333.33|
0026d2e0  33 ff 33 33 33 ff 33 33  33 ff 33 33 33 ff 33 33  |3.333.333.333.33|
*
0026d330  33 ff 33 33 33 ff 33 33  33 ff 00 00 00 00 00 00  |3.333.333.......|
0026d340  00 00 00 00 00 00 00 00  00 00 00 00 00 00 00 00  |................|
*
0026d390  00 00 31 31 31 29 33 33  33 ff 33 33 33 ff 33 33  |..111)333.333.33|
0026d3a0  33 ff 33 33 33 ff 33 33  33 ff 33 33 33 68 00 00  |3.333.333.333h..|
0026d3b0  00 00 00 00 00 00 00 00  00 00 00 00 00 00 00 00  |................|
*
0026d3f0  00 00 00 00 00 00 00 00  00 00 33 33 33 0a 32 32  |..........333.22|
0026d400  32 f6 33 33 33 ff 33 33  33 ff 33 33 33 ff 33 33  |2.333.333.333.33|
0026d410  33 ff 33 33 33 ff 33 33  33 ff 33 33 33 ff 33 33  |3.333.333.333.33|
0026d420  33 ff 33 33 33 ff 33 33  33 ff 32 32 32 ed 55 55  |3.333.333.222.UU|
0026d430  55 03 00 00 00 00 00 00  00 00 00 00 00 00 00 00  |U...............|
0026d440  00 00 00 00 00 00 00 00  00 00 00 00 00 00 00 00  |................|
*
0026d470  00 00 00 00 00 00 00 00  00 00 33 33 33 da 33 33  |..........333.33|
0026d480  33 ff 33 33 33 ff 33 33  33 ff 33 33 33 ff 33 33  |3.333.333.333.33|
0026d490  33 ff 00 00 00 01 00 00  00 00 00 00 00 00 00 00  |3...............|
0026d4a0  00 00 00 00 00 00 00 00  00 00 00 00 00 00 00 00  |................|
*
0026d4f0  00 00 33 33 33 ff 33 33  33 ff 33 33 33 ff 33 33  |..333.333.333.33|
0026d500  33 ff 33 33 33 ff 33 33  33 ff 33 33 33 ff 33 33  |3.333.333.333.33|
*
0026d540  33 ff 00 00 00 00 00 00  00 00 00 00 00 00 00 00  |3...............|
0026d550  00 00 00 00 00 00 00 00  00 00 00 00 00 00 00 00  |................|
*
0026d640  00 00 00 00 00 00 00 00  00 01 32 32 32 c0 33 33  |..........222.33|
0026d650  33 ff 33 33 33 ff 33 33  33 ff 33 33 33 ff 33 33  |3.333.333.333.33|
*
0026d6d0  33 ff 33 33 33 ff 33 33  33 ff 00 00 00 00 00 00  |3.333.333.......|
0026d6e0  00 00 00 00 00 00 00 00  00 00 00 00 00 00 00 00  |................|
*
0026d790  00 00 00 00 00 00 00 00  00 00 33 33 33 ff 33 33  |..........333.33|
0026d7a0  33 ff 33 33 33 ff 33 33  33 ff 33 33 33 ff 33 33  |3.333.333.333.33|
*
0026d7d0  33 ff 33 33 33 ff 33 33  33 ff 00 00 00 00 00 00  |3.333.333.......|
0026d7e0  00 00 00 00 00 00 00 00  00 00 00 00 00 00 00 00  |................|
*
0026d930  00 00 00 00 00 00 00 00  00 00 33 33 33 ff 33 33  |..........333.33|
0026d940  33 ff 33 33 33 ff 33 33  33 ff 33 33 33 ff 33 33  |3.333.333.333.33|
*
0026d9c0  33 ff 33 33 33 ff 33 33  33 ff 33 33 33 ff 00 00  |3.333.333.333...|
0026d9d0  00 00 00 00 00 00 00 00  00 00 00 00 00 00 00 00  |................|
*
0026dac0  00 00 32 32 32 3d 33 33  33 af 33 33 33 fd 33 33  |..222=333.333.33|
0026dad0  33 ff 33 33 33 ff 33 33  33 ff 33 33 33 ff 33 33  |3.333.333.333.33|
*
0026db30  33 ff 33 33 33 ff 33 33  33 ff 00 00 00 00 00 00  |3.333.333.......|
0026db40  00 00 00 00 00 00 00 00  00 00 00 00 00 00 00 00  |................|
*
0026db90  00 00 35 35 35 30 33 33  33 ff 33 33 33 ff 33 33  |..5550333.333.33|
0026dba0  33 ff 33 33 33 ff 33 33  33 ff 31 31 31 1f 00 00  |3.333.333.111...|
0026dbb0  00 00 00 00 00 00 00 00  00 00 00 00 00 00 00 00  |................|
*
0026dbf0  00 00 00 00 00 00 00 00  00 00 32 32 32 4c 33 33  |..........222L33|
0026dc00  33 ff 33 33 33 ff 33 33  33 ff 33 33 33 ff 33 33  |3.333.333.333.33|
*
0026dc30  33 3b 00 00 00 00 00 00  00 00 00 00 00 00 00 00  |3;..............|
0026dc40  00 00 00 00 00 00 00 00  00 00 00 00 00 00 00 00  |................|
*
0026dc70  00 00 00 00 00 00 00 00  00 00 32 32 32 92 33 33  |..........222.33|
0026dc80  33 ff 33 33 33 ff 33 33  33 ff 33 33 33 ff 33 33  |3.333.333.333.33|
0026dc90  33 ff 00 00 00 01 00 00  00 00 00 00 00 00 00 00  |3...............|
0026dca0  00 00 00 00 00 00 00 00  00 00 00 00 00 00 00 00  |................|
*
0026dcf0  00 00 33 33 33 ff 33 33  33 ff 33 33 33 ff 33 33  |..333.333.333.33|
0026dd00  33 ff 33 33 33 ff 33 33  33 ff 33 33 33 ff 33 33  |3.333.333.333.33|
*
0026dd40  33 ff 00 00 00 00 00 00  00 00 00 00 00 00 00 00  |3...............|
0026dd50  00 00 00 00 00 00 00 00  00 00 00 00 00 00 00 00  |................|
*
0026de40  00 00 00 00 00 00 00 00  00 00 32 32 32 33 33 33  |..........222333|
0026de50  33 ff 33 33 33 ff 33 33  33 ff 33 33 33 ff 33 33  |3.333.333.333.33|
*
0026ded0  33 ff 33 33 33 ff 33 33  33 ff 00 00 00 00 00 00  |3.333.333.......|
0026dee0  00 00 00 00 00 00 00 00  00 00 00 00 00 00 00 00  |................|
*
0026df90  00 00 00 00 00 00 00 00  00 00 33 33 33 ff 33 33  |..........333.33|
0026dfa0  33 ff 33 33 33 ff 33 33  33 ff 33 33 33 ff 33 33  |3.333.333.333.33|
*
0026dfd0  33 ff 33 33 33 ff 33 33  33 ff 00 00 00 00 00 00  |3.333.333.......|
0026dfe0  00 00 00 00 00 00 00 00  00 00 00 00 00 00 00 00  |................|
*
0026e130  00 00 00 00 00 00 00 00  00 00 33 33 33 ff 33 33  |..........333.33|
0026e140  33 ff 33 33 33 ff 33 33  33 ff 33 33 33 ff 33 33  |3.333.333.333.33|
*
0026e1c0  33 ff 33 33 33 ff 33 33  33 ff 33 33 33 ff 00 00  |3.333.333.333...|
0026e1d0  00 00 00 00 00 00 00 00  00 00 00 00 00 00 00 00  |................|
*
0026e2b0  00 00 00 00 00 01 33 33  33 37 33 33 33 8b 32 32  |......3337333.22|
0026e2c0  32 de 33 33 33 ff 33 33  33 ff 33 33 33 ff 33 33  |2.333.333.333.33|
0026e2d0  33 ff 33 33 33 ff 33 33  33 ff 33 33 33 ff 33 33  |3.333.333.333.33|
*
0026e330  33 ff 33 33 33 ff 33 33  33 ff 00 00 00 00 00 00  |3.333.333.......|
0026e340  00 00 00 00 00 00 00 00  00 00 00 00 00 00 00 00  |................|
*
0026e390  00 00 33 33 33 37 33 33  33 ff 33 33 33 ff 33 33  |..3337333.333.33|
0026e3a0  33 ff 33 33 33 ff 33 33  33 d5 00 00 00 00 00 00  |3.333.333.......|
0026e3b0  00 00 00 00 00 00 00 00  00 00 00 00 00 00 00 00  |................|
*
0026e3f0  00 00 00 00 00 00 00 00  00 00 32 32 32 97 33 33  |..........222.33|
0026e400  33 ff 33 33 33 ff 33 33  33 ff 33 33 33 ff 33 33  |3.333.333.333.33|
*
0026e420  33 ff 33 33 33 ff 33 33  33 ff 33 33 33 ff 32 32  |3.333.333.333.22|
0026e430  32 84 00 00 00 00 00 00  00 00 00 00 00 00 00 00  |2...............|
0026e440  00 00 00 00 00 00 00 00  00 00 00 00 00 00 00 00  |................|
*
0026e470  00 00 00 00 00 00 00 00  00 00 33 33 33 4b 33 33  |..........333K33|
0026e480  33 ff 33 33 33 ff 33 33  33 ff 33 33 33 ff 33 33  |3.333.333.333.33|
0026e490  33 ff 55 55 55 03 00 00  00 00 00 00 00 00 00 00  |3.UUU...........|
0026e4a0  00 00 00 00 00 00 00 00  00 00 00 00 00 00 00 00  |................|
*
0026e4f0  00 00 33 33 33 ff 33 33  33 ff 33 33 33 ff 33 33  |..333.333.333.33|
0026e500  33 ff 33 33 33 ff 33 33  33 ff 33 33 33 ff 33 33  |3.333.333.333.33|
*
0026e540  33 ff 00 00 00 00 00 00  00 00 00 00 00 00 00 00  |3...............|
0026e550  00 00 00 00 00 00 00 00  00 00 00 00 00 00 00 00  |................|
*
0026e640  00 00 00 00 00 00 00 00  00 00 00 00 00 00 33 33  |..............33|
0026e650  33 be 33 33 33 ff 33 33  33 ff 33 33 33 ff 33 33  |3.333.333.333.33|
0026e660  33 ff 33 33 33 ff 33 33  33 ff 33 33 33 ff 33 33  |3.333.333.333.33|
*
0026e6d0  33 ff 33 33 33 ff 33 33  33 ff 00 00 00 00 00 00  |3.333.333.......|
0026e6e0  00 00 00 00 00 00 00 00  00 00 00 00 00 00 00 00  |................|
*
0026e790  00 00 00 00 00 00 00 00  00 00 33 33 33 ff 33 33  |..........333.33|
0026e7a0  33 ff 33 33 33 ff 33 33  33 ff 33 33 33 ff 33 33  |3.333.333.333.33|
*
0026e7d0  33 ff 33 33 33 ff 33 33  33 ff 00 00 00 00 00 00  |3.333.333.......|
0026e7e0  00 00 00 00 00 00 00 00  00 00 00 00 00 00 00 00  |................|
*
0026e930  00 00 00 00 00 00 00 00  00 00 33 33 33 ff 33 33  |..........333.33|
0026e940  33 ff 33 33 33 ff 33 33  33 ff 33 33 33 ff 33 33  |3.333.333.333.33|
*
0026e9c0  33 ff 33 33 33 ff 33 33  33 ff 33 33 33 ff 00 00  |3.333.333.333...|
0026e9d0  00 00 00 00 00 00 00 00  00 00 00 00 00 00 00 00  |................|
*
0026eab0  00 00 33 33 33 df 33 33  33 ff 33 33 33 ff 33 33  |..333.333.333.33|
0026eac0  33 ff 33 33 33 ff 33 33  33 ff 33 33 33 ff 33 33  |3.333.333.333.33|
*
0026eb30  33 ff 33 33 33 ff 33 33  33 ff 00 00 00 00 00 00  |3.333.333.......|
0026eb40  00 00 00 00 00 00 00 00  00 00 00 00 00 00 00 00  |................|
*
0026eb90  00 00 31 31 31 3e 33 33  33 ff 33 33 33 ff 33 33  |..111>333.333.33|
0026eba0  33 ff 33 33 33 ff 33 33  33 8c 00 00 00 00 00 00  |3.333.333.......|
0026ebb0  00 00 00 00 00 00 00 00  00 00 00 00 00 00 00 00  |................|
*
0026ebf0  00 00 00 00 00 00 00 00  00 01 32 32 32 e2 33 33  |..........222.33|
0026ec00  33 ff 33 33 33 ff 33 33  33 ff 33 33 33 ff 33 33  |3.333.333.333.33|
*
0026ec20  33 ff 33 33 33 ff 33 33  33 ff 33 33 33 ff 32 32  |3.333.333.333.22|
0026ec30  32 ce 00 00 00 00 00 00  00 00 00 00 00 00 00 00  |2...............|
0026ec40  00 00 00 00 00 00 00 00  00 00 00 00 00 00 00 00  |................|
*
0026ec70  00 00 00 00 00 00 00 00  00 00 33 33 33 0a 32 32  |..........333.22|
0026ec80  32 f7 33 33 33 ff 33 33  33 ff 33 33 33 ff 33 33  |2.333.333.333.33|
0026ec90  33 ff 33 33 33 0a 00 00  00 00 00 00 00 00 00 00  |3.333...........|
0026eca0  00 00 00 00 00 00 00 00  00 00 00 00 00 00 00 00  |................|
*
0026ecf0  00 00 33 33 33 ff 33 33  33 ff 33 33 33 ff 33 33  |..333.333.333.33|
0026ed00  33 ff 33 33 33 ff 33 33  33 ff 33 33 33 ff 33 33  |3.333.333.333.33|
*
0026ed40  33 ff 00 00 00 00 00 00  00 00 00 00 00 00 00 00  |3...............|
0026ed50  00 00 00 00 00 00 00 00  00 00 00 00 00 00 00 00  |................|
*
0026ee40  00 00 00 00 00 00 00 00  00 00 00 00 00 00 32 32  |..............22|
0026ee50  32 4c 33 33 33 ff 33 33  33 ff 33 33 33 ff 33 33  |2L333.333.333.33|
0026ee60  33 ff 33 33 33 ff 33 33  33 ff 33 33 33 ff 33 33  |3.333.333.333.33|
*
0026eed0  33 ff 33 33 33 ff 33 33  33 ff 00 00 00 00 00 00  |3.333.333.......|
0026eee0  00 00 00 00 00 00 00 00  00 00 00 00 00 00 00 00  |................|
*
0026ef90  00 00 00 00 00 00 00 00  00 00 33 33 33 ff 33 33  |..........333.33|
0026efa0  33 ff 33 33 33 ff 33 33  33 ff 33 33 33 ff 33 33  |3.333.333.333.33|
*
0026efd0  33 ff 33 33 33 ff 33 33  33 ff 00 00 00 00 00 00  |3.333.333.......|
0026efe0  00 00 00 00 00 00 00 00  00 00 00 00 00 00 00 00  |................|
*
0026f130  00 00 00 00 00 00 00 00  00 00 33 33 33 ff 33 33  |..........333.33|
0026f140  33 ff 33 33 33 ff 33 33  33 ff 33 33 33 ff 33 33  |3.333.333.333.33|
*
0026f1c0  33 ff 33 33 33 ff 33 33  33 ff 33 33 33 ff 00 00  |3.333.333.333...|
0026f1d0  00 00 00 00 00 00 00 00  00 00 00 00 00 00 00 00  |................|
*
0026f2b0  00 00 35 35 35 13 32 32  32 56 32 32 32 ab 32 32  |..555.222V222.22|
0026f2c0  32 f7 33 33 33 ff 33 33  33 ff 33 33 33 ff 33 33  |2.333.333.333.33|
0026f2d0  33 ff 33 33 33 ff 33 33  33 ff 33 33 33 ff 33 33  |3.333.333.333.33|
*
0026f330  33 ff 33 33 33 ff 33 33  33 ff 00 00 00 00 00 00  |3.333.333.......|
0026f340  00 00 00 00 00 00 00 00  00 00 00 00 00 00 00 00  |................|
*
0026f390  00 00 33 33 33 45 33 33  33 ff 33 33 33 ff 33 33  |..333E333.333.33|
0026f3a0  33 ff 33 33 33 ff 34 34  34 44 00 00 00 00 00 00  |3.333.444D......|
0026f3b0  00 00 00 00 00 00 00 00  00 00 00 00 00 00 00 00  |................|
*
0026f3f0  00 00 00 00 00 00 30 30  30 2f 33 33 33 ff 33 33  |......000/333.33|
0026f400  33 ff 33 33 33 ff 33 33  33 ff 33 33 33 ff 33 33  |3.333.333.333.33|
*
0026f430  33 fe 31 31 31 1a 00 00  00 00 00 00 00 00 00 00  |3.111...........|
0026f440  00 00 00 00 00 00 00 00  00 00 00 00 00 00 00 00  |................|
*
0026f470  00 00 00 00 00 00 00 00  00 00 00 00 00 00 32 32  |..............22|
0026f480  32 ba 33 33 33 ff 33 33  33 ff 33 33 33 ff 33 33  |2.333.333.333.33|
0026f490  33 ff 38 38 38 12 00 00  00 00 00 00 00 00 00 00  |3.888...........|
0026f4a0  00 00 00 00 00 00 00 00  00 00 00 00 00 00 00 00  |................|
*
0026f4f0  00 00 33 33 33 ff 33 33  33 ff 33 33 33 ff 33 33  |..333.333.333.33|
0026f500  33 ff 33 33 33 ff 33 33  33 ff 33 33 33 ff 33 33  |3.333.333.333.33|
*
0026f540  33 ff 00 00 00 00 00 00  00 00 00 00 00 00 00 00  |3...............|
0026f550  00 00 00 00 00 00 00 00  00 00 00 00 00 00 00 00  |................|
*
0026f650  00 01 33 33 33 e0 33 33  33 ff 33 33 33 ff 33 33  |..333.333.333.33|
0026f660  33 ff 33 33 33 ff 33 33  33 ff 33 33 33 ff 33 33  |3.333.333.333.33|
*
0026f6d0  33 ff 33 33 33 ff 33 33  33 ff 00 00 00 00 00 00  |3.333.333.......|
0026f6e0  00 00 00 00 00 00 00 00  00 00 00 00 00 00 00 00  |................|
*
0026f790  00 00 00 00 00 00 00 00  00 00 33 33 33 ff 33 33  |..........333.33|
0026f7a0  33 ff 33 33 33 ff 33 33  33 ff 33 33 33 ff 33 33  |3.333.333.333.33|
*
0026f7d0  33 ff 33 33 33 ff 33 33  33 ff 00 00 00 00 00 00  |3.333.333.......|
0026f7e0  00 00 00 00 00 00 00 00  00 00 00 00 00 00 00 00  |................|
*
0026f930  00 00 00 00 00 00 00 00  00 00 33 33 33 ff 33 33  |..........333.33|
0026f940  33 ff 33 33 33 ff 33 33  33 ff 33 33 33 ff 33 33  |3.333.333.333.33|
*
0026f9c0  33 ff 33 33 33 ff 33 33  33 ff 33 33 33 ff 00 00  |3.333.333.333...|
0026f9d0  00 00 00 00 00 00 00 00  00 00 00 00 00 00 00 00  |................|
*
0026fab0  00 00 00 00 00 00 00 00  00 00 00 00 00 00 30 30  |..............00|
0026fac0  30 15 33 33 33 85 33 33  33 f4 33 33 33 ff 33 33  |0.333.333.333.33|
0026fad0  33 ff 33 33 33 ff 33 33  33 ff 33 33 33 ff 33 33  |3.333.333.333.33|
*
0026fb30  33 ff 33 33 33 ff 33 33  33 ff 00 00 00 00 00 00  |3.333.333.......|
0026fb40  00 00 00 00 00 00 00 00  00 00 00 00 00 00 00 00  |................|
*
0026fb90  00 00 32 32 32 4c 33 33  33 ff 33 33 33 ff 33 33  |..222L333.333.33|
0026fba0  33 ff 33 33 33 f3 24 24  24 07 00 00 00 00 00 00  |3.333.$$$.......|
0026fbb0  00 00 00 00 00 00 00 00  00 00 00 00 00 00 00 00  |................|
*
0026fbf0  00 00 00 00 00 00 33 33  33 7b 33 33 33 ff 33 33  |......333{333.33|
0026fc00  33 ff 33 33 33 ff 33 33  33 ff 33 33 33 ff 33 33  |3.333.333.333.33|
*
0026fc30  33 ff 33 33 33 63 00 00  00 00 00 00 00 00 00 00  |3.333c..........|
0026fc40  00 00 00 00 00 00 00 00  00 00 00 00 00 00 00 00  |................|
*
0026fc70  00 00 00 00 00 00 00 00  00 00 00 00 00 00 33 33  |..............33|
0026fc80  33 72 33 33 33 ff 33 33  33 ff 33 33 33 ff 33 33  |3r333.333.333.33|
0026fc90  33 ff 31 31 31 1a 00 00  00 00 00 00 00 00 00 00  |3.111...........|
0026fca0  00 00 00 00 00 00 00 00  00 00 00 00 00 00 00 00  |................|
*
0026fcf0  00 00 33 33 33 ff 33 33  33 ff 33 33 33 ff 33 33  |..333.333.333.33|
0026fd00  33 ff 33 33 33 ff 33 33  33 ff 33 33 33 ff 33 33  |3.333.333.333.33|
*
0026fd40  33 ff 00 00 00 00 00 00  00 00 00 00 00 00 00 00  |3...............|
0026fd50  00 00 00 00 00 00 00 00  00 00 00 00 00 00 00 00  |................|
*
0026fe50  00 00 32 32 32 8d 33 33  33 ff 33 33 33 ff 33 33  |..222.333.333.33|
0026fe60  33 ff 33 33 33 ff 33 33  33 ff 33 33 33 ff 33 33  |3.333.333.333.33|
*
0026fed0  33 ff 33 33 33 ff 33 33  33 ff 00 00 00 00 00 00  |3.333.333.......|
0026fee0  00 00 00 00 00 00 00 00  00 00 00 00 00 00 00 00  |................|
*
0026ff90  00 00 00 00 00 00 00 00  00 00 33 33 33 ff 33 33  |..........333.33|
0026ffa0  33 ff 33 33 33 ff 33 33  33 ff 33 33 33 ff 33 33  |3.333.333.333.33|
*
0026ffd0  33 ff 33 33 33 ff 33 33  33 ff 00 00 00 00 00 00  |3.333.333.......|
0026ffe0  00 00 00 00 00 00 00 00  00 00 00 00 00 00 00 00  |................|
*
00270130  00 00 00 00 00 00 00 00  00 00 33 33 33 ff 33 33  |..........333.33|
00270140  33 ff 33 33 33 ff 33 33  33 ff 33 33 33 ff 33 33  |3.333.333.333.33|
*
002701c0  33 ff 33 33 33 ff 33 33  33 ff 33 33 33 ff 00 00  |3.333.333.333...|
002701d0  00 00 00 00 00 00 00 00  00 00 00 00 00 00 00 00  |................|
*
002702c0  00 00 00 00 00 00 33 33  33 1e 32 32 32 b5 33 33  |......333.222.33|
002702d0  33 ff 33 33 33 ff 33 33  33 ff 33 33 33 ff 33 33  |3.333.333.333.33|
*
00270330  33 ff 33 33 33 ff 33 33  33 ff 00 00 00 00 00 00  |3.333.333.......|
00270340  00 00 00 00 00 00 00 00  00 00 00 00 00 00 00 00  |................|
*
00270390  00 00 32 32 32 56 33 33  33 ff 33 33 33 ff 33 33  |..222V333.333.33|
002703a0  33 ff 32 32 32 b1 00 00  00 00 00 00 00 00 00 00  |3.222...........|
002703b0  00 00 00 00 00 00 00 00  00 00 00 00 00 00 00 00  |................|
*
002703f0  00 00 00 00 00 00 33 33  33 c6 33 33 33 ff 33 33  |......333.333.33|
00270400  33 ff 33 33 33 ff 33 33  33 ff 33 33 33 ff 33 33  |3.333.333.333.33|
*
00270430  33 ff 33 33 33 ad 00 00  00 00 00 00 00 00 00 00  |3.333...........|
00270440  00 00 00 00 00 00 00 00  00 00 00 00 00 00 00 00  |................|
*
00270470  00 00 00 00 00 00 00 00  00 00 00 00 00 00 30 30  |..............00|
00270480  30 2a 33 33 33 ff 33 33  33 ff 33 33 33 ff 33 33  |0*333.333.333.33|
00270490  33 ff 34 34 34 22 00 00  00 00 00 00 00 00 00 00  |3.444"..........|
002704a0  00 00 00 00 00 00 00 00  00 00 00 00 00 00 00 00  |................|
*
002704f0  00 00 33 33 33 ff 33 33  33 ff 33 33 33 ff 33 33  |..333.333.333.33|
00270500  33 ff 33 33 33 ff 33 33  33 ff 33 33 33 ff 33 33  |3.333.333.333.33|
*
00270540  33 ff 00 00 00 00 00 00  00 00 00 00 00 00 00 00  |3...............|
00270550  00 00 00 00 00 00 00 00  00 00 00 00 00 00 00 00  |................|
*
002705a0  00 00 00 00 00 00 00 00  00 00 00 00 00 00 33 33  |..............33|
002705b0  33 ff 33 33 33 ff 33 33  33 ff 33 33 33 ff 33 33  |3.333.333.333.33|
002705c0  33 fa 32 32 32 e7 33 33  33 d5 33 33 33 af 32 32  |3.222.333.333.22|
002705d0  32 6f 30 30 30 2a 00 00  00 00 00 00 00 00 00 00  |2o000*..........|
002705e0  00 00 00 00 00 00 00 00  00 00 00 00 00 00 00 00  |................|
*
00270650  00 00 33 33 33 3b 33 33  33 ff 33 33 33 ff 33 33  |..333;333.333.33|
00270660  33 ff 33 33 33 ff 33 33  33 ff 33 33 33 ff 33 33  |3.333.333.333.33|
*
002706d0  33 ff 33 33 33 ff 33 33  33 ff 00 00 00 00 00 00  |3.333.333.......|
002706e0  00 00 00 00 00 00 00 00  00 00 00 00 00 00 00 00  |................|
*
00270790  00 00 00 00 00 00 00 00  00 00 33 33 33 ff 33 33  |..........333.33|
002707a0  33 ff 33 33 33 ff 33 33  33 ff 33 33 33 ff 33 33  |3.333.333.333.33|
*
002707d0  33 ff 33 33 33 ff 33 33  33 ff 00 00 00 00 00 00  |3.333.333.......|
002707e0  00 00 00 00 00 00 00 00  00 00 00 00 00 00 00 00  |................|
*
00270930  00 00 00 00 00 00 00 00  00 00 33 33 33 ff 33 33  |..........333.33|
00270940  33 ff 33 33 33 ff 33 33  33 ff 33 33 33 ff 33 33  |3.333.333.333.33|
*
002709c0  33 ff 33 33 33 ff 33 33  33 ff 33 33 33 ff 00 00  |3.333.333.333...|
002709d0  00 00 00 00 00 00 00 00  00 00 00 00 00 00 00 00  |................|
*
00270ac0  00 00 00 00 00 00 00 00  00 00 00 00 00 01 32 32  |..............22|
00270ad0  32 79 33 33 33 fe 33 33  33 ff 33 33 33 ff 33 33  |2y333.333.333.33|
00270ae0  33 ff 33 33 33 ff 33 33  33 ff 33 33 33 ff 33 33  |3.333.333.333.33|
*
00270b30  33 ff 33 33 33 ff 33 33  33 ff 00 00 00 00 00 00  |3.333.333.......|
00270b40  00 00 00 00 00 00 00 00  00 00 00 00 00 00 00 00  |................|
*
00270b90  00 00 32 32 32 66 33 33  33 ff 33 33 33 ff 33 33  |..222f333.333.33|
00270ba0  33 ff 33 33 33 68 00 00  00 00 00 00 00 00 00 00  |3.333h..........|
00270bb0  00 00 00 00 00 00 00 00  00 00 00 00 00 00 00 00  |................|
*
00270bf0  00 00 30 30 30 15 32 32  32 fc 33 33 33 ff 33 33  |..000.222.333.33|
00270c00  33 ff 33 33 33 ff 33 33  33 ff 33 33 33 ff 33 33  |3.333.333.333.33|
*
00270c30  33 ff 32 32 32 f1 2a 2a  2a 06 00 00 00 00 00 00  |3.222.***.......|
00270c40  00 00 00 00 00 00 00 00  00 00 00 00 00 00 00 00  |................|
*
00270c80  00 00 33 33 33 e1 33 33  33 ff 33 33 33 ff 33 33  |..333.333.333.33|
00270c90  33 ff 30 30 30 2a 00 00  00 00 00 00 00 00 00 00  |3.000*..........|
00270ca0  00 00 00 00 00 00 00 00  00 00 00 00 00 00 00 00  |................|
*
00270cf0  00 00 33 33 33 ff 33 33  33 ff 33 33 33 ff 33 33  |..333.333.333.33|
00270d00  33 ff 33 33 33 ff 33 33  33 ff 33 33 33 ff 33 33  |3.333.333.333.33|
*
00270d40  33 ff 00 00 00 00 00 00  00 00 00 00 00 00 00 00  |3...............|
00270d50  00 00 00 00 00 00 00 00  00 00 00 00 00 00 00 00  |................|
*
00270da0  00 00 00 00 00 00 00 00  00 00 00 00 00 00 33 33  |..............33|
00270db0  33 ff 33 33 33 ff 33 33  33 ff 33 33 33 ff 33 33  |3.333.333.333.33|
*
00270dd0  33 ff 33 33 33 ff 33 33  33 b9 34 34 34 3f 00 00  |3.333.333.444?..|
00270de0  00 00 00 00 00 00 00 00  00 00 00 00 00 00 00 00  |................|
*
00270e50  00 00 00 00 00 02 33 33  33 e9 33 33 33 ff 33 33  |......333.333.33|
00270e60  33 ff 33 33 33 ff 33 33  33 ff 33 33 33 ff 33 33  |3.333.333.333.33|
*
00270ed0  33 ff 33 33 33 ff 33 33  33 ff 00 00 00 00 00 00  |3.333.333.......|
00270ee0  00 00 00 00 00 00 00 00  00 00 00 00 00 00 00 00  |................|
*
00270f90  00 00 00 00 00 00 00 00  00 00 33 33 33 ff 33 33  |..........333.33|
00270fa0  33 ff 33 33 33 ff 33 33  33 ff 33 33 33 ff 33 33  |3.333.333.333.33|
*
00270fd0  33 ff 33 33 33 ff 33 33  33 ff 00 00 00 00 00 00  |3.333.333.......|
00270fe0  00 00 00 00 00 00 00 00  00 00 00 00 00 00 00 00  |................|
*
00271130  00 00 00 00 00 00 00 00  00 00 33 33 33 ff 33 33  |..........333.33|
00271140  33 ff 33 33 33 ff 33 33  33 ff 33 33 33 ff 33 33  |3.333.333.333.33|
*
002711c0  33 ff 33 33 33 ff 33 33  33 ff 33 33 33 ff 00 00  |3.333.333.333...|
002711d0  00 00 00 00 00 00 00 00  00 00 00 00 00 00 00 00  |................|
*
002712d0  00 00 33 33 33 5e 33 33  33 fd 33 33 33 ff 33 33  |..333^333.333.33|
002712e0  33 ff 33 33 33 ff 33 33  33 ff 33 33 33 ff 33 33  |3.333.333.333.33|
*
00271330  33 ff 33 33 33 ff 33 33  33 ff 00 00 00 00 00 00  |3.333.333.......|
00271340  00 00 00 00 00 00 00 00  00 00 00 00 00 00 00 00  |................|
*
00271390  00 00 33 33 33 76 33 33  33 ff 33 33 33 ff 33 33  |..333v333.333.33|
002713a0  33 ff 31 31 31 1f 00 00  00 00 00 00 00 00 00 00  |3.111...........|
002713b0  00 00 00 00 00 00 00 00  00 00 00 00 00 00 00 00  |................|
*
002713f0  00 00 33 33 33 5e 33 33  33 ff 33 33 33 ff 33 33  |..333^333.333.33|
00271400  33 ff 33 33 33 ff 33 33  33 ff 33 33 33 ff 33 33  |3.333.333.333.33|
*
00271430  33 ff 33 33 33 ff 32 32  32 42 00 00 00 00 00 00  |3.333.222B......|
00271440  00 00 00 00 00 00 00 00  00 00 00 00 00 00 00 00  |................|
*
00271480  00 00 33 33 33 99 33 33  33 ff 33 33 33 ff 33 33  |..333.333.333.33|
00271490  33 ff 33 33 33 32 00 00  00 00 00 00 00 00 00 00  |3.3332..........|
002714a0  00 00 00 00 00 00 00 00  00 00 00 00 00 00 00 00  |................|
*
002714f0  00 00 33 33 33 ff 33 33  33 ff 33 33 33 ff 33 33  |..333.333.333.33|
00271500  33 ff 33 33 33 ff 33 33  33 ff 33 33 33 ff 33 33  |3.333.333.333.33|
*
00271540  33 ff 00 00 00 00 00 00  00 00 00 00 00 00 00 00  |3...............|
00271550  00 00 00 00 00 00 00 00  00 00 00 00 00 00 00 00  |................|
*
002715a0  00 00 00 00 00 00 00 00  00 00 00 00 00 00 33 33  |..............33|
002715b0  33 ff 33 33 33 ff 33 33  33 ff 33 33 33 ff 33 33  |3.333.333.333.33|
*
002715e0  33 99 2a 2a 2a 06 00 00  00 00 00 00 00 00 00 00  |3.***...........|
002715f0  00 00 00 00 00 00 00 00  00 00 00 00 00 00 00 00  |................|
*
00271650  00 00 00 00 00 00 32 32  32 b1 33 33 33 ff 33 33  |......222.333.33|
00271660  33 ff 33 33 33 ff 33 33  33 ff 33 33 33 ff 33 33  |3.333.333.333.33|
*
002716d0  33 ff 33 33 33 ff 33 33  33 ff 00 00 00 00 00 00  |3.333.333.......|
002716e0  00 00 00 00 00 00 00 00  00 00 00 00 00 00 00 00  |................|
*
00271790  00 00 00 00 00 00 00 00  00 00 33 33 33 ff 33 33  |..........333.33|
002717a0  33 ff 33 33 33 ff 33 33  33 ff 33 33 33 ff 33 33  |3.333.333.333.33|
*
002717d0  33 ff 33 33 33 ff 33 33  33 ff 00 00 00 00 00 00  |3.333.333.......|
002717e0  00 00 00 00 00 00 00 00  00 00 00 00 00 00 00 00  |................|
*
00271930  00 00 00 00 00 00 00 00  00 00 33 33 33 ff 33 33  |..........333.33|
00271940  33 ff 33 33 33 ff 33 33  33 ff 33 33 33 ff 33 33  |3.333.333.333.33|
*
002719c0  33 ff 33 33 33 ff 33 33  33 ff 33 33 33 ff 00 00  |3.333.333.333...|
002719d0  00 00 00 00 00 00 00 00  00 00 00 00 00 00 00 00  |................|
*
00271ad0  00 00 00 00 00 00 32 32  32 75 33 33 33 ff 33 33  |......222u333.33|
00271ae0  33 ff 33 33 33 ff 33 33  33 ff 33 33 33 ff 33 33  |3.333.333.333.33|
*
00271b30  33 ff 33 33 33 ff 33 33  33 ff 00 00 00 00 00 00  |3.333.333.......|
00271b40  00 00 00 00 00 00 00 00  00 00 00 00 00 00 00 00  |................|
*
00271b90  00 00 33 33 33 86 33 33  33 ff 33 33 33 ff 33 33  |..333.333.333.33|
00271ba0  33 d5 00 00 00 00 00 00  00 00 00 00 00 00 00 00  |3...............|
00271bb0  00 00 00 00 00 00 00 00  00 00 00 00 00 00 00 00  |................|
*
00271bf0  00 00 33 33 33 a9 33 33  33 ff 33 33 33 ff 33 33  |..333.333.333.33|
00271c00  33 ff 33 33 33 ff 33 33  33 ff 33 33 33 ff 33 33  |3.333.333.333.33|
*
00271c30  33 ff 33 33 33 ff 33 33  33 8c 00 00 00 00 00 00  |3.333.333.......|
00271c40  00 00 00 00 00 00 00 00  00 00 00 00 00 00 00 00  |................|
*
00271c80  00 00 32 32 32 51 33 33  33 ff 33 33 33 ff 33 33  |..222Q333.333.33|
00271c90  33 ff 34 34 34 3a 00 00  00 00 00 00 00 00 00 00  |3.444:..........|
00271ca0  00 00 00 00 00 00 00 00  00 00 00 00 00 00 00 00  |................|
*
00271cf0  00 00 33 33 33 ff 33 33  33 ff 33 33 33 ff 33 33  |..333.333.333.33|
00271d00  33 ff 33 33 33 ff 33 33  33 ff 33 33 33 ff 33 33  |3.333.333.333.33|
*
00271d40  33 ff 00 00 00 00 00 00  00 00 00 00 00 00 00 00  |3...............|
00271d50  00 00 00 00 00 00 00 00  00 00 00 00 00 00 00 00  |................|
*
00271da0  00 00 00 00 00 00 00 00  00 00 00 00 00 00 33 33  |..............33|
00271db0  33 ff 33 33 33 ff 33 33  33 ff 33 33 33 ff 33 33  |3.333.333.333.33|
*
00271de0  33 ff 33 33 33 bd 2a 2a  2a 06 00 00 00 00 00 00  |3.333.***.......|
00271df0  00 00 00 00 00 00 00 00  00 00 00 00 00 00 00 00  |................|
*
00271e50  00 00 00 00 00 00 32 32  32 79 33 33 33 ff 33 33  |......222y333.33|
00271e60  33 ff 33 33 33 ff 33 33  33 ff 33 33 33 ff 33 33  |3.333.333.333.33|
*
00271ed0  33 ff 33 33 33 ff 33 33  33 ff 00 00 00 00 00 00  |3.333.333.......|
00271ee0  00 00 00 00 00 00 00 00  00 00 00 00 00 00 00 00  |................|
*
00271f90  00 00 00 00 00 00 00 00  00 00 33 33 33 ff 33 33  |..........333.33|
00271fa0  33 ff 33 33 33 ff 33 33  33 ff 33 33 33 ff 33 33  |3.333.333.333.33|
*
00271fd0  33 ff 33 33 33 ff 33 33  33 ff 00 00 00 00 00 00  |3.333.333.......|
00271fe0  00 00 00 00 00 00 00 00  00 00 00 00 00 00 00 00  |................|
*
00272130  00 00 00 00 00 00 00 00  00 00 33 33 33 ff 33 33  |..........333.33|
00272140  33 ff 33 33 33 ff 33 33  33 ff 33 33 33 ff 33 33  |3.333.333.333.33|
*
002721c0  33 ff 33 33 33 ff 33 33  33 ff 33 33 33 ff 00 00  |3.333.333.333...|
002721d0  00 00 00 00 00 00 00 00  00 00 00 00 00 00 00 00  |................|
*
002722d0  00 00 00 00 00 00 00 00  00 00 32 32 32 9c 33 33  |..........222.33|
002722e0  33 ff 33 33 33 ff 33 33  33 ff 33 33 33 ff 33 33  |3.333.333.333.33|
*
00272330  33 ff 33 33 33 ff 33 33  33 ff 00 00 00 00 00 00  |3.333.333.......|
00272340  00 00 00 00 00 00 00 00  00 00 00 00 00 00 00 00  |................|
*
00272390  00 00 33 33 33 96 33 33  33 ff 33 33 33 ff 33 33  |..333.333.333.33|
002723a0  33 8c 00 00 00 00 00 00  00 00 00 00 00 00 00 00  |3...............|
002723b0  00 00 00 00 00 00 00 00  00 00 00 00 00 00 00 00  |................|
*
002723e0  00 00 00 00 00 00 00 00  00 00 00 00 00 00 33 33  |..............33|
002723f0  33 05 33 33 33 f0 33 33  33 ff 33 33 33 ff 33 33  |3.333.333.333.33|
00272400  33 ff 33 33 33 ff 33 33  33 ff 33 33 33 ff 33 33  |3.333.333.333.33|
*
00272430  33 ff 33 33 33 ff 33 33  33 d6 00 00 00 00 00 00  |3.333.333.......|
00272440  00 00 00 00 00 00 00 00  00 00 00 00 00 00 00 00  |................|
*
00272480  00 00 36 36 36 0e 33 33  33 fa 33 33 33 ff 33 33  |..666.333.333.33|
00272490  33 ff 33 33 33 45 00 00  00 00 00 00 00 00 00 00  |3.333E..........|
002724a0  00 00 00 00 00 00 00 00  00 00 00 00 00 00 00 00  |................|
*
002724f0  00 00 33 33 33 ff 33 33  33 ff 33 33 33 ff 33 33  |..333.333.333.33|
00272500  33 ff 33 33 33 ff 33 33  33 ff 33 33 33 ff 33 33  |3.333.333.333.33|
*
00272540  33 ff 00 00 00 00 00 00  00 00 00 00 00 00 00 00  |3...............|
00272550  00 00 00 00 00 00 00 00  00 00 00 00 00 00 00 00  |................|
*
002725a0  00 00 00 00 00 00 00 00  00 00 00 00 00 00 33 33  |..............33|
002725b0  33 ff 33 33 33 ff 33 33  33 ff 33 33 33 ff 33 33  |3.333.333.333.33|
*
002725e0  33 ff 33 33 33 ff 33 33  33 a0 00 00 00 00 00 00  |3.333.333.......|
002725f0  00 00 00 00 00 00 00 00  00 00 00 00 00 00 00 00  |................|
*
00272650  00 00 00 00 00 00 32 32  32 42 33 33 33 ff 33 33  |......222B333.33|
00272660  33 ff 33 33 33 ff 33 33  33 ff 33 33 33 ff 33 33  |3.333.333.333.33|
*
002726d0  33 ff 33 33 33 ff 33 33  33 ff 00 00 00 00 00 00  |3.333.333.......|
002726e0  00 00 00 00 00 00 00 00  00 00 00 00 00 00 00 00  |................|
*
00272790  00 00 00 00 00 00 00 00  00 00 33 33 33 ff 33 33  |..........333.33|
002727a0  33 ff 33 33 33 ff 33 33  33 ff 33 33 33 ff 33 33  |3.333.333.333.33|
*
002727d0  33 ff 33 33 33 ff 33 33  33 ff 00 00 00 00 00 00  |3.333.333.......|
002727e0  00 00 00 00 00 00 00 00  00 00 00 00 00 00 00 00  |................|
*
00272930  00 00 00 00 00 00 00 00  00 00 33 33 33 ff 33 33  |..........333.33|
00272940  33 ff 33 33 33 ff 33 33  33 ff 33 33 33 ff 33 33  |3.333.333.333.33|
*
002729c0  33 ff 33 33 33 ff 33 33  33 ff 33 33 33 ff 00 00  |3.333.333.333...|
002729d0  00 00 00 00 00 00 00 00  00 00 00 00 00 00 00 00  |................|
*
00272ad0  00 00 00 00 00 00 00 00  00 00 33 33 33 05 32 32  |..........333.22|
00272ae0  32 ce 33 33 33 ff 33 33  33 ff 33 33 33 ff 33 33  |2.333.333.333.33|
00272af0  33 ff 33 33 33 ff 33 33  33 ff 33 33 33 ff 33 33  |3.333.333.333.33|
*
00272b30  33 ff 33 33 33 ff 33 33  33 ff 00 00 00 00 00 00  |3.333.333.......|
00272b40  00 00 00 00 00 00 00 00  00 00 00 00 00 00 00 00  |................|
*
00272b90  00 00 32 32 32 a7 33 33  33 ff 33 33 33 ff 34 34  |..222.333.333.44|
00272ba0  34 44 00 00 00 00 00 00  00 00 00 00 00 00 00 00  |4D..............|
00272bb0  00 00 00 00 00 00 00 00  00 00 00 00 00 00 00 00  |................|
*
00272be0  00 00 00 00 00 00 00 00  00 00 00 00 00 00 33 33  |..............33|
00272bf0  33 41 33 33 33 ff 33 33  33 ff 33 33 33 ff 33 33  |3A333.333.333.33|
00272c00  33 ff 33 33 33 ff 33 33  33 ff 33 33 33 ff 33 33  |3.333.333.333.33|
*
00272c30  33 ff 33 33 33 ff 33 33  33 ff 36 36 36 21 00 00  |3.333.333.666!..|
00272c40  00 00 00 00 00 00 00 00  00 00 00 00 00 00 00 00  |................|
*
00272c80  00 00 00 00 00 00 33 33  33 c1 33 33 33 ff 33 33  |......333.333.33|
00272c90  33 ff 32 32 32 51 00 00  00 00 00 00 00 00 00 00  |3.222Q..........|
00272ca0  00 00 00 00 00 00 00 00  00 00 00 00 00 00 00 00  |................|
*
00272cf0  00 00 33 33 33 ff 33 33  33 ff 33 33 33 ff 33 33  |..333.333.333.33|
00272d00  33 ff 33 33 33 ff 33 33  33 ff 33 33 33 ff 33 33  |3.333.333.333.33|
*
00272d40  33 ff 00 00 00 00 00 00  00 00 00 00 00 00 00 00  |3...............|
00272d50  00 00 00 00 00 00 00 00  00 00 00 00 00 00 00 00  |................|
*
00272da0  00 00 00 00 00 00 00 00  00 00 00 00 00 00 33 33  |..............33|
00272db0  33 ff 33 33 33 ff 33 33  33 ff 33 33 33 ff 33 33  |3.333.333.333.33|
*
00272de0  33 ff 33 33 33 ff 33 33  33 ff 33 33 33 54 00 00  |3.333.333.333T..|
00272df0  00 00 00 00 00 00 00 00  00 00 00 00 00 00 00 00  |................|
*
00272e50  00 00 00 00 00 00 35 35  35 18 33 33 33 ff 33 33  |......555.333.33|
00272e60  33 ff 33 33 33 ff 33 33  33 ff 33 33 33 ff 33 33  |3.333.333.333.33|
*
00272ed0  33 ff 33 33 33 ff 33 33  33 ff 00 00 00 00 00 00  |3.333.333.......|
00272ee0  00 00 00 00 00 00 00 00  00 00 00 00 00 00 00 00  |................|
*
00272f90  00 00 00 00 00 00 00 00  00 00 33 33 33 ff 33 33  |..........333.33|
00272fa0  33 ff 33 33 33 ff 33 33  33 ff 33 33 33 ff 33 33  |3.333.333.333.33|
*
00272fd0  33 ff 33 33 33 ff 33 33  33 ff 00 00 00 00 00 00  |3.333.333.......|
00272fe0  00 00 00 00 00 00 00 00  00 00 00 00 00 00 00 00  |................|
*
00273130  00 00 00 00 00 00 00 00  00 00 33 33 33 ff 33 33  |..........333.33|
00273140  33 ff 33 33 33 ff 33 33  33 ff 33 33 33 ff 33 33  |3.333.333.333.33|
*
002731c0  33 ff 33 33 33 ff 33 33  33 ff 33 33 33 ff 00 00  |3.333.333.333...|
002731d0  00 00 00 00 00 00 00 00  00 00 00 00 00 00 00 00  |................|
*
00273230  00 00 00 00 00 00 33 33  33 ff 33 33 33 ff 33 33  |......333.333.33|
00273240  33 ff 33 33 33 ff 33 33  33 ff 33 33 33 ff 33 33  |3.333.333.333.33|
00273250  33 ff 33 33 33 ff 32 32  32 f6 33 33 33 e6 32 32  |3.333.222.333.22|
00273260  32 d4 32 32 32 a6 33 33  33 73 30 30 30 25 00 00  |2.222.333s000%..|
00273270  00 00 00 00 00 00 00 00  00 00 00 00 00 00 00 00  |................|
*
002732d0  00 00 00 00 00 00 00 00  00 00 00 00 00 00 34 34  |..............44|
002732e0  34 35 33 33 33 fd 33 33  33 ff 33 33 33 ff 33 33  |45333.333.333.33|
002732f0  33 ff 33 33 33 ff 33 33  33 ff 33 33 33 ff 33 33  |3.333.333.333.33|
*
00273330  33 ff 33 33 33 ff 33 33  33 ff 00 00 00 00 00 00  |3.333.333.......|
00273340  00 00 00 00 00 00 00 00  00 00 00 00 00 00 00 00  |................|
*
00273390  00 00 33 33 33 b7 33 33  33 ff 33 33 33 f4 24 24  |..333.333.333.$$|
002733a0  24 07 00 00 00 00 00 00  00 00 00 00 00 00 00 00  |$...............|
002733b0  00 00 00 00 00 00 00 00  00 00 00 00 00 00 00 00  |................|
*
002733e0  00 00 00 00 00 00 00 00  00 00 00 00 00 00 33 33  |..............33|
002733f0  33 8c 33 33 33 ff 33 33  33 ff 33 33 33 ff 33 33  |3.333.333.333.33|
00273400  33 ff 33 33 33 ff 33 33  33 ff 33 33 33 ff 33 33  |3.333.333.333.33|
*
00273430  33 ff 33 33 33 ff 33 33  33 ff 32 32 32 6a 00 00  |3.333.333.222j..|
00273440  00 00 00 00 00 00 00 00  00 00 00 00 00 00 00 00  |................|
*
00273480  00 00 00 00 00 00 32 32  32 7a 33 33 33 ff 33 33  |......222z333.33|
00273490  33 ff 31 31 31 5c 00 00  00 00 00 00 00 00 00 00  |3.111\..........|
002734a0  00 00 00 00 00 00 00 00  00 00 00 00 00 00 00 00  |................|
*
002734f0  00 00 33 33 33 ff 33 33  33 ff 33 33 33 ff 33 33  |..333.333.333.33|
00273500  33 ff 33 33 33 ff 33 33  33 ff 33 33 33 ff 33 33  |3.333.333.333.33|
*
00273540  33 ff 00 00 00 00 00 00  00 00 00 00 00 00 00 00  |3...............|
00273550  00 00 00 00 00 00 00 00  00 00 00 00 00 00 00 00  |................|
*
002735a0  00 00 00 00 00 00 00 00  00 00 00 00 00 00 33 33  |..............33|
002735b0  33 ff 33 33 33 ff 33 33  33 ff 33 33 33 ff 33 33  |3.333.333.333.33|
*
002735e0  33 ff 33 33 33 ff 33 33  33 ff 32 32 32 d8 3f 3f  |3.333.333.222.??|
002735f0  3f 04 00 00 00 00 00 00  00 00 00 00 00 00 00 00  |?...............|
00273600  00 00 00 00 00 00 00 00  00 00 00 00 00 00 00 00  |................|
*
00273650  00 00 00 00 00 00 00 00  00 01 32 32 32 f7 33 33  |..........222.33|
00273660  33 ff 33 33 33 ff 33 33  33 ff 33 33 33 ff 33 33  |3.333.333.333.33|
*
002736d0  33 ff 33 33 33 ff 33 33  33 ff 00 00 00 00 00 00  |3.333.333.......|
002736e0  00 00 00 00 00 00 00 00  00 00 00 00 00 00 00 00  |................|
*
00273790  00 00 00 00 00 00 00 00  00 00 33 33 33 ff 33 33  |..........333.33|
002737a0  33 ff 33 33 33 ff 33 33  33 ff 33 33 33 ff 33 33  |3.333.333.333.33|
*
002737d0  33 ff 33 33 33 ff 33 33  33 ff 00 00 00 00 00 00  |3.333.333.......|
002737e0  00 00 00 00 00 00 00 00  00 00 00 00 00 00 00 00  |................|
*
00273930  00 00 00 00 00 00 00 00  00 00 33 33 33 ff 33 33  |..........333.33|
00273940  33 ff 33 33 33 ff 33 33  33 ff 33 33 33 ff 33 33  |3.333.333.333.33|
*
002739c0  33 ff 33 33 33 ff 33 33  33 ff 33 33 33 ff 00 00  |3.333.333.333...|
002739d0  00 00 00 00 00 00 00 00  00 00 00 00 00 00 00 00  |................|
*
00273a30  00 00 00 00 00 00 33 33  33 ff 33 33 33 ff 33 33  |......333.333.33|
00273a40  33 ff 33 33 33 ff 33 33  33 ff 33 33 33 ff 33 33  |3.333.333.333.33|
*
00273a60  33 ff 33 33 33 ff 33 33  33 ff 33 33 33 fe 33 33  |3.333.333.333.33|
00273a70  33 c3 33 33 33 41 00 00  00 00 00 00 00 00 00 00  |3.333A..........|
00273a80  00 00 00 00 00 00 00 00  00 00 00 00 00 00 00 00  |................|
*
00273ae0  00 00 33 33 33 9b 33 33  33 ff 33 33 33 ff 33 33  |..333.333.333.33|
00273af0  33 ff 33 33 33 ff 33 33  33 ff 33 33 33 ff 33 33  |3.333.333.333.33|
*
00273b30  33 ff 33 33 33 ff 33 33  33 ff 00 00 00 00 00 00  |3.333.333.......|
00273b40  00 00 00 00 00 00 00 00  00 00 00 00 00 00 00 00  |................|
*
00273b90  00 00 33 33 33 c7 33 33  33 ff 32 32 32 b1 00 00  |..333.333.222...|
00273ba0  00 00 00 00 00 00 00 00  00 00 00 00 00 00 00 00  |................|
*
00273be0  00 00 00 00 00 00 00 00  00 00 00 00 00 00 32 32  |..............22|
00273bf0  32 d8 33 33 33 ff 33 33  33 ff 33 33 33 ff 33 33  |2.333.333.333.33|
00273c00  33 ff 33 33 33 ff 33 33  33 ff 33 33 33 ff 33 33  |3.333.333.333.33|
*
00273c30  33 ff 33 33 33 ff 33 33  33 ff 33 33 33 b4 00 00  |3.333.333.333...|
00273c40  00 00 00 00 00 00 00 00  00 00 00 00 00 00 00 00  |................|
*
00273c80  00 00 00 00 00 00 33 33  33 32 33 33 33 ff 33 33  |......3332333.33|
00273c90  33 ff 33 33 33 68 00 00  00 00 00 00 00 00 00 00  |3.333h..........|
00273ca0  00 00 00 00 00 00 00 00  00 00 00 00 00 00 00 00  |................|
*
00273cf0  00 00 33 33 33 ff 33 33  33 ff 33 33 33 ff 33 33  |..333.333.333.33|
00273d00  33 ff 33 33 33 ff 33 33  33 ff 33 33 33 ff 33 33  |3.333.333.333.33|
*
00273d40  33 ff 00 00 00 00 00 00  00 00 00 00 00 00 00 00  |3...............|
00273d50  00 00 00 00 00 00 00 00  00 00 00 00 00 00 00 00  |................|
*
00273da0  00 00 00 00 00 00 00 00  00 00 00 00 00 00 33 33  |..............33|
00273db0  33 ff 33 33 33 ff 33 33  33 ff 33 33 33 ff 33 33  |3.333.333.333.33|
*
00273de0  33 ff 33 33 33 ff 33 33  33 ff 33 33 33 ff 31 31  |3.333.333.333.11|
00273df0  31 48 00 00 00 00 00 00  00 00 00 00 00 00 00 00  |1H..............|
00273e00  00 00 00 00 00 00 00 00  00 00 00 00 00 00 00 00  |................|
*
00273e50  00 00 00 00 00 00 00 00  00 00 33 33 33 da 33 33  |..........333.33|
00273e60  33 ff 33 33 33 ff 33 33  33 ff 33 33 33 ff 33 33  |3.333.333.333.33|
*
00273ed0  33 ff 33 33 33 ff 33 33  33 ff 00 00 00 00 00 00  |3.333.333.......|
00273ee0  00 00 00 00 00 00 00 00  00 00 00 00 00 00 00 00  |................|
*
00273f90  00 00 00 00 00 00 00 00  00 00 33 33 33 ff 33 33  |..........333.33|
00273fa0  33 ff 33 33 33 ff 33 33  33 ff 33 33 33 ff 33 33  |3.333.333.333.33|
*
00273fd0  33 ff 33 33 33 ff 33 33  33 ff 00 00 00 00 00 00  |3.333.333.......|
00273fe0  00 00 00 00 00 00 00 00  00 00 00 00 00 00 00 00  |................|
*
00274130  00 00 00 00 00 00 00 00  00 00 33 33 33 ff 33 33  |..........333.33|
00274140  33 ff 33 33 33 ff 33 33  33 ff 33 33 33 ff 33 33  |3.333.333.333.33|
*
002741c0  33 ff 33 33 33 ff 33 33  33 ff 33 33 33 ff 00 00  |3.333.333.333...|
002741d0  00 00 00 00 00 00 00 00  00 00 00 00 00 00 00 00  |................|
*
00274230  00 00 00 00 00 00 33 33  33 ff 33 33 33 ff 33 33  |......333.333.33|
00274240  33 ff 33 33 33 ff 33 33  33 ff 33 33 33 ff 33 33  |3.333.333.333.33|
*
00274270  33 ff 33 33 33 ff 33 33  33 9e 33 33 33 05 00 00  |3.333.333.333...|
00274280  00 00 00 00 00 00 00 00  00 00 00 00 00 00 00 00  |................|
*
002742e0  00 00 33 33 33 14 32 32  32 f6 33 33 33 ff 33 33  |..333.222.333.33|
002742f0  33 ff 33 33 33 ff 33 33  33 ff 33 33 33 ff 33 33  |3.333.333.333.33|
*
00274330  33 ff 33 33 33 ff 33 33  33 ff 00 00 00 00 00 00  |3.333.333.......|
00274340  00 00 00 00 00 00 00 00  00 00 00 00 00 00 00 00  |................|
*
00274390  00 00 32 32 32 d8 33 33  33 ff 33 33 33 68 00 00  |..222.333.333h..|
002743a0  00 00 00 00 00 00 00 00  00 00 00 00 00 00 00 00  |................|
*
002743e0  00 00 00 00 00 00 00 00  00 00 31 31 31 24 33 33  |..........111$33|
002743f0  33 ff 33 33 33 ff 33 33  33 ff 33 33 33 ff 33 33  |3.333.333.333.33|
*
00274430  33 ff 33 33 33 ff 33 33  33 ff 32 32 32 f6 38 38  |3.333.333.222.88|
00274440  38 09 00 00 00 00 00 00  00 00 00 00 00 00 00 00  |8...............|
00274450  00 00 00 00 00 00 00 00  00 00 00 00 00 00 00 00  |................|
*
00274480  00 00 00 00 00 00 00 00  00 01 32 32 32 e7 33 33  |..........222.33|
00274490  33 ff 32 32 32 74 00 00  00 00 00 00 00 00 00 00  |3.222t..........|
002744a0  00 00 00 00 00 00 00 00  00 00 00 00 00 00 00 00  |................|
*
002744f0  00 00 33 33 33 ff 33 33  33 ff 33 33 33 ff 33 33  |..333.333.333.33|
00274500  33 ff 33 33 33 ff 33 33  33 ff 33 33 33 ff 33 33  |3.333.333.333.33|
*
00274540  33 ff 00 00 00 00 00 00  00 00 00 00 00 00 00 00  |3...............|
00274550  00 00 00 00 00 00 00 00  00 00 00 00 00 00 00 00  |................|
*
002745a0  00 00 00 00 00 00 00 00  00 00 00 00 00 00 33 33  |..............33|
002745b0  33 ff 33 33 33 ff 33 33  33 ff 33 33 33 ff 33 33  |3.333.333.333.33|
*
002745e0  33 ff 33 33 33 ff 33 33  33 ff 33 33 33 ff 32 32  |3.333.333.333.22|
002745f0  32 8d 00 00 00 00 00 00  00 00 00 00 00 00 00 00  |2...............|
00274600  00 00 00 00 00 00 00 00  00 00 00 00 00 00 00 00  |................|
*
00274650  00 00 00 00 00 00 00 00  00 00 33 33 33 bc 33 33  |..........333.33|
00274660  33 ff 33 33 33 ff 33 33  33 ff 33 33 33 ff 33 33  |3.333.333.333.33|
*
002746d0  33 ff 33 33 33 ff 33 33  33 ff 00 00 00 00 00 00  |3.333.333.......|
002746e0  00 00 00 00 00 00 00 00  00 00 00 00 00 00 00 00  |................|
*
00274790  00 00 00 00 00 00 00 00  00 00 33 33 33 ff 33 33  |..........333.33|
002747a0  33 ff 33 33 33 ff 33 33  33 ff 33 33 33 ff 33 33  |3.333.333.333.33|
*
002747d0  33 ff 33 33 33 ff 33 33  33 ff 00 00 00 00 00 00  |3.333.333.......|
002747e0  00 00 00 00 00 00 00 00  00 00 00 00 00 00 00 00  |................|
*
00274930  00 00 00 00 00 00 00 00  00 00 33 33 33 ff 33 33  |..........333.33|
00274940  33 ff 33 33 33 ff 33 33  33 ff 33 33 33 ff 33 33  |3.333.333.333.33|
*
002749c0  33 ff 33 33 33 ff 33 33  33 ff 33 33 33 ff 00 00  |3.333.333.333...|
002749d0  00 00 00 00 00 00 00 00  00 00 00 00 00 00 00 00  |................|
*
00274a30  00 00 00 00 00 00 33 33  33 ff 33 33 33 ff 33 33  |......333.333.33|
00274a40  33 ff 33 33 33 ff 33 33  33 ff 33 33 33 ff 33 33  |3.333.333.333.33|
*
00274a70  33 ff 33 33 33 ff 33 33  33 ff 33 33 33 b3 55 55  |3.333.333.333.UU|
00274a80  55 03 00 00 00 00 00 00  00 00 00 00 00 00 00 00  |U...............|
00274a90  00 00 00 00 00 00 00 00  00 00 00 00 00 00 00 00  |................|
*
00274ae0  00 00 00 00 00 00 33 33  33 a0 33 33 33 ff 33 33  |......333.333.33|
00274af0  33 ff 33 33 33 ff 33 33  33 ff 33 33 33 ff 33 33  |3.333.333.333.33|
*
00274b30  33 ff 33 33 33 ff 33 33  33 ff 00 00 00 00 00 00  |3.333.333.......|
00274b40  00 00 00 00 00 00 00 00  00 00 00 00 00 00 00 00  |................|
*
00274b90  00 00 32 32 32 e8 33 33  33 ff 31 31 31 1f 00 00  |..222.333.111...|
00274ba0  00 00 00 00 00 00 00 00  00 00 00 00 00 00 00 00  |................|
*
00274be0  00 00 00 00 00 00 00 00  00 00 32 32 32 70 33 33  |..........222p33|
00274bf0  33 ff 33 33 33 ff 33 33  33 ff 33 33 33 ff 33 33  |3.333.333.333.33|
*
00274c30  33 ff 33 33 33 ff 33 33  33 ff 33 33 33 ff 34 34  |3.333.333.333.44|
00274c40  34 49 00 00 00 00 00 00  00 00 00 00 00 00 00 00  |4I..............|
00274c50  00 00 00 00 00 00 00 00  00 00 00 00 00 00 00 00  |................|
*
00274c80  00 00 00 00 00 00 00 00  00 00 32 32 32 a1 33 33  |..........222.33|
00274c90  33 ff 32 32 32 7f 00 00  00 00 00 00 00 00 00 00  |3.222...........|
00274ca0  00 00 00 00 00 00 00 00  00 00 00 00 00 00 00 00  |................|
*
00274cf0  00 00 33 33 33 ff 33 33  33 ff 33 33 33 ff 33 33  |..333.333.333.33|
00274d00  33 ff 33 33 33 ff 33 33  33 ff 33 33 33 ff 33 33  |3.333.333.333.33|
*
00274d40  33 ff 00 00 00 00 00 00  00 00 00 00 00 00 00 00  |3...............|
00274d50  00 00 00 00 00 00 00 00  00 00 00 00 00 00 00 00  |................|
*
00274da0  00 00 00 00 00 00 00 00  00 00 00 00 00 00 33 33  |..............33|
00274db0  33 ff 33 33 33 ff 33 33  33 ff 33 33 33 ff 33 33  |3.333.333.333.33|
*
00274de0  33 ff 33 33 33 ff 33 33  33 ff 33 33 33 ff 32 32  |3.333.333.333.22|
00274df0  32 ce 00 00 00 00 00 00  00 00 00 00 00 00 00 00  |2...............|
00274e00  00 00 00 00 00 00 00 00  00 00 00 00 00 00 00 00  |................|
*
00274e50  00 00 00 00 00 00 00 00  00 00 33 33 33 af 33 33  |..........333.33|
00274e60  33 ff 33 33 33 ff 33 33  33 ff 33 33 33 ff 33 33  |3.333.333.333.33|
*
00274ed0  33 ff 33 33 33 ff 33 33  33 ff 00 00 00 00 00 00  |3.333.333.......|
00274ee0  00 00 00 00 00 00 00 00  00 00 00 00 00 00 00 00  |................|
*
00274f90  00 00 00 00 00 00 00 00  00 00 33 33 33 ff 33 33  |..........333.33|
00274fa0  33 ff 33 33 33 ff 33 33  33 ff 33 33 33 ff 33 33  |3.333.333.333.33|
*
00274fd0  33 ff 33 33 33 ff 33 33  33 ff 00 00 00 00 00 00  |3.333.333.......|
00274fe0  00 00 00 00 00 00 00 00  00 00 00 00 00 00 00 00  |................|
*
00275130  00 00 00 00 00 00 00 00  00 00 33 33 33 ff 33 33  |..........333.33|
00275140  33 ff 33 33 33 ff 33 33  33 ff 33 33 33 ff 33 33  |3.333.333.333.33|
*
002751c0  33 ff 33 33 33 ff 33 33  33 ff 33 33 33 ff 00 00  |3.333.333.333...|
002751d0  00 00 00 00 00 00 00 00  00 00 00 00 00 00 00 00  |................|
*
00275230  00 00 00 00 00 00 33 33  33 ff 33 33 33 ff 33 33  |......333.333.33|
00275240  33 ff 33 33 33 ff 33 33  33 ff 33 33 33 ff 33 33  |3.333.333.333.33|
*
00275270  33 ff 33 33 33 ff 33 33  33 ff 33 33 33 ff 32 32  |3.333.333.333.22|
00275280  32 70 00 00 00 00 00 00  00 00 00 00 00 00 00 00  |2p..............|
00275290  00 00 00 00 00 00 00 00  00 00 00 00 00 00 00 00  |................|
*
002752e0  00 00 00 00 00 00 31 31  31 39 33 33 33 ff 33 33  |......1119333.33|
002752f0  33 ff 33 33 33 ff 33 33  33 ff 33 33 33 ff 33 33  |3.333.333.333.33|
*
00275330  33 ff 33 33 33 ff 33 33  33 ff 00 00 00 00 00 00  |3.333.333.......|
00275340  00 00 00 00 00 00 00 00  00 00 00 00 00 00 00 00  |................|
*
00275390  00 00 33 33 33 f8 33 33  33 d5 00 00 00 00 00 00  |..333.333.......|
002753a0  00 00 00 00 00 00 00 00  00 00 00 00 00 00 00 00  |................|
*
002753e0  00 00 00 00 00 00 00 00  00 00 32 32 32 bb 33 33  |..........222.33|
002753f0  33 ff 33 33 33 ff 33 33  33 ff 33 33 33 ff 33 33  |3.333.333.333.33|
*
00275430  33 ff 33 33 33 ff 33 33  33 ff 33 33 33 ff 32 32  |3.333.333.333.22|
00275440  32 92 00 00 00 00 00 00  00 00 00 00 00 00 00 00  |2...............|
00275450  00 00 00 00 00 00 00 00  00 00 00 00 00 00 00 00  |................|
*
00275480  00 00 00 00 00 00 00 00  00 00 33 33 33 59 33 33  |..........333Y33|
00275490  33 ff 33 33 33 8a 00 00  00 00 00 00 00 00 00 00  |3.333...........|
002754a0  00 00 00 00 00 00 00 00  00 00 00 00 00 00 00 00  |................|
*
002754f0  00 00 33 33 33 ff 33 33  33 ff 33 33 33 ff 33 33  |..333.333.333.33|
00275500  33 ff 33 33 33 ff 33 33  33 ff 33 33 33 ff 33 33  |3.333.333.333.33|
*
00275540  33 ff 00 00 00 00 00 00  00 00 00 00 00 00 00 00  |3...............|
00275550  00 00 00 00 00 00 00 00  00 00 00 00 00 00 00 00  |................|
*
002755a0  00 00 00 00 00 00 00 00  00 00 00 00 00 00 33 33  |..............33|
002755b0  33 ff 33 33 33 ff 33 33  33 ff 33 33 33 ff 33 33  |3.333.333.333.33|
*
002755f0  33 ea 00 00 00 00 00 00  00 00 00 00 00 00 00 00  |3...............|
00275600  00 00 00 00 00 00 00 00  00 00 00 00 00 00 00 00  |................|
*
00275650  00 00 00 00 00 00 00 00  00 00 33 33 33 a5 33 33  |..........333.33|
00275660  33 ff 33 33 33 ff 33 33  33 ff 33 33 33 ff 33 33  |3.333.333.333.33|
*
002756d0  33 ff 33 33 33 ff 33 33  33 ff 00 00 00 00 00 00  |3.333.333.......|
002756e0  00 00 00 00 00 00 00 00  00 00 00 00 00 00 00 00  |................|
*
00275790  00 00 00 00 00 00 00 00  00 00 33 33 33 ff 33 33  |..........333.33|
002757a0  33 ff 33 33 33 ff 33 33  33 ff 33 33 33 ff 33 33  |3.333.333.333.33|
*
002757d0  33 ff 33 33 33 ff 33 33  33 ff 00 00 00 00 00 00  |3.333.333.......|
002757e0  00 00 00 00 00 00 00 00  00 00 00 00 00 00 00 00  |................|
*
00275930  00 00 00 00 00 00 00 00  00 00 33 33 33 ff 33 33  |..........333.33|
00275940  33 ff 33 33 33 ff 33 33  33 ff 33 33 33 ff 33 33  |3.333.333.333.33|
*
002759c0  33 ff 33 33 33 ff 33 33  33 ff 33 33 33 ff 00 00  |3.333.333.333...|
002759d0  00 00 00 00 00 00 00 00  00 00 00 00 00 00 00 00  |................|
*
00275a30  00 00 00 00 00 00 33 33  33 ff 33 33 33 ff 33 33  |......333.333.33|
00275a40  33 ff 33 33 33 ff 33 33  33 ff 33 33 33 ff 33 33  |3.333.333.333.33|
*
00275a80  33 f0 24 24 24 07 00 00  00 00 00 00 00 00 00 00  |3.$$$...........|
00275a90  00 00 00 00 00 00 00 00  00 00 00 00 00 00 00 00  |................|
*
00275ae0  00 00 00 00 00 00 00 00  00 00 32 32 32 d3 33 33  |..........222.33|
00275af0  33 ff 33 33 33 ff 33 33  33 ff 33 33 33 ff 33 33  |3.333.333.333.33|
*
00275b30  33 ff 33 33 33 ff 33 33  33 ff 00 00 00 00 00 00  |3.333.333.......|
00275b40  00 00 00 00 00 00 00 00  00 00 00 00 00 00 00 00  |................|
*
00275b80  00 00 00 00 00 00 00 00  00 00 00 00 00 00 38 38  |..............88|
00275b90  38 09 33 33 33 ff 32 32  32 8d 00 00 00 00 00 00  |8.333.222.......|
00275ba0  00 00 00 00 00 00 00 00  00 00 00 00 00 00 00 00  |................|
*
00275be0  00 00 00 00 00 00 3a 3a  3a 0d 33 33 33 f9 33 33  |......:::.333.33|
00275bf0  33 ff 33 33 33 ff 33 33  33 ff 33 33 33 ff 33 33  |3.333.333.333.33|
*
00275c30  33 ff 33 33 33 ff 33 33  33 ff 33 33 33 ff 32 32  |3.333.333.333.22|
00275c40  32 dd 00 00 00 00 00 00  00 00 00 00 00 00 00 00  |2...............|
00275c50  00 00 00 00 00 00 00 00  00 00 00 00 00 00 00 00  |................|
*
00275c80  00 00 00 00 00 00 00 00  00 00 35 35 35 13 32 32  |..........555.22|
00275c90  32 fc 32 32 32 97 00 00  00 00 00 00 00 00 00 00  |2.222...........|
00275ca0  00 00 00 00 00 00 00 00  00 00 00 00 00 00 00 00  |................|
*
00275cf0  00 00 33 33 33 ff 33 33  33 ff 33 33 33 ff 33 33  |..333.333.333.33|
00275d00  33 ff 33 33 33 ff 33 33  33 ff 33 33 33 ff 33 33  |3.333.333.333.33|
*
00275d40  33 ff 00 00 00 00 00 00  00 00 00 00 00 00 00 00  |3...............|
00275d50  00 00 00 00 00 00 00 00  00 00 00 00 00 00 00 00  |................|
*
00275da0  00 00 00 00 00 00 00 00  00 00 00 00 00 00 33 33  |..............33|
00275db0  33 ff 33 33 33 ff 33 33  33 ff 33 33 33 ff 33 33  |3.333.333.333.33|
*
00275de0  33 ff 33 33 33 ff 33 33  33 ff 33 33 33 ff 32 32  |3.333.333.333.22|
00275df0  32 fc 55 55 55 03 00 00  00 00 00 00 00 00 00 00  |2.UUU...........|
00275e00  00 00 00 00 00 00 00 00  00 00 00 00 00 00 00 00  |................|
*
00275e50  00 00 00 00 00 00 00 00  00 00 33 33 33 9b 33 33  |..........333.33|
00275e60  33 ff 33 33 33 ff 33 33  33 ff 33 33 33 ff 33 33  |3.333.333.333.33|
*
00275ed0  33 ff 33 33 33 ff 33 33  33 ff 00 00 00 00 00 00  |3.333.333.......|
00275ee0  00 00 00 00 00 00 00 00  00 00 00 00 00 00 00 00  |................|
*
00275f90  00 00 00 00 00 00 00 00  00 00 33 33 33 ff 33 33  |..........333.33|
00275fa0  33 ff 33 33 33 ff 33 33  33 ff 33 33 33 ff 33 33  |3.333.333.333.33|
*
00275fd0  33 ff 33 33 33 ff 33 33  33 ff 00 00 00 00 00 00  |3.333.333.......|
00275fe0  00 00 00 00 00 00 00 00  00 00 00 00 00 00 00 00  |................|
*
00276130  00 00 00 00 00 00 00 00  00 00 33 33 33 ff 33 33  |..........333.33|
00276140  33 ff 33 33 33 ff 33 33  33 ff 33 33 33 ff 33 33  |3.333.333.333.33|
*
002761c0  33 ff 33 33 33 ff 33 33  33 ff 33 33 33 ff 00 00  |3.333.333.333...|
002761d0  00 00 00 00 00 00 00 00  00 00 00 00 00 00 00 00  |................|
*
00276230  00 00 00 00 00 00 33 33  33 ff 33 33 33 ff 33 33  |......333.333.33|
00276240  33 ff 33 33 33 ff 33 33  33 ff 33 33 33 ff 33 33  |3.333.333.333.33|
*
00276280  33 ff 33 33 33 4b 00 00  00 00 00 00 00 00 00 00  |3.333K..........|
00276290  00 00 00 00 00 00 00 00  00 00 00 00 00 00 00 00  |................|
*
002762e0  00 00 00 00 00 00 00 00  00 00 33 33 33 90 33 33  |..........333.33|
002762f0  33 ff 33 33 33 ff 33 33  33 ff 33 33 33 ff 33 33  |3.333.333.333.33|
*
00276330  33 ff 33 33 33 ff 33 33  33 ff 00 00 00 00 00 00  |3.333.333.......|
00276340  00 00 00 00 00 00 00 00  00 00 00 00 00 00 00 00  |................|
*
00276380  00 00 00 00 00 00 00 00  00 00 00 00 00 00 31 31  |..............11|
00276390  31 1a 33 33 33 ff 34 34  34 44 00 00 00 00 00 00  |1.333.444D......|
002763a0  00 00 00 00 00 00 00 00  00 00 00 00 00 00 00 00  |................|
*
002763e0  00 00 00 00 00 00 34 34  34 53 33 33 33 ff 33 33  |......444S333.33|
002763f0  33 ff 33 33 33 ff 33 33  33 ff 33 33 33 ff 33 33  |3.333.333.333.33|
*
00276440  33 ff 33 33 33 28 00 00  00 00 00 00 00 00 00 00  |3.333(..........|
00276450  00 00 00 00 00 00 00 00  00 00 00 00 00 00 00 00  |................|
*
00276480  00 00 00 00 00 00 00 00  00 00 00 00 00 00 33 33  |..............33|
00276490  33 c8 32 32 32 a2 00 00  00 00 00 00 00 00 00 00  |3.222...........|
002764a0  00 00 00 00 00 00 00 00  00 00 00 00 00 00 00 00  |................|
*
002764f0  00 00 33 33 33 ff 33 33  33 ff 33 33 33 ff 33 33  |..333.333.333.33|
00276500  33 ff 33 33 33 ff 33 33  33 ff 33 33 33 ff 33 33  |3.333.333.333.33|
*
00276540  33 ff 00 00 00 00 00 00  00 00 00 00 00 00 00 00  |3...............|
00276550  00 00 00 00 00 00 00 00  00 00 00 00 00 00 00 00  |................|
*
002765a0  00 00 00 00 00 00 00 00  00 00 00 00 00 00 33 33  |..............33|
002765b0  33 ff 33 33 33 ff 33 33  33 ff 33 33 33 ff 33 33  |3.333.333.333.33|
*
002765f0  33 ff 2e 2e 2e 0b 00 00  00 00 00 00 00 00 00 00  |3...............|
00276600  00 00 00 00 00 00 00 00  00 00 00 00 00 00 00 00  |................|
*
00276650  00 00 00 00 00 00 00 00  00 00 32 32 32 93 33 33  |..........222.33|
00276660  33 ff 33 33 33 ff 33 33  33 ff 33 33 33 ff 33 33  |3.333.333.333.33|
*
002766d0  33 ff 33 33 33 ff 33 33  33 ff 00 00 00 00 00 00  |3.333.333.......|
002766e0  00 00 00 00 00 00 00 00  00 00 00 00 00 00 00 00  |................|
*
00276790  00 00 00 00 00 00 00 00  00 00 33 33 33 ff 33 33  |..........333.33|
002767a0  33 ff 33 33 33 ff 33 33  33 ff 33 33 33 ff 33 33  |3.333.333.333.33|
*
002767d0  33 ff 33 33 33 ff 33 33  33 ff 00 00 00 00 00 00  |3.333.333.......|
002767e0  00 00 00 00 00 00 00 00  00 00 00 00 00 00 00 00  |................|
*
00276930  00 00 00 00 00 00 00 00  00 00 33 33 33 ff 33 33  |..........333.33|
00276940  33 ff 33 33 33 ff 33 33  33 ff 33 33 33 ff 33 33  |3.333.333.333.33|
*
002769c0  33 ff 33 33 33 ff 33 33  33 ff 33 33 33 ff 00 00  |3.333.333.333...|
002769d0  00 00 00 00 00 00 00 00  00 00 00 00 00 00 00 00  |................|
*
00276a30  00 00 00 00 00 00 33 33  33 ff 33 33 33 ff 33 33  |......333.333.33|
00276a40  33 ff 33 33 33 ff 33 33  33 ff 33 33 33 ff 33 33  |3.333.333.333.33|
*
00276a80  33 ff 32 32 32 7e 00 00  00 00 00 00 00 00 00 00  |3.222~..........|
00276a90  00 00 00 00 00 00 00 00  00 00 00 00 00 00 00 00  |................|
*
00276ae0  00 00 00 00 00 00 00 00  00 00 34 34 34 58 33 33  |..........444X33|
00276af0  33 ff 33 33 33 ff 33 33  33 ff 33 33 33 ff 33 33  |3.333.333.333.33|
*
00276b30  33 ff 33 33 33 ff 33 33  33 ff 00 00 00 00 00 00  |3.333.333.......|
00276b40  00 00 00 00 00 00 00 00  00 00 00 00 00 00 00 00  |................|
*
00276b80  00 00 00 00 00 00 00 00  00 00 00 00 00 00 30 30  |..............00|
00276b90  30 2a 33 33 33 f4 24 24  24 07 00 00 00 00 00 00  |0*333.$$$.......|
00276ba0  00 00 00 00 00 00 00 00  00 00 00 00 00 00 00 00  |................|
*
00276be0  00 00 00 00 00 00 33 33  33 9e 33 33 33 ff 33 33  |......333.333.33|
00276bf0  33 ff 33 33 33 ff 33 33  33 ff 33 33 33 ff 33 33  |3.333.333.333.33|
*
00276c40  33 ff 33 33 33 72 00 00  00 00 00 00 00 00 00 00  |3.333r..........|
00276c50  00 00 00 00 00 00 00 00  00 00 00 00 00 00 00 00  |................|
*
00276c80  00 00 00 00 00 00 00 00  00 00 00 00 00 00 33 33  |..............33|
00276c90  33 80 33 33 33 ad 00 00  00 00 00 00 00 00 00 00  |3.333...........|
00276ca0  00 00 00 00 00 00 00 00  00 00 00 00 00 00 00 00  |................|
*
00276cf0  00 00 33 33 33 ff 33 33  33 ff 33 33 33 ff 33 33  |..333.333.333.33|
00276d00  33 ff 33 33 33 ff 33 33  33 ff 33 33 33 ff 33 33  |3.333.333.333.33|
*
00276d40  33 ff 00 00 00 00 00 00  00 00 00 00 00 00 00 00  |3...............|
00276d50  00 00 00 00 00 00 00 00  00 00 00 00 00 00 00 00  |................|
*
00276da0  00 00 00 00 00 00 00 00  00 00 00 00 00 00 33 33  |..............33|
00276db0  33 ff 33 33 33 ff 33 33  33 ff 33 33 33 ff 33 33  |3.333.333.333.33|
*
00276df0  33 fa 00 00 00 01 00 00  00 00 00 00 00 00 00 00  |3...............|
00276e00  00 00 00 00 00 00 00 00  00 00 00 00 00 00 00 00  |................|
*
00276e50  00 00 00 00 00 00 00 00  00 00 33 33 33 9b 33 33  |..........333.33|
00276e60  33 ff 33 33 33 ff 33 33  33 ff 33 33 33 ff 33 33  |3.333.333.333.33|
*
00276ed0  33 ff 33 33 33 ff 33 33  33 ff 00 00 00 00 00 00  |3.333.333.......|
00276ee0  00 00 00 00 00 00 00 00  00 00 00 00 00 00 00 00  |................|
*
00276f90  00 00 00 00 00 00 00 00  00 00 33 33 33 ff 33 33  |..........333.33|
00276fa0  33 ff 33 33 33 ff 33 33  33 ff 33 33 33 ff 33 33  |3.333.333.333.33|
*
00276fd0  33 ff 33 33 33 ff 33 33  33 ff 00 00 00 00 00 00  |3.333.333.......|
00276fe0  00 00 00 00 00 00 00 00  00 00 00 00 00 00 00 00  |................|
*
00277130  00 00 00 00 00 00 00 00  00 00 33 33 33 ff 33 33  |..........333.33|
00277140  33 ff 33 33 33 ff 33 33  33 ff 33 33 33 ff 33 33  |3.333.333.333.33|
*
002771c0  33 ff 33 33 33 ff 33 33  33 ff 33 33 33 ff 00 00  |3.333.333.333...|
002771d0  00 00 00 00 00 00 00 00  00 00 00 00 00 00 00 00  |................|
*
00277230  00 00 00 00 00 00 33 33  33 ff 33 33 33 ff 33 33  |......333.333.33|
00277240  33 ff 33 33 33 ff 33 33  33 ff 33 33 33 ff 33 33  |3.333.333.333.33|
*
00277280  33 ff 33 33 33 95 00 00  00 00 00 00 00 00 00 00  |3.333...........|
00277290  00 00 00 00 00 00 00 00  00 00 00 00 00 00 00 00  |................|
*
002772e0  00 00 00 00 00 00 00 00  00 00 33 33 33 1e 33 33  |..........333.33|
002772f0  33 ff 33 33 33 ff 33 33  33 ff 33 33 33 ff 33 33  |3.333.333.333.33|
*
00277330  33 ff 33 33 33 ff 33 33  33 ff 00 00 00 00 00 00  |3.333.333.......|
00277340  00 00 00 00 00 00 00 00  00 00 00 00 00 00 00 00  |................|
*
00277380  00 00 00 00 00 00 00 00  00 00 00 00 00 00 34 34  |..............44|
00277390  34 3a 32 32 32 b1 00 00  00 00 00 00 00 00 00 00  |4:222...........|
002773a0  00 00 00 00 00 00 00 00  00 00 00 00 00 00 00 00  |................|
*
002773e0  00 00 00 00 00 02 32 32  32 e7 33 33 33 ff 33 33  |......222.333.33|
002773f0  33 ff 33 33 33 ff 33 33  33 ff 33 33 33 ff 33 33  |3.333.333.333.33|
*
00277440  33 ff 32 32 32 bb 00 00  00 00 00 00 00 00 00 00  |3.222...........|
00277450  00 00 00 00 00 00 00 00  00 00 00 00 00 00 00 00  |................|
*
00277480  00 00 00 00 00 00 00 00  00 00 00 00 00 00 31 31  |..............11|
00277490  31 39 33 33 33 b9 00 00  00 00 00 00 00 00 00 00  |19333...........|
002774a0  00 00 00 00 00 00 00 00  00 00 00 00 00 00 00 00  |................|
*
002774f0  00 00 33 33 33 ff 33 33  33 ff 33 33 33 ff 33 33  |..333.333.333.33|
00277500  33 ff 33 33 33 ff 33 33  33 ff 33 33 33 ff 33 33  |3.333.333.333.33|
*
00277540  33 ff 00 00 00 00 00 00  00 00 00 00 00 00 00 00  |3...............|
00277550  00 00 00 00 00 00 00 00  00 00 00 00 00 00 00 00  |................|
*
002775a0  00 00 00 00 00 00 00 00  00 00 00 00 00 00 33 33  |..............33|
002775b0  33 ff 33 33 33 ff 33 33  33 ff 33 33 33 ff 33 33  |3.333.333.333.33|
*
002775e0  33 ff 33 33 33 ff 33 33  33 ff 33 33 33 ff 32 32  |3.333.333.333.22|
002775f0  32 e2 00 00 00 00 00 00  00 00 00 00 00 00 00 00  |2...............|
00277600  00 00 00 00 00 00 00 00  00 00 00 00 00 00 00 00  |................|
*
00277650  00 00 00 00 00 00 00 00  00 00 32 32 32 a6 33 33  |..........222.33|
00277660  33 ff 33 33 33 ff 33 33  33 ff 33 33 33 ff 33 33  |3.333.333.333.33|
*
002776d0  33 ff 33 33 33 ff 33 33  33 ff 00 00 00 00 00 00  |3.333.333.......|
002776e0  00 00 00 00 00 00 00 00  00 00 00 00 00 00 00 00  |................|
*
00277790  00 00 00 00 00 00 00 00  00 00 33 33 33 ff 33 33  |..........333.33|
002777a0  33 ff 33 33 33 ff 33 33  33 ff 33 33 33 ff 33 33  |3.333.333.333.33|
*
002777d0  33 ff 33 33 33 ff 33 33  33 ff 00 00 00 00 00 00  |3.333.333.......|
002777e0  00 00 00 00 00 00 00 00  00 00 00 00 00 00 00 00  |................|
*
00277930  00 00 00 00 00 00 00 00  00 00 33 33 33 ff 33 33  |..........333.33|
00277940  33 ff 33 33 33 ff 33 33  33 ff 33 33 33 ff 33 33  |3.333.333.333.33|
*
002779c0  33 ff 33 33 33 ff 33 33  33 ff 33 33 33 ff 00 00  |3.333.333.333...|
002779d0  00 00 00 00 00 00 00 00  00 00 00 00 00 00 00 00  |................|
*
00277a30  00 00 00 00 00 00 33 33  33 ff 33 33 33 ff 33 33  |......333.333.33|
00277a40  33 ff 33 33 33 ff 33 33  33 ff 33 33 33 ff 33 33  |3.333.333.333.33|
*
00277a80  33 ff 32 32 32 98 00 00  00 00 00 00 00 00 00 00  |3.222...........|
00277a90  00 00 00 00 00 00 00 00  00 00 00 00 00 00 00 00  |................|
*
00277ae0  00 00 00 00 00 00 00 00  00 00 00 00 00 00 33 33  |..............33|
00277af0  33 ee 33 33 33 ff 33 33  33 ff 33 33 33 ff 33 33  |3.333.333.333.33|
00277b00  33 ff 33 33 33 ff 33 33  33 ff 33 33 33 ff 33 33  |3.333.333.333.33|
*
00277b30  33 ff 33 33 33 ff 33 33  33 ff 00 00 00 00 00 00  |3.333.333.......|
00277b40  00 00 00 00 00 00 00 00  00 00 00 00 00 00 00 00  |................|
*
00277b80  00 00 00 00 00 00 00 00  00 00 00 00 00 00 33 33  |..............33|
00277b90  33 4a 33 33 33 68 00 00  00 00 00 00 00 00 00 00  |3J333h..........|
00277ba0  00 00 00 00 00 00 00 00  00 00 00 00 00 00 00 00  |................|
*
00277be0  00 00 33 33 33 36 33 33  33 ff 33 33 33 ff 33 33  |..3336333.333.33|
00277bf0  33 ff 33 33 33 ff 33 33  33 ff 33 33 33 ff 33 33  |3.333.333.333.33|
*
00277c40  33 ff 33 33 33 f9 3a 3a  3a 0d 00 00 00 00 00 00  |3.333.:::.......|
00277c50  00 00 00 00 00 00 00 00  00 00 00 00 00 00 00 00  |................|
*
00277c80  00 00 00 00 00 00 00 00  00 00 00 00 00 00 55 55  |..............UU|
00277c90  55 03 33 33 33 b3 00 00  00 00 00 00 00 00 00 00  |U.333...........|
00277ca0  00 00 00 00 00 00 00 00  00 00 00 00 00 00 00 00  |................|
*
00277cf0  00 00 33 33 33 ff 33 33  33 ff 33 33 33 ff 33 33  |..333.333.333.33|
00277d00  33 ff 33 33 33 ff 33 33  33 ff 33 33 33 ff 33 33  |3.333.333.333.33|
*
00277d40  33 ff 00 00 00 00 00 00  00 00 00 00 00 00 00 00  |3...............|
00277d50  00 00 00 00 00 00 00 00  00 00 00 00 00 00 00 00  |................|
*
00277da0  00 00 00 00 00 00 00 00  00 00 00 00 00 00 33 33  |..............33|
00277db0  33 ff 33 33 33 ff 33 33  33 ff 33 33 33 ff 33 33  |3.333.333.333.33|
*
00277df0  33 a8 00 00 00 00 00 00  00 00 00 00 00 00 00 00  |3...............|
00277e00  00 00 00 00 00 00 00 00  00 00 00 00 00 00 00 00  |................|
*
00277e50  00 00 00 00 00 00 00 00  00 00 32 32 32 b0 33 33  |..........222.33|
00277e60  33 ff 33 33 33 ff 33 33  33 ff 33 33 33 ff 33 33  |3.333.333.333.33|
*
00277ed0  33 ff 33 33 33 ff 33 33  33 ff 00 00 00 00 00 00  |3.333.333.......|
00277ee0  00 00 00 00 00 00 00 00  00 00 00 00 00 00 00 00  |................|
*
00277f90  00 00 00 00 00 00 00 00  00 00 33 33 33 ff 33 33  |..........333.33|
00277fa0  33 ff 33 33 33 ff 33 33  33 ff 33 33 33 ff 33 33  |3.333.333.333.33|
*
00277fd0  33 ff 33 33 33 ff 33 33  33 ff 00 00 00 00 00 00  |3.333.333.......|
00277fe0  00 00 00 00 00 00 00 00  00 00 00 00 00 00 00 00  |................|
*
00278130  00 00 00 00 00 00 00 00  00 00 33 33 33 ff 33 33  |..........333.33|
00278140  33 ff 33 33 33 ff 33 33  33 ff 33 33 33 ff 33 33  |3.333.333.333.33|
*
002781c0  33 ff 33 33 33 ff 33 33  33 ff 33 33 33 ff 00 00  |3.333.333.333...|
002781d0  00 00 00 00 00 00 00 00  00 00 00 00 00 00 00 00  |................|
*
00278230  00 00 00 00 00 00 33 33  33 ff 33 33 33 ff 33 33  |......333.333.33|
00278240  33 ff 33 33 33 ff 33 33  33 ff 33 33 33 ff 33 33  |3.333.333.333.33|
*
00278280  33 ff 32 32 32 7e 00 00  00 00 00 00 00 00 00 00  |3.222~..........|
00278290  00 00 00 00 00 00 00 00  00 00 00 00 00 00 00 00  |................|
*
002782e0  00 00 00 00 00 00 00 00  00 00 00 00 00 00 33 33  |..............33|
002782f0  33 da 33 33 33 ff 33 33  33 ff 33 33 33 ff 33 33  |3.333.333.333.33|
00278300  33 ff 33 33 33 ff 33 33  33 ff 33 33 33 ff 33 33  |3.333.333.333.33|
*
00278330  33 ff 33 33 33 ff 33 33  33 ff 00 00 00 00 00 00  |3.333.333.......|
00278340  00 00 00 00 00 00 00 00  00 00 00 00 00 00 00 00  |................|
*
002783e0  00 00 33 33 33 81 33 33  33 ff 33 33 33 ff 33 33  |..333.333.333.33|
002783f0  33 ff 33 33 33 ff 33 33  33 ff 33 33 33 ff 33 33  |3.333.333.333.33|
*
00278440  33 ff 33 33 33 ff 32 32  32 51 00 00 00 00 00 00  |3.333.222Q......|
00278450  00 00 00 00 00 00 00 00  00 00 00 00 00 00 00 00  |................|
*
002784f0  00 00 33 33 33 ff 33 33  33 ff 33 33 33 ff 33 33  |..333.333.333.33|
00278500  33 ff 33 33 33 ff 33 33  33 ff 33 33 33 ff 33 33  |3.333.333.333.33|
*
00278540  33 ff 00 00 00 00 00 00  00 00 00 00 00 00 00 00  |3...............|
00278550  00 00 00 00 00 00 00 00  00 00 00 00 00 00 00 00  |................|
*
002785a0  00 00 00 00 00 00 00 00  00 00 00 00 00 00 33 33  |..............33|
002785b0  33 ff 33 33 33 ff 33 33  33 ff 33 33 33 ff 33 33  |3.333.333.333.33|
*
002785e0  33 ff 33 33 33 ff 33 33  33 ff 33 33 33 ff 34 34  |3.333.333.333.44|
002785f0  34 62 00 00 00 00 00 00  00 00 00 00 00 00 00 00  |4b..............|
00278600  00 00 00 00 00 00 00 00  00 00 00 00 00 00 00 00  |................|
*
00278650  00 00 00 00 00 00 00 00  00 00 32 32 32 c4 33 33  |..........222.33|
00278660  33 ff 33 33 33 ff 33 33  33 ff 33 33 33 ff 33 33  |3.333.333.333.33|
*
002786d0  33 ff 33 33 33 ff 33 33  33 ff 00 00 00 00 00 00  |3.333.333.......|
002786e0  00 00 00 00 00 00 00 00  00 00 00 00 00 00 00 00  |................|
*
00278790  00 00 00 00 00 00 00 00  00 00 33 33 33 ff 33 33  |..........333.33|
002787a0  33 ff 33 33 33 ff 33 33  33 ff 33 33 33 ff 33 33  |3.333.333.333.33|
*
002787d0  33 ff 33 33 33 ff 33 33  33 ff 00 00 00 00 00 00  |3.333.333.......|
002787e0  00 00 00 00 00 00 00 00  00 00 00 00 00 00 00 00  |................|
*
00278930  00 00 00 00 00 00 00 00  00 00 33 33 33 ff 33 33  |..........333.33|
00278940  33 ff 33 33 33 ff 33 33  33 ff 33 33 33 ff 33 33  |3.333.333.333.33|
*
002789c0  33 ff 33 33 33 ff 33 33  33 ff 33 33 33 ff 00 00  |3.333.333.333...|
002789d0  00 00 00 00 00 00 00 00  00 00 00 00 00 00 00 00  |................|
*
00278a30  00 00 00 00 00 00 33 33  33 ff 33 33 33 ff 33 33  |......333.333.33|
00278a40  33 ff 33 33 33 ff 33 33  33 ff 33 33 33 ff 33 33  |3.333.333.333.33|
*
00278a80  33 ff 33 33 33 41 00 00  00 00 00 00 00 00 00 00  |3.333A..........|
00278a90  00 00 00 00 00 00 00 00  00 00 00 00 00 00 00 00  |................|
*
00278ae0  00 00 00 00 00 00 00 00  00 00 00 00 00 00 32 32  |..............22|
00278af0  32 c9 33 33 33 ff 33 33  33 ff 33 33 33 ff 33 33  |2.333.333.333.33|
00278b00  33 ff 33 33 33 ff 33 33  33 ff 33 33 33 ff 33 33  |3.333.333.333.33|
*
00278b30  33 ff 33 33 33 ff 33 33  33 ff 00 00 00 00 00 00  |3.333.333.......|
00278b40  00 00 00 00 00 00 00 00  00 00 00 00 00 00 00 00  |................|
*
00278be0  00 00 33 33 33 cc 33 33  33 ff 33 33 33 ff 33 33  |..333.333.333.33|
00278bf0  33 ff 33 33 33 ff 33 33  33 ff 33 33 33 ff 33 33  |3.333.333.333.33|
*
00278c40  33 ff 33 33 33 ff 33 33  33 9a 00 00 00 00 00 00  |3.333.333.......|
00278c50  00 00 00 00 00 00 00 00  00 00 00 00 00 00 00 00  |................|
*
00278cf0  00 00 33 33 33 ff 33 33  33 ff 33 33 33 ff 33 33  |..333.333.333.33|
00278d00  33 ff 33 33 33 ff 33 33  33 ff 33 33 33 ff 33 33  |3.333.333.333.33|
*
00278d40  33 ff 00 00 00 00 00 00  00 00 00 00 00 00 00 00  |3...............|
00278d50  00 00 00 00 00 00 00 00  00 00 00 00 00 00 00 00  |................|
*
00278da0  00 00 00 00 00 00 00 00  00 00 00 00 00 00 33 33  |..............33|
00278db0  33 ff 33 33 33 ff 33 33  33 ff 33 33 33 ff 33 33  |3.333.333.333.33|
*
00278de0  33 ff 33 33 33 ff 33 33  33 ff 33 33 33 e5 38 38  |3.333.333.333.88|
00278df0  38 09 00 00 00 00 00 00  00 00 00 00 00 00 00 00  |8...............|
00278e00  00 00 00 00 00 00 00 00  00 00 00 00 00 00 00 00  |................|
*
00278e50  00 00 00 00 00 00 00 00  00 00 33 33 33 e4 33 33  |..........333.33|
00278e60  33 ff 33 33 33 ff 33 33  33 ff 33 33 33 ff 33 33  |3.333.333.333.33|
*
00278ed0  33 ff 33 33 33 ff 33 33  33 ff 00 00 00 00 00 00  |3.333.333.......|
00278ee0  00 00 00 00 00 00 00 00  00 00 00 00 00 00 00 00  |................|
*
00278f90  00 00 00 00 00 00 00 00  00 00 33 33 33 ff 33 33  |..........333.33|
00278fa0  33 ff 33 33 33 ff 33 33  33 ff 33 33 33 ff 33 33  |3.333.333.333.33|
*
00278fd0  33 ff 33 33 33 ff 33 33  33 ff 00 00 00 00 00 00  |3.333.333.......|
00278fe0  00 00 00 00 00 00 00 00  00 00 00 00 00 00 00 00  |................|
*
00279130  00 00 00 00 00 00 00 00  00 00 33 33 33 ff 33 33  |..........333.33|
00279140  33 ff 33 33 33 ff 33 33  33 ff 33 33 33 ff 33 33  |3.333.333.333.33|
*
002791c0  33 ff 33 33 33 ff 33 33  33 ff 33 33 33 ff 00 00  |3.333.333.333...|
002791d0  00 00 00 00 00 00 00 00  00 00 00 00 00 00 00 00  |................|
*
00279230  00 00 00 00 00 00 33 33  33 ff 33 33 33 ff 33 33  |......333.333.33|
00279240  33 ff 33 33 33 ff 33 33  33 ff 33 33 33 ff 33 33  |3.333.333.333.33|
*
00279270  33 ff 33 33 33 ff 33 33  33 ff 33 33 33 ff 32 32  |3.333.333.333.22|
00279280  32 dd 00 00 00 02 00 00  00 00 00 00 00 00 00 00  |2...............|
00279290  00 00 00 00 00 00 00 00  00 00 00 00 00 00 00 00  |................|
*
002792e0  00 00 00 00 00 00 00 00  00 00 00 00 00 00 32 32  |..............22|
002792f0  32 b6 33 33 33 ff 33 33  33 ff 33 33 33 ff 33 33  |2.333.333.333.33|
00279300  33 ff 33 33 33 ff 33 33  33 ff 33 33 33 ff 33 33  |3.333.333.333.33|
*
00279330  33 ff 33 33 33 ff 33 33  33 ff 00 00 00 00 00 00  |3.333.333.......|
00279340  00 00 00 00 00 00 00 00  00 00 00 00 00 00 00 00  |................|
*
002793d0  00 00 00 00 00 00 00 00  00 00 00 00 00 00 33 33  |..............33|
002793e0  33 19 33 33 33 fe 33 33  33 ff 33 33 33 ff 33 33  |3.333.333.333.33|
002793f0  33 ff 33 33 33 ff 33 33  33 ff 33 33 33 ff 33 33  |3.333.333.333.33|
*
00279440  33 ff 33 33 33 ff 33 33  33 e6 00 00 00 01 00 00  |3.333.333.......|
00279450  00 00 00 00 00 00 00 00  00 00 00 00 00 00 00 00  |................|
*
002794f0  00 00 33 33 33 ff 33 33  33 ff 33 33 33 ff 33 33  |..333.333.333.33|
00279500  33 ff 33 33 33 ff 33 33  33 ff 33 33 33 ff 33 33  |3.333.333.333.33|
*
00279540  33 ff 00 00 00 00 00 00  00 00 00 00 00 00 00 00  |3...............|
00279550  00 00 00 00 00 00 00 00  00 00 00 00 00 00 00 00  |................|
*
002795a0  00 00 00 00 00 00 00 00  00 00 00 00 00 00 33 33  |..............33|
002795b0  33 ff 33 33 33 ff 33 33  33 ff 33 33 33 ff 33 33  |3.333.333.333.33|
*
002795e0  33 ff 33 33 33 ff 33 33  33 fd 33 33 33 4f 00 00  |3.333.333.333O..|
002795f0  00 00 00 00 00 00 00 00  00 00 00 00 00 00 00 00  |................|
*
00279650  00 00 00 00 00 00 24 24  24 07 33 33 33 fd 33 33  |......$$$.333.33|
00279660  33 ff 33 33 33 ff 33 33  33 ff 33 33 33 ff 33 33  |3.333.333.333.33|
*
002796d0  33 ff 33 33 33 ff 33 33  33 ff 00 00 00 00 00 00  |3.333.333.......|
002796e0  00 00 00 00 00 00 00 00  00 00 00 00 00 00 00 00  |................|
*
00279790  00 00 00 00 00 00 00 00  00 00 33 33 33 ff 33 33  |..........333.33|
002797a0  33 ff 33 33 33 ff 33 33  33 ff 33 33 33 ff 33 33  |3.333.333.333.33|
*
002797d0  33 ff 33 33 33 ff 33 33  33 ff 00 00 00 00 00 00  |3.333.333.......|
002797e0  00 00 00 00 00 00 00 00  00 00 00 00 00 00 00 00  |................|
*
00279930  00 00 00 00 00 00 00 00  00 00 33 33 33 ff 33 33  |..........333.33|
00279940  33 ff 33 33 33 ff 33 33  33 ff 33 33 33 ff 33 33  |3.333.333.333.33|
*
002799c0  33 ff 33 33 33 ff 33 33  33 ff 33 33 33 ff 00 00  |3.333.333.333...|
002799d0  00 00 00 00 00 00 00 00  00 00 00 00 00 00 00 00  |................|
*
00279a30  00 00 00 00 00 00 33 33  33 ff 33 33 33 ff 33 33  |......333.333.33|
00279a40  33 ff 33 33 33 ff 33 33  33 ff 33 33 33 ff 33 33  |3.333.333.333.33|
*
00279a70  33 ff 33 33 33 ff 33 33  33 ff 33 33 33 fd 31 31  |3.333.333.333.11|
00279a80  31 3e 00 00 00 00 00 00  00 00 00 00 00 00 00 00  |1>..............|
00279a90  00 00 00 00 00 00 00 00  00 00 00 00 00 00 00 00  |................|
*
00279ae0  00 00 00 00 00 00 00 00  00 00 00 00 00 00 33 33  |..............33|
00279af0  33 ae 33 33 33 ff 33 33  33 ff 33 33 33 ff 33 33  |3.333.333.333.33|
00279b00  33 ff 33 33 33 ff 33 33  33 ff 33 33 33 ff 33 33  |3.333.333.333.33|
*
00279b30  33 ff 33 33 33 ff 33 33  33 ff 00 00 00 00 00 00  |3.333.333.......|
00279b40  00 00 00 00 00 00 00 00  00 00 00 00 00 00 00 00  |................|
*
00279bd0  00 00 00 00 00 00 00 00  00 00 00 00 00 00 33 33  |..............33|
00279be0  33 64 33 33 33 ff 33 33  33 ff 33 33 33 ff 33 33  |3d333.333.333.33|
00279bf0  33 ff 33 33 33 ff 33 33  33 ff 33 33 33 ff 33 33  |3.333.333.333.33|
*
00279c40  33 ff 33 33 33 ff 33 33  33 ff 30 30 30 2f 00 00  |3.333.333.000/..|
00279c50  00 00 00 00 00 00 00 00  00 00 00 00 00 00 00 00  |................|
*
00279cf0  00 00 33 33 33 ff 33 33  33 ff 33 33 33 ff 33 33  |..333.333.333.33|
00279d00  33 ff 33 33 33 ff 33 33  33 ff 33 33 33 ff 33 33  |3.333.333.333.33|
*
00279d40  33 ff 00 00 00 00 00 00  00 00 00 00 00 00 00 00  |3...............|
00279d50  00 00 00 00 00 00 00 00  00 00 00 00 00 00 00 00  |................|
*
00279da0  00 00 00 00 00 00 00 00  00 00 00 00 00 00 33 33  |..............33|
00279db0  33 ff 33 33 33 ff 33 33  33 ff 33 33 33 ff 33 33  |3.333.333.333.33|
*
00279de0  33 ff 32 32 32 fb 32 32  32 6a 00 00 00 00 00 00  |3.222.222j......|
00279df0  00 00 00 00 00 00 00 00  00 00 00 00 00 00 00 00  |................|
*
00279e50  00 00 00 00 00 00 30 30  30 2a 33 33 33 ff 33 33  |......000*333.33|
00279e60  33 ff 33 33 33 ff 33 33  33 ff 33 33 33 ff 33 33  |3.333.333.333.33|
*
00279ed0  33 ff 33 33 33 ff 33 33  33 ff 00 00 00 00 00 00  |3.333.333.......|
00279ee0  00 00 00 00 00 00 00 00  00 00 00 00 00 00 00 00  |................|
*
00279f90  00 00 00 00 00 00 00 00  00 00 33 33 33 ff 33 33  |..........333.33|
00279fa0  33 ff 33 33 33 ff 33 33  33 ff 33 33 33 ff 33 33  |3.333.333.333.33|
*
00279fd0  33 ff 33 33 33 ff 33 33  33 ff 00 00 00 00 00 00  |3.333.333.......|
00279fe0  00 00 00 00 00 00 00 00  00 00 00 00 00 00 00 00  |................|
*
0027a130  00 00 00 00 00 00 00 00  00 00 33 33 33 ff 33 33  |..........333.33|
0027a140  33 ff 33 33 33 ff 33 33  33 ff 33 33 33 ff 33 33  |3.333.333.333.33|
*
0027a1c0  33 ff 33 33 33 ff 33 33  33 ff 33 33 33 ff 00 00  |3.333.333.333...|
0027a1d0  00 00 00 00 00 00 00 00  00 00 00 00 00 00 00 00  |................|
*
0027a230  00 00 00 00 00 00 33 33  33 ff 33 33 33 ff 33 33  |......333.333.33|
0027a240  33 ff 33 33 33 ff 33 33  33 ff 33 33 33 ff 33 33  |3.333.333.333.33|
*
0027a270  33 ff 33 33 33 ff 33 33  33 f3 32 32 32 51 00 00  |3.333.333.222Q..|
0027a280  00 00 00 00 00 00 00 00  00 00 00 00 00 00 00 00  |................|
*
0027a2e0  00 00 00 00 00 00 00 00  00 00 00 00 00 00 33 33  |..............33|
0027a2f0  33 bc 33 33 33 ff 33 33  33 ff 33 33 33 ff 33 33  |3.333.333.333.33|
0027a300  33 ff 33 33 33 ff 33 33  33 ff 33 33 33 ff 33 33  |3.333.333.333.33|
*
0027a330  33 ff 33 33 33 ff 33 33  33 ff 00 00 00 00 00 00  |3.333.333.......|
0027a340  00 00 00 00 00 00 00 00  00 00 00 00 00 00 00 00  |................|
*
0027a3d0  00 00 00 00 00 00 00 00  00 00 00 00 00 00 33 33  |..............33|
0027a3e0  33 af 33 33 33 ff 33 33  33 ff 33 33 33 ff 33 33  |3.333.333.333.33|
0027a3f0  33 ff 33 33 33 ff 33 33  33 ff 33 33 33 ff 33 33  |3.333.333.333.33|
*
0027a440  33 ff 33 33 33 ff 33 33  33 ff 32 32 32 79 00 00  |3.333.333.222y..|
0027a450  00 00 00 00 00 00 00 00  00 00 00 00 00 00 00 00  |................|
*
0027a4f0  00 00 33 33 33 ff 33 33  33 ff 33 33 33 ff 33 33  |..333.333.333.33|
0027a500  33 ff 33 33 33 ff 33 33  33 ff 33 33 33 ff 33 33  |3.333.333.333.33|
*
0027a540  33 ff 00 00 00 00 00 00  00 00 00 00 00 00 00 00  |3...............|
0027a550  00 00 00 00 00 00 00 00  00 00 00 00 00 00 00 00  |................|
*
0027a5a0  00 00 00 00 00 00 00 00  00 00 00 00 00 00 33 33  |..............33|
0027a5b0  33 ff 33 33 33 ff 33 33  33 ff 33 33 33 ff 33 33  |3.333.333.333.33|
*
0027a5d0  33 ff 33 33 33 ff 33 33  33 ff 33 33 33 ff 32 32  |3.333.333.333.22|
0027a5e0  32 c9 33 33 33 36 00 00  00 00 00 00 00 00 00 00  |2.3336..........|
0027a5f0  00 00 00 00 00 00 00 00  00 00 00 00 00 00 00 00  |................|
*
0027a650  00 00 00 00 00 00 34 34  34 62 33 33 33 ff 33 33  |......444b333.33|
0027a660  33 ff 33 33 33 ff 33 33  33 ff 33 33 33 ff 33 33  |3.333.333.333.33|
*
0027a6d0  33 ff 33 33 33 ff 33 33  33 ff 00 00 00 00 00 00  |3.333.333.......|
0027a6e0  00 00 00 00 00 00 00 00  00 00 00 00 00 00 00 00  |................|
*
0027a790  00 00 00 00 00 00 00 00  00 00 33 33 33 ff 33 33  |..........333.33|
0027a7a0  33 ff 33 33 33 ff 33 33  33 ff 33 33 33 ff 33 33  |3.333.333.333.33|
*
0027a7d0  33 ff 33 33 33 ff 33 33  33 ff 00 00 00 00 00 00  |3.333.333.......|
0027a7e0  00 00 00 00 00 00 00 00  00 00 00 00 00 00 00 00  |................|
*
0027a930  00 00 00 00 00 00 00 00  00 00 33 33 33 ff 33 33  |..........333.33|
0027a940  33 ff 33 33 33 ff 33 33  33 ff 33 33 33 ff 33 33  |3.333.333.333.33|
*
0027a9c0  33 ff 33 33 33 ff 33 33  33 ff 33 33 33 ff 00 00  |3.333.333.333...|
0027a9d0  00 00 00 00 00 00 00 00  00 00 00 00 00 00 00 00  |................|
*
0027aa30  00 00 00 00 00 00 33 33  33 ff 33 33 33 ff 33 33  |......333.333.33|
0027aa40  33 ff 33 33 33 ff 33 33  33 ff 33 33 33 ff 33 33  |3.333.333.333.33|
*
0027aa70  33 f8 32 32 32 98 31 31  31 1f 00 00 00 00 00 00  |3.222.111.......|
0027aa80  00 00 00 00 00 00 00 00  00 00 00 00 00 00 00 00  |................|
*
0027aae0  00 00 00 00 00 00 00 00  00 00 00 00 00 00 32 32  |..............22|
0027aaf0  32 c9 33 33 33 ff 33 33  33 ff 33 33 33 ff 33 33  |2.333.333.333.33|
0027ab00  33 ff 33 33 33 ff 33 33  33 ff 33 33 33 ff 33 33  |3.333.333.333.33|
*
0027ab30  33 ff 33 33 33 ff 33 33  33 ff 00 00 00 00 00 00  |3.333.333.......|
0027ab40  00 00 00 00 00 00 00 00  00 00 00 00 00 00 00 00  |................|
*
0027abd0  00 00 00 00 00 00 00 00  00 00 24 24 24 07 32 32  |..........$$$.22|
0027abe0  32 f2 33 33 33 ff 33 33  33 ff 33 33 33 ff 33 33  |2.333.333.333.33|
0027abf0  33 ff 33 33 33 ff 33 33  33 ff 33 33 33 ff 33 33  |3.333.333.333.33|
*
0027ac40  33 ff 33 33 33 ff 33 33  33 ff 33 33 33 c2 00 00  |3.333.333.333...|
0027ac50  00 00 00 00 00 00 00 00  00 00 00 00 00 00 00 00  |................|
*
0027acf0  00 00 33 33 33 ff 33 33  33 ff 33 33 33 ff 33 33  |..333.333.333.33|
0027ad00  33 ff 33 33 33 ff 33 33  33 ff 33 33 33 ff 33 33  |3.333.333.333.33|
*
0027ad40  33 ff 00 00 00 00 00 00  00 00 00 00 00 00 00 00  |3...............|
0027ad50  00 00 00 00 00 00 00 00  00 00 00 00 00 00 00 00  |................|
*
0027ada0  00 00 00 00 00 00 00 00  00 00 00 00 00 00 33 33  |..............33|
0027adb0  33 ff 33 33 33 ff 33 33  33 ff 33 33 33 ff 33 33  |3.333.333.333.33|
0027adc0  33 ff 33 33 33 ff 32 32  32 fc 33 33 33 ee 33 33  |3.333.222.333.33|
0027add0  33 db 32 32 32 b5 33 33  33 81 33 33 33 32 00 00  |3.222.333.3332..|
0027ade0  00 00 00 00 00 00 00 00  00 00 00 00 00 00 00 00  |................|
*
0027ae50  00 00 00 00 00 00 32 32  32 9d 33 33 33 ff 33 33  |......222.333.33|
0027ae60  33 ff 33 33 33 ff 33 33  33 ff 33 33 33 ff 33 33  |3.333.333.333.33|
*
0027aed0  33 ff 33 33 33 ff 33 33  33 ff 00 00 00 00 00 00  |3.333.333.......|
0027aee0  00 00 00 00 00 00 00 00  00 00 00 00 00 00 00 00  |................|
*
0027af90  00 00 00 00 00 00 00 00  00 00 33 33 33 ff 33 33  |..........333.33|
0027afa0  33 ff 33 33 33 ff 33 33  33 ff 33 33 33 ff 33 33  |3.333.333.333.33|
*
0027afd0  33 ff 33 33 33 ff 33 33  33 ff 00 00 00 00 00 00  |3.333.333.......|
0027afe0  00 00 00 00 00 00 00 00  00 00 00 00 00 00 00 00  |................|
*
0027b130  00 00 00 00 00 00 00 00  00 00 33 33 33 ff 33 33  |..........333.33|
0027b140  33 ff 33 33 33 ff 33 33  33 ff 33 33 33 ff 33 33  |3.333.333.333.33|
*
0027b1c0  33 ff 33 33 33 ff 33 33  33 ff 33 33 33 ff 00 00  |3.333.333.333...|
0027b1d0  00 00 00 00 00 00 00 00  00 00 00 00 00 00 00 00  |................|
*
0027b230  00 00 00 00 00 00 33 33  33 ff 33 33 33 ff 33 33  |......333.333.33|
0027b240  33 ff 33 33 33 ff 33 33  33 ff 33 33 33 ff 33 33  |3.333.333.333.33|
0027b250  33 ff 33 33 33 ff 32 32  32 f1 33 33 33 eb 33 33  |3.333.222.333.33|
0027b260  33 d6 33 33 33 b3 33 33  33 8c 34 34 34 4e 2e 2e  |3.333.333.444N..|
0027b270  2e 0b 00 00 00 00 00 00  00 00 00 00 00 00 00 00  |................|
0027b280  00 00 00 00 00 00 00 00  00 00 00 00 00 00 00 00  |................|
*
0027b2e0  00 00 00 00 00 00 00 00  00 00 00 00 00 00 33 33  |..............33|
0027b2f0  33 e0 33 33 33 ff 33 33  33 ff 33 33 33 ff 33 33  |3.333.333.333.33|
0027b300  33 ff 33 33 33 ff 33 33  33 ff 33 33 33 ff 33 33  |3.333.333.333.33|
*
0027b330  33 ff 33 33 33 ff 33 33  33 ff 00 00 00 00 00 00  |3.333.333.......|
0027b340  00 00 00 00 00 00 00 00  00 00 00 00 00 00 00 00  |................|
*
0027b3d0  00 00 00 00 00 00 00 00  00 00 32 32 32 47 33 33  |..........222G33|
0027b3e0  33 ff 33 33 33 ff 33 33  33 ff 33 33 33 ff 33 33  |3.333.333.333.33|
*
0027b440  33 ff 33 33 33 ff 33 33  33 ff 32 32 32 fb 38 38  |3.333.333.222.88|
0027b450  38 12 00 00 00 00 00 00  00 00 00 00 00 00 00 00  |8...............|
0027b460  00 00 00 00 00 00 00 00  00 00 00 00 00 00 00 00  |................|
*
0027b4f0  00 00 33 33 33 ff 33 33  33 ff 33 33 33 ff 33 33  |..333.333.333.33|
0027b500  33 ff 33 33 33 ff 33 33  33 ff 33 33 33 ff 33 33  |3.333.333.333.33|
*
0027b540  33 ff 00 00 00 00 00 00  00 00 00 00 00 00 00 00  |3...............|
0027b550  00 00 00 00 00 00 00 00  00 00 00 00 00 00 00 00  |................|
*
0027b650  00 00 00 00 00 00 33 33  33 da 33 33 33 ff 33 33  |......333.333.33|
0027b660  33 ff 33 33 33 ff 33 33  33 ff 33 33 33 ff 33 33  |3.333.333.333.33|
*
0027b6d0  33 ff 33 33 33 ff 33 33  33 ff 00 00 00 00 00 00  |3.333.333.......|
0027b6e0  00 00 00 00 00 00 00 00  00 00 00 00 00 00 00 00  |................|
*
0027b790  00 00 00 00 00 00 00 00  00 00 33 33 33 ff 33 33  |..........333.33|
0027b7a0  33 ff 33 33 33 ff 33 33  33 ff 33 33 33 ff 33 33  |3.333.333.333.33|
*
0027b7d0  33 ff 33 33 33 ff 33 33  33 ff 00 00 00 00 00 00  |3.333.333.......|
0027b7e0  00 00 00 00 00 00 00 00  00 00 00 00 00 00 00 00  |................|
*
0027b930  00 00 00 00 00 00 00 00  00 00 33 33 33 ff 33 33  |..........333.33|
0027b940  33 ff 33 33 33 ff 33 33  33 ff 33 33 33 ff 33 33  |3.333.333.333.33|
*
0027b9c0  33 ff 33 33 33 ff 33 33  33 ff 33 33 33 ff 00 00  |3.333.333.333...|
0027b9d0  00 00 00 00 00 00 00 00  00 00 00 00 00 00 00 00  |................|
*
0027bae0  00 00 00 00 00 00 00 00  00 00 2e 2e 2e 0b 33 33  |..............33|
0027baf0  33 fe 33 33 33 ff 33 33  33 ff 33 33 33 ff 33 33  |3.333.333.333.33|
0027bb00  33 ff 33 33 33 ff 33 33  33 ff 33 33 33 ff 33 33  |3.333.333.333.33|
*
0027bb30  33 ff 33 33 33 ff 33 33  33 ff 00 00 00 00 00 00  |3.333.333.......|
0027bb40  00 00 00 00 00 00 00 00  00 00 00 00 00 00 00 00  |................|
*
0027bbd0  00 00 00 00 00 00 00 00  00 00 32 32 32 92 33 33  |..........222.33|
0027bbe0  33 ff 33 33 33 ff 33 33  33 ff 33 33 33 ff 33 33  |3.333.333.333.33|
*
0027bc40  33 ff 33 33 33 ff 33 33  33 ff 33 33 33 ff 34 34  |3.333.333.333.44|
0027bc50  34 58 00 00 00 00 00 00  00 00 00 00 00 00 00 00  |4X..............|
0027bc60  00 00 00 00 00 00 00 00  00 00 00 00 00 00 00 00  |................|
*
0027bcf0  00 00 33 33 33 ff 33 33  33 ff 33 33 33 ff 33 33  |..333.333.333.33|
0027bd00  33 ff 33 33 33 ff 33 33  33 ff 33 33 33 ff 33 33  |3.333.333.333.33|
*
0027bd40  33 ff 00 00 00 00 00 00  00 00 00 00 00 00 00 00  |3...............|
0027bd50  00 00 00 00 00 00 00 00  00 00 00 00 00 00 00 00  |................|
*
0027be50  00 00 33 33 33 2d 33 33  33 ff 33 33 33 ff 33 33  |..333-333.333.33|
0027be60  33 ff 33 33 33 ff 33 33  33 ff 33 33 33 ff 33 33  |3.333.333.333.33|
*
0027bed0  33 ff 33 33 33 ff 33 33  33 ff 00 00 00 00 00 00  |3.333.333.......|
0027bee0  00 00 00 00 00 00 00 00  00 00 00 00 00 00 00 00  |................|
*
0027bf90  00 00 00 00 00 00 00 00  00 00 33 33 33 ff 33 33  |..........333.33|
0027bfa0  33 ff 33 33 33 ff 33 33  33 ff 33 33 33 ff 33 33  |3.333.333.333.33|
*
0027bfd0  33 ff 33 33 33 ff 33 33  33 ff 00 00 00 00 00 00  |3.333.333.......|
0027bfe0  00 00 00 00 00 00 00 00  00 00 00 00 00 00 00 00  |................|
*
0027c130  00 00 00 00 00 00 00 00  00 00 33 33 33 ff 33 33  |..........333.33|
0027c140  33 ff 33 33 33 ff 33 33  33 ff 33 33 33 ff 33 33  |3.333.333.333.33|
*
0027c1c0  33 ff 33 33 33 ff 33 33  33 ff 33 33 33 ff 00 00  |3.333.333.333...|
0027c1d0  00 00 00 00 00 00 00 00  00 00 00 00 00 00 00 00  |................|
*
0027c2e0  00 00 00 00 00 00 00 00  00 00 31 31 31 34 33 33  |..........111433|
0027c2f0  33 ff 33 33 33 ff 33 33  33 ff 33 33 33 ff 33 33  |3.333.333.333.33|
*
0027c330  33 ff 33 33 33 ff 33 33  33 ff 00 00 00 00 00 00  |3.333.333.......|
0027c340  00 00 00 00 00 00 00 00  00 00 00 00 00 00 00 00  |................|
*
0027c3d0  00 00 00 00 00 00 00 00  00 00 32 32 32 de 33 33  |..........222.33|
0027c3e0  33 ff 33 33 33 ff 33 33  33 ff 33 33 33 ff 33 33  |3.333.333.333.33|
*
0027c440  33 ff 33 33 33 ff 33 33  33 ff 33 33 33 ff 32 32  |3.333.333.333.22|
0027c450  32 a2 00 00 00 00 00 00  00 00 00 00 00 00 00 00  |2...............|
0027c460  00 00 00 00 00 00 00 00  00 00 00 00 00 00 00 00  |................|
*
0027c4f0  00 00 33 33 33 ff 33 33  33 ff 33 33 33 ff 33 33  |..333.333.333.33|
0027c500  33 ff 33 33 33 ff 33 33  33 ff 33 33 33 ff 33 33  |3.333.333.333.33|
*
0027c540  33 ff 00 00 00 00 00 00  00 00 00 00 00 00 00 00  |3...............|
0027c550  00 00 00 00 00 00 00 00  00 00 00 00 00 00 00 00  |................|
*
0027c650  00 00 32 32 32 84 33 33  33 ff 33 33 33 ff 33 33  |..222.333.333.33|
0027c660  33 ff 33 33 33 ff 33 33  33 ff 33 33 33 ff 33 33  |3.333.333.333.33|
*
0027c6d0  33 ff 33 33 33 ff 33 33  33 ff 00 00 00 00 00 00  |3.333.333.......|
0027c6e0  00 00 00 00 00 00 00 00  00 00 00 00 00 00 00 00  |................|
*
0027c790  00 00 00 00 00 00 00 00  00 00 33 33 33 ff 33 33  |..........333.33|
0027c7a0  33 ff 33 33 33 ff 33 33  33 ff 33 33 33 ff 33 33  |3.333.333.333.33|
*
0027c7d0  33 ff 33 33 33 ff 33 33  33 ff 00 00 00 00 00 00  |3.333.333.......|
0027c7e0  00 00 00 00 00 00 00 00  00 00 00 00 00 00 00 00  |................|
*
0027c930  00 00 00 00 00 00 00 00  00 00 33 33 33 ff 33 33  |..........333.33|
0027c940  33 ff 33 33 33 ff 33 33  33 ff 33 33 33 ff 33 33  |3.333.333.333.33|
*
0027c9c0  33 ff 33 33 33 ff 33 33  33 ff 33 33 33 ff 00 00  |3.333.333.333...|
0027c9d0  00 00 00 00 00 00 00 00  00 00 00 00 00 00 00 00  |................|
*
0027cae0  00 00 00 00 00 00 00 00  00 00 33 33 33 71 33 33  |..........333q33|
0027caf0  33 ff 33 33 33 ff 33 33  33 ff 33 33 33 ff 33 33  |3.333.333.333.33|
*
0027cb30  33 ff 33 33 33 ff 33 33  33 ff 00 00 00 00 00 00  |3.333.333.......|
0027cb40  00 00 00 00 00 00 00 00  00 00 00 00 00 00 00 00  |................|
*
0027cbd0  00 00 00 00 00 00 35 35  35 2b 33 33 33 ff 33 33  |......555+333.33|
0027cbe0  33 ff 33 33 33 ff 33 33  33 ff 33 33 33 ff 33 33  |3.333.333.333.33|
*
0027cc50  33 ea 00 00 00 02 00 00  00 00 00 00 00 00 00 00  |3...............|
0027cc60  00 00 00 00 00 00 00 00  00 00 00 00 00 00 00 00  |................|
*
0027ccf0  00 00 33 33 33 ff 33 33  33 ff 33 33 33 ff 33 33  |..333.333.333.33|
0027cd00  33 ff 33 33 33 ff 33 33  33 ff 33 33 33 ff 33 33  |3.333.333.333.33|
*
0027cd40  33 ff 00 00 00 00 00 00  00 00 00 00 00 00 00 00  |3...............|
0027cd50  00 00 00 00 00 00 00 00  00 00 00 00 00 00 00 00  |................|
*
0027ce40  00 00 00 00 00 00 00 00  00 00 00 00 00 00 55 55  |..............UU|
0027ce50  55 03 32 32 32 dd 33 33  33 ff 33 33 33 ff 33 33  |U.222.333.333.33|
0027ce60  33 ff 33 33 33 ff 33 33  33 ff 33 33 33 ff 33 33  |3.333.333.333.33|
*
0027ced0  33 ff 33 33 33 ff 33 33  33 ff 00 00 00 00 00 00  |3.333.333.......|
0027cee0  00 00 00 00 00 00 00 00  00 00 00 00 00 00 00 00  |................|
*
0027cf90  00 00 00 00 00 00 00 00  00 00 33 33 33 ff 33 33  |..........333.33|
0027cfa0  33 ff 33 33 33 ff 33 33  33 ff 33 33 33 ff 33 33  |3.333.333.333.33|
*
0027cfd0  33 ff 33 33 33 ff 33 33  33 ff 00 00 00 00 00 00  |3.333.333.......|
0027cfe0  00 00 00 00 00 00 00 00  00 00 00 00 00 00 00 00  |................|
*
0027d130  00 00 00 00 00 00 00 00  00 00 33 33 33 ff 33 33  |..........333.33|
0027d140  33 ff 33 33 33 ff 33 33  33 ff 33 33 33 ff 33 33  |3.333.333.333.33|
*
0027d1c0  33 ff 33 33 33 ff 33 33  33 ff 33 33 33 ff 00 00  |3.333.333.333...|
0027d1d0  00 00 00 00 00 00 00 00  00 00 00 00 00 00 00 00  |................|
*
0027d2e0  00 00 00 00 00 00 00 00  00 00 33 33 33 bc 33 33  |..........333.33|
0027d2f0  33 ff 33 33 33 ff 33 33  33 ff 33 33 33 ff 33 33  |3.333.333.333.33|
*
0027d330  33 ff 33 33 33 ff 33 33  33 ff 00 00 00 00 00 00  |3.333.333.......|
0027d340  00 00 00 00 00 00 00 00  00 00 00 00 00 00 00 00  |................|
*
0027d3d0  00 00 00 00 00 00 33 33  33 76 33 33 33 ff 33 33  |......333v333.33|
0027d3e0  33 ff 33 33 33 ff 33 33  33 ff 33 33 33 ff 33 33  |3.333.333.333.33|
*
0027d450  33 ff 33 33 33 36 00 00  00 00 00 00 00 00 00 00  |3.3336..........|
0027d460  00 00 00 00 00 00 00 00  00 00 00 00 00 00 00 00  |................|
*
0027d4f0  00 00 33 33 33 ff 33 33  33 ff 33 33 33 ff 33 33  |..333.333.333.33|
0027d500  33 ff 33 33 33 ff 33 33  33 ff 33 33 33 ff 33 33  |3.333.333.333.33|
*
0027d540  33 ff 00 00 00 00 00 00  00 00 00 00 00 00 00 00  |3...............|
0027d550  00 00 00 00 00 00 00 00  00 00 00 00 00 00 00 00  |................|
*
0027d640  00 00 00 00 00 00 00 00  00 00 00 00 00 00 31 31  |..............11|
0027d650  31 57 33 33 33 ff 33 33  33 ff 33 33 33 ff 33 33  |1W333.333.333.33|
0027d660  33 ff 33 33 33 ff 33 33  33 ff 33 33 33 ff 33 33  |3.333.333.333.33|
*
0027d6d0  33 ff 33 33 33 ff 33 33  33 ff 00 00 00 00 00 00  |3.333.333.......|
0027d6e0  00 00 00 00 00 00 00 00  00 00 00 00 00 00 00 00  |................|
*
0027d790  00 00 00 00 00 00 00 00  00 00 33 33 33 ff 33 33  |..........333.33|
0027d7a0  33 ff 33 33 33 ff 33 33  33 ff 33 33 33 ff 33 33  |3.333.333.333.33|
*
0027d7d0  33 ff 33 33 33 ff 33 33  33 ff 00 00 00 00 00 00  |3.333.333.......|
0027d7e0  00 00 00 00 00 00 00 00  00 00 00 00 00 00 00 00  |................|
*
0027d930  00 00 00 00 00 00 00 00  00 00 33 33 33 ff 33 33  |..........333.33|
0027d940  33 ff 33 33 33 ff 33 33  33 ff 33 33 33 ff 33 33  |3.333.333.333.33|
*
0027d9c0  33 ff 33 33 33 ff 33 33  33 ff 33 33 33 ff 00 00  |3.333.333.333...|
0027d9d0  00 00 00 00 00 00 00 00  00 00 00 00 00 00 00 00  |................|
*
0027dae0  00 00 00 00 00 00 35 35  35 13 33 33 33 f9 33 33  |......555.333.33|
0027daf0  33 ff 33 33 33 ff 33 33  33 ff 33 33 33 ff 33 33  |3.333.333.333.33|
*
0027db30  33 ff 33 33 33 ff 33 33  33 ff 00 00 00 00 00 00  |3.333.333.......|
0027db40  00 00 00 00 00 00 00 00  00 00 00 00 00 00 00 00  |................|
*
0027dbd0  00 00 00 00 00 00 33 33  33 c1 33 33 33 ff 33 33  |......333.333.33|
0027dbe0  33 ff 33 33 33 ff 33 33  33 ff 33 33 33 ff 33 33  |3.333.333.333.33|
*
0027dc50  33 ff 33 33 33 80 00 00  00 00 00 00 00 00 00 00  |3.333...........|
0027dc60  00 00 00 00 00 00 00 00  00 00 00 00 00 00 00 00  |................|
*
0027dcf0  00 00 33 33 33 ff 33 33  33 ff 33 33 33 ff 33 33  |..333.333.333.33|
0027dd00  33 ff 33 33 33 ff 33 33  33 ff 33 33 33 ff 33 33  |3.333.333.333.33|
*
0027dd40  33 ff 00 00 00 00 00 00  00 00 00 00 00 00 00 00  |3...............|
0027dd50  00 00 00 00 00 00 00 00  00 00 00 00 00 00 00 00  |................|
*
0027de40  00 00 00 00 00 00 00 00  00 00 00 00 00 01 32 32  |..............22|
0027de50  32 cf 33 33 33 ff 33 33  33 ff 33 33 33 ff 33 33  |2.333.333.333.33|
0027de60  33 ff 33 33 33 ff 33 33  33 ff 33 33 33 ff 33 33  |3.333.333.333.33|
*
0027ded0  33 ff 33 33 33 ff 33 33  33 ff 00 00 00 00 00 00  |3.333.333.......|
0027dee0  00 00 00 00 00 00 00 00  00 00 00 00 00 00 00 00  |................|
*
0027df90  00 00 00 00 00 00 00 00  00 00 33 33 33 ff 33 33  |..........333.33|
0027dfa0  33 ff 33 33 33 ff 33 33  33 ff 33 33 33 ff 33 33  |3.333.333.333.33|
*
0027dfd0  33 ff 33 33 33 ff 33 33  33 ff 00 00 00 00 00 00  |3.333.333.......|
0027dfe0  00 00 00 00 00 00 00 00  00 00 00 00 00 00 00 00  |................|
*
0027e130  00 00 00 00 00 00 00 00  00 00 33 33 33 ff 33 33  |..........333.33|
0027e140  33 ff 33 33 33 ff 33 33  33 ff 33 33 33 ff 33 33  |3.333.333.333.33|
*
0027e1c0  33 ff 33 33 33 ff 33 33  33 ff 33 33 33 ff 00 00  |3.333.333.333...|
0027e1d0  00 00 00 00 00 00 00 00  00 00 00 00 00 00 00 00  |................|
*
0027e2e0  00 00 00 00 00 00 32 32  32 79 33 33 33 ff 33 33  |......222y333.33|
0027e2f0  33 ff 33 33 33 ff 33 33  33 ff 33 33 33 ff 33 33  |3.333.333.333.33|
*
0027e330  33 ff 33 33 33 ff 33 33  33 ff 00 00 00 00 00 00  |3.333.333.......|
0027e340  00 00 00 00 00 00 00 00  00 00 00 00 00 00 00 00  |................|
*
0027e3d0  00 00 38 38 38 12 32 32  32 fb 33 33 33 ff 33 33  |..888.222.333.33|
0027e3e0  33 ff 33 33 33 ff 33 33  33 ff 33 33 33 ff 33 33  |3.333.333.333.33|
*
0027e450  33 ff 32 32 32 ca 00 00  00 00 00 00 00 00 00 00  |3.222...........|
0027e460  00 00 00 00 00 00 00 00  00 00 00 00 00 00 00 00  |................|
*
0027e4f0  00 00 33 33 33 ff 33 33  33 ff 33 33 33 ff 33 33  |..333.333.333.33|
0027e500  33 ff 33 33 33 ff 33 33  33 ff 33 33 33 ff 33 33  |3.333.333.333.33|
*
0027e540  33 ff 00 00 00 00 00 00  00 00 00 00 00 00 00 00  |3...............|
0027e550  00 00 00 00 00 00 00 00  00 00 00 00 00 00 00 00  |................|
*
0027e640  00 00 00 00 00 00 00 00  00 00 33 33 33 55 33 33  |..........333U33|
0027e650  33 ff 33 33 33 ff 33 33  33 ff 33 33 33 ff 33 33  |3.333.333.333.33|
*
0027e6d0  33 ff 33 33 33 ff 33 33  33 ff 00 00 00 00 00 00  |3.333.333.......|
0027e6e0  00 00 00 00 00 00 00 00  00 00 00 00 00 00 00 00  |................|
*
0027e790  00 00 00 00 00 00 00 00  00 00 33 33 33 ff 33 33  |..........333.33|
0027e7a0  33 ff 33 33 33 ff 33 33  33 ff 33 33 33 ff 33 33  |3.333.333.333.33|
*
0027e7d0  33 ff 33 33 33 ff 33 33  33 ff 00 00 00 00 00 00  |3.333.333.......|
0027e7e0  00 00 00 00 00 00 00 00  00 00 00 00 00 00 00 00  |................|
*
0027e930  00 00 00 00 00 00 00 00  00 00 33 33 33 ff 33 33  |..........333.33|
0027e940  33 ff 33 33 33 ff 33 33  33 ff 33 33 33 ff 33 33  |3.333.333.333.33|
*
0027e9c0  33 ff 33 33 33 ff 33 33  33 ff 33 33 33 ff 00 00  |3.333.333.333...|
0027e9d0  00 00 00 00 00 00 00 00  00 00 00 00 00 00 00 00  |................|
*
0027eae0  00 00 2a 2a 2a 06 33 33  33 e4 33 33 33 ff 33 33  |..***.333.333.33|
0027eaf0  33 ff 33 33 33 ff 33 33  33 ff 33 33 33 ff 33 33  |3.333.333.333.33|
*
0027eb30  33 ff 33 33 33 ff 33 33  33 ff 00 00 00 00 00 00  |3.333.333.......|
0027eb40  00 00 00 00 00 00 00 00  00 00 00 00 00 00 00 00  |................|
*
0027ebd0  00 00 33 33 33 59 33 33  33 ff 33 33 33 ff 33 33  |..333Y333.333.33|
0027ebe0  33 ff 33 33 33 ff 33 33  33 ff 33 33 33 ff 33 33  |3.333.333.333.33|
*
0027ec50  33 ff 33 33 33 fd 37 37  37 17 00 00 00 00 00 00  |3.333.777.......|
0027ec60  00 00 00 00 00 00 00 00  00 00 00 00 00 00 00 00  |................|
*
0027ecf0  00 00 33 33 33 ff 33 33  33 ff 33 33 33 ff 33 33  |..333.333.333.33|
0027ed00  33 ff 33 33 33 ff 33 33  33 ff 33 33 33 ff 33 33  |3.333.333.333.33|
*
0027ed40  33 ff 00 00 00 00 00 00  00 00 00 00 00 00 00 00  |3...............|
0027ed50  00 00 00 00 00 00 00 00  00 00 00 00 00 00 00 00  |................|
*
0027ee40  00 00 00 00 00 00 33 33  33 0f 33 33 33 e6 33 33  |......333.333.33|
0027ee50  33 ff 33 33 33 ff 33 33  33 ff 33 33 33 ff 33 33  |3.333.333.333.33|
*
0027eed0  33 ff 33 33 33 ff 33 33  33 ff 00 00 00 00 00 00  |3.333.333.......|
0027eee0  00 00 00 00 00 00 00 00  00 00 00 00 00 00 00 00  |................|
*
0027ef90  00 00 00 00 00 00 00 00  00 00 33 33 33 ff 33 33  |..........333.33|
0027efa0  33 ff 33 33 33 ff 33 33  33 ff 33 33 33 ff 33 33  |3.333.333.333.33|
*
0027efd0  33 ff 33 33 33 ff 33 33  33 ff 00 00 00 00 00 00  |3.333.333.......|
0027efe0  00 00 00 00 00 00 00 00  00 00 00 00 00 00 00 00  |................|
*
0027f130  00 00 00 00 00 00 00 00  00 00 33 33 33 ff 33 33  |..........333.33|
0027f140  33 ff 33 33 33 ff 33 33  33 ff 33 33 33 ff 33 33  |3.333.333.333.33|
*
0027f1c0  33 ff 33 33 33 ff 33 33  33 ff 33 33 33 ff 00 00  |3.333.333.333...|
0027f1d0  00 00 00 00 00 00 00 00  00 00 00 00 00 00 00 00  |................|
*
0027f2e0  00 00 32 32 32 7a 33 33  33 ff 33 33 33 ff 33 33  |..222z333.333.33|
0027f2f0  33 ff 33 33 33 ff 33 33  33 ff 33 33 33 ff 33 33  |3.333.333.333.33|
*
0027f330  33 ff 33 33 33 ff 33 33  33 ff 00 00 00 00 00 00  |3.333.333.......|
0027f340  00 00 00 00 00 00 00 00  00 00 00 00 00 00 00 00  |................|
*
0027f3d0  00 00 33 33 33 a4 33 33  33 ff 33 33 33 ff 33 33  |..333.333.333.33|
0027f3e0  33 ff 33 33 33 ff 33 33  33 ff 33 33 33 ff 33 33  |3.333.333.333.33|
*
0027f450  33 ff 33 33 33 ff 33 33  33 5f 00 00 00 00 00 00  |3.333.333_......|
0027f460  00 00 00 00 00 00 00 00  00 00 00 00 00 00 00 00  |................|
*
0027f4f0  00 00 33 33 33 ff 33 33  33 ff 33 33 33 ff 33 33  |..333.333.333.33|
0027f500  33 ff 33 33 33 ff 33 33  33 ff 33 33 33 ff 33 33  |3.333.333.333.33|
*
0027f540  33 ff 00 00 00 00 00 00  00 00 00 00 00 00 00 00  |3...............|
0027f550  00 00 00 00 00 00 00 00  00 00 00 00 00 00 00 00  |................|
*
0027f640  00 00 00 00 00 00 32 32  32 98 33 33 33 ff 33 33  |......222.333.33|
0027f650  33 ff 33 33 33 ff 33 33  33 ff 33 33 33 ff 33 33  |3.333.333.333.33|
*
0027f6d0  33 ff 33 33 33 ff 33 33  33 ff 00 00 00 00 00 00  |3.333.333.......|
0027f6e0  00 00 00 00 00 00 00 00  00 00 00 00 00 00 00 00  |................|
*
0027f790  00 00 00 00 00 00 00 00  00 00 33 33 33 ff 33 33  |..........333.33|
0027f7a0  33 ff 33 33 33 ff 33 33  33 ff 33 33 33 ff 33 33  |3.333.333.333.33|
*
0027f7d0  33 ff 33 33 33 ff 33 33  33 ff 00 00 00 00 00 00  |3.333.333.......|
0027f7e0  00 00 00 00 00 00 00 00  00 00 00 00 00 00 00 00  |................|
*
0027f930  00 00 00 00 00 00 00 00  00 00 33 33 33 ff 33 33  |..........333.33|
0027f940  33 ff 33 33 33 ff 33 33  33 ff 33 33 33 ff 33 33  |3.333.333.333.33|
*
0027f9c0  33 ff 33 33 33 ff 33 33  33 ff 33 33 33 ff 00 00  |3.333.333.333...|
0027f9d0  00 00 00 00 00 00 00 00  00 00 00 00 00 00 00 00  |................|
*
0027fad0  00 00 00 00 00 00 00 00  00 00 00 00 00 00 31 31  |..............11|
0027fae0  31 1f 33 33 33 f4 33 33  33 ff 33 33 33 ff 33 33  |1.333.333.333.33|
0027faf0  33 ff 33 33 33 ff 33 33  33 ff 33 33 33 ff 33 33  |3.333.333.333.33|
*
0027fb30  33 ff 33 33 33 ff 33 33  33 ff 00 00 00 00 00 00  |3.333.333.......|
0027fb40  00 00 00 00 00 00 00 00  00 00 00 00 00 00 00 00  |................|
*
0027fbc0  00 00 00 00 00 00 00 00  00 00 00 00 00 00 55 55  |..............UU|
0027fbd0  55 03 32 32 32 ec 33 33  33 ff 33 33 33 ff 33 33  |U.222.333.333.33|
0027fbe0  33 ff 33 33 33 ff 33 33  33 ff 33 33 33 ff 33 33  |3.333.333.333.33|
*
0027fc50  33 ff 33 33 33 ff 33 33  33 a8 00 00 00 00 00 00  |3.333.333.......|
0027fc60  00 00 00 00 00 00 00 00  00 00 00 00 00 00 00 00  |................|
*
0027fcf0  00 00 33 33 33 ff 33 33  33 ff 33 33 33 ff 33 33  |..333.333.333.33|
0027fd00  33 ff 33 33 33 ff 33 33  33 ff 33 33 33 ff 33 33  |3.333.333.333.33|
*
0027fd40  33 ff 00 00 00 00 00 00  00 00 00 00 00 00 00 00  |3...............|
0027fd50  00 00 00 00 00 00 00 00  00 00 00 00 00 00 00 00  |................|
*
0027fe40  00 00 32 32 32 5b 33 33  33 ff 33 33 33 ff 33 33  |..222[333.333.33|
0027fe50  33 ff 33 33 33 ff 33 33  33 ff 33 33 33 ff 33 33  |3.333.333.333.33|
*
0027fed0  33 ff 33 33 33 ff 33 33  33 ff 00 00 00 00 00 00  |3.333.333.......|
0027fee0  00 00 00 00 00 00 00 00  00 00 00 00 00 00 00 00  |................|
*
0027ff90  00 00 00 00 00 00 00 00  00 00 33 33 33 ff 33 33  |..........333.33|
0027ffa0  33 ff 33 33 33 ff 33 33  33 ff 33 33 33 ff 33 33  |3.333.333.333.33|
*
0027ffd0  33 ff 33 33 33 ff 33 33  33 ff 00 00 00 00 00 00  |3.333.333.......|
0027ffe0  00 00 00 00 00 00 00 00  00 00 00 00 00 00 00 00  |................|
*
00280130  00 00 00 00 00 00 00 00  00 00 33 33 33 ff 33 33  |..........333.33|
00280140  33 ff 33 33 33 ff 33 33  33 ff 33 33 33 ff 33 33  |3.333.333.333.33|
*
002801c0  33 ff 33 33 33 ff 33 33  33 ff 33 33 33 ff 00 00  |3.333.333.333...|
002801d0  00 00 00 00 00 00 00 00  00 00 00 00 00 00 00 00  |................|
*
002802d0  00 00 00 00 00 00 00 00  00 00 38 38 38 09 33 33  |..........888.33|
002802e0  33 c8 33 33 33 ff 33 33  33 ff 33 33 33 ff 33 33  |3.333.333.333.33|
002802f0  33 ff 33 33 33 ff 33 33  33 ff 33 33 33 ff 33 33  |3.333.333.333.33|
*
00280330  33 ff 33 33 33 ff 33 33  33 ff 00 00 00 00 00 00  |3.333.333.......|
00280340  00 00 00 00 00 00 00 00  00 00 00 00 00 00 00 00  |................|
*
002803c0  00 00 00 00 00 00 00 00  00 00 00 00 00 00 33 33  |..............33|
002803d0  33 3c 33 33 33 ff 33 33  33 ff 33 33 33 ff 33 33  |3<333.333.333.33|
002803e0  33 ff 33 33 33 ff 33 33  33 ff 33 33 33 ff 33 33  |3.333.333.333.33|
*
00280450  33 ff 33 33 33 ff 33 33  33 f0 33 33 33 05 00 00  |3.333.333.333...|
00280460  00 00 00 00 00 00 00 00  00 00 00 00 00 00 00 00  |................|
*
002804f0  00 00 33 33 33 ff 33 33  33 ff 33 33 33 ff 33 33  |..333.333.333.33|
00280500  33 ff 33 33 33 ff 33 33  33 ff 33 33 33 ff 33 33  |3.333.333.333.33|
*
00280540  33 ff 00 00 00 00 00 00  00 00 00 00 00 00 00 00  |3...............|
00280550  00 00 00 00 00 00 00 00  00 00 00 00 00 00 00 00  |................|
*
00280630  00 00 00 00 00 00 00 00  00 00 00 00 00 00 34 34  |..............44|
00280640  34 31 33 33 33 f5 33 33  33 ff 33 33 33 ff 33 33  |41333.333.333.33|
00280650  33 ff 33 33 33 ff 33 33  33 ff 33 33 33 ff 33 33  |3.333.333.333.33|
*
002806d0  33 ff 33 33 33 ff 33 33  33 ff 00 00 00 00 00 00  |3.333.333.......|
002806e0  00 00 00 00 00 00 00 00  00 00 00 00 00 00 00 00  |................|
*
00280790  00 00 00 00 00 00 00 00  00 00 33 33 33 ff 33 33  |..........333.33|
002807a0  33 ff 33 33 33 ff 33 33  33 ff 33 33 33 ff 33 33  |3.333.333.333.33|
*
002807d0  33 ff 33 33 33 ff 33 33  33 ff 00 00 00 00 00 00  |3.333.333.......|
002807e0  00 00 00 00 00 00 00 00  00 00 00 00 00 00 00 00  |................|
*
00280930  00 00 00 00 00 00 00 00  00 00 33 33 33 ff 33 33  |..........333.33|
00280940  33 ff 33 33 33 ff 33 33  33 ff 33 33 33 ff 33 33  |3.333.333.333.33|
*
002809c0  33 ff 33 33 33 ff 33 33  33 ff 33 33 33 ff 00 00  |3.333.333.333...|
002809d0  00 00 00 00 00 00 00 00  00 00 00 00 00 00 00 00  |................|
*
00280ad0  00 00 00 00 00 00 00 00  00 01 33 33 33 a9 33 33  |..........333.33|
00280ae0  33 ff 33 33 33 ff 33 33  33 ff 33 33 33 ff 33 33  |3.333.333.333.33|
*
00280b30  33 ff 33 33 33 ff 33 33  33 ff 00 00 00 00 00 00  |3.333.333.......|
00280b40  00 00 00 00 00 00 00 00  00 00 00 00 00 00 00 00  |................|
*
00280bc0  00 00 00 00 00 00 00 00  00 00 00 00 00 00 33 33  |..............33|
00280bd0  33 87 33 33 33 ff 33 33  33 ff 33 33 33 ff 33 33  |3.333.333.333.33|
00280be0  33 ff 33 33 33 ff 33 33  33 ff 33 33 33 ff 33 33  |3.333.333.333.33|
*
00280c50  33 ff 33 33 33 ff 33 33  33 ff 31 31 31 3e 00 00  |3.333.333.111>..|
00280c60  00 00 00 00 00 00 00 00  00 00 00 00 00 00 00 00  |................|
*
00280cf0  00 00 33 33 33 ff 33 33  33 ff 33 33 33 ff 33 33  |..333.333.333.33|
00280d00  33 ff 33 33 33 ff 33 33  33 ff 33 33 33 ff 33 33  |3.333.333.333.33|
*
00280d40  33 ff 00 00 00 00 00 00  00 00 00 00 00 00 00 00  |3...............|
00280d50  00 00 00 00 00 00 00 00  00 00 00 00 00 00 00 00  |................|
*
00280e30  00 00 00 00 00 00 00 00  00 00 33 33 33 2d 32 32  |..........333-22|
00280e40  32 e8 33 33 33 ff 33 33  33 ff 33 33 33 ff 33 33  |2.333.333.333.33|
00280e50  33 ff 33 33 33 ff 33 33  33 ff 33 33 33 ff 33 33  |3.333.333.333.33|
*
00280ed0  33 ff 33 33 33 ff 33 33  33 ff 00 00 00 00 00 00  |3.333.333.......|
00280ee0  00 00 00 00 00 00 00 00  00 00 00 00 00 00 00 00  |................|
*
00280f90  00 00 00 00 00 00 00 00  00 00 33 33 33 ff 33 33  |..........333.33|
00280fa0  33 ff 33 33 33 ff 33 33  33 ff 33 33 33 ff 33 33  |3.333.333.333.33|
*
00280fd0  33 ff 33 33 33 ff 33 33  33 ff 00 00 00 00 00 00  |3.333.333.......|
00280fe0  00 00 00 00 00 00 00 00  00 00 00 00 00 00 00 00  |................|
*
00281130  00 00 00 00 00 00 00 00  00 00 33 33 33 ff 33 33  |..........333.33|
00281140  33 ff 33 33 33 ff 33 33  33 ff 33 33 33 ff 33 33  |3.333.333.333.33|
*
002811c0  33 ff 33 33 33 ff 33 33  33 ff 33 33 33 ff 00 00  |3.333.333.333...|
002811d0  00 00 00 00 00 00 00 00  00 00 00 00 00 00 00 00  |................|
*
002812d0  00 00 55 55 55 03 32 32  32 9c 33 33 33 ff 33 33  |..UUU.222.333.33|
002812e0  33 ff 33 33 33 ff 33 33  33 ff 33 33 33 ff 33 33  |3.333.333.333.33|
*
00281330  33 ff 33 33 33 ff 33 33  33 ff 00 00 00 00 00 00  |3.333.333.......|
00281340  00 00 00 00 00 00 00 00  00 00 00 00 00 00 00 00  |................|
*
002813c0  00 00 00 00 00 00 00 00  00 00 00 00 00 00 32 32  |..............22|
002813d0  32 d3 33 33 33 ff 33 33  33 ff 33 33 33 ff 33 33  |2.333.333.333.33|
002813e0  33 ff 33 33 33 ff 33 33  33 ff 33 33 33 ff 33 33  |3.333.333.333.33|
*
00281450  33 ff 33 33 33 ff 33 33  33 ff 33 33 33 87 00 00  |3.333.333.333...|
00281460  00 00 00 00 00 00 00 00  00 00 00 00 00 00 00 00  |................|
*
002814f0  00 00 33 33 33 ff 33 33  33 ff 33 33 33 ff 33 33  |..333.333.333.33|
00281500  33 ff 33 33 33 ff 33 33  33 ff 33 33 33 ff 33 33  |3.333.333.333.33|
*
00281540  33 ff 00 00 00 00 00 00  00 00 00 00 00 00 00 00  |3...............|
00281550  00 00 00 00 00 00 00 00  00 00 00 00 00 00 00 00  |................|
*
00281630  00 00 00 00 00 00 35 35  35 30 33 33 33 eb 33 33  |......5550333.33|
00281640  33 ff 33 33 33 ff 33 33  33 ff 33 33 33 ff 33 33  |3.333.333.333.33|
*
002816d0  33 ff 33 33 33 ff 33 33  33 ff 00 00 00 00 00 00  |3.333.333.......|
002816e0  00 00 00 00 00 00 00 00  00 00 00 00 00 00 00 00  |................|
*
00281790  00 00 00 00 00 00 00 00  00 00 33 33 33 ff 33 33  |..........333.33|
002817a0  33 ff 33 33 33 ff 33 33  33 ff 33 33 33 ff 33 33  |3.333.333.333.33|
*
002817d0  33 ff 33 33 33 ff 33 33  33 ff 00 00 00 00 00 00  |3.333.333.......|
002817e0  00 00 00 00 00 00 00 00  00 00 00 00 00 00 00 00  |................|
*
00281930  00 00 00 00 00 00 00 00  00 00 33 33 33 ff 33 33  |..........333.33|
00281940  33 ff 33 33 33 ff 33 33  33 ff 33 33 33 ff 33 33  |3.333.333.333.33|
*
002819c0  33 ff 33 33 33 ff 33 33  33 ff 33 33 33 ff 00 00  |3.333.333.333...|
002819d0  00 00 00 00 00 00 00 00  00 00 00 00 00 00 00 00  |................|
*
00281ac0  00 00 00 00 00 00 00 00  00 00 00 00 00 00 36 36  |..............66|
00281ad0  36 0e 32 32 32 b5 33 33  33 ff 33 33 33 ff 33 33  |6.222.333.333.33|
00281ae0  33 ff 33 33 33 ff 33 33  33 ff 33 33 33 ff 33 33  |3.333.333.333.33|
*
00281b30  33 ff 33 33 33 ff 33 33  33 ff 00 00 00 00 00 00  |3.333.333.......|
00281b40  00 00 00 00 00 00 00 00  00 00 00 00 00 00 00 00  |................|
*
00281bc0  00 00 00 00 00 00 00 00  00 00 2f 2f 2f 20 33 33  |........../// 33|
00281bd0  33 ff 33 33 33 ff 33 33  33 ff 33 33 33 ff 33 33  |3.333.333.333.33|
*
00281c50  33 ff 33 33 33 ff 33 33  33 ff 33 33 33 d2 00 00  |3.333.333.333...|
00281c60  00 00 00 00 00 00 00 00  00 00 00 00 00 00 00 00  |................|
*
00281cf0  00 00 33 33 33 ff 33 33  33 ff 33 33 33 ff 33 33  |..333.333.333.33|
00281d00  33 ff 33 33 33 ff 33 33  33 ff 33 33 33 ff 33 33  |3.333.333.333.33|
*
00281d40  33 ff 00 00 00 00 00 00  00 00 00 00 00 00 00 00  |3...............|
00281d50  00 00 00 00 00 00 00 00  00 00 00 00 00 00 00 00  |................|
*
00281e30  00 00 33 33 33 4f 33 33  33 f0 33 33 33 ff 33 33  |..333O333.333.33|
00281e40  33 ff 33 33 33 ff 33 33  33 ff 33 33 33 ff 33 33  |3.333.333.333.33|
*
00281ed0  33 ff 33 33 33 ff 33 33  33 ff 00 00 00 00 00 00  |3.333.333.......|
00281ee0  00 00 00 00 00 00 00 00  00 00 00 00 00 00 00 00  |................|
*
00281f90  00 00 00 00 00 00 00 00  00 00 33 33 33 ff 33 33  |..........333.33|
00281fa0  33 ff 33 33 33 ff 33 33  33 ff 33 33 33 ff 33 33  |3.333.333.333.33|
*
00281fd0  33 ff 33 33 33 ff 33 33  33 ff 00 00 00 00 00 00  |3.333.333.......|
00281fe0  00 00 00 00 00 00 00 00  00 00 00 00 00 00 00 00  |................|
*
00282130  00 00 00 00 00 00 00 00  00 00 33 33 33 ff 33 33  |..........333.33|
00282140  33 ff 33 33 33 ff 33 33  33 ff 33 33 33 ff 33 33  |3.333.333.333.33|
*
002821c0  33 ff 33 33 33 ff 33 33  33 ff 33 33 33 ff 00 00  |3.333.333.333...|
002821d0  00 00 00 00 00 00 00 00  00 00 00 00 00 00 00 00  |................|
*
002822c0  00 00 00 00 00 00 00 00  00 00 31 31 31 39 33 33  |..........111933|
002822d0  33 dc 33 33 33 ff 33 33  33 ff 33 33 33 ff 33 33  |3.333.333.333.33|
002822e0  33 ff 33 33 33 ff 33 33  33 ff 33 33 33 ff 33 33  |3.333.333.333.33|
*
00282330  33 ff 33 33 33 ff 33 33  33 ff 00 00 00 00 00 00  |3.333.333.......|
00282340  00 00 00 00 00 00 00 00  00 00 00 00 00 00 00 00  |................|
*
002823c0  00 00 00 00 00 00 00 00  00 00 32 32 32 6b 33 33  |..........222k33|
002823d0  33 ff 33 33 33 ff 33 33  33 ff 33 33 33 ff 33 33  |3.333.333.333.33|
*
00282460  33 1e 00 00 00 00 00 00  00 00 00 00 00 00 00 00  |3...............|
00282470  00 00 00 00 00 00 00 00  00 00 00 00 00 00 00 00  |................|
*
002824f0  00 00 33 33 33 ff 33 33  33 ff 33 33 33 ff 33 33  |..333.333.333.33|
00282500  33 ff 33 33 33 ff 33 33  33 ff 33 33 33 ff 33 33  |3.333.333.333.33|
*
00282540  33 ff 00 00 00 00 00 00  00 00 00 00 00 00 00 00  |3...............|
00282550  00 00 00 00 00 00 00 00  00 00 00 00 00 00 00 00  |................|
*
00282620  00 00 00 00 00 00 00 00  00 00 55 55 55 03 33 33  |..........UUU.33|
00282630  33 80 33 33 33 fd 33 33  33 ff 33 33 33 ff 33 33  |3.333.333.333.33|
00282640  33 ff 33 33 33 ff 33 33  33 ff 33 33 33 ff 33 33  |3.333.333.333.33|
*
002826d0  33 ff 33 33 33 ff 33 33  33 ff 00 00 00 00 00 00  |3.333.333.......|
002826e0  00 00 00 00 00 00 00 00  00 00 00 00 00 00 00 00  |................|
*
00282790  00 00 00 00 00 00 00 00  00 00 33 33 33 ff 33 33  |..........333.33|
002827a0  33 ff 33 33 33 ff 33 33  33 ff 33 33 33 ff 33 33  |3.333.333.333.33|
*
002827d0  33 ff 33 33 33 ff 33 33  33 ff 00 00 00 00 00 00  |3.333.333.......|
002827e0  00 00 00 00 00 00 00 00  00 00 00 00 00 00 00 00  |................|
*
00282930  00 00 00 00 00 00 00 00  00 00 33 33 33 ff 33 33  |..........333.33|
00282940  33 ff 33 33 33 ff 33 33  33 ff 33 33 33 ff 33 33  |3.333.333.333.33|
*
002829c0  33 ff 33 33 33 ff 33 33  33 ff 33 33 33 ff 00 00  |3.333.333.333...|
002829d0  00 00 00 00 00 00 00 00  00 00 00 00 00 00 00 00  |................|
*
00282ac0  00 00 35 35 35 18 32 32  32 97 33 33 33 fd 33 33  |..555.222.333.33|
00282ad0  33 ff 33 33 33 ff 33 33  33 ff 33 33 33 ff 33 33  |3.333.333.333.33|
*
00282b30  33 ff 33 33 33 ff 33 33  33 ff 00 00 00 00 00 00  |3.333.333.......|
00282b40  00 00 00 00 00 00 00 00  00 00 00 00 00 00 00 00  |................|
*
00282bc0  00 00 00 00 00 00 00 00  00 00 32 32 32 b6 33 33  |..........222.33|
00282bd0  33 ff 33 33 33 ff 33 33  33 ff 33 33 33 ff 33 33  |3.333.333.333.33|
*
00282c60  33 67 00 00 00 00 00 00  00 00 00 00 00 00 00 00  |3g..............|
00282c70  00 00 00 00 00 00 00 00  00 00 00 00 00 00 00 00  |................|
*
00282cf0  00 00 33 33 33 ff 33 33  33 ff 33 33 33 ff 33 33  |..333.333.333.33|
00282d00  33 ff 33 33 33 ff 33 33  33 ff 33 33 33 ff 33 33  |3.333.333.333.33|
*
00282d40  33 ff 00 00 00 00 00 00  00 00 00 00 00 00 00 00  |3...............|
00282d50  00 00 00 00 00 00 00 00  00 00 00 00 00 00 00 00  |................|
*
00282e20  00 00 00 00 00 00 33 33  33 3c 33 33 33 d0 33 33  |......333<333.33|
00282e30  33 ff 33 33 33 ff 33 33  33 ff 33 33 33 ff 33 33  |3.333.333.333.33|
*
00282ed0  33 ff 33 33 33 ff 33 33  33 ff 00 00 00 00 00 00  |3.333.333.......|
00282ee0  00 00 00 00 00 00 00 00  00 00 00 00 00 00 00 00  |................|
*
00282f90  00 00 00 00 00 00 00 00  00 00 33 33 33 ff 33 33  |..........333.33|
00282fa0  33 ff 33 33 33 ff 33 33  33 ff 33 33 33 ff 33 33  |3.333.333.333.33|
*
00282fd0  33 ff 33 33 33 ff 33 33  33 ff 00 00 00 00 00 00  |3.333.333.......|
00282fe0  00 00 00 00 00 00 00 00  00 00 00 00 00 00 00 00  |................|
*
00283130  00 00 00 00 00 00 00 00  00 00 33 33 33 ff 33 33  |..........333.33|
00283140  33 ff 33 33 33 ff 33 33  33 ff 33 33 33 ff 33 33  |3.333.333.333.33|
*
002831c0  33 ff 33 33 33 ff 33 33  33 ff 33 33 33 ff 00 00  |3.333.333.333...|
002831d0  00 00 00 00 00 00 00 00  00 00 00 00 00 00 00 00  |................|
*
002832b0  00 00 00 00 00 00 00 00  00 00 35 35 35 18 32 32  |..........555.22|
002832c0  32 84 33 33 33 f4 33 33  33 ff 33 33 33 ff 33 33  |2.333.333.333.33|
002832d0  33 ff 33 33 33 ff 33 33  33 ff 33 33 33 ff 33 33  |3.333.333.333.33|
*
00283330  33 ff 33 33 33 ff 33 33  33 ff 00 00 00 00 00 00  |3.333.333.......|
00283340  00 00 00 00 00 00 00 00  00 00 00 00 00 00 00 00  |................|
*
002833c0  00 00 00 00 00 00 2e 2e  2e 0b 32 32 32 f7 33 33  |..........222.33|
002833d0  33 ff 33 33 33 ff 33 33  33 ff 33 33 33 ff 33 33  |3.333.333.333.33|
*
00283450  33 ff 33 33 33 ff 33 33  33 ff 33 33 33 ff 32 32  |3.333.333.333.22|
00283460  32 b0 00 00 00 00 00 00  00 00 00 00 00 00 00 00  |2...............|
00283470  00 00 00 00 00 00 00 00  00 00 00 00 00 00 00 00  |................|
*
002834f0  00 00 33 33 33 ff 33 33  33 ff 33 33 33 ff 33 33  |..333.333.333.33|
00283500  33 ff 33 33 33 ff 33 33  33 ff 33 33 33 ff 33 33  |3.333.333.333.33|
*
00283540  33 ff 00 00 00 00 00 00  00 00 00 00 00 00 00 00  |3...............|
00283550  00 00 00 00 00 00 00 00  00 00 00 00 00 00 00 00  |................|
*
00283610  00 00 00 00 00 00 00 00  00 00 00 00 00 00 30 30  |..............00|
00283620  30 25 33 33 33 a4 33 33  33 fe 33 33 33 ff 33 33  |0%333.333.333.33|
00283630  33 ff 33 33 33 ff 33 33  33 ff 33 33 33 ff 33 33  |3.333.333.333.33|
*
002836d0  33 ff 33 33 33 ff 33 33  33 ff 00 00 00 00 00 00  |3.333.333.......|
002836e0  00 00 00 00 00 00 00 00  00 00 00 00 00 00 00 00  |................|
*
00283790  00 00 00 00 00 00 00 00  00 00 33 33 33 ff 33 33  |..........333.33|
002837a0  33 ff 33 33 33 ff 33 33  33 ff 33 33 33 ff 33 33  |3.333.333.333.33|
*
002837d0  33 ff 33 33 33 ff 33 33  33 ff 00 00 00 00 00 00  |3.333.333.......|
002837e0  00 00 00 00 00 00 00 00  00 00 00 00 00 00 00 00  |................|
*
00283930  00 00 00 00 00 00 00 00  00 00 33 33 33 ff 33 33  |..........333.33|
00283940  33 ff 33 33 33 ff 33 33  33 ff 33 33 33 ff 33 33  |3.333.333.333.33|
*
002839c0  33 ff 33 33 33 ff 33 33  33 ff 33 33 33 ff 00 00  |3.333.333.333...|
002839d0  00 00 00 00 00 00 00 00  00 00 00 00 00 00 00 00  |................|
*
00283aa0  00 00 00 00 00 00 00 00  00 00 00 00 00 00 55 55  |..............UU|
00283ab0  55 03 32 32 32 42 33 33  33 a9 33 33 33 fa 33 33  |U.222B333.333.33|
00283ac0  33 ff 33 33 33 ff 33 33  33 ff 33 33 33 ff 33 33  |3.333.333.333.33|
*
00283b30  33 ff 33 33 33 ff 33 33  33 ff 00 00 00 00 00 00  |3.333.333.......|
00283b40  00 00 00 00 00 00 00 00  00 00 00 00 00 00 00 00  |................|
*
00283bc0  00 00 00 00 00 00 34 34  34 4e 33 33 33 ff 33 33  |......444N333.33|
00283bd0  33 ff 33 33 33 ff 33 33  33 ff 33 33 33 ff 33 33  |3.333.333.333.33|
*
00283c60  33 f3 24 24 24 07 00 00  00 00 00 00 00 00 00 00  |3.$$$...........|
00283c70  00 00 00 00 00 00 00 00  00 00 00 00 00 00 00 00  |................|
*
00283cf0  00 00 33 33 33 ff 33 33  33 ff 33 33 33 ff 33 33  |..333.333.333.33|
00283d00  33 ff 33 33 33 ff 33 33  33 ff 33 33 33 ff 33 33  |3.333.333.333.33|
*
00283d40  33 ff 00 00 00 00 00 00  00 00 00 00 00 00 00 00  |3...............|
00283d50  00 00 00 00 00 00 00 00  00 00 00 00 00 00 00 00  |................|
*
00283e10  00 00 00 00 00 00 33 33  33 3b 33 33 33 ae 33 33  |......333;333.33|
00283e20  33 fd 33 33 33 ff 33 33  33 ff 33 33 33 ff 33 33  |3.333.333.333.33|
00283e30  33 ff 33 33 33 ff 33 33  33 ff 33 33 33 ff 33 33  |3.333.333.333.33|
*
00283ed0  33 ff 33 33 33 ff 33 33  33 ff 00 00 00 00 00 00  |3.333.333.......|
00283ee0  00 00 00 00 00 00 00 00  00 00 00 00 00 00 00 00  |................|
*
00283f90  00 00 00 00 00 00 00 00  00 00 33 33 33 ff 33 33  |..........333.33|
00283fa0  33 ff 33 33 33 ff 33 33  33 ff 33 33 33 ff 33 33  |3.333.333.333.33|
*
00283fd0  33 ff 33 33 33 ff 33 33  33 ff 00 00 00 00 00 00  |3.333.333.......|
00283fe0  00 00 00 00 00 00 00 00  00 00 00 00 00 00 00 00  |................|
*
00284130  00 00 00 00 00 00 00 00  00 00 33 33 33 ff 33 33  |..........333.33|
00284140  33 ff 33 33 33 ff 33 33  33 ff 33 33 33 ff 33 33  |3.333.333.333.33|
*
002841c0  33 ff 33 33 33 ff 33 33  33 ff 33 33 33 ff 00 00  |3.333.333.333...|
002841d0  00 00 00 00 00 00 00 00  00 00 00 00 00 00 00 00  |................|
*
002842a0  00 00 36 36 36 0e 34 34  34 4e 32 32 32 9d 33 33  |..666.444N222.33|
002842b0  33 ea 33 33 33 ff 33 33  33 ff 33 33 33 ff 33 33  |3.333.333.333.33|
002842c0  33 ff 33 33 33 ff 33 33  33 ff 33 33 33 ff 33 33  |3.333.333.333.33|
*
00284330  33 ff 33 33 33 ff 33 33  33 ff 00 00 00 00 00 00  |3.333.333.......|
00284340  00 00 00 00 00 00 00 00  00 00 00 00 00 00 00 00  |................|
*
002843c0  00 00 00 00 00 00 33 33  33 99 33 33 33 ff 33 33  |......333.333.33|
002843d0  33 ff 33 33 33 ff 33 33  33 ff 33 33 33 ff 33 33  |3.333.333.333.33|
*
00284460  33 ff 33 33 33 45 00 00  00 00 00 00 00 00 00 00  |3.333E..........|
00284470  00 00 00 00 00 00 00 00  00 00 00 00 00 00 00 00  |................|
*
002844f0  00 00 33 33 33 ff 33 33  33 ff 33 33 33 ff 33 33  |..333.333.333.33|
00284500  33 ff 33 33 33 ff 33 33  33 ff 33 33 33 ff 33 33  |3.333.333.333.33|
*
00284540  33 ff 00 00 00 00 00 00  00 00 00 00 00 00 00 00  |3...............|
00284550  00 00 00 00 00 00 00 00  00 00 00 00 00 00 00 00  |................|
*
00284600  00 00 00 00 00 00 00 00  00 00 33 33 33 2d 32 32  |..........333-22|
00284610  32 83 32 32 32 d8 33 33  33 ff 33 33 33 ff 33 33  |2.222.333.333.33|
00284620  33 ff 33 33 33 ff 33 33  33 ff 33 33 33 ff 33 33  |3.333.333.333.33|
*
002846d0  33 ff 33 33 33 ff 33 33  33 ff 00 00 00 00 00 00  |3.333.333.......|
002846e0  00 00 00 00 00 00 00 00  00 00 00 00 00 00 00 00  |................|
*
00284790  00 00 00 00 00 00 00 00  00 00 33 33 33 ff 33 33  |..........333.33|
002847a0  33 ff 33 33 33 ff 33 33  33 ff 33 33 33 ff 33 33  |3.333.333.333.33|
*
002847d0  33 ff 33 33 33 ff 33 33  33 ff 00 00 00 00 00 00  |3.333.333.......|
002847e0  00 00 00 00 00 00 00 00  00 00 00 00 00 00 00 00  |................|
*
00284930  00 00 00 00 00 00 00 00  00 00 33 33 33 ff 33 33  |..........333.33|
00284940  33 ff 33 33 33 ff 33 33  33 ff 33 33 33 ff 33 33  |3.333.333.333.33|
*
002849c0  33 ff 33 33 33 ff 33 33  33 ff 33 33 33 ff 00 00  |3.333.333.333...|
002849d0  00 00 00 00 00 00 00 00  00 00 00 00 00 00 00 00  |................|
*
00284a80  00 00 00 00 00 00 00 00  00 00 00 00 00 00 3a 3a  |..............::|
00284a90  3a 0d 34 34 34 35 31 31  31 61 33 33 33 96 33 33  |:.4445111a333.33|
00284aa0  33 d1 33 33 33 fd 33 33  33 ff 33 33 33 ff 33 33  |3.333.333.333.33|
00284ab0  33 ff 33 33 33 ff 33 33  33 ff 33 33 33 ff 33 33  |3.333.333.333.33|
*
00284b30  33 ff 33 33 33 ff 33 33  33 ff 00 00 00 00 00 00  |3.333.333.......|
00284b40  00 00 00 00 00 00 00 00  00 00 00 00 00 00 00 00  |................|
*
00284bc0  00 00 00 00 00 01 33 33  33 e4 33 33 33 ff 33 33  |......333.333.33|
00284bd0  33 ff 33 33 33 ff 33 33  33 ff 33 33 33 ff 33 33  |3.333.333.333.33|
*
00284c60  33 ff 33 33 33 8f 00 00  00 00 00 00 00 00 00 00  |3.333...........|
00284c70  00 00 00 00 00 00 00 00  00 00 00 00 00 00 00 00  |................|
*
00284cf0  00 00 33 33 33 ff 33 33  33 ff 33 33 33 ff 33 33  |..333.333.333.33|
00284d00  33 ff 33 33 33 ff 33 33  33 ff 33 33 33 ff 33 33  |3.333.333.333.33|
*
00284d40  33 ff 00 00 00 00 00 00  00 00 00 00 00 00 00 00  |3...............|
00284d50  00 00 00 00 00 00 00 00  00 00 00 00 00 00 00 00  |................|
*
00284df0  00 00 00 00 00 00 00 00  00 02 34 34 34 27 33 33  |..........444'33|
00284e00  33 63 32 32 32 a1 33 33  33 df 33 33 33 ff 33 33  |3c222.333.333.33|
00284e10  33 ff 33 33 33 ff 33 33  33 ff 33 33 33 ff 33 33  |3.333.333.333.33|
*
00284ed0  33 ff 33 33 33 ff 33 33  33 ff 00 00 00 00 00 00  |3.333.333.......|
00284ee0  00 00 00 00 00 00 00 00  00 00 00 00 00 00 00 00  |................|
*
00284f90  00 00 00 00 00 00 00 00  00 00 33 33 33 ff 33 33  |..........333.33|
00284fa0  33 ff 33 33 33 ff 33 33  33 ff 33 33 33 ff 33 33  |3.333.333.333.33|
*
00284fd0  33 ff 33 33 33 ff 33 33  33 ff 00 00 00 00 00 00  |3.333.333.......|
00284fe0  00 00 00 00 00 00 00 00  00 00 00 00 00 00 00 00  |................|
*
00285130  00 00 00 00 00 00 00 00  00 00 33 33 33 ff 33 33  |..........333.33|
00285140  33 ff 33 33 33 ff 33 33  33 ff 33 33 33 ff 33 33  |3.333.333.333.33|
*
002851c0  33 ff 33 33 33 ff 33 33  33 ff 33 33 33 ff 00 00  |3.333.333.333...|
002851d0  00 00 00 00 00 00 00 00  00 00 00 00 00 00 00 00  |................|
*
00285250  00 00 00 00 00 00 00 00  00 00 24 24 24 07 2d 2d  |..........$$$.--|
00285260  2d 11 2d 2d 2d 11 2e 2e  2e 16 30 30 30 25 31 31  |-.---.....000%11|
00285270  31 34 34 34 34 44 33 33  33 54 33 33 33 6c 33 33  |14444D333T333l33|
00285280  33 86 32 32 32 a2 33 33  33 bd 33 33 33 e0 33 33  |3.222.333.333.33|
00285290  33 ff 33 33 33 ff 33 33  33 ff 33 33 33 ff 33 33  |3.333.333.333.33|
*
00285330  33 ff 33 33 33 ff 33 33  33 ff 00 00 00 00 00 00  |3.333.333.......|
00285340  00 00 00 00 00 00 00 00  00 00 00 00 00 00 00 00  |................|
*
002853c0  00 00 34 34 34 31 33 33  33 ff 33 33 33 ff 33 33  |..4441333.333.33|
002853d0  33 ff 33 33 33 ff 33 33  33 ff 33 33 33 ff 33 33  |3.333.333.333.33|
*
00285460  33 ff 32 32 32 d9 00 00  00 00 00 00 00 00 00 00  |3.222...........|
00285470  00 00 00 00 00 00 00 00  00 00 00 00 00 00 00 00  |................|
*
002854f0  00 00 33 33 33 ff 33 33  33 ff 33 33 33 ff 33 33  |..333.333.333.33|
00285500  33 ff 33 33 33 ff 33 33  33 ff 33 33 33 ff 33 33  |3.333.333.333.33|
*
00285540  33 ff 00 00 00 00 00 00  00 00 00 00 00 00 00 00  |3...............|
00285550  00 00 00 00 00 00 00 00  00 00 00 00 00 00 00 00  |................|
*
002855c0  00 00 00 00 00 00 00 00  00 00 00 00 00 00 33 33  |..............33|
002855d0  33 0f 2d 2d 2d 11 37 37  37 17 30 30 30 25 34 34  |3.---.777.000%44|
002855e0  34 3a 33 33 33 4f 33 33  33 67 33 33 33 81 33 33  |4:333O333g333.33|
002855f0  33 a8 32 32 32 cf 32 32  32 f6 33 33 33 ff 33 33  |3.222.222.333.33|
00285600  33 ff 33 33 33 ff 33 33  33 ff 33 33 33 ff 33 33  |3.333.333.333.33|
*
002856d0  33 ff 33 33 33 ff 33 33  33 ff 00 00 00 00 00 00  |3.333.333.......|
002856e0  00 00 00 00 00 00 00 00  00 00 00 00 00 00 00 00  |................|
*
00285790  00 00 00 00 00 00 00 00  00 00 33 33 33 ff 33 33  |..........333.33|
002857a0  33 ff 33 33 33 ff 33 33  33 ff 33 33 33 ff 33 33  |3.333.333.333.33|
*
002857d0  33 ff 33 33 33 ff 33 33  33 ff 00 00 00 00 00 00  |3.333.333.......|
002857e0  00 00 00 00 00 00 00 00  00 00 00 00 00 00 00 00  |................|
*
00285930  00 00 00 00 00 00 00 00  00 00 33 33 33 ff 33 33  |..........333.33|
00285940  33 ff 33 33 33 ff 33 33  33 ff 33 33 33 ff 33 33  |3.333.333.333.33|
*
00285ed0  33 ff 33 33 33 ff 33 33  33 ff 00 00 00 00 00 00  |3.333.333.......|
00285ee0  00 00 00 00 00 00 00 00  00 00 00 00 00 00 00 00  |................|
*
00285f90  00 00 00 00 00 00 00 00  00 00 33 33 33 ff 33 33  |..........333.33|
00285fa0  33 ff 33 33 33 ff 33 33  33 ff 33 33 33 ff 33 33  |3.333.333.333.33|
*
00285fd0  33 ff 33 33 33 ff 33 33  33 ff 00 00 00 00 00 00  |3.333.333.......|
00285fe0  00 00 00 00 00 00 00 00  00 00 00 00 00 00 00 00  |................|
*
00286130  00 00 00 00 00 00 00 00  00 00 33 33 33 ff 33 33  |..........333.33|
00286140  33 ff 33 33 33 ff 33 33  33 ff 33 33 33 ff 33 33  |3.333.333.333.33|
*
002866d0  33 ff 33 33 33 ff 33 33  33 ff 00 00 00 00 00 00  |3.333.333.......|
002866e0  00 00 00 00 00 00 00 00  00 00 00 00 00 00 00 00  |................|
*
00286790  00 00 00 00 00 00 00 00  00 00 33 33 33 ff 33 33  |..........333.33|
002867a0  33 ff 33 33 33 ff 33 33  33 ff 33 33 33 ff 33 33  |3.333.333.333.33|
*
002867d0  33 ff 33 33 33 ff 33 33  33 ff 00 00 00 00 00 00  |3.333.333.......|
002867e0  00 00 00 00 00 00 00 00  00 00 00 00 00 00 00 00  |................|
*
00286930  00 00 00 00 00 00 00 00  00 00 33 33 33 ff 33 33  |..........333.33|
00286940  33 ff 33 33 33 ff 33 33  33 ff 33 33 33 ff 33 33  |3.333.333.333.33|
*
00286ed0  33 ff 33 33 33 ff 33 33  33 ff 00 00 00 00 00 00  |3.333.333.......|
00286ee0  00 00 00 00 00 00 00 00  00 00 00 00 00 00 00 00  |................|
*
00286f90  00 00 00 00 00 00 00 00  00 00 33 33 33 ff 33 33  |..........333.33|
00286fa0  33 ff 33 33 33 ff 33 33  33 ff 33 33 33 ff 33 33  |3.333.333.333.33|
*
00286fd0  33 ff 33 33 33 ff 33 33  33 ff 00 00 00 00 00 00  |3.333.333.......|
00286fe0  00 00 00 00 00 00 00 00  00 00 00 00 00 00 00 00  |................|
*
00287130  00 00 00 00 00 00 00 00  00 00 33 33 33 ff 33 33  |..........333.33|
00287140  33 ff 33 33 33 ff 33 33  33 ff 33 33 33 ff 33 33  |3.333.333.333.33|
*
002876d0  33 ff 33 33 33 ff 33 33  33 ff 00 00 00 00 00 00  |3.333.333.......|
002876e0  00 00 00 00 00 00 00 00  00 00 00 00 00 00 00 00  |................|
*
00287790  00 00 00 00 00 00 00 00  00 00 33 33 33 ff 33 33  |..........333.33|
002877a0  33 ff 33 33 33 ff 33 33  33 ff 33 33 33 ff 33 33  |3.333.333.333.33|
*
002877d0  33 ff 33 33 33 ff 33 33  33 ff 00 00 00 00 00 00  |3.333.333.......|
002877e0  00 00 00 00 00 00 00 00  00 00 00 00 00 00 00 00  |................|
*
00287930  00 00 00 00 00 00 00 00  00 00 33 33 33 ff 33 33  |..........333.33|
00287940  33 ff 33 33 33 ff 33 33  33 ff 33 33 33 ff 33 33  |3.333.333.333.33|
*
00287ed0  33 ff 33 33 33 ff 33 33  33 ff 00 00 00 00 00 00  |3.333.333.......|
00287ee0  00 00 00 00 00 00 00 00  00 00 00 00 00 00 00 00  |................|
*
00287f90  00 00 00 00 00 00 00 00  00 00 33 33 33 ff 33 33  |..........333.33|
00287fa0  33 ff 33 33 33 ff 33 33  33 ff 33 33 33 ff 33 33  |3.333.333.333.33|
*
00287fd0  33 ff 33 33 33 ff 33 33  33 ff 00 00 00 00 00 00  |3.333.333.......|
00287fe0  00 00 00 00 00 00 00 00  00 00 00 00 00 00 00 00  |................|
*
00288130  00 00 00 00 00 00 00 00  00 00 33 33 33 ff 33 33  |..........333.33|
00288140  33 ff 33 33 33 ff 33 33  33 ff 33 33 33 ff 33 33  |3.333.333.333.33|
*
002886d0  33 ff 33 33 33 ff 33 33  33 ff 00 00 00 00 00 00  |3.333.333.......|
002886e0  00 00 00 00 00 00 00 00  00 00 00 00 00 00 00 00  |................|
*
00288790  00 00 00 00 00 00 00 00  00 00 33 33 33 ff 33 33  |..........333.33|
002887a0  33 ff 33 33 33 ff 33 33  33 ff 33 33 33 ff 33 33  |3.333.333.333.33|
*
002887d0  33 ff 33 33 33 ff 33 33  33 ff 00 00 00 00 00 00  |3.333.333.......|
002887e0  00 00 00 00 00 00 00 00  00 00 00 00 00 00 00 00  |................|
*
00288930  00 00 00 00 00 00 00 00  00 00 33 33 33 ff 33 33  |..........333.33|
00288940  33 ff 33 33 33 ff 33 33  33 ff 33 33 33 ff 33 33  |3.333.333.333.33|
*
00288ed0  33 ff 33 33 33 ff 33 33  33 ff 00 00 00 00 00 00  |3.333.333.......|
00288ee0  00 00 00 00 00 00 00 00  00 00 00 00 00 00 00 00  |................|
*
00288f90  00 00 00 00 00 00 00 00  00 00 33 33 33 ff 33 33  |..........333.33|
00288fa0  33 ff 33 33 33 ff 33 33  33 ff 33 33 33 ff 33 33  |3.333.333.333.33|
*
00288fd0  33 ff 33 33 33 ff 33 33  33 ff 00 00 00 00 00 00  |3.333.333.......|
00288fe0  00 00 00 00 00 00 00 00  00 00 00 00 00 00 00 00  |................|
*
00289130  00 00 00 00 00 00 00 00  00 00 33 33 33 ff 33 33  |..........333.33|
00289140  33 ff 33 33 33 ff 33 33  33 ff 33 33 33 ff 33 33  |3.333.333.333.33|
*
002896d0  33 ff 33 33 33 ff 33 33  33 ff 00 00 00 00 00 00  |3.333.333.......|
002896e0  00 00 00 00 00 00 00 00  00 00 00 00 00 00 00 00  |................|
*
00289790  00 00 00 00 00 00 00 00  00 00 33 33 33 ff 33 33  |..........333.33|
002897a0  33 ff 33 33 33 ff 33 33  33 ff 33 33 33 ff 33 33  |3.333.333.333.33|
*
002897d0  33 ff 33 33 33 ff 33 33  33 ff 00 00 00 00 00 00  |3.333.333.......|
002897e0  00 00 00 00 00 00 00 00  00 00 00 00 00 00 00 00  |................|
*
00289930  00 00 00 00 00 00 00 00  00 00 33 33 33 ff 33 33  |..........333.33|
00289940  33 ff 33 33 33 ff 33 33  33 ff 33 33 33 ff 33 33  |3.333.333.333.33|
*
00289ed0  33 ff 33 33 33 ff 33 33  33 ff 00 00 00 00 00 00  |3.333.333.......|
00289ee0  00 00 00 00 00 00 00 00  00 00 00 00 00 00 00 00  |................|
*
00289f90  00 00 00 00 00 00 00 00  00 00 33 33 33 ff 33 33  |..........333.33|
00289fa0  33 ff 33 33 33 ff 33 33  33 ff 33 33 33 ff 33 33  |3.333.333.333.33|
*
00289fd0  33 ff 33 33 33 ff 33 33  33 ff 00 00 00 00 00 00  |3.333.333.......|
00289fe0  00 00 00 00 00 00 00 00  00 00 00 00 00 00 00 00  |................|
*
0028a130  00 00 00 00 00 00 00 00  00 00 33 33 33 ff 33 33  |..........333.33|
0028a140  33 ff 33 33 33 ff 33 33  33 ff 33 33 33 ff 33 33  |3.333.333.333.33|
*
0028a6d0  33 ff 33 33 33 ff 33 33  33 ff 00 00 00 00 00 00  |3.333.333.......|
0028a6e0  00 00 00 00 00 00 00 00  00 00 00 00 00 00 00 00  |................|
*
0028a790  00 00 00 00 00 00 00 00  00 00 33 33 33 ff 33 33  |..........333.33|
0028a7a0  33 ff 33 33 33 ff 33 33  33 ff 33 33 33 ff 33 33  |3.333.333.333.33|
*
0028a7d0  33 ff 33 33 33 ff 33 33  33 ff 00 00 00 00 00 00  |3.333.333.......|
0028a7e0  00 00 00 00 00 00 00 00  00 00 00 00 00 00 00 00  |................|
*
0028a930  00 00 00 00 00 00 00 00  00 00 33 33 33 ff 33 33  |..........333.33|
0028a940  33 ff 33 33 33 ff 33 33  33 ff 33 33 33 ff 33 33  |3.333.333.333.33|
*
0028aed0  33 ff 33 33 33 ff 33 33  33 ff 00 00 00 00 00 00  |3.333.333.......|
0028aee0  00 00 00 00 00 00 00 00  00 00 00 00 00 00 00 00  |................|
*
0028af90  00 00 00 00 00 00 00 00  00 00 33 33 33 ff 33 33  |..........333.33|
0028afa0  33 ff 33 33 33 ff 33 33  33 ff 33 33 33 ff 33 33  |3.333.333.333.33|
*
0028afd0  33 ff 33 33 33 ff 33 33  33 ff 00 00 00 00 00 00  |3.333.333.......|
0028afe0  00 00 00 00 00 00 00 00  00 00 00 00 00 00 00 00  |................|
*
0028b130  00 00 00 00 00 00 00 00  00 00 33 33 33 ff 33 33  |..........333.33|
0028b140  33 ff 33 33 33 ff 33 33  33 ff 33 33 33 ff 33 33  |3.333.333.333.33|
*
0028b6d0  33 ff 33 33 33 ff 33 33  33 ff 00 00 00 00 00 00  |3.333.333.......|
0028b6e0  00 00 00 00 00 00 00 00  00 00 00 00 00 00 00 00  |................|
*
0028b790  00 00 00 00 00 00 00 00  00 00 33 33 33 ff 33 33  |..........333.33|
0028b7a0  33 ff 33 33 33 ff 33 33  33 ff 33 33 33 ff 33 33  |3.333.333.333.33|
*
0028b7d0  33 ff 33 33 33 ff 33 33  33 ff 00 00 00 00 00 00  |3.333.333.......|
0028b7e0  00 00 00 00 00 00 00 00  00 00 00 00 00 00 00 00  |................|
*
0028b930  00 00 00 00 00 00 00 00  00 00 33 33 33 ff 33 33  |..........333.33|
0028b940  33 ff 33 33 33 ff 33 33  33 ff 33 33 33 ff 33 33  |3.333.333.333.33|
*
0028bed0  33 ff 33 33 33 ff 33 33  33 ff 00 00 00 00 00 00  |3.333.333.......|
0028bee0  00 00 00 00 00 00 00 00  00 00 00 00 00 00 00 00  |................|
*
0028bf90  00 00 00 00 00 00 00 00  00 00 33 33 33 ff 33 33  |..........333.33|
0028bfa0  33 ff 33 33 33 ff 33 33  33 ff 33 33 33 ff 33 33  |3.333.333.333.33|
*
0028bfd0  33 ff 33 33 33 ff 33 33  33 ff 00 00 00 00 00 00  |3.333.333.......|
0028bfe0  00 00 00 00 00 00 00 00  00 00 00 00 00 00 00 00  |................|
*
0028c130  00 00 00 00 00 00 00 00  00 00 33 33 33 ff 33 33  |..........333.33|
0028c140  33 ff 33 33 33 ff 33 33  33 ff 33 33 33 ff 33 33  |3.333.333.333.33|
*
0028c6d0  33 ff 33 33 33 ff 33 33  33 ff 00 00 00 00 00 00  |3.333.333.......|
0028c6e0  00 00 00 00 00 00 00 00  00 00 00 00 00 00 00 00  |................|
*
0028c790  00 00 00 00 00 00 00 00  00 00 33 33 33 ff 33 33  |..........333.33|
0028c7a0  33 ff 33 33 33 ff 33 33  33 ff 33 33 33 ff 33 33  |3.333.333.333.33|
*
0028c7d0  33 ff 33 33 33 ff 33 33  33 ff 00 00 00 00 00 00  |3.333.333.......|
0028c7e0  00 00 00 00 00 00 00 00  00 00 00 00 00 00 00 00  |................|
*
0028c930  00 00 00 00 00 00 00 00  00 00 33 33 33 ff 33 33  |..........333.33|
0028c940  33 ff 33 33 33 ff 33 33  33 ff 33 33 33 ff 33 33  |3.333.333.333.33|
*
0028ced0  33 ff 33 33 33 ff 33 33  33 ff 00 00 00 00 00 00  |3.333.333.......|
0028cee0  00 00 00 00 00 00 00 00  00 00 00 00 00 00 00 00  |................|
*
0028cf90  00 00 00 00 00 00 00 00  00 00 33 33 33 ff 33 33  |..........333.33|
0028cfa0  33 ff 33 33 33 ff 33 33  33 ff 33 33 33 ff 33 33  |3.333.333.333.33|
*
0028cfd0  33 ff 33 33 33 ff 33 33  33 ff 00 00 00 00 00 00  |3.333.333.......|
0028cfe0  00 00 00 00 00 00 00 00  00 00 00 00 00 00 00 00  |................|
*
0028d130  00 00 00 00 00 00 00 00  00 00 33 33 33 ff 33 33  |..........333.33|
0028d140  33 ff 33 33 33 ff 33 33  33 ff 33 33 33 ff 33 33  |3.333.333.333.33|
*
0028d6d0  33 ff 33 33 33 ff 33 33  33 ff 00 00 00 00 00 00  |3.333.333.......|
0028d6e0  00 00 00 00 00 00 00 00  00 00 00 00 00 00 00 00  |................|
*
0028d790  00 00 00 00 00 00 00 00  00 00 33 33 33 ff 33 33  |..........333.33|
0028d7a0  33 ff 33 33 33 ff 33 33  33 ff 33 33 33 ff 33 33  |3.333.333.333.33|
*
0028d7d0  33 ff 33 33 33 ff 33 33  33 ff 00 00 00 00 00 00  |3.333.333.......|
0028d7e0  00 00 00 00 00 00 00 00  00 00 00 00 00 00 00 00  |................|
*
0028d930  00 00 00 00 00 00 00 00  00 00 33 33 33 ff 33 33  |..........333.33|
0028d940  33 ff 33 33 33 ff 33 33  33 ff 33 33 33 ff 33 33  |3.333.333.333.33|
*
0028ded0  33 ff 33 33 33 ff 33 33  33 ff 00 00 00 00 00 00  |3.333.333.......|
0028dee0  00 00 00 00 00 00 00 00  00 00 00 00 00 00 00 00  |................|
*
0028df90  00 00 00 00 00 00 00 00  00 00 33 33 33 ff 33 33  |..........333.33|
0028dfa0  33 ff 33 33 33 ff 33 33  33 ff 33 33 33 ff 33 33  |3.333.333.333.33|
*
0028dfd0  33 ff 33 33 33 ff 33 33  33 ff 00 00 00 00 00 00  |3.333.333.......|
0028dfe0  00 00 00 00 00 00 00 00  00 00 00 00 00 00 00 00  |................|
*
0028e130  00 00 00 00 00 00 00 00  00 00 33 33 33 fe 33 33  |..........333.33|
0028e140  33 ff 33 33 33 ff 33 33  33 ff 33 33 33 ff 33 33  |3.333.333.333.33|
*
0028e6d0  33 ff 33 33 33 ff 33 33  33 fe 00 00 00 00 00 00  |3.333.333.......|
0028e6e0  00 00 00 00 00 00 00 00  00 00 00 00 00 00 00 00  |................|
*
0028e790  00 00 00 00 00 00 00 00  00 00 33 33 33 ff 33 33  |..........333.33|
0028e7a0  33 ff 33 33 33 ff 33 33  33 ff 33 33 33 ff 33 33  |3.333.333.333.33|
*
0028e7d0  33 ff 33 33 33 ff 33 33  33 ff 00 00 00 00 00 00  |3.333.333.......|
0028e7e0  00 00 00 00 00 00 00 00  00 00 00 00 00 00 00 00  |................|
*
0028e930  00 00 00 00 00 00 00 00  00 00 33 33 33 f5 33 33  |..........333.33|
0028e940  33 ff 33 33 33 ff 33 33  33 ff 33 33 33 ff 33 33  |3.333.333.333.33|
*
0028eed0  33 ff 33 33 33 ff 33 33  33 f3 00 00 00 00 00 00  |3.333.333.......|
0028eee0  00 00 00 00 00 00 00 00  00 00 00 00 00 00 00 00  |................|
*
0028ef90  00 00 00 00 00 00 00 00  00 00 33 33 33 ff 33 33  |..........333.33|
0028efa0  33 ff 33 33 33 ff 33 33  33 ff 33 33 33 ff 33 33  |3.333.333.333.33|
*
0028efd0  33 ff 33 33 33 ff 33 33  33 ff 00 00 00 00 00 00  |3.333.333.......|
0028efe0  00 00 00 00 00 00 00 00  00 00 00 00 00 00 00 00  |................|
*
0028f130  00 00 00 00 00 00 00 00  00 00 32 32 32 e8 33 33  |..........222.33|
0028f140  33 ff 33 33 33 ff 33 33  33 ff 33 33 33 ff 33 33  |3.333.333.333.33|
*
0028f6d0  33 ff 33 33 33 ff 33 33  33 e6 00 00 00 00 00 00  |3.333.333.......|
0028f6e0  00 00 00 00 00 00 00 00  00 00 00 00 00 00 00 00  |................|
*
0028f790  00 00 00 00 00 00 00 00  00 00 33 33 33 ff 33 33  |..........333.33|
0028f7a0  33 ff 33 33 33 ff 33 33  33 ff 33 33 33 ff 33 33  |3.333.333.333.33|
*
0028f7d0  33 ff 33 33 33 ff 33 33  33 ff 00 00 00 00 00 00  |3.333.333.......|
0028f7e0  00 00 00 00 00 00 00 00  00 00 00 00 00 00 00 00  |................|
*
0028f930  00 00 00 00 00 00 00 00  00 00 33 33 33 da 33 33  |..........333.33|
0028f940  33 ff 33 33 33 ff 33 33  33 ff 33 33 33 ff 33 33  |3.333.333.333.33|
*
0028fed0  33 ff 33 33 33 ff 32 32  32 d8 00 00 00 00 00 00  |3.333.222.......|
0028fee0  00 00 00 00 00 00 00 00  00 00 00 00 00 00 00 00  |................|
*
0028ff90  00 00 00 00 00 00 00 00  00 00 33 33 33 ff 33 33  |..........333.33|
0028ffa0  33 ff 33 33 33 ff 33 33  33 ff 33 33 33 ff 33 33  |3.333.333.333.33|
*
0028ffd0  33 ff 33 33 33 ff 33 33  33 ff 00 00 00 00 00 00  |3.333.333.......|
0028ffe0  00 00 00 00 00 00 00 00  00 00 00 00 00 00 00 00  |................|
*
00290130  00 00 00 00 00 00 00 00  00 00 32 32 32 ba 33 33  |..........222.33|
00290140  33 ff 33 33 33 ff 33 33  33 ff 33 33 33 ff 33 33  |3.333.333.333.33|
*
002906d0  33 ff 33 33 33 ff 33 33  33 b7 00 00 00 00 00 00  |3.333.333.......|
002906e0  00 00 00 00 00 00 00 00  00 00 00 00 00 00 00 00  |................|
*
00290790  00 00 00 00 00 00 00 00  00 00 33 33 33 ff 33 33  |..........333.33|
002907a0  33 ff 33 33 33 ff 33 33  33 ff 33 33 33 ff 33 33  |3.333.333.333.33|
*
002907d0  33 ff 33 33 33 ff 33 33  33 ff 00 00 00 00 00 00  |3.333.333.......|
002907e0  00 00 00 00 00 00 00 00  00 00 00 00 00 00 00 00  |................|
*
00290930  00 00 00 00 00 00 00 00  00 00 32 32 32 93 33 33  |..........222.33|
00290940  33 ff 33 33 33 ff 33 33  33 ff 33 33 33 ff 33 33  |3.333.333.333.33|
*
00290ed0  33 ff 33 33 33 ff 33 33  33 90 00 00 00 00 00 00  |3.333.333.......|
00290ee0  00 00 00 00 00 00 00 00  00 00 00 00 00 00 00 00  |................|
*
00290f90  00 00 00 00 00 00 00 00  00 00 33 33 33 ff 33 33  |..........333.33|
00290fa0  33 ff 33 33 33 ff 33 33  33 ff 33 33 33 ff 33 33  |3.333.333.333.33|
*
00290fd0  33 ff 33 33 33 ff 33 33  33 ff 00 00 00 00 00 00  |3.333.333.......|
00290fe0  00 00 00 00 00 00 00 00  00 00 00 00 00 00 00 00  |................|
*
00291130  00 00 00 00 00 00 00 00  00 00 32 32 32 6b 33 33  |..........222k33|
00291140  33 ff 33 33 33 ff 33 33  33 ff 33 33 33 ff 33 33  |3.333.333.333.33|
*
002916d0  33 ff 33 33 33 ff 33 33  33 69 00 00 00 00 00 00  |3.333.333i......|
002916e0  00 00 00 00 00 00 00 00  00 00 00 00 00 00 00 00  |................|
*
00291790  00 00 00 00 00 00 00 00  00 00 33 33 33 ff 33 33  |..........333.33|
002917a0  33 ff 33 33 33 ff 33 33  33 ff 33 33 33 ff 33 33  |3.333.333.333.33|
*
002917d0  33 ff 33 33 33 ff 33 33  33 ff 00 00 00 00 00 00  |3.333.333.......|
002917e0  00 00 00 00 00 00 00 00  00 00 00 00 00 00 00 00  |................|
*
00291930  00 00 00 00 00 00 00 00  00 00 34 34 34 31 33 33  |..........444133|
00291940  33 ff 33 33 33 ff 33 33  33 ff 33 33 33 ff 33 33  |3.333.333.333.33|
*
00291ed0  33 ff 33 33 33 ff 31 31  31 2e 00 00 00 00 00 00  |3.333.111.......|
00291ee0  00 00 00 00 00 00 00 00  00 00 00 00 00 00 00 00  |................|
*
00291f90  00 00 00 00 00 00 00 00  00 00 33 33 33 ff 33 33  |..........333.33|
00291fa0  33 ff 33 33 33 ff 33 33  33 ff 33 33 33 ff 33 33  |3.333.333.333.33|
*
00291fd0  33 ff 33 33 33 ff 33 33  33 ff 00 00 00 00 00 00  |3.333.333.......|
00291fe0  00 00 00 00 00 00 00 00  00 00 00 00 00 00 00 00  |................|
*
00292130  00 00 00 00 00 00 00 00  00 00 00 00 00 02 33 33  |..............33|
00292140  33 eb 33 33 33 ff 33 33  33 ff 33 33 33 ff 33 33  |3.333.333.333.33|
00292150  33 ff 33 33 33 ff 33 33  33 ff 33 33 33 ff 33 33  |3.333.333.333.33|
*
002926d0  33 ff 32 32 32 ec 00 00  00 02 00 00 00 00 00 00  |3.222...........|
002926e0  00 00 00 00 00 00 00 00  00 00 00 00 00 00 00 00  |................|
*
00292790  00 00 00 00 00 00 00 00  00 00 33 33 33 ff 33 33  |..........333.33|
002927a0  33 ff 33 33 33 ff 33 33  33 ff 33 33 33 ff 33 33  |3.333.333.333.33|
*
002927d0  33 ff 33 33 33 ff 33 33  33 ff 00 00 00 00 00 00  |3.333.333.......|
002927e0  00 00 00 00 00 00 00 00  00 00 00 00 00 00 00 00  |................|
*
00292930  00 00 00 00 00 00 00 00  00 00 00 00 00 00 32 32  |..............22|
00292940  32 ab 33 33 33 ff 33 33  33 ff 33 33 33 ff 33 33  |2.333.333.333.33|
00292950  33 ff 33 33 33 ff 33 33  33 ff 33 33 33 ff 33 33  |3.333.333.333.33|
*
00292ed0  33 ff 33 33 33 a8 00 00  00 00 00 00 00 00 00 00  |3.333...........|
00292ee0  00 00 00 00 00 00 00 00  00 00 00 00 00 00 00 00  |................|
*
00292f90  00 00 00 00 00 00 00 00  00 00 33 33 33 ff 33 33  |..........333.33|
00292fa0  33 ff 33 33 33 ff 33 33  33 ff 33 33 33 ff 33 33  |3.333.333.333.33|
*
00292fd0  33 ff 33 33 33 ff 33 33  33 ff 00 00 00 00 00 00  |3.333.333.......|
00292fe0  00 00 00 00 00 00 00 00  00 00 00 00 00 00 00 00  |................|
*
00293130  00 00 00 00 00 00 00 00  00 00 00 00 00 00 33 33  |..............33|
00293140  33 54 33 33 33 ff 33 33  33 ff 33 33 33 ff 33 33  |3T333.333.333.33|
00293150  33 ff 33 33 33 ff 33 33  33 ff 33 33 33 ff 33 33  |3.333.333.333.33|
*
002936d0  33 ff 32 32 32 51 00 00  00 00 00 00 00 00 00 00  |3.222Q..........|
002936e0  00 00 00 00 00 00 00 00  00 00 00 00 00 00 00 00  |................|
*
00293790  00 00 00 00 00 00 00 00  00 00 33 33 33 ff 33 33  |..........333.33|
002937a0  33 ff 33 33 33 ff 33 33  33 ff 33 33 33 ff 33 33  |3.333.333.333.33|
*
002937d0  33 ff 33 33 33 ff 33 33  33 ff 00 00 00 00 00 00  |3.333.333.......|
002937e0  00 00 00 00 00 00 00 00  00 00 00 00 00 00 00 00  |................|
*
00293930  00 00 00 00 00 00 00 00  00 00 00 00 00 00 2a 2a  |..............**|
00293940  2a 06 32 32 32 ec 33 33  33 ff 33 33 33 ff 33 33  |*.222.333.333.33|
00293950  33 ff 33 33 33 ff 33 33  33 ff 33 33 33 ff 33 33  |3.333.333.333.33|
*
00293ec0  33 ff 33 33 33 ff 33 33  33 ff 33 33 33 ff 32 32  |3.333.333.333.22|
00293ed0  32 ed 24 24 24 07 00 00  00 00 00 00 00 00 00 00  |2.$$$...........|
00293ee0  00 00 00 00 00 00 00 00  00 00 00 00 00 00 00 00  |................|
*
00293f90  00 00 00 00 00 00 00 00  00 00 33 33 33 ff 33 33  |..........333.33|
00293fa0  33 ff 33 33 33 ff 33 33  33 ff 33 33 33 ff 33 33  |3.333.333.333.33|
*
00293fd0  33 ff 33 33 33 ff 33 33  33 ff 00 00 00 00 00 00  |3.333.333.......|
00293fe0  00 00 00 00 00 00 00 00  00 00 00 00 00 00 00 00  |................|
*
00294140  00 00 32 32 32 92 33 33  33 ff 33 33 33 ff 33 33  |..222.333.333.33|
00294150  33 ff 33 33 33 ff 33 33  33 ff 33 33 33 ff 33 33  |3.333.333.333.33|
*
002946d0  33 91 00 00 00 00 00 00  00 00 00 00 00 00 00 00  |3...............|
002946e0  00 00 00 00 00 00 00 00  00 00 00 00 00 00 00 00  |................|
*
00294790  00 00 00 00 00 00 00 00  00 00 33 33 33 ff 33 33  |..........333.33|
002947a0  33 ff 33 33 33 ff 33 33  33 ff 33 33 33 ff 33 33  |3.333.333.333.33|
*
002947d0  33 ff 33 33 33 ff 33 33  33 ff 00 00 00 00 00 00  |3.333.333.......|
002947e0  00 00 00 00 00 00 00 00  00 00 00 00 00 00 00 00  |................|
*
00294940  00 00 34 34 34 1d 33 33  33 f9 33 33 33 ff 33 33  |..444.333.333.33|
00294950  33 ff 33 33 33 ff 33 33  33 ff 33 33 33 ff 33 33  |3.333.333.333.33|
*
00294ec0  33 ff 33 33 33 ff 33 33  33 ff 33 33 33 fa 31 31  |3.333.333.333.11|
00294ed0  31 1f 00 00 00 00 00 00  00 00 00 00 00 00 00 00  |1...............|
00294ee0  00 00 00 00 00 00 00 00  00 00 00 00 00 00 00 00  |................|
*
00294f90  00 00 00 00 00 00 00 00  00 00 33 33 33 ff 33 33  |..........333.33|
00294fa0  33 ff 33 33 33 ff 33 33  33 ff 33 33 33 ff 33 33  |3.333.333.333.33|
*
00294fd0  33 ff 33 33 33 ff 33 33  33 ff 00 00 00 00 00 00  |3.333.333.......|
00294fe0  00 00 00 00 00 00 00 00  00 00 00 00 00 00 00 00  |................|
*
00295140  00 00 00 00 00 00 33 33  33 9f 33 33 33 ff 33 33  |......333.333.33|
00295150  33 ff 33 33 33 ff 33 33  33 ff 33 33 33 ff 33 33  |3.333.333.333.33|
*
002956c0  33 ff 33 33 33 ff 33 33  33 ff 32 32 32 9c 00 00  |3.333.333.222...|
002956d0  00 00 00 00 00 00 00 00  00 00 00 00 00 00 00 00  |................|
*
00295790  00 00 00 00 00 00 00 00  00 00 33 33 33 ff 33 33  |..........333.33|
002957a0  33 ff 33 33 33 ff 33 33  33 ff 33 33 33 ff 33 33  |3.333.333.333.33|
*
002957d0  33 ff 33 33 33 ff 33 33  33 ff 00 00 00 00 00 00  |3.333.333.......|
002957e0  00 00 00 00 00 00 00 00  00 00 00 00 00 00 00 00  |................|
*
00295940  00 00 00 00 00 00 36 36  36 21 32 32 32 f6 33 33  |......666!222.33|
00295950  33 ff 33 33 33 ff 33 33  33 ff 33 33 33 ff 33 33  |3.333.333.333.33|
*
00295ec0  33 ff 33 33 33 ff 33 33  33 f5 31 31 31 1f 00 00  |3.333.333.111...|
00295ed0  00 00 00 00 00 00 00 00  00 00 00 00 00 00 00 00  |................|
*
00295f90  00 00 00 00 00 00 00 00  00 00 33 33 33 ff 33 33  |..........333.33|
00295fa0  33 ff 33 33 33 ff 33 33  33 ff 33 33 33 ff 33 33  |3.333.333.333.33|
*
00295fd0  33 ff 33 33 33 ff 33 33  33 ff 00 00 00 00 00 00  |3.333.333.......|
00295fe0  00 00 00 00 00 00 00 00  00 00 00 00 00 00 00 00  |................|
*
00296140  00 00 00 00 00 00 00 00  00 00 33 33 33 7c 33 33  |..........333|33|
00296150  33 ff 33 33 33 ff 33 33  33 ff 33 33 33 ff 33 33  |3.333.333.333.33|
*
002966c0  33 ff 33 33 33 ff 33 33  33 78 00 00 00 00 00 00  |3.333.333x......|
002966d0  00 00 00 00 00 00 00 00  00 00 00 00 00 00 00 00  |................|
*
00296790  00 00 00 00 00 00 00 00  00 00 33 33 33 ff 33 33  |..........333.33|
002967a0  33 ff 33 33 33 ff 33 33  33 ff 33 33 33 ff 33 33  |3.333.333.333.33|
*
002967d0  33 ff 33 33 33 ff 33 33  33 ff 00 00 00 00 00 00  |3.333.333.......|
002967e0  00 00 00 00 00 00 00 00  00 00 00 00 00 00 00 00  |................|
*
00296940  00 00 00 00 00 00 00 00  00 00 24 24 24 07 33 33  |..........$$$.33|
00296950  33 d5 33 33 33 ff 33 33  33 ff 33 33 33 ff 33 33  |3.333.333.333.33|
00296960  33 ff 33 33 33 ff 33 33  33 ff 33 33 33 ff 33 33  |3.333.333.333.33|
*
00296ec0  33 ff 32 32 32 d4 2a 2a  2a 06 00 00 00 00 00 00  |3.222.***.......|
00296ed0  00 00 00 00 00 00 00 00  00 00 00 00 00 00 00 00  |................|
*
00296f90  00 00 00 00 00 00 00 00  00 00 33 33 33 ff 33 33  |..........333.33|
00296fa0  33 ff 33 33 33 ff 33 33  33 ff 33 33 33 ff 33 33  |3.333.333.333.33|
*
00296fd0  33 ff 33 33 33 ff 33 33  33 ff 00 00 00 00 00 00  |3.333.333.......|
00296fe0  00 00 00 00 00 00 00 00  00 00 00 00 00 00 00 00  |................|
*
00297140  00 00 00 00 00 00 00 00  00 00 00 00 00 00 34 34  |..............44|
00297150  34 2c 33 33 33 f5 33 33  33 ff 33 33 33 ff 33 33  |4,333.333.333.33|
00297160  33 ff 33 33 33 ff 33 33  33 ff 33 33 33 ff 33 33  |3.333.333.333.33|
*
002976b0  33 ff 33 33 33 ff 33 33  33 ff 33 33 33 ff 32 32  |3.333.333.333.22|
002976c0  32 f7 30 30 30 2f 00 00  00 00 00 00 00 00 00 00  |2.000/..........|
002976d0  00 00 00 00 00 00 00 00  00 00 00 00 00 00 00 00  |................|
*
00297790  00 00 00 00 00 00 00 00  00 00 33 33 33 ff 33 33  |..........333.33|
002977a0  33 ff 33 33 33 ff 33 33  33 ff 33 33 33 ff 33 33  |3.333.333.333.33|
*
002977d0  33 ff 33 33 33 ff 33 33  33 ff 00 00 00 00 00 00  |3.333.333.......|
002977e0  00 00 00 00 00 00 00 00  00 00 00 00 00 00 00 00  |................|
*
00297950  00 00 33 33 33 64 33 33  33 ff 33 33 33 ff 33 33  |..333d333.333.33|
00297960  33 ff 33 33 33 ff 33 33  33 ff 33 33 33 ff 33 33  |3.333.333.333.33|
*
00297eb0  33 ff 33 33 33 ff 33 33  33 ff 33 33 33 ff 31 31  |3.333.333.333.11|
00297ec0  31 61 00 00 00 00 00 00  00 00 00 00 00 00 00 00  |1a..............|
00297ed0  00 00 00 00 00 00 00 00  00 00 00 00 00 00 00 00  |................|
*
00297f90  00 00 00 00 00 00 00 00  00 00 33 33 33 ff 33 33  |..........333.33|
00297fa0  33 ff 33 33 33 ff 33 33  33 ff 33 33 33 ff 33 33  |3.333.333.333.33|
*
00297fd0  33 ff 33 33 33 ff 33 33  33 ff 00 00 00 00 00 00  |3.333.333.......|
00297fe0  00 00 00 00 00 00 00 00  00 00 00 00 00 00 00 00  |................|
*
00298150  00 00 00 00 00 00 33 33  33 8c 33 33 33 ff 33 33  |......333.333.33|
00298160  33 ff 33 33 33 ff 33 33  33 ff 33 33 33 ff 33 33  |3.333.333.333.33|
*
002986b0  33 ff 33 33 33 ff 33 33  33 ff 33 33 33 8a 00 00  |3.333.333.333...|
002986c0  00 00 00 00 00 00 00 00  00 00 00 00 00 00 00 00  |................|
*
00298790  00 00 00 00 00 00 00 00  00 00 33 33 33 ff 33 33  |..........333.33|
002987a0  33 ff 33 33 33 ff 33 33  33 ff 33 33 33 ff 33 33  |3.333.333.333.33|
*
002987d0  33 ff 33 33 33 ff 33 33  33 ff 00 00 00 00 00 00  |3.333.333.......|
002987e0  00 00 00 00 00 00 00 00  00 00 00 00 00 00 00 00  |................|
*
00298950  00 00 00 00 00 00 00 00  00 01 33 33 33 9f 33 33  |..........333.33|
00298960  33 ff 33 33 33 ff 33 33  33 ff 33 33 33 ff 33 33  |3.333.333.333.33|
*
00298eb0  33 ff 33 33 33 ff 33 33  33 a5 00 00 00 02 00 00  |3.333.333.......|
00298ec0  00 00 00 00 00 00 00 00  00 00 00 00 00 00 00 00  |................|
*
00298f90  00 00 00 00 00 00 00 00  00 00 33 33 33 ff 33 33  |..........333.33|
00298fa0  33 ff 33 33 33 ff 33 33  33 ff 33 33 33 ff 33 33  |3.333.333.333.33|
*
00298fd0  33 ff 33 33 33 ff 33 33  33 ff 00 00 00 00 00 00  |3.333.333.......|
00298fe0  00 00 00 00 00 00 00 00  00 00 00 00 00 00 00 00  |................|
*
00299150  00 00 00 00 00 00 00 00  00 00 33 33 33 05 32 32  |..........333.22|
00299160  32 a2 33 33 33 ff 33 33  33 ff 33 33 33 ff 33 33  |2.333.333.333.33|
00299170  33 ff 33 33 33 ff 33 33  33 ff 33 33 33 ff 33 33  |3.333.333.333.33|
*
002996b0  33 ff 32 32 32 a1 3f 3f  3f 04 00 00 00 00 00 00  |3.222.???.......|
002996c0  00 00 00 00 00 00 00 00  00 00 00 00 00 00 00 00  |................|
*
00299790  00 00 00 00 00 00 00 00  00 00 33 33 33 ff 33 33  |..........333.33|
002997a0  33 ff 33 33 33 ff 33 33  33 ff 33 33 33 ff 33 33  |3.333.333.333.33|
*
002997d0  33 ff 33 33 33 ff 33 33  33 ff 00 00 00 00 00 00  |3.333.333.......|
002997e0  00 00 00 00 00 00 00 00  00 00 00 00 00 00 00 00  |................|
*
00299960  00 01 32 32 32 89 33 33  33 ff 33 33 33 ff 33 33  |..222.333.333.33|
00299970  33 ff 33 33 33 ff 33 33  33 ff 33 33 33 ff 33 33  |3.333.333.333.33|
*
00299eb0  33 91 00 00 00 02 00 00  00 00 00 00 00 00 00 00  |3...............|
00299ec0  00 00 00 00 00 00 00 00  00 00 00 00 00 00 00 00  |................|
*
00299f90  00 00 00 00 00 00 00 00  00 00 33 33 33 ff 33 33  |..........333.33|
00299fa0  33 ff 33 33 33 ff 33 33  33 ff 33 33 33 ff 33 33  |3.333.333.333.33|
*
00299fd0  33 ff 33 33 33 ff 33 33  33 ff 00 00 00 00 00 00  |3.333.333.......|
00299fe0  00 00 00 00 00 00 00 00  00 00 00 00 00 00 00 00  |................|
*
0029a160  00 00 00 00 00 00 33 33  33 64 32 32 32 f6 33 33  |......333d222.33|
0029a170  33 ff 33 33 33 ff 33 33  33 ff 33 33 33 ff 33 33  |3.333.333.333.33|
*
0029a6a0  33 ff 33 33 33 ff 33 33  33 f5 34 34 34 62 00 00  |3.333.333.444b..|
0029a6b0  00 00 00 00 00 00 00 00  00 00 00 00 00 00 00 00  |................|
*
0029a790  00 00 00 00 00 00 00 00  00 00 33 33 33 ff 33 33  |..........333.33|
0029a7a0  33 ff 33 33 33 ff 33 33  33 ff 33 33 33 ff 33 33  |3.333.333.333.33|
*
0029a7d0  33 ff 33 33 33 ff 33 33  33 ff 00 00 00 00 00 00  |3.333.333.......|
0029a7e0  00 00 00 00 00 00 00 00  00 00 00 00 00 00 00 00  |................|
*
0029a960  00 00 00 00 00 00 00 00  00 00 33 33 33 2d 33 33  |..........333-33|
0029a970  33 d5 33 33 33 ff 33 33  33 ff 33 33 33 ff 33 33  |3.333.333.333.33|
0029a980  33 ff 33 33 33 ff 33 33  33 ff 33 33 33 ff 33 33  |3.333.333.333.33|
*
0029aea0  33 ff 32 32 32 d4 35 35  35 2b 00 00 00 00 00 00  |3.222.555+......|
0029aeb0  00 00 00 00 00 00 00 00  00 00 00 00 00 00 00 00  |................|
*
0029af90  00 00 00 00 00 00 00 00  00 00 33 33 33 ff 33 33  |..........333.33|
0029afa0  33 ff 33 33 33 ff 33 33  33 ff 33 33 33 ff 33 33  |3.333.333.333.33|
*
0029afd0  33 ff 33 33 33 ff 33 33  33 ff 00 00 00 00 00 00  |3.333.333.......|
0029afe0  00 00 00 00 00 00 00 00  00 00 00 00 00 00 00 00  |................|
*
0029b160  00 00 00 00 00 00 00 00  00 00 00 00 00 00 33 33  |..............33|
0029b170  33 05 32 32 32 6f 33 33  33 f3 33 33 33 ff 33 33  |3.222o333.333.33|
0029b180  33 ff 33 33 33 ff 33 33  33 ff 33 33 33 ff 33 33  |3.333.333.333.33|
*
0029b690  33 ff 33 33 33 ff 33 33  33 ff 32 32 32 f6 33 33  |3.333.333.222.33|
0029b6a0  33 80 24 24 24 07 00 00  00 00 00 00 00 00 00 00  |3.$$$...........|
0029b6b0  00 00 00 00 00 00 00 00  00 00 00 00 00 00 00 00  |................|
*
0029b790  00 00 00 00 00 00 00 00  00 00 33 33 33 ff 33 33  |..........333.33|
0029b7a0  33 ff 33 33 33 ff 33 33  33 ff 33 33 33 ff 33 33  |3.333.333.333.33|
*
0029b7d0  33 ff 33 33 33 ff 33 33  33 ff 00 00 00 00 00 00  |3.333.333.......|
0029b7e0  00 00 00 00 00 00 00 00  00 00 00 00 00 00 00 00  |................|
*
0029b970  00 00 00 00 00 00 2f 2f  2f 20 33 33 33 9f 33 33  |....../// 333.33|
0029b980  33 fa 33 33 33 ff 33 33  33 ff 33 33 33 ff 33 33  |3.333.333.333.33|
0029b990  33 ff 33 33 33 ff 33 33  33 ff 33 33 33 ff 33 33  |3.333.333.333.33|
*
0029be90  33 ff 33 33 33 fa 32 32  32 9d 31 31 31 1f 00 00  |3.333.222.111...|
0029bea0  00 00 00 00 00 00 00 00  00 00 00 00 00 00 00 00  |................|
*
0029bf90  00 00 00 00 00 00 00 00  00 00 33 33 33 ff 33 33  |..........333.33|
0029bfa0  33 ff 33 33 33 ff 33 33  33 ff 33 33 33 ff 33 33  |3.333.333.333.33|
*
0029bfd0  33 ff 33 33 33 ff 33 33  33 ff 00 00 00 00 00 00  |3.333.333.......|
0029bfe0  00 00 00 00 00 00 00 00  00 00 00 00 00 00 00 00  |................|
*
0029c170  00 00 00 00 00 00 00 00  00 00 00 00 00 00 31 31  |..............11|
0029c180  31 1f 32 32 32 92 33 33  33 ee 33 33 33 ff 33 33  |1.222.333.333.33|
0029c190  33 ff 33 33 33 ff 33 33  33 ff 33 33 33 ff 33 33  |3.333.333.333.33|
*
0029c680  33 ff 33 33 33 ff 33 33  33 ff 32 32 32 ed 33 33  |3.333.333.222.33|
0029c690  33 91 33 33 33 1e 00 00  00 00 00 00 00 00 00 00  |3.333...........|
0029c6a0  00 00 00 00 00 00 00 00  00 00 00 00 00 00 00 00  |................|
*
0029c790  00 00 00 00 00 00 00 00  00 00 33 33 33 ff 33 33  |..........333.33|
0029c7a0  33 ff 33 33 33 ff 33 33  33 ff 33 33 33 ff 33 33  |3.333.333.333.33|
*
0029c7d0  33 ff 33 33 33 ff 33 33  33 ff 00 00 00 00 00 00  |3.333.333.......|
0029c7e0  00 00 00 00 00 00 00 00  00 00 00 00 00 00 00 00  |................|
*
0029c980  00 00 00 00 00 00 24 24  24 07 34 34 34 53 32 32  |......$$$.444S22|
0029c990  32 ac 32 32 32 ec 33 33  33 ff 33 33 33 ff 33 33  |2.222.333.333.33|
0029c9a0  33 ff 33 33 33 ff 33 33  33 ff 33 33 33 ff 33 33  |3.333.333.333.33|
*
0029ce70  33 ff 33 33 33 ff 33 33  33 ff 33 33 33 ff 32 32  |3.333.333.333.22|
0029ce80  32 ec 32 32 32 ab 31 31  31 52 24 24 24 07 00 00  |2.222.111R$$$...|
0029ce90  00 00 00 00 00 00 00 00  00 00 00 00 00 00 00 00  |................|
*
0029cf90  00 00 00 00 00 00 00 00  00 00 33 33 33 ff 33 33  |..........333.33|
0029cfa0  33 ff 33 33 33 ff 33 33  33 ff 33 33 33 ff 33 33  |3.333.333.333.33|
*
0029cfd0  33 ff 33 33 33 ff 33 33  33 ff 00 00 00 00 00 00  |3.333.333.......|
0029cfe0  00 00 00 00 00 00 00 00  00 00 00 00 00 00 00 00  |................|
*
0029d190  00 00 00 00 00 02 34 34  34 31 32 32 32 6a 32 32  |......4441222j22|
0029d1a0  32 93 32 32 32 ba 33 33  33 da 32 32 32 e8 33 33  |2.222.333.222.33|
0029d1b0  33 f3 33 33 33 ff 33 33  33 ff 33 33 33 ff 33 33  |3.333.333.333.33|
0029d1c0  33 ff 33 33 33 ff 33 33  33 ff 33 33 33 ff 33 33  |3.333.333.333.33|
*
0029d660  33 ff 33 33 33 f3 32 32  32 e8 33 33 33 da 33 33  |3.333.222.333.33|
0029d670  33 b9 32 32 32 93 32 32  32 6a 35 35 35 30 00 00  |3.222.222j5550..|
0029d680  00 02 00 00 00 00 00 00  00 00 00 00 00 00 00 00  |................|
0029d690  00 00 00 00 00 00 00 00  00 00 00 00 00 00 00 00  |................|
*
0029d790  00 00 00 00 00 00 00 00  00 00 33 33 33 ff 33 33  |..........333.33|
0029d7a0  33 ff 33 33 33 ff 33 33  33 ff 33 33 33 ff 33 33  |3.333.333.333.33|
*
0029d7d0  33 ff 33 33 33 ff 33 33  33 ff 00 00 00 00 00 00  |3.333.333.......|
0029d7e0  00 00 00 00 00 00 00 00  00 00 00 00 00 00 00 00  |................|
*
0029df90  00 00 00 00 00 00 00 00  00 00 33 33 33 ff 33 33  |..........333.33|
0029dfa0  33 ff 33 33 33 ff 33 33  33 ff 33 33 33 ff 33 33  |3.333.333.333.33|
*
0029dfd0  33 ff 33 33 33 ff 33 33  33 ff 00 00 00 00 00 00  |3.333.333.......|
0029dfe0  00 00 00 00 00 00 00 00  00 00 00 00 00 00 00 00  |................|
*
0029e790  00 00 00 00 00 00 00 00  00 00 33 33 33 ff 33 33  |..........333.33|
0029e7a0  33 ff 33 33 33 ff 33 33  33 ff 33 33 33 ff 33 33  |3.333.333.333.33|
*
0029e7d0  33 ff 33 33 33 ff 33 33  33 ff 00 00 00 00 00 00  |3.333.333.......|
0029e7e0  00 00 00 00 00 00 00 00  00 00 00 00 00 00 00 00  |................|
*
0029ef90  00 00 00 00 00 00 00 00  00 00 33 33 33 ff 33 33  |..........333.33|
0029efa0  33 ff 33 33 33 ff 33 33  33 ff 33 33 33 ff 33 33  |3.333.333.333.33|
*
0029efd0  33 ff 33 33 33 ff 33 33  33 ff 00 00 00 00 00 00  |3.333.333.......|
0029efe0  00 00 00 00 00 00 00 00  00 00 00 00 00 00 00 00  |................|
*
0029f790  00 00 00 00 00 00 00 00  00 00 33 33 33 ff 33 33  |..........333.33|
0029f7a0  33 ff 33 33 33 ff 33 33  33 ff 33 33 33 ff 33 33  |3.333.333.333.33|
*
0029f7d0  33 ff 33 33 33 ff 33 33  33 ff 00 00 00 00 00 00  |3.333.333.......|
0029f7e0  00 00 00 00 00 00 00 00  00 00 00 00 00 00 00 00  |................|
*
0029ff90  00 00 00 00 00 00 00 00  00 00 33 33 33 ff 33 33  |..........333.33|
0029ffa0  33 ff 33 33 33 ff 33 33  33 ff 33 33 33 ff 33 33  |3.333.333.333.33|
*
0029ffd0  33 ff 33 33 33 ff 33 33  33 ff 00 00 00 00 00 00  |3.333.333.......|
0029ffe0  00 00 00 00 00 00 00 00  00 00 00 00 00 00 00 00  |................|
*
002a0790  00 00 00 00 00 00 00 00  00 00 33 33 33 ff 33 33  |..........333.33|
002a07a0  33 ff 33 33 33 ff 33 33  33 ff 33 33 33 ff 33 33  |3.333.333.333.33|
*
002a07d0  33 ff 33 33 33 ff 33 33  33 ff 00 00 00 00 00 00  |3.333.333.......|
002a07e0  00 00 00 00 00 00 00 00  00 00 00 00 00 00 00 00  |................|
*
002a0f90  00 00 00 00 00 00 00 00  00 00 33 33 33 ff 33 33  |..........333.33|
002a0fa0  33 ff 33 33 33 ff 33 33  33 ff 33 33 33 ff 33 33  |3.333.333.333.33|
*
002a0fd0  33 ff 33 33 33 ff 33 33  33 ff 00 00 00 00 00 00  |3.333.333.......|
002a0fe0  00 00 00 00 00 00 00 00  00 00 00 00 00 00 00 00  |................|
*
002a1790  00 00 00 00 00 00 00 00  00 00 33 33 33 ff 33 33  |..........333.33|
002a17a0  33 ff 33 33 33 ff 33 33  33 ff 33 33 33 ff 33 33  |3.333.333.333.33|
*
002a17d0  33 ff 33 33 33 ff 33 33  33 ff 00 00 00 00 00 00  |3.333.333.......|
002a17e0  00 00 00 00 00 00 00 00  00 00 00 00 00 00 00 00  |................|
*
002a1f90  00 00 00 00 00 00 00 00  00 00 33 33 33 ff 33 33  |..........333.33|
002a1fa0  33 ff 33 33 33 ff 33 33  33 ff 33 33 33 ff 33 33  |3.333.333.333.33|
*
002a1fd0  33 ff 33 33 33 ff 33 33  33 ff 00 00 00 00 00 00  |3.333.333.......|
002a1fe0  00 00 00 00 00 00 00 00  00 00 00 00 00 00 00 00  |................|
*
002a2790  00 00 00 00 00 00 00 00  00 00 33 33 33 ff 33 33  |..........333.33|
002a27a0  33 ff 33 33 33 ff 33 33  33 ff 33 33 33 ff 33 33  |3.333.333.333.33|
*
002a27d0  33 ff 33 33 33 ff 33 33  33 ff 00 00 00 00 00 00  |3.333.333.......|
002a27e0  00 00 00 00 00 00 00 00  00 00 00 00 00 00 00 00  |................|
*
002a2f90  00 00 00 00 00 00 00 00  00 00 33 33 33 ff 33 33  |..........333.33|
002a2fa0  33 ff 33 33 33 ff 33 33  33 ff 33 33 33 ff 33 33  |3.333.333.333.33|
*
002a2fd0  33 ff 33 33 33 ff 33 33  33 ff 00 00 00 00 00 00  |3.333.333.......|
002a2fe0  00 00 00 00 00 00 00 00  00 00 00 00 00 00 00 00  |................|
*
002a3790  00 00 00 00 00 00 00 00  00 00 33 33 33 ff 33 33  |..........333.33|
002a37a0  33 ff 33 33 33 ff 33 33  33 ff 33 33 33 ff 33 33  |3.333.333.333.33|
*
002a37d0  33 ff 33 33 33 ff 33 33  33 ff 00 00 00 00 00 00  |3.333.333.......|
002a37e0  00 00 00 00 00 00 00 00  00 00 00 00 00 00 00 00  |................|
*
002a3f90  00 00 00 00 00 00 00 00  00 00 33 33 33 ff 33 33  |..........333.33|
002a3fa0  33 ff 33 33 33 ff 33 33  33 ff 33 33 33 ff 33 33  |3.333.333.333.33|
*
002a3fd0  33 ff 33 33 33 ff 33 33  33 ff 00 00 00 00 00 00  |3.333.333.......|
002a3fe0  00 00 00 00 00 00 00 00  00 00 00 00 00 00 00 00  |................|
*
002a4790  00 00 00 00 00 00 00 00  00 00 33 33 33 ff 33 33  |..........333.33|
002a47a0  33 ff 33 33 33 ff 33 33  33 ff 33 33 33 ff 33 33  |3.333.333.333.33|
*
002a47d0  33 ff 33 33 33 ff 33 33  33 ff 00 00 00 00 00 00  |3.333.333.......|
002a47e0  00 00 00 00 00 00 00 00  00 00 00 00 00 00 00 00  |................|
*
002a49d0  00 00 00 00 00 00 00 00  00 00 00 00 00 00 33 33  |..............33|
002a49e0  33 2d 3f 3f 3f 08 00 00  00 00 00 00 00 00 00 00  |3-???...........|
002a49f0  00 00 00 00 00 00 00 00  00 00 00 00 00 00 00 00  |................|
*
002a4f90  00 00 00 00 00 00 00 00  00 00 33 33 33 ff 33 33  |..........333.33|
002a4fa0  33 ff 33 33 33 ff 33 33  33 ff 33 33 33 ff 33 33  |3.333.333.333.33|
*
002a4fd0  33 ff 33 33 33 ff 33 33  33 ff 00 00 00 00 00 00  |3.333.333.......|
002a4fe0  00 00 00 00 00 00 00 00  00 00 00 00 00 00 00 00  |................|
*
002a51d0  00 00 00 00 00 00 00 00  00 00 00 00 00 00 33 33  |..............33|
002a51e0  33 ff 33 33 33 ff 33 33  33 ff 33 33 33 ff 33 33  |3.333.333.333.33|
*
002a5210  33 ff 33 33 33 ff 33 33  33 ff 00 00 00 00 00 00  |3.333.333.......|
002a5220  00 00 00 00 00 00 00 00  00 00 00 00 00 00 00 00  |................|
*
002a5790  00 00 00 00 00 00 00 00  00 00 33 33 33 ff 33 33  |..........333.33|
002a57a0  33 ff 33 33 33 ff 33 33  33 ff 33 33 33 ff 33 33  |3.333.333.333.33|
*
002a57d0  33 ff 33 33 33 ff 33 33  33 ff 00 00 00 00 00 00  |3.333.333.......|
002a57e0  00 00 00 00 00 00 00 00  00 00 00 00 00 00 00 00  |................|
*
002a59d0  00 00 00 00 00 00 00 00  00 00 00 00 00 00 33 33  |..............33|
002a59e0  33 ff 33 33 33 ff 33 33  33 ff 33 33 33 ff 33 33  |3.333.333.333.33|
*
002a5a10  33 ff 33 33 33 ff 33 33  33 ff 00 00 00 00 00 00  |3.333.333.......|
002a5a20  00 00 00 00 00 00 00 00  00 00 00 00 00 00 00 00  |................|
*
002a5f90  00 00 00 00 00 00 00 00  00 00 33 33 33 ff 33 33  |..........333.33|
002a5fa0  33 ff 33 33 33 ff 33 33  33 ff 33 33 33 ff 33 33  |3.333.333.333.33|
*
002a5fd0  33 ff 33 33 33 ff 33 33  33 ff 00 00 00 00 00 00  |3.333.333.......|
002a5fe0  00 00 00 00 00 00 00 00  00 00 00 00 00 00 00 00  |................|
*
002a61d0  00 00 00 00 00 00 00 00  00 00 00 00 00 00 33 33  |..............33|
002a61e0  33 ff 33 33 33 ff 33 33  33 ff 33 33 33 ff 33 33  |3.333.333.333.33|
*
002a6210  33 ff 33 33 33 ff 33 33  33 ff 00 00 00 00 00 00  |3.333.333.......|
002a6220  00 00 00 00 00 00 00 00  00 00 00 00 00 00 00 00  |................|
*
002a6790  00 00 00 00 00 00 00 00  00 00 33 33 33 ff 33 33  |..........333.33|
002a67a0  33 ff 33 33 33 ff 33 33  33 ff 33 33 33 ff 33 33  |3.333.333.333.33|
*
002a67d0  33 ff 33 33 33 ff 33 33  33 ff 00 00 00 00 00 00  |3.333.333.......|
002a67e0  00 00 00 00 00 00 00 00  00 00 00 00 00 00 00 00  |................|
*
002a69d0  00 00 00 00 00 00 00 00  00 00 00 00 00 00 33 33  |..............33|
002a69e0  33 ff 33 33 33 ff 33 33  33 ff 33 33 33 ff 33 33  |3.333.333.333.33|
*
002a6a10  33 ff 33 33 33 ff 33 33  33 ff 00 00 00 00 00 00  |3.333.333.......|
002a6a20  00 00 00 00 00 00 00 00  00 00 00 00 00 00 00 00  |................|
*
002a6f90  00 00 00 00 00 00 00 00  00 00 33 33 33 ff 33 33  |..........333.33|
002a6fa0  33 ff 33 33 33 ff 33 33  33 ff 33 33 33 ff 33 33  |3.333.333.333.33|
*
002a6fd0  33 ff 33 33 33 ff 33 33  33 ff 00 00 00 00 00 00  |3.333.333.......|
002a6fe0  00 00 00 00 00 00 00 00  00 00 00 00 00 00 00 00  |................|
*
002a71d0  00 00 00 00 00 00 00 00  00 00 00 00 00 00 33 33  |..............33|
002a71e0  33 ff 33 33 33 ff 33 33  33 ff 33 33 33 ff 33 33  |3.333.333.333.33|
*
002a7210  33 ff 33 33 33 ff 33 33  33 ff 00 00 00 00 00 00  |3.333.333.......|
002a7220  00 00 00 00 00 00 00 00  00 00 00 00 00 00 00 00  |................|
*
002a7790  00 00 00 00 00 00 00 00  00 00 33 33 33 ff 33 33  |..........333.33|
002a77a0  33 ff 33 33 33 ff 33 33  33 ff 33 33 33 ff 33 33  |3.333.333.333.33|
*
002a77d0  33 ff 33 33 33 ff 33 33  33 ff 00 00 00 00 00 00  |3.333.333.......|
002a77e0  00 00 00 00 00 00 00 00  00 00 00 00 00 00 00 00  |................|
*
002a79d0  00 00 00 00 00 00 00 00  00 00 00 00 00 00 33 33  |..............33|
002a79e0  33 ff 33 33 33 ff 33 33  33 ff 33 33 33 ff 33 33  |3.333.333.333.33|
*
002a7a10  33 ff 33 33 33 ff 33 33  33 ff 00 00 00 00 00 00  |3.333.333.......|
002a7a20  00 00 00 00 00 00 00 00  00 00 00 00 00 00 00 00  |................|
*
002a7f90  00 00 00 00 00 00 00 00  00 00 33 33 33 ff 33 33  |..........333.33|
002a7fa0  33 ff 33 33 33 ff 33 33  33 ff 33 33 33 ff 33 33  |3.333.333.333.33|
*
002a7fd0  33 ff 33 33 33 ff 33 33  33 ff 00 00 00 00 00 00  |3.333.333.......|
002a7fe0  00 00 00 00 00 00 00 00  00 00 00 00 00 00 00 00  |................|
*
002a81d0  00 00 00 00 00 00 00 00  00 00 00 00 00 00 33 33  |..............33|
002a81e0  33 ff 33 33 33 ff 33 33  33 ff 33 33 33 ff 33 33  |3.333.333.333.33|
*
002a8210  33 ff 33 33 33 ff 33 33  33 ff 00 00 00 00 00 00  |3.333.333.......|
002a8220  00 00 00 00 00 00 00 00  00 00 00 00 00 00 00 00  |................|
*
002a8790  00 00 00 00 00 00 00 00  00 00 33 33 33 ff 33 33  |..........333.33|
002a87a0  33 ff 33 33 33 ff 33 33  33 ff 33 33 33 ff 33 33  |3.333.333.333.33|
*
002a87d0  33 ff 33 33 33 ff 33 33  33 ff 00 00 00 00 00 00  |3.333.333.......|
002a87e0  00 00 00 00 00 00 00 00  00 00 00 00 00 00 00 00  |................|
*
002a89d0  00 00 00 00 00 00 00 00  00 00 00 00 00 00 33 33  |..............33|
002a89e0  33 ff 33 33 33 ff 33 33  33 ff 33 33 33 ff 33 33  |3.333.333.333.33|
*
002a8a10  33 ff 33 33 33 ff 33 33  33 ff 00 00 00 00 00 00  |3.333.333.......|
002a8a20  00 00 00 00 00 00 00 00  00 00 00 00 00 00 00 00  |................|
*
002a8f90  00 00 00 00 00 00 00 00  00 00 33 33 33 ff 33 33  |..........333.33|
002a8fa0  33 ff 33 33 33 ff 33 33  33 ff 33 33 33 ff 33 33  |3.333.333.333.33|
*
002a8fd0  33 ff 33 33 33 ff 33 33  33 ff 00 00 00 00 00 00  |3.333.333.......|
002a8fe0  00 00 00 00 00 00 00 00  00 00 00 00 00 00 00 00  |................|
*
002a91d0  00 00 00 00 00 00 00 00  00 00 00 00 00 00 33 33  |..............33|
002a91e0  33 ff 33 33 33 ff 33 33  33 ff 33 33 33 ff 33 33  |3.333.333.333.33|
*
002a9210  33 ff 33 33 33 ff 33 33  33 ff 00 00 00 00 00 00  |3.333.333.......|
002a9220  00 00 00 00 00 00 00 00  00 00 00 00 00 00 00 00  |................|
*
002a9790  00 00 00 00 00 00 00 00  00 00 33 33 33 ff 33 33  |..........333.33|
002a97a0  33 ff 33 33 33 ff 33 33  33 ff 33 33 33 ff 33 33  |3.333.333.333.33|
*
002a97d0  33 ff 33 33 33 ff 33 33  33 ff 00 00 00 00 00 00  |3.333.333.......|
002a97e0  00 00 00 00 00 00 00 00  00 00 00 00 00 00 00 00  |................|
*
002a99d0  00 00 00 00 00 00 00 00  00 00 00 00 00 00 33 33  |..............33|
002a99e0  33 ff 33 33 33 ff 33 33  33 ff 33 33 33 ff 33 33  |3.333.333.333.33|
*
002a9a10  33 ff 33 33 33 ff 33 33  33 ff 00 00 00 00 00 00  |3.333.333.......|
002a9a20  00 00 00 00 00 00 00 00  00 00 00 00 00 00 00 00  |................|
*
002a9f90  00 00 00 00 00 00 00 00  00 00 33 33 33 ff 33 33  |..........333.33|
002a9fa0  33 ff 33 33 33 ff 33 33  33 ff 33 33 33 ff 33 33  |3.333.333.333.33|
*
002a9fd0  33 ff 33 33 33 ff 33 33  33 ff 00 00 00 00 00 00  |3.333.333.......|
002a9fe0  00 00 00 00 00 00 00 00  00 00 00 00 00 00 00 00  |................|
*
002aa1d0  00 00 00 00 00 00 00 00  00 00 00 00 00 00 33 33  |..............33|
002aa1e0  33 ff 33 33 33 ff 33 33  33 ff 33 33 33 ff 33 33  |3.333.333.333.33|
*
002aa210  33 ff 33 33 33 ff 33 33  33 ff 00 00 00 00 00 00  |3.333.333.......|
002aa220  00 00 00 00 00 00 00 00  00 00 00 00 00 00 00 00  |................|
*
002aa790  00 00 00 00 00 00 00 00  00 00 33 33 33 ff 33 33  |..........333.33|
002aa7a0  33 ff 33 33 33 ff 33 33  33 ff 33 33 33 ff 33 33  |3.333.333.333.33|
*
002aa7d0  33 ff 33 33 33 ff 33 33  33 ff 00 00 00 00 00 00  |3.333.333.......|
002aa7e0  00 00 00 00 00 00 00 00  00 00 00 00 00 00 00 00  |................|
*
002aa9d0  00 00 00 00 00 00 00 00  00 00 00 00 00 00 33 33  |..............33|
002aa9e0  33 ff 33 33 33 ff 33 33  33 ff 33 33 33 ff 33 33  |3.333.333.333.33|
*
002aaa10  33 ff 33 33 33 ff 33 33  33 ff 00 00 00 00 00 00  |3.333.333.......|
002aaa20  00 00 00 00 00 00 00 00  00 00 00 00 00 00 00 00  |................|
*
002aaf90  00 00 00 00 00 00 00 00  00 00 33 33 33 ff 33 33  |..........333.33|
002aafa0  33 ff 33 33 33 ff 33 33  33 ff 33 33 33 ff 33 33  |3.333.333.333.33|
*
002aafd0  33 ff 33 33 33 ff 33 33  33 ff 00 00 00 00 00 00  |3.333.333.......|
002aafe0  00 00 00 00 00 00 00 00  00 00 00 00 00 00 00 00  |................|
*
002ab1d0  00 00 00 00 00 00 00 00  00 00 00 00 00 00 33 33  |..............33|
002ab1e0  33 ff 33 33 33 ff 33 33  33 ff 33 33 33 ff 33 33  |3.333.333.333.33|
*
002ab210  33 ff 33 33 33 ff 33 33  33 ff 00 00 00 00 00 00  |3.333.333.......|
002ab220  00 00 00 00 00 00 00 00  00 00 00 00 00 00 00 00  |................|
*
002ab790  00 00 00 00 00 00 00 00  00 00 33 33 33 ff 33 33  |..........333.33|
002ab7a0  33 ff 33 33 33 ff 33 33  33 ff 33 33 33 ff 33 33  |3.333.333.333.33|
*
002ab7d0  33 ff 33 33 33 ff 33 33  33 ff 00 00 00 00 00 00  |3.333.333.......|
002ab7e0  00 00 00 00 00 00 00 00  00 00 00 00 00 00 00 00  |................|
*
002ab9d0  00 00 00 00 00 00 00 00  00 00 00 00 00 00 33 33  |..............33|
002ab9e0  33 ff 33 33 33 ff 33 33  33 ff 33 33 33 ff 33 33  |3.333.333.333.33|
*
002aba10  33 ff 33 33 33 ff 33 33  33 ff 00 00 00 00 00 00  |3.333.333.......|
002aba20  00 00 00 00 00 00 00 00  00 00 00 00 00 00 00 00  |................|
*
002abf90  00 00 00 00 00 00 00 00  00 00 33 33 33 ff 33 33  |..........333.33|
002abfa0  33 ff 33 33 33 ff 33 33  33 ff 33 33 33 ff 33 33  |3.333.333.333.33|
*
002abfd0  33 ff 33 33 33 ff 33 33  33 ff 00 00 00 00 00 00  |3.333.333.......|
002abfe0  00 00 00 00 00 00 00 00  00 00 00 00 00 00 00 00  |................|
*
002ac1d0  00 00 00 00 00 00 00 00  00 00 00 00 00 00 33 33  |..............33|
002ac1e0  33 ff 33 33 33 ff 33 33  33 ff 33 33 33 ff 33 33  |3.333.333.333.33|
*
002ac210  33 ff 33 33 33 ff 33 33  33 ff 00 00 00 00 00 00  |3.333.333.......|
002ac220  00 00 00 00 00 00 00 00  00 00 00 00 00 00 00 00  |................|
*
002ac790  00 00 00 00 00 00 00 00  00 00 33 33 33 ff 33 33  |..........333.33|
002ac7a0  33 ff 33 33 33 ff 33 33  33 ff 33 33 33 ff 33 33  |3.333.333.333.33|
*
002ac7d0  33 ff 33 33 33 ff 33 33  33 ff 00 00 00 00 00 00  |3.333.333.......|
002ac7e0  00 00 00 00 00 00 00 00  00 00 00 00 00 00 00 00  |................|
*
002ac9d0  00 00 00 00 00 00 00 00  00 00 00 00 00 00 33 33  |..............33|
002ac9e0  33 ff 33 33 33 ff 33 33  33 ff 33 33 33 ff 33 33  |3.333.333.333.33|
*
002aca10  33 ff 33 33 33 ff 33 33  33 ff 00 00 00 00 00 00  |3.333.333.......|
002aca20  00 00 00 00 00 00 00 00  00 00 00 00 00 00 00 00  |................|
*
002acf90  00 00 00 00 00 00 00 00  00 00 33 33 33 ff 33 33  |..........333.33|
002acfa0  33 ff 33 33 33 ff 33 33  33 ff 33 33 33 ff 33 33  |3.333.333.333.33|
*
002acfd0  33 ff 33 33 33 ff 33 33  33 ff 00 00 00 00 00 00  |3.333.333.......|
002acfe0  00 00 00 00 00 00 00 00  00 00 00 00 00 00 00 00  |................|
*
002ad1d0  00 00 00 00 00 00 00 00  00 00 00 00 00 00 33 33  |..............33|
002ad1e0  33 ff 33 33 33 ff 33 33  33 ff 33 33 33 ff 33 33  |3.333.333.333.33|
*
002ad210  33 ff 33 33 33 ff 33 33  33 ff 00 00 00 00 00 00  |3.333.333.......|
002ad220  00 00 00 00 00 00 00 00  00 00 00 00 00 00 00 00  |................|
*
002ad790  00 00 00 00 00 00 00 00  00 00 33 33 33 ff 33 33  |..........333.33|
002ad7a0  33 ff 33 33 33 ff 33 33  33 ff 33 33 33 ff 33 33  |3.333.333.333.33|
*
002ad7d0  33 ff 33 33 33 ff 33 33  33 ff 00 00 00 00 00 00  |3.333.333.......|
002ad7e0  00 00 00 00 00 00 00 00  00 00 00 00 00 00 00 00  |................|
*
002ad9d0  00 00 00 00 00 00 00 00  00 00 00 00 00 00 33 33  |..............33|
002ad9e0  33 ff 33 33 33 ff 33 33  33 ff 33 33 33 ff 33 33  |3.333.333.333.33|
*
002ada10  33 ff 33 33 33 ff 33 33  33 ff 00 00 00 00 00 00  |3.333.333.......|
002ada20  00 00 00 00 00 00 00 00  00 00 00 00 00 00 00 00  |................|
*
002adf90  00 00 00 00 00 00 00 00  00 00 33 33 33 ff 33 33  |..........333.33|
002adfa0  33 ff 33 33 33 ff 33 33  33 ff 33 33 33 ff 33 33  |3.333.333.333.33|
*
002adfd0  33 ff 33 33 33 ff 33 33  33 ff 00 00 00 00 00 00  |3.333.333.......|
002adfe0  00 00 00 00 00 00 00 00  00 00 00 00 00 00 00 00  |................|
*
002ae1d0  00 00 00 00 00 00 00 00  00 00 00 00 00 00 33 33  |..............33|
002ae1e0  33 ff 33 33 33 ff 33 33  33 ff 33 33 33 ff 33 33  |3.333.333.333.33|
*
002ae210  33 ff 33 33 33 ff 33 33  33 ff 00 00 00 00 00 00  |3.333.333.......|
002ae220  00 00 00 00 00 00 00 00  00 00 00 00 00 00 00 00  |................|
*
002ae790  00 00 00 00 00 00 00 00  00 00 33 33 33 ff 33 33  |..........333.33|
002ae7a0  33 ff 33 33 33 ff 33 33  33 ff 33 33 33 ff 33 33  |3.333.333.333.33|
*
002ae7d0  33 ff 33 33 33 ff 33 33  33 ff 00 00 00 00 00 00  |3.333.333.......|
002ae7e0  00 00 00 00 00 00 00 00  00 00 00 00 00 00 00 00  |................|
*
002ae9d0  00 00 00 00 00 00 00 00  00 00 00 00 00 00 33 33  |..............33|
002ae9e0  33 ff 33 33 33 ff 33 33  33 ff 33 33 33 ff 33 33  |3.333.333.333.33|
*
002aea10  33 ff 33 33 33 ff 33 33  33 ff 00 00 00 00 00 00  |3.333.333.......|
002aea20  00 00 00 00 00 00 00 00  00 00 00 00 00 00 00 00  |................|
*
002aef90  00 00 00 00 00 00 00 00  00 00 33 33 33 ff 33 33  |..........333.33|
002aefa0  33 ff 33 33 33 ff 33 33  33 ff 33 33 33 ff 33 33  |3.333.333.333.33|
*
002aefd0  33 ff 33 33 33 ff 33 33  33 ff 00 00 00 00 00 00  |3.333.333.......|
002aefe0  00 00 00 00 00 00 00 00  00 00 00 00 00 00 00 00  |................|
*
002af1d0  00 00 00 00 00 00 00 00  00 00 00 00 00 00 33 33  |..............33|
002af1e0  33 ff 33 33 33 ff 33 33  33 ff 33 33 33 ff 33 33  |3.333.333.333.33|
*
002af210  33 ff 33 33 33 ff 33 33  33 ff 00 00 00 00 00 00  |3.333.333.......|
002af220  00 00 00 00 00 00 00 00  00 00 00 00 00 00 00 00  |................|
*
002af790  00 00 00 00 00 00 00 00  00 00 33 33 33 ff 33 33  |..........333.33|
002af7a0  33 ff 33 33 33 ff 33 33  33 ff 33 33 33 ff 33 33  |3.333.333.333.33|
*
002af7d0  33 ff 33 33 33 ff 33 33  33 ff 00 00 00 00 00 00  |3.333.333.......|
002af7e0  00 00 00 00 00 00 00 00  00 00 00 00 00 00 00 00  |................|
*
002af9d0  00 00 00 00 00 00 00 00  00 00 00 00 00 00 33 33  |..............33|
002af9e0  33 ff 33 33 33 ff 33 33  33 ff 33 33 33 ff 33 33  |3.333.333.333.33|
*
002afa10  33 ff 33 33 33 ff 33 33  33 ff 00 00 00 00 00 00  |3.333.333.......|
002afa20  00 00 00 00 00 00 00 00  00 00 00 00 00 00 00 00  |................|
*
002aff90  00 00 00 00 00 00 00 00  00 00 33 33 33 ff 33 33  |..........333.33|
002affa0  33 ff 33 33 33 ff 33 33  33 ff 33 33 33 ff 33 33  |3.333.333.333.33|
*
002affd0  33 ff 33 33 33 ff 33 33  33 ff 00 00 00 00 00 00  |3.333.333.......|
002affe0  00 00 00 00 00 00 00 00  00 00 00 00 00 00 00 00  |................|
*
002b01d0  00 00 00 00 00 00 00 00  00 00 00 00 00 00 33 33  |..............33|
002b01e0  33 ff 33 33 33 ff 33 33  33 ff 33 33 33 ff 33 33  |3.333.333.333.33|
*
002b0210  33 ff 33 33 33 ff 33 33  33 ff 00 00 00 00 00 00  |3.333.333.......|
002b0220  00 00 00 00 00 00 00 00  00 00 00 00 00 00 00 00  |................|
*
002b0790  00 00 00 00 00 00 00 00  00 00 33 33 33 ff 33 33  |..........333.33|
002b07a0  33 ff 33 33 33 ff 33 33  33 ff 33 33 33 ff 33 33  |3.333.333.333.33|
*
002b07d0  33 ff 33 33 33 ff 33 33  33 ff 00 00 00 00 00 00  |3.333.333.......|
002b07e0  00 00 00 00 00 00 00 00  00 00 00 00 00 00 00 00  |................|
*
002b09d0  00 00 00 00 00 00 00 00  00 00 00 00 00 00 33 33  |..............33|
002b09e0  33 ff 33 33 33 ff 33 33  33 ff 33 33 33 ff 33 33  |3.333.333.333.33|
*
002b0a10  33 ff 33 33 33 ff 33 33  33 ff 00 00 00 00 00 00  |3.333.333.......|
002b0a20  00 00 00 00 00 00 00 00  00 00 00 00 00 00 00 00  |................|
*
002b0f90  00 00 00 00 00 00 00 00  00 00 33 33 33 ff 33 33  |..........333.33|
002b0fa0  33 ff 33 33 33 ff 33 33  33 ff 33 33 33 ff 33 33  |3.333.333.333.33|
*
002b0fd0  33 ff 33 33 33 ff 33 33  33 ff 00 00 00 00 00 00  |3.333.333.......|
002b0fe0  00 00 00 00 00 00 00 00  00 00 00 00 00 00 00 00  |................|
*
002b11d0  00 00 00 00 00 00 00 00  00 00 00 00 00 00 33 33  |..............33|
002b11e0  33 ff 33 33 33 ff 33 33  33 ff 33 33 33 ff 33 33  |3.333.333.333.33|
*
002b1210  33 ff 33 33 33 ff 33 33  33 ff 00 00 00 00 00 00  |3.333.333.......|
002b1220  00 00 00 00 00 00 00 00  00 00 00 00 00 00 00 00  |................|
*
002b1790  00 00 00 00 00 00 00 00  00 00 33 33 33 ff 33 33  |..........333.33|
002b17a0  33 ff 33 33 33 ff 33 33  33 ff 33 33 33 ff 33 33  |3.333.333.333.33|
*
002b17d0  33 ff 33 33 33 ff 33 33  33 ff 00 00 00 00 00 00  |3.333.333.......|
002b17e0  00 00 00 00 00 00 00 00  00 00 00 00 00 00 00 00  |................|
*
002b19d0  00 00 00 00 00 00 00 00  00 00 00 00 00 00 33 33  |..............33|
002b19e0  33 ff 33 33 33 ff 33 33  33 ff 33 33 33 ff 33 33  |3.333.333.333.33|
*
002b1a10  33 ff 33 33 33 ff 33 33  33 ff 00 00 00 00 00 00  |3.333.333.......|
002b1a20  00 00 00 00 00 00 00 00  00 00 00 00 00 00 00 00  |................|
*
002b1f90  00 00 00 00 00 00 00 00  00 00 33 33 33 ff 33 33  |..........333.33|
002b1fa0  33 ff 33 33 33 ff 33 33  33 ff 33 33 33 ff 33 33  |3.333.333.333.33|
*
002b1fd0  33 ff 33 33 33 ff 33 33  33 ff 00 00 00 00 00 00  |3.333.333.......|
002b1fe0  00 00 00 00 00 00 00 00  00 00 00 00 00 00 00 00  |................|
*
002b21d0  00 00 00 00 00 00 00 00  00 00 00 00 00 00 33 33  |..............33|
002b21e0  33 ff 33 33 33 ff 33 33  33 ff 33 33 33 ff 33 33  |3.333.333.333.33|
*
002b2210  33 ff 33 33 33 ff 33 33  33 ff 00 00 00 00 00 00  |3.333.333.......|
002b2220  00 00 00 00 00 00 00 00  00 00 00 00 00 00 00 00  |................|
*
002b2790  00 00 00 00 00 00 00 00  00 00 33 33 33 ff 33 33  |..........333.33|
002b27a0  33 ff 33 33 33 ff 33 33  33 ff 33 33 33 ff 33 33  |3.333.333.333.33|
*
002b27d0  33 ff 33 33 33 ff 33 33  33 ff 00 00 00 00 00 00  |3.333.333.......|
002b27e0  00 00 00 00 00 00 00 00  00 00 00 00 00 00 00 00  |................|
*
002b29d0  00 00 00 00 00 00 00 00  00 00 00 00 00 00 33 33  |..............33|
002b29e0  33 ff 33 33 33 ff 33 33  33 ff 33 33 33 ff 33 33  |3.333.333.333.33|
*
002b2a10  33 ff 33 33 33 ff 33 33  33 ff 00 00 00 00 00 00  |3.333.333.......|
002b2a20  00 00 00 00 00 00 00 00  00 00 00 00 00 00 00 00  |................|
*
002b2f90  00 00 00 00 00 00 00 00  00 00 33 33 33 ff 33 33  |..........333.33|
002b2fa0  33 ff 33 33 33 ff 33 33  33 ff 33 33 33 ff 33 33  |3.333.333.333.33|
*
002b2fd0  33 ff 33 33 33 ff 33 33  33 ff 00 00 00 00 00 00  |3.333.333.......|
002b2fe0  00 00 00 00 00 00 00 00  00 00 00 00 00 00 00 00  |................|
*
002b31d0  00 00 00 00 00 00 00 00  00 00 00 00 00 00 33 33  |..............33|
002b31e0  33 ff 33 33 33 ff 33 33  33 ff 33 33 33 ff 33 33  |3.333.333.333.33|
*
002b3210  33 ff 33 33 33 ff 33 33  33 ff 00 00 00 00 00 00  |3.333.333.......|
002b3220  00 00 00 00 00 00 00 00  00 00 00 00 00 00 00 00  |................|
*
002b3790  00 00 00 00 00 00 00 00  00 00 33 33 33 ff 33 33  |..........333.33|
002b37a0  33 ff 33 33 33 ff 33 33  33 ff 33 33 33 ff 33 33  |3.333.333.333.33|
*
002b37d0  33 ff 33 33 33 ff 33 33  33 ff 00 00 00 00 00 00  |3.333.333.......|
002b37e0  00 00 00 00 00 00 00 00  00 00 00 00 00 00 00 00  |................|
*
002b39d0  00 00 00 00 00 00 00 00  00 00 00 00 00 00 33 33  |..............33|
002b39e0  33 ff 33 33 33 ff 33 33  33 ff 33 33 33 ff 33 33  |3.333.333.333.33|
*
002b3a10  33 ff 33 33 33 ff 33 33  33 ff 00 00 00 00 00 00  |3.333.333.......|
002b3a20  00 00 00 00 00 00 00 00  00 00 00 00 00 00 00 00  |................|
*
002b3f90  00 00 00 00 00 00 00 00  00 00 33 33 33 ff 33 33  |..........333.33|
002b3fa0  33 ff 33 33 33 ff 33 33  33 ff 33 33 33 ff 33 33  |3.333.333.333.33|
*
002b3fd0  33 ff 33 33 33 ff 33 33  33 ff 00 00 00 00 00 00  |3.333.333.......|
002b3fe0  00 00 00 00 00 00 00 00  00 00 00 00 00 00 00 00  |................|
*
002b41d0  00 00 00 00 00 00 00 00  00 00 00 00 00 00 33 33  |..............33|
002b41e0  33 ff 33 33 33 ff 33 33  33 ff 33 33 33 ff 33 33  |3.333.333.333.33|
*
002b4210  33 ff 33 33 33 ff 33 33  33 ff 00 00 00 00 00 00  |3.333.333.......|
002b4220  00 00 00 00 00 00 00 00  00 00 00 00 00 00 00 00  |................|
*
002b4790  00 00 00 00 00 00 00 00  00 00 33 33 33 ff 33 33  |..........333.33|
002b47a0  33 ff 33 33 33 ff 33 33  33 ff 33 33 33 ff 33 33  |3.333.333.333.33|
*
002b47d0  33 ff 33 33 33 ff 33 33  33 ff 00 00 00 00 00 00  |3.333.333.......|
002b47e0  00 00 00 00 00 00 00 00  00 00 00 00 00 00 00 00  |................|
*
002b49d0  00 00 00 00 00 00 00 00  00 00 00 00 00 00 33 33  |..............33|
002b49e0  33 ff 33 33 33 ff 33 33  33 ff 33 33 33 ff 33 33  |3.333.333.333.33|
*
002b4a10  33 ff 33 33 33 ff 33 33  33 ff 00 00 00 00 00 00  |3.333.333.......|
002b4a20  00 00 00 00 00 00 00 00  00 00 00 00 00 00 00 00  |................|
*
002b4f90  00 00 00 00 00 00 00 00  00 00 33 33 33 ff 33 33  |..........333.33|
002b4fa0  33 ff 33 33 33 ff 33 33  33 ff 33 33 33 ff 33 33  |3.333.333.333.33|
*
002b4fd0  33 ff 33 33 33 ff 33 33  33 ff 00 00 00 00 00 00  |3.333.333.......|
002b4fe0  00 00 00 00 00 00 00 00  00 00 00 00 00 00 00 00  |................|
*
002b51d0  00 00 00 00 00 00 00 00  00 00 00 00 00 00 33 33  |..............33|
002b51e0  33 ff 33 33 33 ff 33 33  33 ff 33 33 33 ff 33 33  |3.333.333.333.33|
*
002b5210  33 ff 33 33 33 ff 33 33  33 ff 00 00 00 00 00 00  |3.333.333.......|
002b5220  00 00 00 00 00 00 00 00  00 00 00 00 00 00 00 00  |................|
*
002b5790  00 00 00 00 00 00 00 00  00 00 33 33 33 ff 33 33  |..........333.33|
002b57a0  33 ff 33 33 33 ff 33 33  33 ff 33 33 33 ff 33 33  |3.333.333.333.33|
*
002b57d0  33 ff 33 33 33 ff 33 33  33 ff 00 00 00 00 00 00  |3.333.333.......|
002b57e0  00 00 00 00 00 00 00 00  00 00 00 00 00 00 00 00  |................|
*
002b59d0  00 00 00 00 00 00 00 00  00 00 00 00 00 00 33 33  |..............33|
002b59e0  33 ff 33 33 33 ff 33 33  33 ff 33 33 33 ff 33 33  |3.333.333.333.33|
*
002b5a10  33 ff 33 33 33 ff 33 33  33 ff 00 00 00 00 00 00  |3.333.333.......|
002b5a20  00 00 00 00 00 00 00 00  00 00 00 00 00 00 00 00  |................|
*
002b5f90  00 00 00 00 00 00 00 00  00 00 33 33 33 ff 33 33  |..........333.33|
002b5fa0  33 ff 33 33 33 ff 33 33  33 ff 33 33 33 ff 33 33  |3.333.333.333.33|
*
002b5fd0  33 ff 33 33 33 ff 33 33  33 ff 00 00 00 00 00 00  |3.333.333.......|
002b5fe0  00 00 00 00 00 00 00 00  00 00 00 00 00 00 00 00  |................|
*
002b61d0  00 00 00 00 00 00 00 00  00 00 00 00 00 00 33 33  |..............33|
002b61e0  33 ff 33 33 33 ff 33 33  33 ff 33 33 33 ff 33 33  |3.333.333.333.33|
*
002b6210  33 ff 33 33 33 ff 33 33  33 ff 00 00 00 00 00 00  |3.333.333.......|
002b6220  00 00 00 00 00 00 00 00  00 00 00 00 00 00 00 00  |................|
*
002b6790  00 00 00 00 00 00 00 00  00 00 33 33 33 ff 33 33  |..........333.33|
002b67a0  33 ff 33 33 33 ff 33 33  33 ff 33 33 33 ff 33 33  |3.333.333.333.33|
*
002b67d0  33 ff 33 33 33 ff 33 33  33 ff 00 00 00 00 00 00  |3.333.333.......|
002b67e0  00 00 00 00 00 00 00 00  00 00 00 00 00 00 00 00  |................|
*
002b69d0  00 00 00 00 00 00 00 00  00 00 00 00 00 00 33 33  |..............33|
002b69e0  33 ff 33 33 33 ff 33 33  33 ff 33 33 33 ff 33 33  |3.333.333.333.33|
*
002b6a10  33 ff 33 33 33 ff 33 33  33 ff 00 00 00 00 00 00  |3.333.333.......|
002b6a20  00 00 00 00 00 00 00 00  00 00 00 00 00 00 00 00  |................|
*
002b6f90  00 00 00 00 00 00 00 00  00 00 33 33 33 ff 33 33  |..........333.33|
002b6fa0  33 ff 33 33 33 ff 33 33  33 ff 33 33 33 ff 33 33  |3.333.333.333.33|
*
002b6fd0  33 ff 33 33 33 ff 33 33  33 ff 00 00 00 00 00 00  |3.333.333.......|
002b6fe0  00 00 00 00 00 00 00 00  00 00 00 00 00 00 00 00  |................|
*
002b71d0  00 00 00 00 00 00 00 00  00 00 00 00 00 00 33 33  |..............33|
002b71e0  33 ff 33 33 33 ff 33 33  33 ff 33 33 33 ff 33 33  |3.333.333.333.33|
*
002b7210  33 ff 33 33 33 ff 33 33  33 ff 00 00 00 00 00 00  |3.333.333.......|
002b7220  00 00 00 00 00 00 00 00  00 00 00 00 00 00 00 00  |................|
*
002b7790  00 00 00 00 00 00 00 00  00 00 33 33 33 ff 33 33  |..........333.33|
002b77a0  33 ff 33 33 33 ff 33 33  33 ff 33 33 33 ff 33 33  |3.333.333.333.33|
*
002b77d0  33 ff 33 33 33 ff 33 33  33 ff 00 00 00 00 00 00  |3.333.333.......|
002b77e0  00 00 00 00 00 00 00 00  00 00 00 00 00 00 00 00  |................|
*
002b79d0  00 00 00 00 00 00 00 00  00 00 00 00 00 00 33 33  |..............33|
002b79e0  33 ff 33 33 33 ff 33 33  33 ff 33 33 33 ff 33 33  |3.333.333.333.33|
*
002b7a10  33 ff 33 33 33 ff 33 33  33 ff 00 00 00 00 00 00  |3.333.333.......|
002b7a20  00 00 00 00 00 00 00 00  00 00 00 00 00 00 00 00  |................|
*
002b7f90  00 00 00 00 00 00 00 00  00 00 33 33 33 ff 33 33  |..........333.33|
002b7fa0  33 ff 33 33 33 ff 33 33  33 ff 33 33 33 ff 33 33  |3.333.333.333.33|
*
002b7fd0  33 ff 33 33 33 ff 33 33  33 ff 00 00 00 00 00 00  |3.333.333.......|
002b7fe0  00 00 00 00 00 00 00 00  00 00 00 00 00 00 00 00  |................|
*
002b81d0  00 00 00 00 00 00 00 00  00 00 00 00 00 00 33 33  |..............33|
002b81e0  33 ff 33 33 33 ff 33 33  33 ff 33 33 33 ff 33 33  |3.333.333.333.33|
*
002b8210  33 ff 33 33 33 ff 33 33  33 ff 00 00 00 00 00 00  |3.333.333.......|
002b8220  00 00 00 00 00 00 00 00  00 00 00 00 00 00 00 00  |................|
*
002b8790  00 00 00 00 00 00 00 00  00 00 33 33 33 ff 33 33  |..........333.33|
002b87a0  33 ff 33 33 33 ff 33 33  33 ff 33 33 33 ff 33 33  |3.333.333.333.33|
*
002b87d0  33 ff 33 33 33 ff 33 33  33 ff 00 00 00 00 00 00  |3.333.333.......|
002b87e0  00 00 00 00 00 00 00 00  00 00 00 00 00 00 00 00  |................|
*
002b89d0  00 00 00 00 00 00 00 00  00 00 00 00 00 00 33 33  |..............33|
002b89e0  33 ff 33 33 33 ff 33 33  33 ff 33 33 33 ff 33 33  |3.333.333.333.33|
*
002b8a10  33 ff 33 33 33 ff 33 33  33 ff 00 00 00 00 00 00  |3.333.333.......|
002b8a20  00 00 00 00 00 00 00 00  00 00 00 00 00 00 00 00  |................|
*
002b8f90  00 00 00 00 00 00 00 00  00 00 33 33 33 ff 33 33  |..........333.33|
002b8fa0  33 ff 33 33 33 ff 33 33  33 ff 33 33 33 ff 33 33  |3.333.333.333.33|
*
002b8fd0  33 ff 33 33 33 ff 33 33  33 ff 00 00 00 00 00 00  |3.333.333.......|
002b8fe0  00 00 00 00 00 00 00 00  00 00 00 00 00 00 00 00  |................|
*
002b91d0  00 00 00 00 00 00 00 00  00 00 00 00 00 00 33 33  |..............33|
002b91e0  33 ff 33 33 33 ff 33 33  33 ff 33 33 33 ff 33 33  |3.333.333.333.33|
*
002b9210  33 ff 33 33 33 ff 33 33  33 ff 00 00 00 00 00 00  |3.333.333.......|
002b9220  00 00 00 00 00 00 00 00  00 00 00 00 00 00 00 00  |................|
*
002b9790  00 00 00 00 00 00 00 00  00 00 33 33 33 ff 33 33  |..........333.33|
002b97a0  33 ff 33 33 33 ff 33 33  33 ff 33 33 33 ff 33 33  |3.333.333.333.33|
*
002b97d0  33 ff 33 33 33 ff 33 33  33 ff 00 00 00 00 00 00  |3.333.333.......|
002b97e0  00 00 00 00 00 00 00 00  00 00 00 00 00 00 00 00  |................|
*
002b99d0  00 00 00 00 00 00 00 00  00 00 00 00 00 00 33 33  |..............33|
002b99e0  33 ff 33 33 33 ff 33 33  33 ff 33 33 33 ff 33 33  |3.333.333.333.33|
*
002b9a10  33 ff 33 33 33 ff 33 33  33 ff 00 00 00 00 00 00  |3.333.333.......|
002b9a20  00 00 00 00 00 00 00 00  00 00 00 00 00 00 00 00  |................|
*
002b9f90  00 00 00 00 00 00 00 00  00 00 33 33 33 ff 33 33  |..........333.33|
002b9fa0  33 ff 33 33 33 ff 33 33  33 ff 33 33 33 ff 33 33  |3.333.333.333.33|
*
002b9fd0  33 ff 33 33 33 ff 33 33  33 ff 00 00 00 00 00 00  |3.333.333.......|
002b9fe0  00 00 00 00 00 00 00 00  00 00 00 00 00 00 00 00  |................|
*
002ba1d0  00 00 00 00 00 00 00 00  00 00 00 00 00 00 33 33  |..............33|
002ba1e0  33 ff 33 33 33 ff 33 33  33 ff 33 33 33 ff 33 33  |3.333.333.333.33|
*
002ba210  33 ff 33 33 33 ff 33 33  33 ff 00 00 00 00 00 00  |3.333.333.......|
002ba220  00 00 00 00 00 00 00 00  00 00 00 00 00 00 00 00  |................|
*
002ba790  00 00 00 00 00 00 00 00  00 00 33 33 33 ff 33 33  |..........333.33|
002ba7a0  33 ff 33 33 33 ff 33 33  33 ff 33 33 33 ff 33 33  |3.333.333.333.33|
*
002ba7d0  33 ff 33 33 33 ff 33 33  33 ff 00 00 00 00 00 00  |3.333.333.......|
002ba7e0  00 00 00 00 00 00 00 00  00 00 00 00 00 00 00 00  |................|
*
002ba9d0  00 00 00 00 00 00 00 00  00 00 00 00 00 00 33 33  |..............33|
002ba9e0  33 ff 33 33 33 ff 33 33  33 ff 33 33 33 ff 33 33  |3.333.333.333.33|
*
002baa10  33 ff 33 33 33 ff 33 33  33 ff 00 00 00 00 00 00  |3.333.333.......|
002baa20  00 00 00 00 00 00 00 00  00 00 00 00 00 00 00 00  |................|
*
002baf90  00 00 00 00 00 00 00 00  00 00 33 33 33 ff 33 33  |..........333.33|
002bafa0  33 ff 33 33 33 ff 33 33  33 ff 33 33 33 ff 33 33  |3.333.333.333.33|
*
002bafd0  33 ff 33 33 33 ff 33 33  33 ff 00 00 00 00 00 00  |3.333.333.......|
002bafe0  00 00 00 00 00 00 00 00  00 00 00 00 00 00 00 00  |................|
*
002bb1d0  00 00 00 00 00 00 00 00  00 00 00 00 00 00 33 33  |..............33|
002bb1e0  33 ff 33 33 33 ff 33 33  33 ff 33 33 33 ff 33 33  |3.333.333.333.33|
*
002bb210  33 ff 33 33 33 ff 33 33  33 ff 00 00 00 00 00 00  |3.333.333.......|
002bb220  00 00 00 00 00 00 00 00  00 00 00 00 00 00 00 00  |................|
*
002bb790  00 00 00 00 00 00 00 00  00 00 33 33 33 ff 33 33  |..........333.33|
002bb7a0  33 ff 33 33 33 ff 33 33  33 ff 33 33 33 ff 33 33  |3.333.333.333.33|
*
002bb7d0  33 ff 33 33 33 ff 33 33  33 ff 00 00 00 00 00 00  |3.333.333.......|
002bb7e0  00 00 00 00 00 00 00 00  00 00 00 00 00 00 00 00  |................|
*
002bb9d0  00 00 00 00 00 00 00 00  00 00 00 00 00 00 33 33  |..............33|
002bb9e0  33 ff 33 33 33 ff 33 33  33 ff 33 33 33 ff 33 33  |3.333.333.333.33|
*
002bba10  33 ff 33 33 33 ff 33 33  33 ff 00 00 00 00 00 00  |3.333.333.......|
002bba20  00 00 00 00 00 00 00 00  00 00 00 00 00 00 00 00  |................|
*
002bbf90  00 00 00 00 00 00 00 00  00 00 33 33 33 ff 33 33  |..........333.33|
002bbfa0  33 ff 33 33 33 ff 33 33  33 ff 33 33 33 ff 33 33  |3.333.333.333.33|
*
002bbfd0  33 ff 33 33 33 ff 33 33  33 ff 00 00 00 00 00 00  |3.333.333.......|
002bbfe0  00 00 00 00 00 00 00 00  00 00 00 00 00 00 00 00  |................|
*
002bc1d0  00 00 00 00 00 00 00 00  00 00 00 00 00 00 33 33  |..............33|
002bc1e0  33 ff 33 33 33 ff 33 33  33 ff 33 33 33 ff 33 33  |3.333.333.333.33|
*
002bc210  33 ff 33 33 33 ff 33 33  33 ff 00 00 00 00 00 00  |3.333.333.......|
002bc220  00 00 00 00 00 00 00 00  00 00 00 00 00 00 00 00  |................|
*
002bc790  00 00 00 00 00 00 00 00  00 00 33 33 33 ff 33 33  |..........333.33|
002bc7a0  33 ff 33 33 33 ff 33 33  33 ff 33 33 33 ff 33 33  |3.333.333.333.33|
*
002bc7d0  33 ff 33 33 33 ff 33 33  33 ff 00 00 00 00 00 00  |3.333.333.......|
002bc7e0  00 00 00 00 00 00 00 00  00 00 00 00 00 00 00 00  |................|
*
002bc9d0  00 00 00 00 00 00 00 00  00 00 00 00 00 00 33 33  |..............33|
002bc9e0  33 ff 33 33 33 ff 33 33  33 ff 33 33 33 ff 33 33  |3.333.333.333.33|
*
002bca10  33 ff 33 33 33 ff 33 33  33 ff 00 00 00 00 00 00  |3.333.333.......|
002bca20  00 00 00 00 00 00 00 00  00 00 00 00 00 00 00 00  |................|
*
002bcf90  00 00 00 00 00 00 00 00  00 00 33 33 33 ff 33 33  |..........333.33|
002bcfa0  33 ff 33 33 33 ff 33 33  33 ff 33 33 33 ff 33 33  |3.333.333.333.33|
*
002bcfd0  33 ff 33 33 33 ff 33 33  33 ff 00 00 00 00 00 00  |3.333.333.......|
002bcfe0  00 00 00 00 00 00 00 00  00 00 00 00 00 00 00 00  |................|
*
002bd1d0  00 00 00 00 00 00 00 00  00 00 00 00 00 00 33 33  |..............33|
002bd1e0  33 ff 33 33 33 ff 33 33  33 ff 33 33 33 ff 33 33  |3.333.333.333.33|
*
002bd210  33 ff 33 33 33 ff 33 33  33 ff 00 00 00 00 00 00  |3.333.333.......|
002bd220  00 00 00 00 00 00 00 00  00 00 00 00 00 00 00 00  |................|
*
002bd790  00 00 00 00 00 00 00 00  00 00 33 33 33 ff 33 33  |..........333.33|
002bd7a0  33 ff 33 33 33 ff 33 33  33 ff 33 33 33 ff 33 33  |3.333.333.333.33|
*
002bd7d0  33 ff 33 33 33 ff 33 33  33 ff 00 00 00 00 00 00  |3.333.333.......|
002bd7e0  00 00 00 00 00 00 00 00  00 00 00 00 00 00 00 00  |................|
*
002bd9d0  00 00 00 00 00 00 00 00  00 00 00 00 00 00 33 33  |..............33|
002bd9e0  33 ff 33 33 33 ff 33 33  33 ff 33 33 33 ff 33 33  |3.333.333.333.33|
*
002bda10  33 ff 33 33 33 ff 33 33  33 ff 00 00 00 00 00 00  |3.333.333.......|
002bda20  00 00 00 00 00 00 00 00  00 00 00 00 00 00 00 00  |................|
*
002bdf90  00 00 00 00 00 00 00 00  00 00 33 33 33 ff 33 33  |..........333.33|
002bdfa0  33 ff 33 33 33 ff 33 33  33 ff 33 33 33 ff 33 33  |3.333.333.333.33|
*
002bdfd0  33 ff 33 33 33 ff 33 33  33 ff 00 00 00 00 00 00  |3.333.333.......|
002bdfe0  00 00 00 00 00 00 00 00  00 00 00 00 00 00 00 00  |................|
*
002be1d0  00 00 00 00 00 00 00 00  00 00 00 00 00 00 33 33  |..............33|
002be1e0  33 ff 33 33 33 ff 33 33  33 ff 33 33 33 ff 33 33  |3.333.333.333.33|
*
002be210  33 ff 33 33 33 ff 33 33  33 ff 00 00 00 00 00 00  |3.333.333.......|
002be220  00 00 00 00 00 00 00 00  00 00 00 00 00 00 00 00  |................|
*
002be790  00 00 00 00 00 00 00 00  00 00 33 33 33 ff 33 33  |..........333.33|
002be7a0  33 ff 33 33 33 ff 33 33  33 ff 33 33 33 ff 33 33  |3.333.333.333.33|
*
002be7d0  33 ff 33 33 33 ff 33 33  33 ff 00 00 00 00 00 00  |3.333.333.......|
002be7e0  00 00 00 00 00 00 00 00  00 00 00 00 00 00 00 00  |................|
*
002be9d0  00 00 00 00 00 00 00 00  00 00 00 00 00 00 33 33  |..............33|
002be9e0  33 ff 33 33 33 ff 33 33  33 ff 33 33 33 ff 33 33  |3.333.333.333.33|
*
002bea10  33 ff 33 33 33 ff 33 33  33 ff 00 00 00 00 00 00  |3.333.333.......|
002bea20  00 00 00 00 00 00 00 00  00 00 00 00 00 00 00 00  |................|
*
002bef90  00 00 00 00 00 00 00 00  00 00 33 33 33 ff 33 33  |..........333.33|
002befa0  33 ff 33 33 33 ff 33 33  33 ff 33 33 33 ff 33 33  |3.333.333.333.33|
*
002befd0  33 ff 33 33 33 ff 33 33  33 ff 00 00 00 00 00 00  |3.333.333.......|
002befe0  00 00 00 00 00 00 00 00  00 00 00 00 00 00 00 00  |................|
*
002bf1d0  00 00 00 00 00 00 00 00  00 00 00 00 00 00 33 33  |..............33|
002bf1e0  33 ff 33 33 33 ff 33 33  33 ff 33 33 33 ff 33 33  |3.333.333.333.33|
*
002bf210  33 ff 33 33 33 ff 33 33  33 ff 00 00 00 00 00 00  |3.333.333.......|
002bf220  00 00 00 00 00 00 00 00  00 00 00 00 00 00 00 00  |................|
*
002bf790  00 00 00 00 00 00 00 00  00 00 33 33 33 ff 33 33  |..........333.33|
002bf7a0  33 ff 33 33 33 ff 33 33  33 ff 33 33 33 ff 33 33  |3.333.333.333.33|
*
002bf7d0  33 ff 33 33 33 ff 33 33  33 ff 00 00 00 00 00 00  |3.333.333.......|
002bf7e0  00 00 00 00 00 00 00 00  00 00 00 00 00 00 00 00  |................|
*
002bf9d0  00 00 00 00 00 00 00 00  00 00 00 00 00 00 33 33  |..............33|
002bf9e0  33 ff 33 33 33 ff 33 33  33 ff 33 33 33 ff 33 33  |3.333.333.333.33|
*
002bfa10  33 ff 33 33 33 ff 33 33  33 ff 00 00 00 00 00 00  |3.333.333.......|
002bfa20  00 00 00 00 00 00 00 00  00 00 00 00 00 00 00 00  |................|
*
002bff90  00 00 00 00 00 00 00 00  00 00 33 33 33 ff 33 33  |..........333.33|
002bffa0  33 ff 33 33 33 ff 33 33  33 ff 33 33 33 ff 33 33  |3.333.333.333.33|
*
002bffd0  33 ff 33 33 33 ff 33 33  33 ff 00 00 00 00 00 00  |3.333.333.......|
002bffe0  00 00 00 00 00 00 00 00  00 00 00 00 00 00 00 00  |................|
*
002c01d0  00 00 00 00 00 00 00 00  00 00 00 00 00 00 33 33  |..............33|
002c01e0  33 ff 33 33 33 ff 33 33  33 ff 33 33 33 ff 33 33  |3.333.333.333.33|
*
002c0210  33 ff 33 33 33 ff 33 33  33 ff 00 00 00 00 00 00  |3.333.333.......|
002c0220  00 00 00 00 00 00 00 00  00 00 00 00 00 00 00 00  |................|
*
002c0790  00 00 00 00 00 00 00 00  00 00 33 33 33 ff 33 33  |..........333.33|
002c07a0  33 ff 33 33 33 ff 33 33  33 ff 33 33 33 ff 33 33  |3.333.333.333.33|
*
002c07d0  33 ff 33 33 33 ff 33 33  33 ff 00 00 00 00 00 00  |3.333.333.......|
002c07e0  00 00 00 00 00 00 00 00  00 00 00 00 00 00 00 00  |................|
*
002c09d0  00 00 00 00 00 00 00 00  00 00 00 00 00 00 33 33  |..............33|
002c09e0  33 ff 33 33 33 ff 33 33  33 ff 33 33 33 ff 33 33  |3.333.333.333.33|
*
002c0a10  33 ff 33 33 33 ff 33 33  33 ff 00 00 00 00 00 00  |3.333.333.......|
002c0a20  00 00 00 00 00 00 00 00  00 00 00 00 00 00 00 00  |................|
*
002c0f90  00 00 00 00 00 00 00 00  00 00 33 33 33 ff 33 33  |..........333.33|
002c0fa0  33 ff 33 33 33 ff 33 33  33 ff 33 33 33 ff 33 33  |3.333.333.333.33|
*
002c0fd0  33 ff 33 33 33 ff 33 33  33 ff 00 00 00 00 00 00  |3.333.333.......|
002c0fe0  00 00 00 00 00 00 00 00  00 00 00 00 00 00 00 00  |................|
*
002c11d0  00 00 00 00 00 00 00 00  00 00 00 00 00 00 33 33  |..............33|
002c11e0  33 ff 33 33 33 ff 33 33  33 ff 33 33 33 ff 33 33  |3.333.333.333.33|
*
002c1210  33 ff 33 33 33 ff 33 33  33 ff 00 00 00 00 00 00  |3.333.333.......|
002c1220  00 00 00 00 00 00 00 00  00 00 00 00 00 00 00 00  |................|
*
002c1790  00 00 00 00 00 00 00 00  00 00 33 33 33 ff 33 33  |..........333.33|
002c17a0  33 ff 33 33 33 ff 33 33  33 ff 33 33 33 ff 33 33  |3.333.333.333.33|
*
002c17d0  33 ff 33 33 33 ff 33 33  33 ff 00 00 00 00 00 00  |3.333.333.......|
002c17e0  00 00 00 00 00 00 00 00  00 00 00 00 00 00 00 00  |................|
*
002c19d0  00 00 00 00 00 00 00 00  00 00 00 00 00 00 33 33  |..............33|
002c19e0  33 ff 33 33 33 ff 33 33  33 ff 33 33 33 ff 33 33  |3.333.333.333.33|
*
002c1a10  33 ff 33 33 33 ff 33 33  33 ff 00 00 00 00 00 00  |3.333.333.......|
002c1a20  00 00 00 00 00 00 00 00  00 00 00 00 00 00 00 00  |................|
*
002c1f90  00 00 00 00 00 00 00 00  00 00 33 33 33 ff 33 33  |..........333.33|
002c1fa0  33 ff 33 33 33 ff 33 33  33 ff 33 33 33 ff 33 33  |3.333.333.333.33|
*
002c1fd0  33 ff 33 33 33 ff 33 33  33 ff 00 00 00 00 00 00  |3.333.333.......|
002c1fe0  00 00 00 00 00 00 00 00  00 00 00 00 00 00 00 00  |................|
*
002c21d0  00 00 00 00 00 00 00 00  00 00 00 00 00 00 33 33  |..............33|
002c21e0  33 ff 33 33 33 ff 33 33  33 ff 33 33 33 ff 33 33  |3.333.333.333.33|
*
002c2210  33 ff 33 33 33 ff 33 33  33 ff 00 00 00 00 00 00  |3.333.333.......|
002c2220  00 00 00 00 00 00 00 00  00 00 00 00 00 00 00 00  |................|
*
002c2790  00 00 00 00 00 00 00 00  00 00 33 33 33 ff 33 33  |..........333.33|
002c27a0  33 ff 33 33 33 ff 33 33  33 ff 33 33 33 ff 33 33  |3.333.333.333.33|
*
002c27d0  33 ff 33 33 33 ff 33 33  33 ff 00 00 00 00 00 00  |3.333.333.......|
002c27e0  00 00 00 00 00 00 00 00  00 00 00 00 00 00 00 00  |................|
*
002c29d0  00 00 00 00 00 00 00 00  00 00 00 00 00 00 33 33  |..............33|
002c29e0  33 ff 33 33 33 ff 33 33  33 ff 33 33 33 ff 33 33  |3.333.333.333.33|
*
002c2a10  33 ff 33 33 33 ff 33 33  33 ff 00 00 00 00 00 00  |3.333.333.......|
002c2a20  00 00 00 00 00 00 00 00  00 00 00 00 00 00 00 00  |................|
*
002c2f90  00 00 00 00 00 00 00 00  00 00 33 33 33 ff 33 33  |..........333.33|
002c2fa0  33 ff 33 33 33 ff 33 33  33 ff 33 33 33 ff 33 33  |3.333.333.333.33|
*
002c2fd0  33 ff 33 33 33 ff 33 33  33 ff 00 00 00 00 00 00  |3.333.333.......|
002c2fe0  00 00 00 00 00 00 00 00  00 00 00 00 00 00 00 00  |................|
*
002c31d0  00 00 00 00 00 00 00 00  00 00 00 00 00 00 33 33  |..............33|
002c31e0  33 ff 33 33 33 ff 33 33  33 ff 33 33 33 ff 33 33  |3.333.333.333.33|
*
002c3210  33 ff 33 33 33 ff 33 33  33 ff 00 00 00 00 00 00  |3.333.333.......|
002c3220  00 00 00 00 00 00 00 00  00 00 00 00 00 00 00 00  |................|
*
002c3790  00 00 00 00 00 00 00 00  00 00 33 33 33 ff 33 33  |..........333.33|
002c37a0  33 ff 33 33 33 ff 33 33  33 ff 33 33 33 ff 33 33  |3.333.333.333.33|
*
002c37d0  33 ff 33 33 33 ff 33 33  33 ff 00 00 00 00 00 00  |3.333.333.......|
002c37e0  00 00 00 00 00 00 00 00  00 00 00 00 00 00 00 00  |................|
*
002c39d0  00 00 00 00 00 00 00 00  00 00 00 00 00 00 33 33  |..............33|
002c39e0  33 ff 33 33 33 ff 33 33  33 ff 33 33 33 ff 33 33  |3.333.333.333.33|
*
002c3a10  33 ff 33 33 33 ff 33 33  33 ff 00 00 00 00 00 00  |3.333.333.......|
002c3a20  00 00 00 00 00 00 00 00  00 00 00 00 00 00 00 00  |................|
*
002c3f90  00 00 00 00 00 00 00 00  00 00 33 33 33 ff 33 33  |..........333.33|
002c3fa0  33 ff 33 33 33 ff 33 33  33 ff 33 33 33 ff 33 33  |3.333.333.333.33|
*
002c3fd0  33 ff 33 33 33 ff 33 33  33 ff 00 00 00 00 00 00  |3.333.333.......|
002c3fe0  00 00 00 00 00 00 00 00  00 00 00 00 00 00 00 00  |................|
*
002c41d0  00 00 00 00 00 00 00 00  00 00 00 00 00 00 33 33  |..............33|
002c41e0  33 ff 33 33 33 ff 33 33  33 ff 33 33 33 ff 33 33  |3.333.333.333.33|
*
002c4210  33 ff 33 33 33 ff 33 33  33 ff 00 00 00 00 00 00  |3.333.333.......|
002c4220  00 00 00 00 00 00 00 00  00 00 00 00 00 00 00 00  |................|
*
002c4790  00 00 00 00 00 00 00 00  00 00 33 33 33 ff 33 33  |..........333.33|
002c47a0  33 ff 33 33 33 ff 33 33  33 ff 33 33 33 ff 33 33  |3.333.333.333.33|
*
002c47d0  33 ff 33 33 33 ff 33 33  33 ff 00 00 00 00 00 00  |3.333.333.......|
002c47e0  00 00 00 00 00 00 00 00  00 00 00 00 00 00 00 00  |................|
*
002c49d0  00 00 00 00 00 00 00 00  00 00 00 00 00 00 33 33  |..............33|
002c49e0  33 ff 33 33 33 ff 33 33  33 ff 33 33 33 ff 33 33  |3.333.333.333.33|
*
002c4a10  33 ff 33 33 33 ff 33 33  33 ff 00 00 00 00 00 00  |3.333.333.......|
002c4a20  00 00 00 00 00 00 00 00  00 00 00 00 00 00 00 00  |................|
*
002c4f90  00 00 00 00 00 00 00 00  00 00 33 33 33 ff 33 33  |..........333.33|
002c4fa0  33 ff 33 33 33 ff 33 33  33 ff 33 33 33 ff 33 33  |3.333.333.333.33|
*
002c4fd0  33 ff 33 33 33 ff 33 33  33 ff 00 00 00 00 00 00  |3.333.333.......|
002c4fe0  00 00 00 00 00 00 00 00  00 00 00 00 00 00 00 00  |................|
*
002c51d0  00 00 00 00 00 00 00 00  00 00 00 00 00 00 33 33  |..............33|
002c51e0  33 ff 33 33 33 ff 33 33  33 ff 33 33 33 ff 33 33  |3.333.333.333.33|
*
002c5210  33 ff 33 33 33 ff 33 33  33 ff 00 00 00 00 00 00  |3.333.333.......|
002c5220  00 00 00 00 00 00 00 00  00 00 00 00 00 00 00 00  |................|
*
002c5790  00 00 00 00 00 00 00 00  00 00 33 33 33 ff 33 33  |..........333.33|
002c57a0  33 ff 33 33 33 ff 33 33  33 ff 33 33 33 ff 33 33  |3.333.333.333.33|
*
002c57d0  33 ff 33 33 33 ff 33 33  33 ff 00 00 00 00 00 00  |3.333.333.......|
002c57e0  00 00 00 00 00 00 00 00  00 00 00 00 00 00 00 00  |................|
*
002c59d0  00 00 00 00 00 00 00 00  00 00 00 00 00 00 33 33  |..............33|
002c59e0  33 ff 33 33 33 ff 33 33  33 ff 33 33 33 ff 33 33  |3.333.333.333.33|
*
002c5a10  33 ff 33 33 33 ff 33 33  33 ff 00 00 00 00 00 00  |3.333.333.......|
002c5a20  00 00 00 00 00 00 00 00  00 00 00 00 00 00 00 00  |................|
*
002c5f90  00 00 00 00 00 00 00 00  00 00 33 33 33 ff 33 33  |..........333.33|
002c5fa0  33 ff 33 33 33 ff 33 33  33 ff 33 33 33 ff 33 33  |3.333.333.333.33|
*
002c5fd0  33 ff 33 33 33 ff 33 33  33 ff 00 00 00 00 00 00  |3.333.333.......|
002c5fe0  00 00 00 00 00 00 00 00  00 00 00 00 00 00 00 00  |................|
*
002c61d0  00 00 00 00 00 00 00 00  00 00 00 00 00 00 33 33  |..............33|
002c61e0  33 ff 33 33 33 ff 33 33  33 ff 33 33 33 ff 33 33  |3.333.333.333.33|
*
002c6210  33 ff 33 33 33 ff 33 33  33 ff 00 00 00 00 00 00  |3.333.333.......|
002c6220  00 00 00 00 00 00 00 00  00 00 00 00 00 00 00 00  |................|
*
002c6790  00 00 00 00 00 00 00 00  00 00 33 33 33 ff 33 33  |..........333.33|
002c67a0  33 ff 33 33 33 ff 33 33  33 ff 33 33 33 ff 33 33  |3.333.333.333.33|
*
002c67d0  33 ff 33 33 33 ff 33 33  33 ff 00 00 00 00 00 00  |3.333.333.......|
002c67e0  00 00 00 00 00 00 00 00  00 00 00 00 00 00 00 00  |................|
*
002c69d0  00 00 00 00 00 00 00 00  00 00 00 00 00 00 33 33  |..............33|
002c69e0  33 ff 33 33 33 ff 33 33  33 ff 33 33 33 ff 33 33  |3.333.333.333.33|
*
002c6a10  33 ff 33 33 33 ff 33 33  33 ff 00 00 00 00 00 00  |3.333.333.......|
002c6a20  00 00 00 00 00 00 00 00  00 00 00 00 00 00 00 00  |................|
*
002c6f90  00 00 00 00 00 00 00 00  00 00 33 33 33 ff 33 33  |..........333.33|
002c6fa0  33 ff 33 33 33 ff 33 33  33 ff 33 33 33 ff 33 33  |3.333.333.333.33|
*
002c6fd0  33 ff 33 33 33 ff 33 33  33 ff 00 00 00 00 00 00  |3.333.333.......|
002c6fe0  00 00 00 00 00 00 00 00  00 00 00 00 00 00 00 00  |................|
*
002c71d0  00 00 00 00 00 00 00 00  00 00 00 00 00 00 33 33  |..............33|
002c71e0  33 ff 33 33 33 ff 33 33  33 ff 33 33 33 ff 33 33  |3.333.333.333.33|
*
002c7210  33 ff 33 33 33 ff 33 33  33 ff 00 00 00 00 00 00  |3.333.333.......|
002c7220  00 00 00 00 00 00 00 00  00 00 00 00 00 00 00 00  |................|
*
002c7790  00 00 00 00 00 00 00 00  00 00 33 33 33 ff 33 33  |..........333.33|
002c77a0  33 ff 33 33 33 ff 33 33  33 ff 33 33 33 ff 33 33  |3.333.333.333.33|
*
002c77d0  33 ff 33 33 33 ff 33 33  33 ff 00 00 00 00 00 00  |3.333.333.......|
002c77e0  00 00 00 00 00 00 00 00  00 00 00 00 00 00 00 00  |................|
*
002c79d0  00 00 00 00 00 00 00 00  00 00 00 00 00 00 33 33  |..............33|
002c79e0  33 ff 33 33 33 ff 33 33  33 ff 33 33 33 ff 33 33  |3.333.333.333.33|
*
002c7a10  33 ff 33 33 33 ff 33 33  33 ff 00 00 00 00 00 00  |3.333.333.......|
002c7a20  00 00 00 00 00 00 00 00  00 00 00 00 00 00 00 00  |................|
*
002c7f90  00 00 00 00 00 00 00 00  00 00 33 33 33 ff 33 33  |..........333.33|
002c7fa0  33 ff 33 33 33 ff 33 33  33 ff 33 33 33 ff 33 33  |3.333.333.333.33|
*
002c7fd0  33 ff 33 33 33 ff 33 33  33 ff 00 00 00 00 00 00  |3.333.333.......|
002c7fe0  00 00 00 00 00 00 00 00  00 00 00 00 00 00 00 00  |................|
*
002c81d0  00 00 00 00 00 00 00 00  00 00 00 00 00 00 33 33  |..............33|
002c81e0  33 ff 33 33 33 ff 33 33  33 ff 33 33 33 ff 33 33  |3.333.333.333.33|
*
002c8210  33 ff 33 33 33 ff 33 33  33 ff 00 00 00 00 00 00  |3.333.333.......|
002c8220  00 00 00 00 00 00 00 00  00 00 00 00 00 00 00 00  |................|
*
002c8790  00 00 00 00 00 00 33 33  33 45 33 33 33 ff 33 33  |......333E333.33|
002c87a0  33 ff 33 33 33 ff 33 33  33 ff 33 33 33 ff 33 33  |3.333.333.333.33|
*
002c87d0  33 ff 33 33 33 ff 33 33  33 ff 00 00 00 00 00 00  |3.333.333.......|
002c87e0  00 00 00 00 00 00 00 00  00 00 00 00 00 00 00 00  |................|
*
002c89d0  00 00 00 00 00 00 00 00  00 00 00 00 00 00 33 33  |..............33|
002c89e0  33 ff 33 33 33 ff 33 33  33 ff 33 33 33 ff 33 33  |3.333.333.333.33|
*
002c8a10  33 ff 33 33 33 ff 33 33  33 ff 00 00 00 00 00 00  |3.333.333.......|
002c8a20  00 00 00 00 00 00 00 00  00 00 00 00 00 00 00 00  |................|
*
002c8f90  00 00 31 31 31 29 33 33  33 ef 33 33 33 ff 33 33  |..111)333.333.33|
002c8fa0  33 ff 33 33 33 ff 33 33  33 ff 33 33 33 ff 33 33  |3.333.333.333.33|
*
002c8fd0  33 ff 33 33 33 ff 33 33  33 ff 00 00 00 00 00 00  |3.333.333.......|
002c8fe0  00 00 00 00 00 00 00 00  00 00 00 00 00 00 00 00  |................|
*
002c91d0  00 00 00 00 00 00 00 00  00 00 00 00 00 00 33 33  |..............33|
002c91e0  33 ff 33 33 33 ff 33 33  33 ff 33 33 33 ff 33 33  |3.333.333.333.33|
*
002c9210  33 ff 33 33 33 ff 33 33  33 ff 00 00 00 00 00 00  |3.333.333.......|
002c9220  00 00 00 00 00 00 00 00  00 00 00 00 00 00 00 00  |................|
*
002c9780  00 00 00 00 00 00 00 00  00 00 00 00 00 00 33 33  |..............33|
002c9790  33 14 33 33 33 db 33 33  33 ff 33 33 33 ff 33 33  |3.333.333.333.33|
002c97a0  33 ff 33 33 33 ff 33 33  33 ff 33 33 33 ff 33 33  |3.333.333.333.33|
*
002c97d0  33 ff 33 33 33 ff 33 33  33 ff 00 00 00 00 00 00  |3.333.333.......|
002c97e0  00 00 00 00 00 00 00 00  00 00 00 00 00 00 00 00  |................|
*
002c99d0  00 00 00 00 00 00 00 00  00 00 00 00 00 00 33 33  |..............33|
002c99e0  33 ff 33 33 33 ff 33 33  33 ff 33 33 33 ff 33 33  |3.333.333.333.33|
*
002c9a10  33 ff 33 33 33 ff 33 33  33 ff 00 00 00 00 00 00  |3.333.333.......|
002c9a20  00 00 00 00 00 00 00 00  00 00 00 00 00 00 00 00  |................|
*
002c9f80  00 00 00 00 00 00 00 00  00 00 3f 3f 3f 08 33 33  |..........???.33|
002c9f90  33 c6 33 33 33 ff 33 33  33 ff 33 33 33 ff 33 33  |3.333.333.333.33|
002c9fa0  33 ff 33 33 33 ff 33 33  33 ff 33 33 33 ff 33 33  |3.333.333.333.33|
*
002c9fd0  33 ff 33 33 33 ff 33 33  33 ff 00 00 00 00 00 00  |3.333.333.......|
002c9fe0  00 00 00 00 00 00 00 00  00 00 00 00 00 00 00 00  |................|
*
002ca1d0  00 00 00 00 00 00 00 00  00 00 00 00 00 00 33 33  |..............33|
002ca1e0  33 ff 33 33 33 ff 33 33  33 ff 33 33 33 ff 33 33  |3.333.333.333.33|
*
002ca210  33 ff 33 33 33 ff 33 33  33 ff 00 00 00 00 00 00  |3.333.333.......|
002ca220  00 00 00 00 00 00 00 00  00 00 00 00 00 00 00 00  |................|
*
002ca780  00 00 00 00 00 00 00 00  00 01 33 33 33 a5 33 33  |..........333.33|
002ca790  33 ff 33 33 33 ff 33 33  33 ff 33 33 33 ff 33 33  |3.333.333.333.33|
*
002ca7d0  33 ff 33 33 33 ff 33 33  33 ff 00 00 00 00 00 00  |3.333.333.......|
002ca7e0  00 00 00 00 00 00 00 00  00 00 00 00 00 00 00 00  |................|
*
002ca9d0  00 00 00 00 00 00 00 00  00 00 00 00 00 00 33 33  |..............33|
002ca9e0  33 ff 33 33 33 ff 33 33  33 ff 33 33 33 ff 33 33  |3.333.333.333.33|
*
002caa10  33 ff 33 33 33 ff 33 33  33 ff 00 00 00 00 00 00  |3.333.333.......|
002caa20  00 00 00 00 00 00 00 00  00 00 00 00 00 00 00 00  |................|
*
002cae70  00 00 3f 3f 3f 04 31 31  31 39 32 32 32 70 32 32  |..???.1119222p22|
002cae80  32 97 33 33 33 bc 33 33  33 db 32 32 32 e8 33 33  |2.333.333.222.33|
002cae90  33 f4 33 33 33 ff 33 33  33 ff 33 33 33 ff 33 33  |3.333.333.333.33|
002caea0  33 ff 33 33 33 ff 33 33  33 ff 33 33 33 ff 33 33  |3.333.333.333.33|
*
002cafd0  33 ff 33 33 33 ff 33 33  33 ff 00 00 00 00 00 00  |3.333.333.......|
002cafe0  00 00 00 00 00 00 00 00  00 00 00 00 00 00 00 00  |................|
*
002cb1d0  00 00 00 00 00 00 00 00  00 00 00 00 00 00 33 33  |..............33|
002cb1e0  33 ff 33 33 33 ff 33 33  33 ff 33 33 33 ff 33 33  |3.333.333.333.33|
*
002cb210  33 ff 33 33 33 ff 33 33  33 ff 00 00 00 00 00 00  |3.333.333.......|
002cb220  00 00 00 00 00 00 00 00  00 00 00 00 00 00 00 00  |................|
*
002cb660  00 00 00 00 00 00 33 33  33 0f 31 31 31 61 32 32  |......333.111a22|
002cb670  32 b6 33 33 33 f3 33 33  33 ff 33 33 33 ff 33 33  |2.333.333.333.33|
002cb680  33 ff 33 33 33 ff 33 33  33 ff 33 33 33 ff 33 33  |3.333.333.333.33|
*
002cb7d0  33 ff 33 33 33 ff 33 33  33 df 00 00 00 00 00 00  |3.333.333.......|
002cb7e0  00 00 00 00 00 00 00 00  00 00 00 00 00 00 00 00  |................|
*
002cb9d0  00 00 00 00 00 00 00 00  00 00 00 00 00 00 33 33  |..............33|
002cb9e0  33 ff 33 33 33 ff 33 33  33 ff 33 33 33 ff 33 33  |3.333.333.333.33|
*
002cba10  33 ff 33 33 33 ff 33 33  33 ff 00 00 00 00 00 00  |3.333.333.......|
002cba20  00 00 00 00 00 00 00 00  00 00 00 00 00 00 00 00  |................|
*
002cbe50  00 00 00 00 00 00 00 00  00 00 00 00 00 00 32 32  |..............22|
002cbe60  32 33 33 33 33 a8 32 32  32 f7 33 33 33 ff 33 33  |23333.222.333.33|
002cbe70  33 ff 33 33 33 ff 33 33  33 ff 33 33 33 ff 33 33  |3.333.333.333.33|
*
002cbfd0  33 ff 32 32 32 de 31 31  31 1f 00 00 00 00 00 00  |3.222.111.......|
002cbfe0  00 00 00 00 00 00 00 00  00 00 00 00 00 00 00 00  |................|
*
002cc1d0  00 00 00 00 00 00 00 00  00 00 00 00 00 00 33 33  |..............33|
002cc1e0  33 ff 33 33 33 ff 33 33  33 ff 33 33 33 ff 33 33  |3.333.333.333.33|
*
002cc210  33 ff 33 33 33 ff 33 33  33 ff 00 00 00 00 00 00  |3.333.333.......|
002cc220  00 00 00 00 00 00 00 00  00 00 00 00 00 00 00 00  |................|
*
002cc650  00 00 00 00 00 00 33 33  33 37 32 32 32 ba 33 33  |......3337222.33|
002cc660  33 ff 33 33 33 ff 33 33  33 ff 33 33 33 ff 33 33  |3.333.333.333.33|
*
002cc7c0  33 ff 33 33 33 ff 33 33  33 ff 33 33 33 ff 32 32  |3.333.333.333.22|
002cc7d0  32 de 31 31 31 1f 00 00  00 00 00 00 00 00 00 00  |2.111...........|
002cc7e0  00 00 00 00 00 00 00 00  00 00 00 00 00 00 00 00  |................|
*
002cc9d0  00 00 00 00 00 00 00 00  00 00 00 00 00 00 33 33  |..............33|
002cc9e0  33 ff 33 33 33 ff 33 33  33 ff 33 33 33 ff 33 33  |3.333.333.333.33|
*
002cca10  33 ff 33 33 33 ff 33 33  33 ff 00 00 00 00 00 00  |3.333.333.......|
002cca20  00 00 00 00 00 00 00 00  00 00 00 00 00 00 00 00  |................|
*
002cce40  00 00 00 00 00 00 00 00  00 00 00 00 00 00 35 35  |..............55|
002cce50  35 13 33 33 33 91 33 33  33 fd 33 33 33 ff 33 33  |5.333.333.333.33|
002cce60  33 ff 33 33 33 ff 33 33  33 ff 33 33 33 ff 33 33  |3.333.333.333.33|
*
002ccfc0  33 ff 33 33 33 ff 33 33  33 ff 33 33 33 e0 36 36  |3.333.333.333.66|
002ccfd0  36 21 00 00 00 00 00 00  00 00 00 00 00 00 00 00  |6!..............|
002ccfe0  00 00 00 00 00 00 00 00  00 00 00 00 00 00 00 00  |................|
*
002cd1d0  00 00 00 00 00 00 00 00  00 00 00 00 00 00 33 33  |..............33|
002cd1e0  33 ff 33 33 33 ff 33 33  33 ff 33 33 33 ff 33 33  |3.333.333.333.33|
*
002cd210  33 ff 33 33 33 ff 33 33  33 ff 00 00 00 00 00 00  |3.333.333.......|
002cd220  00 00 00 00 00 00 00 00  00 00 00 00 00 00 00 00  |................|
*
002cd640  00 00 00 00 00 00 00 00  00 00 33 33 33 50 32 32  |..........333P22|
002cd650  32 ed 33 33 33 ff 33 33  33 ff 33 33 33 ff 33 33  |2.333.333.333.33|
002cd660  33 ff 33 33 33 ff 33 33  33 ff 33 33 33 ff 33 33  |3.333.333.333.33|
*
002cd7c0  33 ff 33 33 33 ff 33 33  33 dc 34 34 34 1d 00 00  |3.333.333.444...|
002cd7d0  00 00 00 00 00 00 00 00  00 00 00 00 00 00 00 00  |................|
*
002cd9d0  00 00 00 00 00 00 00 00  00 00 00 00 00 00 33 33  |..............33|
002cd9e0  33 ff 33 33 33 ff 33 33  33 ff 33 33 33 ff 33 33  |3.333.333.333.33|
*
002cda10  33 ff 33 33 33 ff 33 33  33 ff 00 00 00 00 00 00  |3.333.333.......|
002cda20  00 00 00 00 00 00 00 00  00 00 00 00 00 00 00 00  |................|
*
002cde40  00 00 2a 2a 2a 06 33 33  33 94 33 33 33 ff 33 33  |..***.333.333.33|
002cde50  33 ff 33 33 33 ff 33 33  33 ff 33 33 33 ff 33 33  |3.333.333.333.33|
*
002cdfc0  33 ff 33 33 33 dc 34 34  34 1d 00 00 00 00 00 00  |3.333.444.......|
002cdfd0  00 00 00 00 00 00 00 00  00 00 00 00 00 00 00 00  |................|
*
002ce1d0  00 00 00 00 00 00 00 00  00 00 00 00 00 00 33 33  |..............33|
002ce1e0  33 ff 33 33 33 ff 33 33  33 ff 33 33 33 ff 33 33  |3.333.333.333.33|
*
002ce210  33 ff 33 33 33 ff 33 33  33 ff 00 00 00 00 00 00  |3.333.333.......|
002ce220  00 00 00 00 00 00 00 00  00 00 00 00 00 00 00 00  |................|
*
002ce630  00 00 00 00 00 00 00 00  00 00 00 00 00 00 2a 2a  |..............**|
002ce640  2a 0c 33 33 33 b8 33 33  33 ff 33 33 33 ff 33 33  |*.333.333.333.33|
002ce650  33 ff 33 33 33 ff 33 33  33 ff 33 33 33 ff 33 33  |3.333.333.333.33|
*
002ce7c0  33 df 2f 2f 2f 20 00 00  00 00 00 00 00 00 00 00  |3./// ..........|
002ce7d0  00 00 00 00 00 00 00 00  00 00 00 00 00 00 00 00  |................|
*
002ce9d0  00 00 00 00 00 00 00 00  00 00 00 00 00 00 33 33  |..............33|
002ce9e0  33 ff 33 33 33 ff 33 33  33 ff 33 33 33 ff 33 33  |3.333.333.333.33|
*
002cea10  33 ff 33 33 33 ff 33 33  33 ff 00 00 00 00 00 00  |3.333.333.......|
002cea20  00 00 00 00 00 00 00 00  00 00 00 00 00 00 00 00  |................|
*
002cee30  00 00 00 00 00 00 00 00  00 00 35 35 35 18 33 33  |..........555.33|
002cee40  33 d1 33 33 33 ff 33 33  33 ff 33 33 33 ff 33 33  |3.333.333.333.33|
002cee50  33 ff 33 33 33 ff 33 33  33 ff 33 33 33 ff 33 33  |3.333.333.333.33|
*
002cefb0  33 ff 33 33 33 ff 33 33  33 ff 33 33 33 da 36 36  |3.333.333.333.66|
002cefc0  36 1c 00 00 00 00 00 00  00 00 00 00 00 00 00 00  |6...............|
002cefd0  00 00 00 00 00 00 00 00  00 00 00 00 00 00 00 00  |................|
*
002cf1d0  00 00 00 00 00 00 00 00  00 00 00 00 00 00 33 33  |..............33|
002cf1e0  33 ff 33 33 33 ff 33 33  33 ff 33 33 33 ff 33 33  |3.333.333.333.33|
*
002cf210  33 ff 33 33 33 ff 33 33  33 ff 00 00 00 00 00 00  |3.333.333.......|
002cf220  00 00 00 00 00 00 00 00  00 00 00 00 00 00 00 00  |................|
*
002cf630  00 00 00 00 00 00 33 33  33 0f 32 32 32 ce 33 33  |......333.222.33|
002cf640  33 ff 33 33 33 ff 33 33  33 ff 33 33 33 ff 33 33  |3.333.333.333.33|
*
002cf7b0  33 ff 33 33 33 ff 33 33  33 da 2f 2f 2f 1b 00 00  |3.333.333.///...|
002cf7c0  00 00 00 00 00 00 00 00  00 00 00 00 00 00 00 00  |................|
*
002cf9d0  00 00 00 00 00 00 00 00  00 00 00 00 00 00 33 33  |..............33|
002cf9e0  33 ff 33 33 33 ff 33 33  33 ff 33 33 33 ff 33 33  |3.333.333.333.33|
*
002cfa10  33 ff 33 33 33 ff 33 33  33 ff 00 00 00 00 00 00  |3.333.333.......|
002cfa20  00 00 00 00 00 00 00 00  00 00 00 00 00 00 00 00  |................|
*
002cfe30  00 00 38 38 38 09 32 32  32 c5 33 33 33 ff 33 33  |..888.222.333.33|
002cfe40  33 ff 33 33 33 ff 33 33  33 ff 33 33 33 ff 33 33  |3.333.333.333.33|
*
002cffb0  33 ff 32 32 32 d9 31 31  31 1a 00 00 00 00 00 00  |3.222.111.......|
002cffc0  00 00 00 00 00 00 00 00  00 00 00 00 00 00 00 00  |................|
*
002d01d0  00 00 00 00 00 00 00 00  00 00 00 00 00 00 33 33  |..............33|
002d01e0  33 ff 33 33 33 ff 33 33  33 ff 33 33 33 ff 33 33  |3.333.333.333.33|
*
002d0210  33 ff 33 33 33 ff 33 33  33 ff 00 00 00 00 00 00  |3.333.333.......|
002d0220  00 00 00 00 00 00 00 00  00 00 00 00 00 00 00 00  |................|
*
002d0630  00 00 33 33 33 9e 33 33  33 ff 33 33 33 ff 33 33  |..333.333.333.33|
002d0640  33 ff 33 33 33 ff 33 33  33 ff 33 33 33 ff 33 33  |3.333.333.333.33|
*
002d07a0  33 ff 33 33 33 ff 33 33  33 ff 33 33 33 ff 32 32  |3.333.333.333.22|
002d07b0  32 d9 2f 2f 2f 1b 00 00  00 00 00 00 00 00 00 00  |2.///...........|
002d07c0  00 00 00 00 00 00 00 00  00 00 00 00 00 00 00 00  |................|
*
002d09d0  00 00 00 00 00 00 00 00  00 00 00 00 00 00 33 33  |..............33|
002d09e0  33 ff 33 33 33 ff 33 33  33 ff 33 33 33 ff 33 33  |3.333.333.333.33|
*
002d0a10  33 ff 33 33 33 ff 33 33  33 ff 00 00 00 00 00 00  |3.333.333.......|
002d0a20  00 00 00 00 00 00 00 00  00 00 00 00 00 00 00 00  |................|
*
002d0e20  00 00 00 00 00 00 00 00  00 00 00 00 00 00 34 34  |..............44|
002d0e30  34 62 33 33 33 ff 33 33  33 ff 33 33 33 ff 33 33  |4b333.333.333.33|
002d0e40  33 ff 33 33 33 ff 33 33  33 ff 33 33 33 ff 33 33  |3.333.333.333.33|
*
002d0fa0  33 ff 33 33 33 ff 33 33  33 ff 32 32 32 d9 31 31  |3.333.333.222.11|
002d0fb0  31 1a 00 00 00 00 00 00  00 00 00 00 00 00 00 00  |1...............|
002d0fc0  00 00 00 00 00 00 00 00  00 00 00 00 00 00 00 00  |................|
*
002d11d0  00 00 00 00 00 00 00 00  00 00 00 00 00 00 33 33  |..............33|
002d11e0  33 ff 33 33 33 ff 33 33  33 ff 33 33 33 ff 33 33  |3.333.333.333.33|
*
002d1210  33 ff 33 33 33 ff 33 33  33 ff 00 00 00 00 00 00  |3.333.333.......|
002d1220  00 00 00 00 00 00 00 00  00 00 00 00 00 00 00 00  |................|
*
002d1620  00 00 00 00 00 00 00 00  00 00 2f 2f 2f 20 33 33  |........../// 33|
002d1630  33 f5 33 33 33 ff 33 33  33 ff 33 33 33 ff 33 33  |3.333.333.333.33|
002d1640  33 ff 33 33 33 ff 33 33  33 ff 33 33 33 ff 33 33  |3.333.333.333.33|
*
002d17a0  33 ff 33 33 33 ff 33 33  33 d7 33 33 33 19 00 00  |3.333.333.333...|
002d17b0  00 00 00 00 00 00 00 00  00 00 00 00 00 00 00 00  |................|
*
002d19d0  00 00 00 00 00 00 00 00  00 00 00 00 00 00 33 33  |..............33|
002d19e0  33 ff 33 33 33 ff 33 33  33 ff 33 33 33 ff 33 33  |3.333.333.333.33|
*
002d1a10  33 ff 33 33 33 ff 33 33  33 ff 00 00 00 00 00 00  |3.333.333.......|
002d1a20  00 00 00 00 00 00 00 00  00 00 00 00 00 00 00 00  |................|
*
002d1e20  00 00 00 00 00 00 00 00  00 00 33 33 33 b2 33 33  |..........333.33|
002d1e30  33 ff 33 33 33 ff 33 33  33 ff 33 33 33 ff 33 33  |3.333.333.333.33|
*
002d1fa0  33 ff 32 32 32 d8 31 31  31 1a 00 00 00 00 00 00  |3.222.111.......|
002d1fb0  00 00 00 00 00 00 00 00  00 00 00 00 00 00 00 00  |................|
*
002d21d0  00 00 00 00 00 00 00 00  00 00 00 00 00 00 33 33  |..............33|
002d21e0  33 ff 33 33 33 ff 33 33  33 ff 33 33 33 ff 33 33  |3.333.333.333.33|
*
002d2210  33 ff 33 33 33 ff 33 33  33 ff 00 00 00 00 00 00  |3.333.333.......|
002d2220  00 00 00 00 00 00 00 00  00 00 00 00 00 00 00 00  |................|
*
002d2620  00 00 00 00 00 00 34 34  34 4e 33 33 33 ff 33 33  |......444N333.33|
002d2630  33 ff 33 33 33 ff 33 33  33 ff 33 33 33 ff 33 33  |3.333.333.333.33|
*
002d2680  33 d0 33 33 33 85 31 31  31 43 33 33 33 1e 2e 2e  |3.333.111C333...|
002d2690  2e 0b 00 00 00 00 00 00  00 00 00 00 00 00 00 00  |................|
002d26a0  00 00 00 00 00 00 00 00  00 00 00 00 00 00 00 00  |................|
*
002d2740  00 00 2f 2f 2f 20 33 33  33 df 33 33 33 ff 33 33  |../// 333.333.33|
002d2750  33 ff 33 33 33 ff 33 33  33 ff 33 33 33 ff 33 33  |3.333.333.333.33|
*
002d27a0  33 d5 35 35 35 18 00 00  00 00 00 00 00 00 00 00  |3.555...........|
002d27b0  00 00 00 00 00 00 00 00  00 00 00 00 00 00 00 00  |................|
*
002d29d0  00 00 00 00 00 00 00 00  00 00 00 00 00 00 33 33  |..............33|
002d29e0  33 ff 33 33 33 ff 33 33  33 ff 33 33 33 ff 33 33  |3.333.333.333.33|
*
002d2a10  33 ff 33 33 33 ff 33 33  33 ff 00 00 00 00 00 00  |3.333.333.......|
002d2a20  00 00 00 00 00 00 00 00  00 00 00 00 00 00 00 00  |................|
*
002d2e20  00 00 00 00 00 01 32 32  32 ce 33 33 33 ff 33 33  |......222.333.33|
002d2e30  33 ff 33 33 33 ff 33 33  33 ff 33 33 33 ff 33 33  |3.333.333.333.33|
*
002d2e70  33 ff 32 32 32 fb 33 33  33 9b 34 34 34 22 00 00  |3.222.333.444"..|
002d2e80  00 00 00 00 00 00 00 00  00 00 00 00 00 00 00 00  |................|
*
002d2f30  00 00 00 00 00 00 00 00  00 00 00 00 00 00 36 36  |..............66|
002d2f40  36 21 33 33 33 e0 33 33  33 ff 33 33 33 ff 33 33  |6!333.333.333.33|
002d2f50  33 ff 33 33 33 ff 33 33  33 ff 33 33 33 ff 33 33  |3.333.333.333.33|
*
002d2f90  33 ff 33 33 33 ff 33 33  33 ff 33 33 33 d5 37 37  |3.333.333.333.77|
002d2fa0  37 17 00 00 00 00 00 00  00 00 00 00 00 00 00 00  |7...............|
002d2fb0  00 00 00 00 00 00 00 00  00 00 00 00 00 00 00 00  |................|
*
002d31d0  00 00 00 00 00 00 00 00  00 00 00 00 00 00 33 33  |..............33|
002d31e0  33 ff 33 33 33 ff 33 33  33 ff 33 33 33 ff 33 33  |3.333.333.333.33|
*
002d3210  33 ff 33 33 33 ff 33 33  33 ff 00 00 00 00 00 00  |3.333.333.......|
002d3220  00 00 00 00 00 00 00 00  00 00 00 00 00 00 00 00  |................|
*
002d3620  00 00 32 32 32 4c 33 33  33 ff 33 33 33 ff 33 33  |..222L333.333.33|
002d3630  33 ff 33 33 33 ff 33 33  33 ff 33 33 33 ff 33 33  |3.333.333.333.33|
*
002d3670  33 b8 30 30 30 25 00 00  00 00 00 00 00 00 00 00  |3.000%..........|
002d3680  00 00 00 00 00 00 00 00  00 00 00 00 00 00 00 00  |................|
*
002d3730  00 00 00 00 00 00 00 00  00 00 34 34 34 22 33 33  |..........444"33|
002d3740  33 e1 33 33 33 ff 33 33  33 ff 33 33 33 ff 33 33  |3.333.333.333.33|
002d3750  33 ff 33 33 33 ff 33 33  33 ff 33 33 33 ff 33 33  |3.333.333.333.33|
*
002d3790  33 ff 33 33 33 ff 32 32  32 d4 37 37 37 17 00 00  |3.333.222.777...|
002d37a0  00 00 00 00 00 00 00 00  00 00 00 00 00 00 00 00  |................|
*
002d39d0  00 00 00 00 00 00 00 00  00 00 00 00 00 00 33 33  |..............33|
002d39e0  33 ff 33 33 33 ff 33 33  33 ff 33 33 33 ff 33 33  |3.333.333.333.33|
*
002d3a10  33 ff 33 33 33 ff 33 33  33 ff 00 00 00 00 00 00  |3.333.333.......|
002d3a20  00 00 00 00 00 00 00 00  00 00 00 00 00 00 00 00  |................|
*
002d3e20  00 00 33 33 33 be 33 33  33 ff 33 33 33 ff 33 33  |..333.333.333.33|
002d3e30  33 ff 33 33 33 ff 33 33  33 ff 33 33 33 ff 33 33  |3.333.333.333.33|
*
002d3e60  33 ff 33 33 33 ff 33 33  33 fe 32 32 32 83 00 00  |3.333.333.222...|
002d3e70  00 02 00 00 00 00 00 00  00 00 00 00 00 00 00 00  |................|
002d3e80  00 00 00 00 00 00 00 00  00 00 00 00 00 00 00 00  |................|
*
002d3f30  00 00 00 00 00 00 33 33  33 23 32 32 32 e2 33 33  |......333#222.33|
002d3f40  33 ff 33 33 33 ff 33 33  33 ff 33 33 33 ff 33 33  |3.333.333.333.33|
*
002d3f90  33 ff 32 32 32 d3 2e 2e  2e 16 00 00 00 00 00 00  |3.222...........|
002d3fa0  00 00 00 00 00 00 00 00  00 00 00 00 00 00 00 00  |................|
*
002d41d0  00 00 00 00 00 00 00 00  00 00 00 00 00 00 33 33  |..............33|
002d41e0  33 ff 33 33 33 ff 33 33  33 ff 33 33 33 ff 33 33  |3.333.333.333.33|
*
002d4210  33 ff 33 33 33 ff 33 33  33 ff 00 00 00 00 00 00  |3.333.333.......|
002d4220  00 00 00 00 00 00 00 00  00 00 00 00 00 00 00 00  |................|
*
002d4610  00 00 00 00 00 00 00 00  00 00 00 00 00 00 2f 2f  |..............//|
002d4620  2f 20 33 33 33 fd 33 33  33 ff 33 33 33 ff 33 33  |/ 333.333.333.33|
002d4630  33 ff 33 33 33 ff 33 33  33 ff 33 33 33 ff 33 33  |3.333.333.333.33|
*
002d4660  33 ff 33 33 33 fe 31 31  31 5c 00 00 00 00 00 00  |3.333.111\......|
002d4670  00 00 00 00 00 00 00 00  00 00 00 00 00 00 00 00  |................|
*
002d4730  00 00 31 31 31 24 32 32  32 e3 33 33 33 ff 33 33  |..111$222.333.33|
002d4740  33 ff 33 33 33 ff 33 33  33 ff 33 33 33 ff 33 33  |3.333.333.333.33|
*
002d4790  33 d2 30 30 30 15 00 00  00 00 00 00 00 00 00 00  |3.000...........|
002d47a0  00 00 00 00 00 00 00 00  00 00 00 00 00 00 00 00  |................|
*
002d49d0  00 00 00 00 00 00 00 00  00 00 00 00 00 00 33 33  |..............33|
002d49e0  33 ff 33 33 33 ff 33 33  33 ff 33 33 33 ff 33 33  |3.333.333.333.33|
*
002d4a10  33 ff 33 33 33 ff 33 33  33 ff 00 00 00 00 00 00  |3.333.333.......|
002d4a20  00 00 00 00 00 00 00 00  00 00 00 00 00 00 00 00  |................|
*
002d4e10  00 00 00 00 00 00 00 00  00 00 00 00 00 00 33 33  |..............33|
002d4e20  33 7d 33 33 33 ff 33 33  33 ff 33 33 33 ff 33 33  |3}333.333.333.33|
002d4e30  33 ff 33 33 33 ff 33 33  33 ff 33 33 33 ff 33 33  |3.333.333.333.33|
*
002d4e60  33 ff 32 32 32 7a 00 00  00 00 00 00 00 00 00 00  |3.222z..........|
002d4e70  00 00 00 00 00 00 00 00  00 00 00 00 00 00 00 00  |................|
*
002d4f20  00 00 00 00 00 00 00 00  00 00 00 00 00 00 30 30  |..............00|
002d4f30  30 25 32 32 32 e3 33 33  33 ff 33 33 33 ff 33 33  |0%222.333.333.33|
002d4f40  33 ff 33 33 33 ff 33 33  33 ff 33 33 33 ff 33 33  |3.333.333.333.33|
*
002d4f80  33 ff 33 33 33 ff 33 33  33 ff 33 33 33 d2 30 30  |3.333.333.333.00|
002d4f90  30 15 00 00 00 00 00 00  00 00 00 00 00 00 00 00  |0...............|
002d4fa0  00 00 00 00 00 00 00 00  00 00 00 00 00 00 00 00  |................|
*
002d51d0  00 00 00 00 00 00 00 00  00 00 00 00 00 00 33 33  |..............33|
002d51e0  33 ff 33 33 33 ff 33 33  33 ff 33 33 33 ff 33 33  |3.333.333.333.33|
*
002d5210  33 ff 33 33 33 ff 33 33  33 ff 00 00 00 00 00 00  |3.333.333.......|
002d5220  00 00 00 00 00 00 00 00  00 00 00 00 00 00 00 00  |................|
*
002d5610  00 00 00 00 00 00 00 00  00 00 00 00 00 00 33 33  |..............33|
002d5620  33 cb 33 33 33 ff 33 33  33 ff 33 33 33 ff 33 33  |3.333.333.333.33|
002d5630  33 ff 33 33 33 ff 33 33  33 ff 33 33 33 ff 33 33  |3.333.333.333.33|
*
002d5660  33 a8 00 00 00 00 00 00  00 00 00 00 00 00 00 00  |3...............|
002d5670  00 00 00 00 00 00 00 00  00 00 00 00 00 00 00 00  |................|
*
002d5720  00 00 00 00 00 00 00 00  00 00 35 35 35 26 33 33  |..........555&33|
002d5730  33 e4 33 33 33 ff 33 33  33 ff 33 33 33 ff 33 33  |3.333.333.333.33|
002d5740  33 ff 33 33 33 ff 33 33  33 ff 33 33 33 ff 33 33  |3.333.333.333.33|
*
002d5780  33 ff 33 33 33 ff 33 33  33 d1 33 33 33 14 00 00  |3.333.333.333...|
002d5790  00 00 00 00 00 00 00 00  00 00 00 00 00 00 00 00  |................|
*
002d59d0  00 00 00 00 00 00 00 00  00 00 00 00 00 00 33 33  |..............33|
002d59e0  33 ff 33 33 33 ff 33 33  33 ff 33 33 33 ff 33 33  |3.333.333.333.33|
*
002d5a10  33 ff 33 33 33 ff 33 33  33 ff 00 00 00 00 00 00  |3.333.333.......|
002d5a20  00 00 00 00 00 00 00 00  00 00 00 00 00 00 00 00  |................|
*
002d5e10  00 00 00 00 00 00 00 00  00 00 2f 2f 2f 10 32 32  |..........///.22|
002d5e20  32 fc 33 33 33 ff 33 33  33 ff 33 33 33 ff 33 33  |2.333.333.333.33|
002d5e30  33 ff 33 33 33 ff 33 33  33 ff 33 33 33 ff 33 33  |3.333.333.333.33|
*
002d5e50  33 ff 33 33 33 ff 33 33  33 ff 32 32 32 f6 34 34  |3.333.333.222.44|
002d5e60  34 1d 00 00 00 00 00 00  00 00 00 00 00 00 00 00  |4...............|
002d5e70  00 00 00 00 00 00 00 00  00 00 00 00 00 00 00 00  |................|
*
002d5f20  00 00 00 00 00 00 35 35  35 26 33 33 33 e4 33 33  |......555&333.33|
002d5f30  33 ff 33 33 33 ff 33 33  33 ff 33 33 33 ff 33 33  |3.333.333.333.33|
*
002d5f80  33 ff 33 33 33 d0 33 33  33 14 00 00 00 00 00 00  |3.333.333.......|
002d5f90  00 00 00 00 00 00 00 00  00 00 00 00 00 00 00 00  |................|
*
002d61d0  00 00 00 00 00 00 00 00  00 00 00 00 00 00 33 33  |..............33|
002d61e0  33 ff 33 33 33 ff 33 33  33 ff 33 33 33 ff 33 33  |3.333.333.333.33|
*
002d6210  33 ff 33 33 33 ff 33 33  33 ff 00 00 00 00 00 00  |3.333.333.......|
002d6220  00 00 00 00 00 00 00 00  00 00 00 00 00 00 00 00  |................|
*
002d6610  00 00 00 00 00 00 00 00  00 00 33 33 33 4f 33 33  |..........333O33|
002d6620  33 ff 33 33 33 ff 33 33  33 ff 33 33 33 ff 33 33  |3.333.333.333.33|
*
002d6650  33 ff 33 33 33 ff 33 33  33 ff 33 33 33 80 00 00  |3.333.333.333...|
002d6660  00 00 00 00 00 00 00 00  00 00 00 00 00 00 00 00  |................|
*
002d6720  00 00 33 33 33 28 33 33  33 e6 33 33 33 ff 33 33  |..333(333.333.33|
002d6730  33 ff 33 33 33 ff 33 33  33 ff 33 33 33 ff 33 33  |3.333.333.333.33|
*
002d6770  33 ff 33 33 33 ff 33 33  33 ff 33 33 33 ff 32 32  |3.333.333.333.22|
002d6780  32 cf 35 35 35 13 00 00  00 00 00 00 00 00 00 00  |2.555...........|
002d6790  00 00 00 00 00 00 00 00  00 00 00 00 00 00 00 00  |................|
*
002d69d0  00 00 00 00 00 00 00 00  00 00 00 00 00 00 33 33  |..............33|
002d69e0  33 ff 33 33 33 ff 33 33  33 ff 33 33 33 ff 33 33  |3.333.333.333.33|
*
002d6a10  33 ff 33 33 33 ff 33 33  33 ff 00 00 00 00 00 00  |3.333.333.......|
002d6a20  00 00 00 00 00 00 00 00  00 00 00 00 00 00 00 00  |................|
*
002d6e10  00 00 00 00 00 00 00 00  00 00 32 32 32 7f 33 33  |..........222.33|
002d6e20  33 ff 33 33 33 ff 33 33  33 ff 33 33 33 ff 33 33  |3.333.333.333.33|
*
002d6e50  33 ff 33 33 33 ff 32 32  32 f7 2f 2f 2f 10 00 00  |3.333.222.///...|
002d6e60  00 00 00 00 00 00 00 00  00 00 00 00 00 00 00 00  |................|
*
002d6f10  00 00 00 00 00 00 00 00  00 00 00 00 00 00 34 34  |..............44|
002d6f20  34 27 33 33 33 e5 33 33  33 ff 33 33 33 ff 33 33  |4'333.333.333.33|
002d6f30  33 ff 33 33 33 ff 33 33  33 ff 33 33 33 ff 33 33  |3.333.333.333.33|
*
002d6f70  33 ff 33 33 33 ff 33 33  33 ff 33 33 33 d0 33 33  |3.333.333.333.33|
002d6f80  33 14 00 00 00 00 00 00  00 00 00 00 00 00 00 00  |3...............|
002d6f90  00 00 00 00 00 00 00 00  00 00 00 00 00 00 00 00  |................|
*
002d71d0  00 00 00 00 00 00 00 00  00 00 00 00 00 00 33 33  |..............33|
002d71e0  33 ff 33 33 33 ff 33 33  33 ff 33 33 33 ff 33 33  |3.333.333.333.33|
*
002d7210  33 ff 33 33 33 ff 33 33  33 ff 00 00 00 00 00 00  |3.333.333.......|
002d7220  00 00 00 00 00 00 00 00  00 00 00 00 00 00 00 00  |................|
*
002d7610  00 00 00 00 00 00 00 00  00 00 32 32 32 a6 33 33  |..........222.33|
002d7620  33 ff 33 33 33 ff 33 33  33 ff 33 33 33 ff 33 33  |3.333.333.333.33|
*
002d7650  33 ff 33 33 33 ff 33 33  33 aa 00 00 00 00 00 00  |3.333.333.......|
002d7660  00 00 00 00 00 00 00 00  00 00 00 00 00 00 00 00  |................|
*
002d7710  00 00 00 00 00 00 00 00  00 00 30 30 30 2a 32 32  |..........000*22|
002d7720  32 e8 33 33 33 ff 33 33  33 ff 33 33 33 ff 33 33  |2.333.333.333.33|
002d7730  33 ff 33 33 33 ff 33 33  33 ff 33 33 33 ff 33 33  |3.333.333.333.33|
*
002d7770  33 ff 33 33 33 ff 32 32  32 ce 38 38 38 12 00 00  |3.333.222.888...|
002d7780  00 00 00 00 00 00 00 00  00 00 00 00 00 00 00 00  |................|
*
002d79d0  00 00 00 00 00 00 00 00  00 00 00 00 00 00 33 33  |..............33|
002d79e0  33 ff 33 33 33 ff 33 33  33 ff 33 33 33 ff 33 33  |3.333.333.333.33|
*
002d7a10  33 ff 33 33 33 ff 33 33  33 ff 00 00 00 00 00 00  |3.333.333.......|
002d7a20  00 00 00 00 00 00 00 00  00 00 00 00 00 00 00 00  |................|
*
002d7e10  00 00 00 00 00 00 00 00  00 00 33 33 33 cc 33 33  |..........333.33|
002d7e20  33 ff 33 33 33 ff 33 33  33 ff 33 33 33 ff 33 33  |3.333.333.333.33|
*
002d7e50  33 ff 33 33 33 ff 32 32  32 65 00 00 00 00 00 00  |3.333.222e......|
002d7e60  00 00 00 00 00 00 00 00  00 00 00 00 00 00 00 00  |................|
*
002d7f10  00 00 00 00 00 00 35 35  35 2b 32 32 32 e8 33 33  |......555+222.33|
002d7f20  33 ff 33 33 33 ff 33 33  33 ff 33 33 33 ff 33 33  |3.333.333.333.33|
*
002d7f70  33 ff 33 33 33 cd 38 38  38 12 00 00 00 00 00 00  |3.333.888.......|
002d7f80  00 00 00 00 00 00 00 00  00 00 00 00 00 00 00 00  |................|
*
002d81d0  00 00 00 00 00 00 00 00  00 00 00 00 00 00 33 33  |..............33|
002d81e0  33 ff 33 33 33 ff 33 33  33 ff 33 33 33 ff 33 33  |3.333.333.333.33|
*
002d8210  33 ff 33 33 33 ff 33 33  33 ff 00 00 00 00 00 00  |3.333.333.......|
002d8220  00 00 00 00 00 00 00 00  00 00 00 00 00 00 00 00  |................|
*
002d8610  00 00 00 00 00 00 00 00  00 00 32 32 32 e2 33 33  |..........222.33|
002d8620  33 ff 33 33 33 ff 33 33  33 ff 33 33 33 ff 33 33  |3.333.333.333.33|
*
002d8650  33 ff 33 33 33 ff 31 31  31 34 00 00 00 00 00 00  |3.333.1114......|
002d8660  00 00 00 00 00 00 00 00  00 00 00 00 00 00 00 00  |................|
*
002d8710  00 00 33 33 33 28 33 33  33 e6 33 33 33 ff 33 33  |..333(333.333.33|
002d8720  33 ff 33 33 33 ff 33 33  33 ff 33 33 33 ff 33 33  |3.333.333.333.33|
*
002d8760  33 ff 33 33 33 ff 33 33  33 ff 33 33 33 ff 32 32  |3.333.333.333.22|
002d8770  32 cf 35 35 35 13 00 00  00 00 00 00 00 00 00 00  |2.555...........|
002d8780  00 00 00 00 00 00 00 00  00 00 00 00 00 00 00 00  |................|
*
002d89d0  00 00 00 00 00 00 00 00  00 00 00 00 00 00 33 33  |..............33|
002d89e0  33 ff 33 33 33 ff 33 33  33 ff 33 33 33 ff 33 33  |3.333.333.333.33|
*
002d8a10  33 ff 33 33 33 ff 33 33  33 ff 00 00 00 00 00 00  |3.333.333.......|
002d8a20  00 00 00 00 00 00 00 00  00 00 00 00 00 00 00 00  |................|
*
002d8e10  00 00 00 00 00 00 00 00  00 00 33 33 33 ee 33 33  |..........333.33|
002d8e20  33 ff 33 33 33 ff 33 33  33 ff 33 33 33 ff 33 33  |3.333.333.333.33|
*
002d8e50  33 ff 33 33 33 ff 38 38  38 12 00 00 00 00 00 00  |3.333.888.......|
002d8e60  00 00 00 00 00 00 00 00  00 00 00 00 00 00 00 00  |................|
*
002d8f00  00 00 00 00 00 00 00 00  00 00 00 00 00 00 31 31  |..............11|
002d8f10  31 2e 33 33 33 ea 33 33  33 ff 33 33 33 ff 33 33  |1.333.333.333.33|
002d8f20  33 ff 33 33 33 ff 33 33  33 ff 33 33 33 ff 33 33  |3.333.333.333.33|
*
002d8f60  33 ff 33 33 33 ff 33 33  33 ff 33 33 33 cb 2d 2d  |3.333.333.333.--|
002d8f70  2d 11 00 00 00 00 00 00  00 00 00 00 00 00 00 00  |-...............|
002d8f80  00 00 00 00 00 00 00 00  00 00 00 00 00 00 00 00  |................|
*
002d91d0  00 00 00 00 00 00 00 00  00 00 00 00 00 00 33 33  |..............33|
002d91e0  33 ff 33 33 33 ff 33 33  33 ff 33 33 33 ff 33 33  |3.333.333.333.33|
*
002d9210  33 ff 33 33 33 ff 33 33  33 ff 00 00 00 00 00 00  |3.333.333.......|
002d9220  00 00 00 00 00 00 00 00  00 00 00 00 00 00 00 00  |................|
*
002d9610  00 00 00 00 00 00 00 00  00 00 33 33 33 fa 33 33  |..........333.33|
002d9620  33 ff 33 33 33 ff 33 33  33 ff 33 33 33 ff 33 33  |3.333.333.333.33|
*
002d9650  33 ff 33 33 33 ff 33 33  33 05 00 00 00 00 00 00  |3.333.333.......|
002d9660  00 00 00 00 00 00 00 00  00 00 00 00 00 00 00 00  |................|
*
002d9700  00 00 00 00 00 00 00 00  00 00 30 30 30 2f 33 33  |..........000/33|
002d9710  33 eb 33 33 33 ff 33 33  33 ff 33 33 33 ff 33 33  |3.333.333.333.33|
002d9720  33 ff 33 33 33 ff 33 33  33 ff 33 33 33 ff 33 33  |3.333.333.333.33|
*
002d9760  33 ff 33 33 33 ff 32 32  32 ca 2f 2f 2f 10 00 00  |3.333.222.///...|
002d9770  00 00 00 00 00 00 00 00  00 00 00 00 00 00 00 00  |................|
*
002d99d0  00 00 00 00 00 00 00 00  00 00 00 00 00 00 33 33  |..............33|
002d99e0  33 ff 33 33 33 ff 33 33  33 ff 33 33 33 ff 33 33  |3.333.333.333.33|
*
002d9a10  33 ff 33 33 33 ff 33 33  33 ff 00 00 00 00 00 00  |3.333.333.......|
002d9a20  00 00 00 00 00 00 00 00  00 00 00 00 00 00 00 00  |................|
*
002d9e10  00 00 00 00 00 00 00 00  00 00 33 33 33 ff 33 33  |..........333.33|
002d9e20  33 ff 33 33 33 ff 33 33  33 ff 33 33 33 ff 33 33  |3.333.333.333.33|
*
002d9e50  33 ff 33 33 33 ff 00 00  00 00 00 00 00 00 00 00  |3.333...........|
002d9e60  00 00 00 00 00 00 00 00  00 00 00 00 00 00 00 00  |................|
*
002d9f00  00 00 00 00 00 00 30 30  30 2f 33 33 33 eb 33 33  |......000/333.33|
002d9f10  33 ff 33 33 33 ff 33 33  33 ff 33 33 33 ff 33 33  |3.333.333.333.33|
*
002d9f60  33 ff 33 33 33 cd 38 38  38 12 00 00 00 00 00 00  |3.333.888.......|
002d9f70  00 00 00 00 00 00 00 00  00 00 00 00 00 00 00 00  |................|
*
002da1d0  00 00 00 00 00 00 00 00  00 00 00 00 00 00 33 33  |..............33|
002da1e0  33 ff 33 33 33 ff 33 33  33 ff 33 33 33 ff 33 33  |3.333.333.333.33|
*
002da210  33 ff 33 33 33 ff 33 33  33 ff 00 00 00 00 00 00  |3.333.333.......|
002da220  00 00 00 00 00 00 00 00  00 00 00 00 00 00 00 00  |................|
*
002da610  00 00 00 00 00 00 00 00  00 00 33 33 33 ff 33 33  |..........333.33|
002da620  33 ff 33 33 33 ff 33 33  33 ff 33 33 33 ff 33 33  |3.333.333.333.33|
*
002da650  33 ff 33 33 33 ff 00 00  00 00 00 00 00 00 00 00  |3.333...........|
002da660  00 00 00 00 00 00 00 00  00 00 00 00 00 00 00 00  |................|
*
002da700  00 00 35 35 35 30 33 33  33 eb 33 33 33 ff 33 33  |..5550333.333.33|
002da710  33 ff 33 33 33 ff 33 33  33 ff 33 33 33 ff 33 33  |3.333.333.333.33|
*
002da760  33 cd 38 38 38 12 00 00  00 00 00 00 00 00 00 00  |3.888...........|
002da770  00 00 00 00 00 00 00 00  00 00 00 00 00 00 00 00  |................|
*
002da9d0  00 00 00 00 00 00 00 00  00 00 00 00 00 00 33 33  |..............33|
002da9e0  33 ff 33 33 33 ff 33 33  33 ff 33 33 33 ff 33 33  |3.333.333.333.33|
*
002daa10  33 ff 33 33 33 ff 33 33  33 ff 00 00 00 00 00 00  |3.333.333.......|
002daa20  00 00 00 00 00 00 00 00  00 00 00 00 00 00 00 00  |................|
*
002dae10  00 00 00 00 00 00 00 00  00 00 33 33 33 ff 33 33  |..........333.33|
002dae20  33 ff 33 33 33 ff 33 33  33 ff 33 33 33 ff 33 33  |3.333.333.333.33|
*
002dae50  33 ff 33 33 33 ff 00 00  00 00 00 00 00 00 00 00  |3.333...........|
002dae60  00 00 00 00 00 00 00 00  00 00 00 00 00 00 00 00  |................|
*
002daef0  00 00 00 00 00 00 00 00  00 00 00 00 00 00 35 35  |..............55|
002daf00  35 30 32 32 32 ec 33 33  33 ff 33 33 33 ff 33 33  |50222.333.333.33|
002daf10  33 ff 33 33 33 ff 33 33  33 ff 33 33 33 ff 33 33  |3.333.333.333.33|
*
002daf50  33 ff 33 33 33 ff 33 33  33 ff 33 33 33 cc 38 38  |3.333.333.333.88|
002daf60  38 12 00 00 00 00 00 00  00 00 00 00 00 00 00 00  |8...............|
002daf70  00 00 00 00 00 00 00 00  00 00 00 00 00 00 00 00  |................|
*
002db1d0  00 00 00 00 00 00 00 00  00 00 00 00 00 00 33 33  |..............33|
002db1e0  33 ff 33 33 33 ff 33 33  33 ff 33 33 33 ff 33 33  |3.333.333.333.33|
*
002db210  33 ff 33 33 33 ff 33 33  33 ff 00 00 00 00 00 00  |3.333.333.......|
002db220  00 00 00 00 00 00 00 00  00 00 00 00 00 00 00 00  |................|
*
002db610  00 00 00 00 00 00 00 00  00 00 33 33 33 ff 33 33  |..........333.33|
002db620  33 ff 33 33 33 ff 33 33  33 ff 33 33 33 ff 33 33  |3.333.333.333.33|
*
002db650  33 ff 33 33 33 ff 00 00  00 00 00 00 00 00 00 00  |3.333...........|
002db660  00 00 00 00 00 00 00 00  00 00 00 00 00 00 00 00  |................|
*
002db6f0  00 00 00 00 00 00 00 00  00 00 34 34 34 31 32 32  |..........444122|
002db700  32 ec 33 33 33 ff 33 33  33 ff 33 33 33 ff 33 33  |2.333.333.333.33|
002db710  33 ff 33 33 33 ff 33 33  33 ff 33 33 33 ff 33 33  |3.333.333.333.33|
*
002db750  33 ff 33 33 33 ff 33 33  33 cc 2d 2d 2d 11 00 00  |3.333.333.---...|
002db760  00 00 00 00 00 00 00 00  00 00 00 00 00 00 00 00  |................|
*
002db9d0  00 00 00 00 00 00 00 00  00 00 00 00 00 00 33 33  |..............33|
002db9e0  33 ff 33 33 33 ff 33 33  33 ff 33 33 33 ff 33 33  |3.333.333.333.33|
*
002dba10  33 ff 33 33 33 ff 33 33  33 ff 00 00 00 00 00 00  |3.333.333.......|
002dba20  00 00 00 00 00 00 00 00  00 00 00 00 00 00 00 00  |................|
*
002dbe10  00 00 00 00 00 00 00 00  00 00 33 33 33 ff 33 33  |..........333.33|
002dbe20  33 ff 33 33 33 ff 33 33  33 ff 33 33 33 ff 33 33  |3.333.333.333.33|
*
002dbe50  33 ff 33 33 33 ff 00 00  00 00 00 00 00 00 00 00  |3.333...........|
002dbe60  00 00 00 00 00 00 00 00  00 00 00 00 00 00 00 00  |................|
*
002dbef0  00 00 00 00 00 00 34 34  34 31 32 32 32 ec 33 33  |......4441222.33|
002dbf00  33 ff 33 33 33 ff 33 33  33 ff 33 33 33 ff 33 33  |3.333.333.333.33|
*
002dbf50  33 ff 33 33 33 cc 2d 2d  2d 11 00 00 00 00 00 00  |3.333.---.......|
002dbf60  00 00 00 00 00 00 00 00  00 00 00 00 00 00 00 00  |................|
*
002dc1d0  00 00 00 00 00 00 00 00  00 00 00 00 00 00 33 33  |..............33|
002dc1e0  33 ff 33 33 33 ff 33 33  33 ff 33 33 33 ff 33 33  |3.333.333.333.33|
*
002dc210  33 ff 33 33 33 ff 33 33  33 ff 00 00 00 00 00 00  |3.333.333.......|
002dc220  00 00 00 00 00 00 00 00  00 00 00 00 00 00 00 00  |................|
*
002dc610  00 00 00 00 00 00 00 00  00 00 33 33 33 ff 33 33  |..........333.33|
002dc620  33 ff 33 33 33 ff 33 33  33 ff 33 33 33 ff 33 33  |3.333.333.333.33|
*
002dc650  33 ff 33 33 33 ff 00 00  00 00 00 00 00 00 00 00  |3.333...........|
002dc660  00 00 00 00 00 00 00 00  00 00 00 00 00 00 00 00  |................|
*
002dc6f0  00 00 33 33 33 32 32 32  32 ed 33 33 33 ff 33 33  |..3332222.333.33|
002dc700  33 ff 33 33 33 ff 33 33  33 ff 33 33 33 ff 33 33  |3.333.333.333.33|
*
002dc750  33 c6 36 36 36 0e 00 00  00 00 00 00 00 00 00 00  |3.666...........|
002dc760  00 00 00 00 00 00 00 00  00 00 00 00 00 00 00 00  |................|
*
002dc9d0  00 00 00 00 00 00 00 00  00 00 00 00 00 00 33 33  |..............33|
002dc9e0  33 ff 33 33 33 ff 33 33  33 ff 33 33 33 ff 33 33  |3.333.333.333.33|
*
002dca10  33 ff 33 33 33 ff 33 33  33 ff 00 00 00 00 00 00  |3.333.333.......|
002dca20  00 00 00 00 00 00 00 00  00 00 00 00 00 00 00 00  |................|
*
002dce10  00 00 00 00 00 00 00 00  00 00 33 33 33 ff 33 33  |..........333.33|
002dce20  33 ff 33 33 33 ff 33 33  33 ff 33 33 33 ff 33 33  |3.333.333.333.33|
*
002dce50  33 ff 33 33 33 ff 00 00  00 00 00 00 00 00 00 00  |3.333...........|
002dce60  00 00 00 00 00 00 00 00  00 00 00 00 00 00 00 00  |................|
*
002dcee0  00 00 00 00 00 00 00 00  00 00 00 00 00 00 32 32  |..............22|
002dcef0  32 33 32 32 32 ed 33 33  33 ff 33 33 33 ff 33 33  |23222.333.333.33|
002dcf00  33 ff 33 33 33 ff 33 33  33 ff 33 33 33 ff 33 33  |3.333.333.333.33|
*
002dcf40  33 ff 33 33 33 ff 33 33  33 ff 32 32 32 c5 36 36  |3.333.333.222.66|
002dcf50  36 0e 00 00 00 00 00 00  00 00 00 00 00 00 00 00  |6...............|
002dcf60  00 00 00 00 00 00 00 00  00 00 00 00 00 00 00 00  |................|
*
002dd1d0  00 00 00 00 00 00 00 00  00 00 00 00 00 00 33 33  |..............33|
002dd1e0  33 ff 33 33 33 ff 33 33  33 ff 33 33 33 ff 33 33  |3.333.333.333.33|
*
002dd210  33 ff 33 33 33 ff 33 33  33 ff 00 00 00 00 00 00  |3.333.333.......|
002dd220  00 00 00 00 00 00 00 00  00 00 00 00 00 00 00 00  |................|
*
002dd610  00 00 00 00 00 00 00 00  00 00 33 33 33 ff 33 33  |..........333.33|
002dd620  33 ff 33 33 33 ff 33 33  33 ff 33 33 33 ff 33 33  |3.333.333.333.33|
*
002dd650  33 ff 33 33 33 ff 00 00  00 00 00 00 00 00 00 00  |3.333...........|
002dd660  00 00 00 00 00 00 00 00  00 00 00 00 00 00 00 00  |................|
*
002dd6e0  00 00 00 00 00 00 00 00  00 00 32 32 32 33 33 33  |..........222333|
002dd6f0  33 ee 33 33 33 ff 33 33  33 ff 33 33 33 ff 33 33  |3.333.333.333.33|
002dd700  33 ff 33 33 33 ff 33 33  33 ff 33 33 33 ff 33 33  |3.333.333.333.33|
*
002dd740  33 ff 33 33 33 ff 32 32  32 c5 36 36 36 0e 00 00  |3.333.222.666...|
002dd750  00 00 00 00 00 00 00 00  00 00 00 00 00 00 00 00  |................|
*
002dd9d0  00 00 00 00 00 00 00 00  00 00 00 00 00 00 33 33  |..............33|
002dd9e0  33 ff 33 33 33 ff 33 33  33 ff 33 33 33 ff 33 33  |3.333.333.333.33|
*
002dda10  33 ff 33 33 33 ff 33 33  33 ff 00 00 00 00 00 00  |3.333.333.......|
002dda20  00 00 00 00 00 00 00 00  00 00 00 00 00 00 00 00  |................|
*
002dde10  00 00 00 00 00 00 00 00  00 00 33 33 33 ff 33 33  |..........333.33|
002dde20  33 ff 33 33 33 ff 33 33  33 ff 33 33 33 ff 33 33  |3.333.333.333.33|
*
002dde50  33 ff 33 33 33 ff 00 00  00 00 00 00 00 00 00 00  |3.333...........|
002dde60  00 00 00 00 00 00 00 00  00 00 00 00 00 00 00 00  |................|
*
002ddee0  00 00 00 00 00 00 31 31  31 39 32 32 32 f1 33 33  |......1119222.33|
002ddef0  33 ff 33 33 33 ff 33 33  33 ff 33 33 33 ff 33 33  |3.333.333.333.33|
*
002ddf40  33 ff 32 32 32 c4 3a 3a  3a 0d 00 00 00 00 00 00  |3.222.:::.......|
002ddf50  00 00 00 00 00 00 00 00  00 00 00 00 00 00 00 00  |................|
*
002de1d0  00 00 00 00 00 00 00 00  00 00 00 00 00 00 33 33  |..............33|
002de1e0  33 ff 33 33 33 ff 33 33  33 ff 33 33 33 ff 33 33  |3.333.333.333.33|
*
002de210  33 ff 33 33 33 ff 33 33  33 ff 00 00 00 00 00 00  |3.333.333.......|
002de220  00 00 00 00 00 00 00 00  00 00 00 00 00 00 00 00  |................|
*
002de610  00 00 00 00 00 00 00 00  00 00 33 33 33 ff 33 33  |..........333.33|
002de620  33 ff 33 33 33 ff 33 33  33 ff 33 33 33 ff 33 33  |3.333.333.333.33|
*
002de650  33 ff 33 33 33 ff 00 00  00 00 00 00 00 00 00 00  |3.333...........|
002de660  00 00 00 00 00 00 00 00  00 00 00 00 00 00 00 00  |................|
*
002de6e0  00 00 34 34 34 3a 32 32  32 f1 33 33 33 ff 33 33  |..444:222.333.33|
002de6f0  33 ff 33 33 33 ff 33 33  33 ff 33 33 33 ff 33 33  |3.333.333.333.33|
*
002de730  33 ff 33 33 33 ff 33 33  33 ff 33 33 33 ff 32 32  |3.333.333.333.22|
002de740  32 c4 3a 3a 3a 0d 00 00  00 00 00 00 00 00 00 00  |2.:::...........|
002de750  00 00 00 00 00 00 00 00  00 00 00 00 00 00 00 00  |................|
*
002de9d0  00 00 00 00 00 00 00 00  00 00 00 00 00 00 33 33  |..............33|
002de9e0  33 ff 33 33 33 ff 33 33  33 ff 33 33 33 ff 33 33  |3.333.333.333.33|
*
002dea10  33 ff 33 33 33 ff 33 33  33 ff 00 00 00 00 00 00  |3.333.333.......|
002dea20  00 00 00 00 00 00 00 00  00 00 00 00 00 00 00 00  |................|
*
002dee10  00 00 00 00 00 00 00 00  00 00 33 33 33 ff 33 33  |..........333.33|
002dee20  33 ff 33 33 33 ff 33 33  33 ff 33 33 33 ff 33 33  |3.333.333.333.33|
*
002dee50  33 ff 33 33 33 ff 00 00  00 00 00 00 00 00 00 00  |3.333...........|
002dee60  00 00 00 00 00 00 00 00  00 00 00 00 00 00 00 00  |................|
*
002deed0  00 00 00 00 00 00 00 00  00 00 00 00 00 00 34 34  |..............44|
002deee0  34 3a 32 32 32 f1 33 33  33 ff 33 33 33 ff 33 33  |4:222.333.333.33|
002deef0  33 ff 33 33 33 ff 33 33  33 ff 33 33 33 ff 33 33  |3.333.333.333.33|
*
002def30  33 ff 33 33 33 ff 33 33  33 ff 32 32 32 c4 3a 3a  |3.333.333.222.::|
002def40  3a 0d 00 00 00 00 00 00  00 00 00 00 00 00 00 00  |:...............|
002def50  00 00 00 00 00 00 00 00  00 00 00 00 00 00 00 00  |................|
*
002df1d0  00 00 00 00 00 00 00 00  00 00 00 00 00 00 33 33  |..............33|
002df1e0  33 ff 33 33 33 ff 33 33  33 ff 33 33 33 ff 33 33  |3.333.333.333.33|
*
002df210  33 ff 33 33 33 ff 33 33  33 ff 00 00 00 00 00 00  |3.333.333.......|
002df220  00 00 00 00 00 00 00 00  00 00 00 00 00 00 00 00  |................|
*
002df610  00 00 00 00 00 00 00 00  00 00 33 33 33 ff 33 33  |..........333.33|
002df620  33 ff 33 33 33 ff 33 33  33 ff 33 33 33 ff 33 33  |3.333.333.333.33|
*
002df650  33 ff 33 33 33 ff 00 00  00 00 00 00 00 00 00 00  |3.333...........|
002df660  00 00 00 00 00 00 00 00  00 00 00 00 00 00 00 00  |................|
*
002df6d0  00 00 00 00 00 00 00 00  00 00 33 33 33 3b 32 32  |..........333;22|
002df6e0  32 f2 33 33 33 ff 33 33  33 ff 33 33 33 ff 33 33  |2.333.333.333.33|
002df6f0  33 ff 33 33 33 ff 33 33  33 ff 33 33 33 ff 33 33  |3.333.333.333.33|
*
002df730  33 ff 33 33 33 ff 33 33  33 c3 3a 3a 3a 0d 00 00  |3.333.333.:::...|
002df740  00 00 00 00 00 00 00 00  00 00 00 00 00 00 00 00  |................|
*
002df9d0  00 00 00 00 00 00 00 00  00 00 00 00 00 00 33 33  |..............33|
002df9e0  33 ff 33 33 33 ff 33 33  33 ff 33 33 33 ff 33 33  |3.333.333.333.33|
*
002dfa10  33 ff 33 33 33 ff 33 33  33 ff 00 00 00 00 00 00  |3.333.333.......|
002dfa20  00 00 00 00 00 00 00 00  00 00 00 00 00 00 00 00  |................|
*
002dfe10  00 00 00 00 00 00 00 00  00 00 33 33 33 ff 33 33  |..........333.33|
002dfe20  33 ff 33 33 33 ff 33 33  33 ff 33 33 33 ff 33 33  |3.333.333.333.33|
*
002dfe50  33 ff 33 33 33 ff 00 00  00 00 00 00 00 00 00 00  |3.333...........|
002dfe60  00 00 00 00 00 00 00 00  00 00 00 00 00 00 00 00  |................|
*
002dfed0  00 00 00 00 00 00 33 33  33 3c 32 32 32 f2 33 33  |......333<222.33|
002dfee0  33 ff 33 33 33 ff 33 33  33 ff 33 33 33 ff 33 33  |3.333.333.333.33|
*
002dff30  33 ff 33 33 33 c3 2a 2a  2a 0c 00 00 00 00 00 00  |3.333.***.......|
002dff40  00 00 00 00 00 00 00 00  00 00 00 00 00 00 00 00  |................|
*
002e01d0  00 00 00 00 00 00 00 00  00 00 00 00 00 00 33 33  |..............33|
002e01e0  33 ff 33 33 33 ff 33 33  33 ff 33 33 33 ff 33 33  |3.333.333.333.33|
*
002e0210  33 ff 33 33 33 ff 33 33  33 ff 00 00 00 00 00 00  |3.333.333.......|
002e0220  00 00 00 00 00 00 00 00  00 00 00 00 00 00 00 00  |................|
*
002e0610  00 00 00 00 00 00 00 00  00 00 33 33 33 ff 33 33  |..........333.33|
002e0620  33 ff 33 33 33 ff 33 33  33 ff 33 33 33 ff 33 33  |3.333.333.333.33|
*
002e0650  33 ff 33 33 33 ff 00 00  00 00 00 00 00 00 00 00  |3.333...........|
002e0660  00 00 00 00 00 00 00 00  00 00 00 00 00 00 00 00  |................|
*
002e06d0  00 00 33 33 33 3c 32 32  32 f2 33 33 33 ff 33 33  |..333<222.333.33|
002e06e0  33 ff 33 33 33 ff 33 33  33 ff 33 33 33 ff 33 33  |3.333.333.333.33|
*
002e0730  33 c2 2a 2a 2a 0c 00 00  00 00 00 00 00 00 00 00  |3.***...........|
002e0740  00 00 00 00 00 00 00 00  00 00 00 00 00 00 00 00  |................|
*
002e09d0  00 00 00 00 00 00 00 00  00 00 00 00 00 00 33 33  |..............33|
002e09e0  33 ff 33 33 33 ff 33 33  33 ff 33 33 33 ff 33 33  |3.333.333.333.33|
*
002e0a10  33 ff 33 33 33 ff 33 33  33 ff 00 00 00 00 00 00  |3.333.333.......|
002e0a20  00 00 00 00 00 00 00 00  00 00 00 00 00 00 00 00  |................|
*
002e0e10  00 00 00 00 00 00 00 00  00 00 33 33 33 ff 33 33  |..........333.33|
002e0e20  33 ff 33 33 33 ff 33 33  33 ff 33 33 33 ff 33 33  |3.333.333.333.33|
*
002e0e50  33 ff 33 33 33 ff 00 00  00 00 00 00 00 00 00 00  |3.333...........|
002e0e60  00 00 00 00 00 00 00 00  00 00 00 00 00 00 00 00  |................|
*
002e0ec0  00 00 00 00 00 00 00 00  00 00 00 00 00 00 32 32  |..............22|
002e0ed0  32 3d 33 33 33 f3 33 33  33 ff 33 33 33 ff 33 33  |2=333.333.333.33|
002e0ee0  33 ff 33 33 33 ff 33 33  33 ff 33 33 33 ff 33 33  |3.333.333.333.33|
*
002e0f20  33 ff 33 33 33 ff 33 33  33 ff 33 33 33 c2 2a 2a  |3.333.333.333.**|
002e0f30  2a 0c 00 00 00 00 00 00  00 00 00 00 00 00 00 00  |*...............|
002e0f40  00 00 00 00 00 00 00 00  00 00 00 00 00 00 00 00  |................|
*
002e11d0  00 00 00 00 00 00 00 00  00 00 00 00 00 00 33 33  |..............33|
002e11e0  33 ff 33 33 33 ff 33 33  33 ff 33 33 33 ff 33 33  |3.333.333.333.33|
*
002e1210  33 ff 33 33 33 ff 33 33  33 ff 00 00 00 00 00 00  |3.333.333.......|
002e1220  00 00 00 00 00 00 00 00  00 00 00 00 00 00 00 00  |................|
*
002e1610  00 00 00 00 00 00 00 00  00 00 33 33 33 ff 33 33  |..........333.33|
002e1620  33 ff 33 33 33 ff 33 33  33 ff 33 33 33 ff 33 33  |3.333.333.333.33|
*
002e1650  33 ff 33 33 33 ff 00 00  00 00 00 00 00 00 00 00  |3.333...........|
002e1660  00 00 00 00 00 00 00 00  00 00 00 00 00 00 00 00  |................|
*
002e16c0  00 00 00 00 00 00 00 00  00 00 31 31 31 3e 33 33  |..........111>33|
002e16d0  33 f3 33 33 33 ff 33 33  33 ff 33 33 33 ff 33 33  |3.333.333.333.33|
002e16e0  33 ff 33 33 33 ff 33 33  33 ff 33 33 33 ff 33 33  |3.333.333.333.33|
*
002e1720  33 ff 33 33 33 ff 33 33  33 c1 2a 2a 2a 0c 00 00  |3.333.333.***...|
002e1730  00 00 00 00 00 00 00 00  00 00 00 00 00 00 00 00  |................|
*
002e19d0  00 00 00 00 00 00 00 00  00 00 00 00 00 00 33 33  |..............33|
002e19e0  33 ff 33 33 33 ff 33 33  33 ff 33 33 33 ff 33 33  |3.333.333.333.33|
*
002e1a10  33 ff 33 33 33 ff 33 33  33 ff 00 00 00 00 00 00  |3.333.333.......|
002e1a20  00 00 00 00 00 00 00 00  00 00 00 00 00 00 00 00  |................|
*
002e1e10  00 00 00 00 00 00 00 00  00 00 33 33 33 ff 33 33  |..........333.33|
002e1e20  33 ff 33 33 33 ff 33 33  33 ff 33 33 33 ff 33 33  |3.333.333.333.33|
*
002e1e50  33 ff 33 33 33 ff 00 00  00 00 00 00 00 00 00 00  |3.333...........|
002e1e60  00 00 00 00 00 00 00 00  00 00 00 00 00 00 00 00  |................|
*
002e1ec0  00 00 00 00 00 00 31 31  31 3e 33 33 33 f3 33 33  |......111>333.33|
002e1ed0  33 ff 33 33 33 ff 33 33  33 ff 33 33 33 ff 33 33  |3.333.333.333.33|
*
002e1f20  33 ff 33 33 33 c1 2a 2a  2a 0c 00 00 00 00 00 00  |3.333.***.......|
002e1f30  00 00 00 00 00 00 00 00  00 00 00 00 00 00 00 00  |................|
*
002e21d0  00 00 00 00 00 00 00 00  00 00 00 00 00 00 33 33  |..............33|
002e21e0  33 ff 33 33 33 ff 33 33  33 ff 33 33 33 ff 33 33  |3.333.333.333.33|
*
002e2210  33 ff 33 33 33 ff 33 33  33 ff 00 00 00 00 00 00  |3.333.333.......|
002e2220  00 00 00 00 00 00 00 00  00 00 00 00 00 00 00 00  |................|
*
002e2610  00 00 00 00 00 00 00 00  00 00 33 33 33 ff 33 33  |..........333.33|
002e2620  33 ff 33 33 33 ff 33 33  33 ff 33 33 33 ff 33 33  |3.333.333.333.33|
*
002e2650  33 ff 33 33 33 ff 00 00  00 00 00 00 00 00 00 00  |3.333...........|
002e2660  00 00 00 00 00 00 00 00  00 00 00 00 00 00 00 00  |................|
*
002e26c0  00 00 33 33 33 45 32 32  32 f6 33 33 33 ff 33 33  |..333E222.333.33|
002e26d0  33 ff 33 33 33 ff 33 33  33 ff 33 33 33 ff 33 33  |3.333.333.333.33|
*
002e2720  33 c1 2e 2e 2e 0b 00 00  00 00 00 00 00 00 00 00  |3...............|
002e2730  00 00 00 00 00 00 00 00  00 00 00 00 00 00 00 00  |................|
*
002e29d0  00 00 00 00 00 00 00 00  00 00 00 00 00 00 33 33  |..............33|
002e29e0  33 ff 33 33 33 ff 33 33  33 ff 33 33 33 ff 33 33  |3.333.333.333.33|
*
002e2a10  33 ff 33 33 33 ff 33 33  33 ff 00 00 00 00 00 00  |3.333.333.......|
002e2a20  00 00 00 00 00 00 00 00  00 00 00 00 00 00 00 00  |................|
*
002e2e10  00 00 00 00 00 00 00 00  00 00 33 33 33 ff 33 33  |..........333.33|
002e2e20  33 ff 33 33 33 ff 33 33  33 ff 33 33 33 ff 33 33  |3.333.333.333.33|
*
002e2e50  33 ff 33 33 33 ff 00 00  00 00 00 00 00 00 00 00  |3.333...........|
002e2e60  00 00 00 00 00 00 00 00  00 00 00 00 00 00 00 00  |................|
*
002e2eb0  00 00 00 00 00 00 00 00  00 00 00 00 00 00 33 33  |..............33|
002e2ec0  33 46 32 32 32 f6 33 33  33 ff 33 33 33 ff 33 33  |3F222.333.333.33|
002e2ed0  33 ff 33 33 33 ff 33 33  33 ff 33 33 33 ff 33 33  |3.333.333.333.33|
*
002e2f10  33 ff 33 33 33 ff 33 33  33 ff 32 32 32 ba 38 38  |3.333.333.222.88|
002e2f20  38 09 00 00 00 00 00 00  00 00 00 00 00 00 00 00  |8...............|
002e2f30  00 00 00 00 00 00 00 00  00 00 00 00 00 00 00 00  |................|
*
002e31d0  00 00 00 00 00 00 00 00  00 00 00 00 00 00 33 33  |..............33|
002e31e0  33 ff 33 33 33 ff 33 33  33 ff 33 33 33 ff 33 33  |3.333.333.333.33|
*
002e3210  33 ff 33 33 33 ff 33 33  33 ff 00 00 00 00 00 00  |3.333.333.......|
002e3220  00 00 00 00 00 00 00 00  00 00 00 00 00 00 00 00  |................|
*
002e3610  00 00 00 00 00 00 00 00  00 00 33 33 33 ff 33 33  |..........333.33|
002e3620  33 ff 33 33 33 ff 33 33  33 ff 33 33 33 ff 33 33  |3.333.333.333.33|
*
002e3650  33 ff 33 33 33 ff 00 00  00 00 00 00 00 00 00 00  |3.333...........|
002e3660  00 00 00 00 00 00 00 00  00 00 00 00 00 00 00 00  |................|
*
002e36b0  00 00 00 00 00 00 00 00  00 00 33 33 33 46 32 32  |..........333F22|
002e36c0  32 f7 33 33 33 ff 33 33  33 ff 33 33 33 ff 33 33  |2.333.333.333.33|
002e36d0  33 ff 33 33 33 ff 33 33  33 ff 33 33 33 ff 33 33  |3.333.333.333.33|
*
002e3710  33 ff 33 33 33 ff 33 33  33 b9 38 38 38 09 00 00  |3.333.333.888...|
002e3720  00 00 00 00 00 00 00 00  00 00 00 00 00 00 00 00  |................|
*
002e39d0  00 00 00 00 00 00 00 00  00 00 00 00 00 00 33 33  |..............33|
002e39e0  33 ff 33 33 33 ff 33 33  33 ff 33 33 33 ff 33 33  |3.333.333.333.33|
*
002e3a10  33 ff 33 33 33 ff 33 33  33 ff 00 00 00 00 00 00  |3.333.333.......|
002e3a20  00 00 00 00 00 00 00 00  00 00 00 00 00 00 00 00  |................|
*
002e3e10  00 00 00 00 00 00 00 00  00 00 33 33 33 ff 33 33  |..........333.33|
002e3e20  33 ff 33 33 33 ff 33 33  33 ff 33 33 33 ff 33 33  |3.333.333.333.33|
*
002e3e50  33 ff 33 33 33 ff 00 00  00 00 00 00 00 00 00 00  |3.333...........|
002e3e60  00 00 00 00 00 00 00 00  00 00 00 00 00 00 00 00  |................|
*
002e3eb0  00 00 00 00 00 00 32 32  32 47 32 32 32 f7 33 33  |......222G222.33|
002e3ec0  33 ff 33 33 33 ff 33 33  33 ff 33 33 33 ff 33 33  |3.333.333.333.33|
*
002e3f10  33 ff 33 33 33 b9 38 38  38 09 00 00 00 00 00 00  |3.333.888.......|
002e3f20  00 00 00 00 00 00 00 00  00 00 00 00 00 00 00 00  |................|
*
002e41d0  00 00 00 00 00 00 00 00  00 00 00 00 00 00 33 33  |..............33|
002e41e0  33 ff 33 33 33 ff 33 33  33 ff 33 33 33 ff 33 33  |3.333.333.333.33|
*
002e4210  33 ff 33 33 33 ff 33 33  33 ff 00 00 00 00 00 00  |3.333.333.......|
002e4220  00 00 00 00 00 00 00 00  00 00 00 00 00 00 00 00  |................|
*
002e4610  00 00 00 00 00 00 00 00  00 00 33 33 33 ff 33 33  |..........333.33|
002e4620  33 ff 33 33 33 ff 33 33  33 ff 33 33 33 ff 33 33  |3.333.333.333.33|
*
002e4650  33 ff 33 33 33 ff 00 00  00 00 00 00 00 00 00 00  |3.333...........|
002e4660  00 00 00 00 00 00 00 00  00 00 00 00 00 00 00 00  |................|
*
002e46b0  00 00 31 31 31 48 32 32  32 f7 33 33 33 ff 33 33  |..111H222.333.33|
002e46c0  33 ff 33 33 33 ff 33 33  33 ff 33 33 33 ff 33 33  |3.333.333.333.33|
*
002e4710  33 b9 38 38 38 09 00 00  00 00 00 00 00 00 00 00  |3.888...........|
002e4720  00 00 00 00 00 00 00 00  00 00 00 00 00 00 00 00  |................|
*
002e49d0  00 00 00 00 00 00 00 00  00 00 00 00 00 00 33 33  |..............33|
002e49e0  33 ff 33 33 33 ff 33 33  33 ff 33 33 33 ff 33 33  |3.333.333.333.33|
*
002e4a10  33 ff 33 33 33 ff 33 33  33 ff 00 00 00 00 00 00  |3.333.333.......|
002e4a20  00 00 00 00 00 00 00 00  00 00 00 00 00 00 00 00  |................|
*
002e4e10  00 00 00 00 00 00 00 00  00 00 33 33 33 ff 33 33  |..........333.33|
002e4e20  33 ff 33 33 33 ff 33 33  33 ff 33 33 33 ff 33 33  |3.333.333.333.33|
*
002e4e50  33 ff 33 33 33 ff 00 00  00 00 00 00 00 00 00 00  |3.333...........|
002e4e60  00 00 00 00 00 00 00 00  00 00 00 00 00 00 00 00  |................|
*
002e4ea0  00 00 00 00 00 00 00 00  00 00 00 00 00 00 34 34  |..............44|
002e4eb0  34 49 32 32 32 f7 33 33  33 ff 33 33 33 ff 33 33  |4I222.333.333.33|
002e4ec0  33 ff 33 33 33 ff 33 33  33 ff 33 33 33 ff 33 33  |3.333.333.333.33|
*
002e4f00  33 ff 33 33 33 ff 33 33  33 ff 33 33 33 b8 3f 3f  |3.333.333.333.??|
002e4f10  3f 08 00 00 00 00 00 00  00 00 00 00 00 00 00 00  |?...............|
002e4f20  00 00 00 00 00 00 00 00  00 00 00 00 00 00 00 00  |................|
*
002e51d0  00 00 00 00 00 00 00 00  00 00 00 00 00 00 33 33  |..............33|
002e51e0  33 ff 33 33 33 ff 33 33  33 ff 33 33 33 ff 33 33  |3.333.333.333.33|
*
002e5210  33 ff 33 33 33 ff 33 33  33 ff 00 00 00 00 00 00  |3.333.333.......|
002e5220  00 00 00 00 00 00 00 00  00 00 00 00 00 00 00 00  |................|
*
002e5610  00 00 00 00 00 00 00 00  00 00 33 33 33 ff 33 33  |..........333.33|
002e5620  33 ff 33 33 33 ff 33 33  33 ff 33 33 33 ff 33 33  |3.333.333.333.33|
*
002e5650  33 ff 33 33 33 ff 00 00  00 00 00 00 00 00 00 00  |3.333...........|
002e5660  00 00 00 00 00 00 00 00  00 00 00 00 00 00 00 00  |................|
*
002e56a0  00 00 00 00 00 00 00 00  00 00 34 34 34 49 32 32  |..........444I22|
002e56b0  32 f7 33 33 33 ff 33 33  33 ff 33 33 33 ff 33 33  |2.333.333.333.33|
002e56c0  33 ff 33 33 33 ff 33 33  33 ff 33 33 33 ff 33 33  |3.333.333.333.33|
*
002e5700  33 ff 33 33 33 ff 33 33  33 b7 3f 3f 3f 08 00 00  |3.333.333.???...|
002e5710  00 00 00 00 00 00 00 00  00 00 00 00 00 00 00 00  |................|
*
002e59d0  00 00 00 00 00 00 00 00  00 00 00 00 00 00 33 33  |..............33|
002e59e0  33 ff 33 33 33 ff 33 33  33 ff 33 33 33 ff 33 33  |3.333.333.333.33|
*
002e5a10  33 ff 33 33 33 ff 33 33  33 ff 00 00 00 00 00 00  |3.333.333.......|
002e5a20  00 00 00 00 00 00 00 00  00 00 00 00 00 00 00 00  |................|
*
002e5e10  00 00 00 00 00 00 00 00  00 00 33 33 33 ff 33 33  |..........333.33|
002e5e20  33 ff 33 33 33 ff 33 33  33 ff 33 33 33 ff 33 33  |3.333.333.333.33|
*
002e5e50  33 ff 33 33 33 ff 00 00  00 00 00 00 00 00 00 00  |3.333...........|
002e5e60  00 00 00 00 00 00 00 00  00 00 00 00 00 00 00 00  |................|
*
002e5ea0  00 00 00 00 00 00 33 33  33 4a 33 33 33 f8 33 33  |......333J333.33|
002e5eb0  33 ff 33 33 33 ff 33 33  33 ff 33 33 33 ff 33 33  |3.333.333.333.33|
*
002e5f00  33 ff 33 33 33 b7 3f 3f  3f 08 00 00 00 00 00 00  |3.333.???.......|
002e5f10  00 00 00 00 00 00 00 00  00 00 00 00 00 00 00 00  |................|
*
002e61d0  00 00 00 00 00 00 00 00  00 00 00 00 00 00 33 33  |..............33|
002e61e0  33 ff 33 33 33 ff 33 33  33 ff 33 33 33 ff 33 33  |3.333.333.333.33|
*
002e6210  33 ff 33 33 33 ff 33 33  33 ff 00 00 00 00 00 00  |3.333.333.......|
002e6220  00 00 00 00 00 00 00 00  00 00 00 00 00 00 00 00  |................|
*
002e6610  00 00 00 00 00 00 00 00  00 00 33 33 33 ff 33 33  |..........333.33|
002e6620  33 ff 33 33 33 ff 33 33  33 ff 33 33 33 ff 33 33  |3.333.333.333.33|
*
002e6650  33 ff 33 33 33 ff 00 00  00 00 00 00 00 00 00 00  |3.333...........|
002e6660  00 00 00 00 00 00 00 00  00 00 00 00 00 00 00 00  |................|
*
002e66a0  00 00 33 33 33 4b 33 33  33 f8 33 33 33 ff 33 33  |..333K333.333.33|
002e66b0  33 ff 33 33 33 ff 33 33  33 ff 33 33 33 ff 33 33  |3.333.333.333.33|
*
002e66f0  33 ff 33 33 33 ff 33 33  33 ff 33 33 33 ff 32 32  |3.333.333.333.22|
002e6700  32 b6 3f 3f 3f 08 00 00  00 00 00 00 00 00 00 00  |2.???...........|
002e6710  00 00 00 00 00 00 00 00  00 00 00 00 00 00 00 00  |................|
*
002e69d0  00 00 00 00 00 00 00 00  00 00 00 00 00 00 33 33  |..............33|
002e69e0  33 ff 33 33 33 ff 33 33  33 ff 33 33 33 ff 33 33  |3.333.333.333.33|
*
002e6a10  33 ff 33 33 33 ff 33 33  33 ff 00 00 00 00 00 00  |3.333.333.......|
002e6a20  00 00 00 00 00 00 00 00  00 00 00 00 00 00 00 00  |................|
*
002e6e10  00 00 00 00 00 00 00 00  00 00 33 33 33 ff 33 33  |..........333.33|
002e6e20  33 ff 33 33 33 ff 33 33  33 ff 33 33 33 ff 33 33  |3.333.333.333.33|
*
002e6e50  33 ff 33 33 33 ff 00 00  00 00 00 00 00 00 00 00  |3.333...........|
002e6e60  00 00 00 00 00 00 00 00  00 00 00 00 00 00 00 00  |................|
*
002e6e90  00 00 00 00 00 00 00 00  00 00 00 00 00 00 32 32  |..............22|
002e6ea0  32 4c 33 33 33 f8 33 33  33 ff 33 33 33 ff 33 33  |2L333.333.333.33|
002e6eb0  33 ff 33 33 33 ff 33 33  33 ff 33 33 33 ff 33 33  |3.333.333.333.33|
*
002e6ef0  33 ff 33 33 33 ff 33 33  33 ff 32 32 32 b6 3f 3f  |3.333.333.222.??|
002e6f00  3f 08 00 00 00 00 00 00  00 00 00 00 00 00 00 00  |?...............|
002e6f10  00 00 00 00 00 00 00 00  00 00 00 00 00 00 00 00  |................|
*
002e71d0  00 00 00 00 00 00 00 00  00 00 00 00 00 00 33 33  |..............33|
002e71e0  33 ff 33 33 33 ff 33 33  33 ff 33 33 33 ff 33 33  |3.333.333.333.33|
*
002e7210  33 ff 33 33 33 ff 33 33  33 ff 00 00 00 00 00 00  |3.333.333.......|
002e7220  00 00 00 00 00 00 00 00  00 00 00 00 00 00 00 00  |................|
*
002e7610  00 00 00 00 00 00 00 00  00 00 33 33 33 ff 33 33  |..........333.33|
002e7620  33 ff 33 33 33 ff 33 33  33 ff 33 33 33 ff 33 33  |3.333.333.333.33|
*
002e7650  33 ff 33 33 33 ff 00 00  00 00 00 00 00 00 00 00  |3.333...........|
002e7660  00 00 00 00 00 00 00 00  00 00 00 00 00 00 00 00  |................|
*
002e7690  00 00 00 00 00 00 00 00  00 00 34 34 34 53 33 33  |..........444S33|
002e76a0  33 fa 33 33 33 ff 33 33  33 ff 33 33 33 ff 33 33  |3.333.333.333.33|
002e76b0  33 ff 33 33 33 ff 33 33  33 ff 33 33 33 ff 33 33  |3.333.333.333.33|
*
002e76f0  33 ff 33 33 33 ff 32 32  32 b6 24 24 24 07 00 00  |3.333.222.$$$...|
002e7700  00 00 00 00 00 00 00 00  00 00 00 00 00 00 00 00  |................|
*
002e79d0  00 00 00 00 00 00 00 00  00 00 00 00 00 00 33 33  |..............33|
002e79e0  33 ff 33 33 33 ff 33 33  33 ff 33 33 33 ff 33 33  |3.333.333.333.33|
*
002e7a10  33 ff 33 33 33 ff 33 33  33 ff 00 00 00 00 00 00  |3.333.333.......|
002e7a20  00 00 00 00 00 00 00 00  00 00 00 00 00 00 00 00  |................|
*
002e7e10  00 00 00 00 00 00 00 00  00 00 33 33 33 ff 33 33  |..........333.33|
002e7e20  33 ff 33 33 33 ff 33 33  33 ff 33 33 33 ff 33 33  |3.333.333.333.33|
*
002e7e50  33 ff 33 33 33 ff 00 00  00 00 00 00 00 00 00 00  |3.333...........|
002e7e60  00 00 00 00 00 00 00 00  00 00 00 00 00 00 00 00  |................|
*
002e7e90  00 00 00 00 00 00 33 33  33 54 33 33 33 fa 33 33  |......333T333.33|
002e7ea0  33 ff 33 33 33 ff 33 33  33 ff 33 33 33 ff 33 33  |3.333.333.333.33|
*
002e7ef0  33 ff 32 32 32 b5 24 24  24 07 00 00 00 00 00 00  |3.222.$$$.......|
002e7f00  00 00 00 00 00 00 00 00  00 00 00 00 00 00 00 00  |................|
*
002e81d0  00 00 00 00 00 00 00 00  00 00 00 00 00 00 33 33  |..............33|
002e81e0  33 ff 33 33 33 ff 33 33  33 ff 33 33 33 ff 33 33  |3.333.333.333.33|
*
002e8210  33 ff 33 33 33 ff 33 33  33 ff 00 00 00 00 00 00  |3.333.333.......|
002e8220  00 00 00 00 00 00 00 00  00 00 00 00 00 00 00 00  |................|
*
002e8610  00 00 00 00 00 00 00 00  00 00 33 33 33 ff 33 33  |..........333.33|
002e8620  33 ff 33 33 33 ff 33 33  33 ff 33 33 33 ff 33 33  |3.333.333.333.33|
*
002e8650  33 ff 33 33 33 ff 00 00  00 00 00 00 00 00 00 00  |3.333...........|
002e8660  00 00 00 00 00 00 00 00  00 00 00 00 00 00 00 00  |................|
*
002e8690  00 00 33 33 33 54 32 32  32 fb 33 33 33 ff 33 33  |..333T222.333.33|
002e86a0  33 ff 33 33 33 ff 33 33  33 ff 33 33 33 ff 33 33  |3.333.333.333.33|
*
002e86f0  33 b4 24 24 24 07 00 00  00 00 00 00 00 00 00 00  |3.$$$...........|
002e8700  00 00 00 00 00 00 00 00  00 00 00 00 00 00 00 00  |................|
*
002e89d0  00 00 00 00 00 00 00 00  00 00 00 00 00 00 33 33  |..............33|
002e89e0  33 ff 33 33 33 ff 33 33  33 ff 33 33 33 ff 33 33  |3.333.333.333.33|
*
002e8a10  33 ff 33 33 33 ff 33 33  33 ff 00 00 00 00 00 00  |3.333.333.......|
002e8a20  00 00 00 00 00 00 00 00  00 00 00 00 00 00 00 00  |................|
*
002e8e10  00 00 00 00 00 00 00 00  00 00 33 33 33 ff 33 33  |..........333.33|
002e8e20  33 ff 33 33 33 ff 33 33  33 ff 33 33 33 ff 33 33  |3.333.333.333.33|
*
002e8e50  33 ff 33 33 33 ff 00 00  00 00 00 00 00 00 00 00  |3.333...........|
002e8e60  00 00 00 00 00 00 00 00  00 00 00 00 00 00 00 00  |................|
*
002e8e80  00 00 00 00 00 00 00 00  00 00 00 00 00 00 33 33  |..............33|
002e8e90  33 55 32 32 32 fb 33 33  33 ff 33 33 33 ff 33 33  |3U222.333.333.33|
002e8ea0  33 ff 33 33 33 ff 33 33  33 ff 33 33 33 ff 33 33  |3.333.333.333.33|
*
002e8ee0  33 ff 33 33 33 ff 33 33  33 ff 33 33 33 b4 24 24  |3.333.333.333.$$|
002e8ef0  24 07 00 00 00 00 00 00  00 00 00 00 00 00 00 00  |$...............|
002e8f00  00 00 00 00 00 00 00 00  00 00 00 00 00 00 00 00  |................|
*
002e91d0  00 00 00 00 00 00 00 00  00 00 00 00 00 00 33 33  |..............33|
002e91e0  33 ff 33 33 33 ff 33 33  33 ff 33 33 33 ff 33 33  |3.333.333.333.33|
*
002e9210  33 ff 33 33 33 ff 33 33  33 ff 00 00 00 00 00 00  |3.333.333.......|
002e9220  00 00 00 00 00 00 00 00  00 00 00 00 00 00 00 00  |................|
*
002e9610  00 00 00 00 00 00 00 00  00 00 33 33 33 ff 33 33  |..........333.33|
002e9620  33 ff 33 33 33 ff 33 33  33 ff 33 33 33 ff 33 33  |3.333.333.333.33|
*
002e9650  33 ff 33 33 33 ff 00 00  00 00 00 00 00 00 00 00  |3.333...........|
002e9660  00 00 00 00 00 00 00 00  00 00 00 00 00 00 00 00  |................|
*
002e9680  00 00 00 00 00 00 00 00  00 00 32 32 32 56 32 32  |..........222V22|
002e9690  32 fb 33 33 33 ff 33 33  33 ff 33 33 33 ff 33 33  |2.333.333.333.33|
002e96a0  33 ff 33 33 33 ff 33 33  33 ff 33 33 33 ff 33 33  |3.333.333.333.33|
*
002e96e0  33 ff 33 33 33 ff 33 33  33 ad 33 33 33 05 00 00  |3.333.333.333...|
002e96f0  00 00 00 00 00 00 00 00  00 00 00 00 00 00 00 00  |................|
*
002e99d0  00 00 00 00 00 00 00 00  00 00 00 00 00 00 33 33  |..............33|
002e99e0  33 ff 33 33 33 ff 33 33  33 ff 33 33 33 ff 33 33  |3.333.333.333.33|
*
002e9a10  33 ff 33 33 33 ff 33 33  33 ff 00 00 00 00 00 00  |3.333.333.......|
002e9a20  00 00 00 00 00 00 00 00  00 00 00 00 00 00 00 00  |................|
*
002e9e10  00 00 00 00 00 00 00 00  00 00 33 33 33 ff 33 33  |..........333.33|
002e9e20  33 ff 33 33 33 ff 33 33  33 ff 33 33 33 ff 33 33  |3.333.333.333.33|
*
002e9e50  33 ff 33 33 33 ff 00 00  00 00 00 00 00 00 00 00  |3.333...........|
002e9e60  00 00 00 00 00 00 00 00  00 00 00 00 00 00 00 00  |................|
*
002e9e80  00 00 00 00 00 00 31 31  31 57 32 32 32 fb 33 33  |......111W222.33|
002e9e90  33 ff 33 33 33 ff 33 33  33 ff 33 33 33 ff 33 33  |3.333.333.333.33|
*
002e9ee0  33 ff 32 32 32 ac 33 33  33 05 00 00 00 00 00 00  |3.222.333.......|
002e9ef0  00 00 00 00 00 00 00 00  00 00 00 00 00 00 00 00  |................|
*
002ea1d0  00 00 00 00 00 00 00 00  00 00 00 00 00 00 33 33  |..............33|
002ea1e0  33 ff 33 33 33 ff 33 33  33 ff 33 33 33 ff 33 33  |3.333.333.333.33|
*
002ea210  33 ff 33 33 33 ff 33 33  33 ff 00 00 00 00 00 00  |3.333.333.......|
002ea220  00 00 00 00 00 00 00 00  00 00 00 00 00 00 00 00  |................|
*
002ea610  00 00 00 00 00 00 00 00  00 00 33 33 33 ff 33 33  |..........333.33|
002ea620  33 ff 33 33 33 ff 33 33  33 ff 33 33 33 ff 33 33  |3.333.333.333.33|
*
002ea650  33 ff 33 33 33 ff 00 00  00 00 00 00 00 00 00 00  |3.333...........|
002ea660  00 00 00 00 00 00 00 00  00 00 00 00 00 00 00 00  |................|
*
002ea680  00 00 34 34 34 58 32 32  32 fb 33 33 33 ff 33 33  |..444X222.333.33|
002ea690  33 ff 33 33 33 ff 33 33  33 ff 33 33 33 ff 33 33  |3.333.333.333.33|
*
002ea6d0  33 ff 33 33 33 ff 33 33  33 ff 33 33 33 ff 32 32  |3.333.333.333.22|
002ea6e0  32 ac 33 33 33 05 00 00  00 00 00 00 00 00 00 00  |2.333...........|
002ea6f0  00 00 00 00 00 00 00 00  00 00 00 00 00 00 00 00  |................|
*
002ea9d0  00 00 00 00 00 00 00 00  00 00 00 00 00 00 33 33  |..............33|
002ea9e0  33 ff 33 33 33 ff 33 33  33 ff 33 33 33 ff 33 33  |3.333.333.333.33|
*
002eaa10  33 ff 33 33 33 ff 33 33  33 ff 00 00 00 00 00 00  |3.333.333.......|
002eaa20  00 00 00 00 00 00 00 00  00 00 00 00 00 00 00 00  |................|
*
002eae10  00 00 00 00 00 00 00 00  00 00 33 33 33 ff 33 33  |..........333.33|
002eae20  33 ff 33 33 33 ff 33 33  33 ff 33 33 33 ff 33 33  |3.333.333.333.33|
*
002eae50  33 ff 33 33 33 ff 00 00  00 00 00 00 00 00 00 00  |3.333...........|
002eae60  00 00 00 00 00 00 00 00  00 00 00 00 00 00 00 00  |................|
002eae70  00 00 00 00 00 00 00 00  00 00 00 00 00 00 34 34  |..............44|
002eae80  34 58 32 32 32 fb 33 33  33 ff 33 33 33 ff 33 33  |4X222.333.333.33|
002eae90  33 ff 33 33 33 ff 33 33  33 ff 33 33 33 ff 33 33  |3.333.333.333.33|
*
002eaed0  33 ff 33 33 33 ff 33 33  33 ff 32 32 32 ab 33 33  |3.333.333.222.33|
002eaee0  33 05 00 00 00 00 00 00  00 00 00 00 00 00 00 00  |3...............|
002eaef0  00 00 00 00 00 00 00 00  00 00 00 00 00 00 00 00  |................|
*
002eb1d0  00 00 00 00 00 00 00 00  00 00 00 00 00 00 33 33  |..............33|
002eb1e0  33 ff 33 33 33 ff 33 33  33 ff 33 33 33 ff 33 33  |3.333.333.333.33|
*
002eb210  33 ff 33 33 33 ff 33 33  33 ff 00 00 00 00 00 00  |3.333.333.......|
002eb220  00 00 00 00 00 00 00 00  00 00 00 00 00 00 00 00  |................|
*
002eb610  00 00 00 00 00 00 00 00  00 00 33 33 33 ff 33 33  |..........333.33|
002eb620  33 ff 33 33 33 ff 33 33  33 ff 33 33 33 ff 33 33  |3.333.333.333.33|
*
002eb650  33 ff 33 33 33 ff 00 00  00 00 00 00 00 00 00 00  |3.333...........|
002eb660  00 00 00 00 00 00 00 00  00 00 00 00 00 00 00 00  |................|
002eb670  00 00 00 00 00 00 00 00  00 00 33 33 33 59 32 32  |..........333Y22|
002eb680  32 fc 33 33 33 ff 33 33  33 ff 33 33 33 ff 33 33  |2.333.333.333.33|
002eb690  33 ff 33 33 33 ff 33 33  33 ff 33 33 33 ff 33 33  |3.333.333.333.33|
*
002eb6d0  33 ff 33 33 33 ff 32 32  32 ab 33 33 33 05 00 00  |3.333.222.333...|
002eb6e0  00 00 00 00 00 00 00 00  00 00 00 00 00 00 00 00  |................|
*
002eb9d0  00 00 00 00 00 00 00 00  00 00 00 00 00 00 33 33  |..............33|
002eb9e0  33 ff 33 33 33 ff 33 33  33 ff 33 33 33 ff 33 33  |3.333.333.333.33|
*
002eba10  33 ff 33 33 33 ff 33 33  33 ff 00 00 00 00 00 00  |3.333.333.......|
002eba20  00 00 00 00 00 00 00 00  00 00 00 00 00 00 00 00  |................|
*
002ebe10  00 00 00 00 00 00 00 00  00 00 33 33 33 ff 33 33  |..........333.33|
002ebe20  33 ff 33 33 33 ff 33 33  33 ff 33 33 33 ff 33 33  |3.333.333.333.33|
*
002ebe50  33 ff 33 33 33 ff 00 00  00 00 00 00 00 00 00 00  |3.333...........|
002ebe60  00 00 00 00 00 00 00 00  00 00 00 00 00 00 00 00  |................|
002ebe70  00 00 00 00 00 00 34 34  34 62 33 33 33 fd 33 33  |......444b333.33|
002ebe80  33 ff 33 33 33 ff 33 33  33 ff 33 33 33 ff 33 33  |3.333.333.333.33|
*
002ebed0  33 ff 33 33 33 aa 3f 3f  3f 04 00 00 00 00 00 00  |3.333.???.......|
002ebee0  00 00 00 00 00 00 00 00  00 00 00 00 00 00 00 00  |................|
*
002ec1d0  00 00 00 00 00 00 00 00  00 00 00 00 00 00 33 33  |..............33|
002ec1e0  33 ff 33 33 33 ff 33 33  33 ff 33 33 33 ff 33 33  |3.333.333.333.33|
*
002ec210  33 ff 33 33 33 ff 33 33  33 ff 00 00 00 00 00 00  |3.333.333.......|
002ec220  00 00 00 00 00 00 00 00  00 00 00 00 00 00 00 00  |................|
*
002ec610  00 00 00 00 00 00 00 00  00 00 33 33 33 ff 33 33  |..........333.33|
002ec620  33 ff 33 33 33 ff 33 33  33 ff 33 33 33 ff 33 33  |3.333.333.333.33|
*
002ec650  33 ff 33 33 33 ff 00 00  00 00 00 00 00 00 00 00  |3.333...........|
002ec660  00 00 00 00 00 00 00 00  00 00 00 00 00 00 00 00  |................|
002ec670  00 00 34 34 34 62 33 33  33 fd 33 33 33 ff 33 33  |..444b333.333.33|
002ec680  33 ff 33 33 33 ff 33 33  33 ff 33 33 33 ff 33 33  |3.333.333.333.33|
*
002ec6d0  33 aa 3f 3f 3f 04 00 00  00 00 00 00 00 00 00 00  |3.???...........|
002ec6e0  00 00 00 00 00 00 00 00  00 00 00 00 00 00 00 00  |................|
*
002ec9d0  00 00 00 00 00 00 00 00  00 00 00 00 00 00 33 33  |..............33|
002ec9e0  33 ff 33 33 33 ff 33 33  33 ff 33 33 33 ff 33 33  |3.333.333.333.33|
*
002eca10  33 ff 33 33 33 ff 33 33  33 ff 00 00 00 00 00 00  |3.333.333.......|
002eca20  00 00 00 00 00 00 00 00  00 00 00 00 00 00 00 00  |................|
*
002ece10  00 00 00 00 00 00 00 00  00 00 33 33 33 ff 33 33  |..........333.33|
002ece20  33 ff 33 33 33 ff 33 33  33 ff 33 33 33 ff 33 33  |3.333.333.333.33|
*
002ece50  33 ff 33 33 33 ff 00 00  00 00 00 00 00 00 00 00  |3.333...........|
002ece60  00 00 00 00 00 00 00 00  00 00 00 00 00 00 33 33  |..............33|
002ece70  33 63 33 33 33 fd 33 33  33 ff 33 33 33 ff 33 33  |3c333.333.333.33|
002ece80  33 ff 33 33 33 ff 33 33  33 ff 33 33 33 ff 33 33  |3.333.333.333.33|
*
002ecec0  33 ff 33 33 33 ff 33 33  33 ff 33 33 33 a9 3f 3f  |3.333.333.333.??|
002eced0  3f 04 00 00 00 00 00 00  00 00 00 00 00 00 00 00  |?...............|
002ecee0  00 00 00 00 00 00 00 00  00 00 00 00 00 00 00 00  |................|
*
002ed1d0  00 00 00 00 00 00 00 00  00 00 00 00 00 00 33 33  |..............33|
002ed1e0  33 ff 33 33 33 ff 33 33  33 ff 33 33 33 ff 33 33  |3.333.333.333.33|
*
002ed210  33 ff 33 33 33 ff 33 33  33 ff 00 00 00 00 00 00  |3.333.333.......|
002ed220  00 00 00 00 00 00 00 00  00 00 00 00 00 00 00 00  |................|
*
002ed610  00 00 00 00 00 00 00 00  00 00 33 33 33 ff 33 33  |..........333.33|
002ed620  33 ff 33 33 33 ff 33 33  33 ff 33 33 33 ff 33 33  |3.333.333.333.33|
*
002ed650  33 ff 33 33 33 ff 00 00  00 00 00 00 00 00 00 00  |3.333...........|
002ed660  00 00 00 00 00 00 00 00  00 00 33 33 33 64 33 33  |..........333d33|
002ed670  33 fd 33 33 33 ff 33 33  33 ff 33 33 33 ff 33 33  |3.333.333.333.33|
002ed680  33 ff 33 33 33 ff 33 33  33 ff 33 33 33 ff 33 33  |3.333.333.333.33|
*
002ed6c0  33 ff 33 33 33 ff 33 33  33 a9 3f 3f 3f 04 00 00  |3.333.333.???...|
002ed6d0  00 00 00 00 00 00 00 00  00 00 00 00 00 00 00 00  |................|
*
002ed9d0  00 00 00 00 00 00 00 00  00 00 00 00 00 00 33 33  |..............33|
002ed9e0  33 ff 33 33 33 ff 33 33  33 ff 33 33 33 ff 33 33  |3.333.333.333.33|
*
002eda10  33 ff 33 33 33 ff 33 33  33 ff 00 00 00 00 00 00  |3.333.333.......|
002eda20  00 00 00 00 00 00 00 00  00 00 00 00 00 00 00 00  |................|
*
002ede10  00 00 00 00 00 00 00 00  00 00 33 33 33 ff 33 33  |..........333.33|
002ede20  33 ff 33 33 33 ff 33 33  33 ff 33 33 33 ff 33 33  |3.333.333.333.33|
*
002ede50  33 ff 33 33 33 ff 00 00  00 00 00 00 00 00 00 00  |3.333...........|
002ede60  00 00 00 00 00 00 32 32  32 65 33 33 33 fd 33 33  |......222e333.33|
002ede70  33 ff 33 33 33 ff 33 33  33 ff 33 33 33 ff 33 33  |3.333.333.333.33|
*
002edec0  33 ff 33 33 33 a8 3f 3f  3f 04 00 00 00 00 00 00  |3.333.???.......|
002eded0  00 00 00 00 00 00 00 00  00 00 00 00 00 00 00 00  |................|
*
002ee1d0  00 00 00 00 00 00 00 00  00 00 00 00 00 00 33 33  |..............33|
002ee1e0  33 ff 33 33 33 ff 33 33  33 ff 33 33 33 ff 33 33  |3.333.333.333.33|
*
002ee210  33 ff 33 33 33 ff 33 33  33 ff 00 00 00 00 00 00  |3.333.333.......|
002ee220  00 00 00 00 00 00 00 00  00 00 00 00 00 00 00 00  |................|
*
002ee610  00 00 00 00 00 00 00 00  00 00 33 33 33 ff 33 33  |..........333.33|
002ee620  33 ff 33 33 33 ff 33 33  33 ff 33 33 33 ff 33 33  |3.333.333.333.33|
*
002ee650  33 ff 33 33 33 ff 00 00  00 00 00 00 00 00 00 00  |3.333...........|
002ee660  00 00 32 32 32 65 33 33  33 fd 33 33 33 ff 33 33  |..222e333.333.33|
002ee670  33 ff 33 33 33 ff 33 33  33 ff 33 33 33 ff 33 33  |3.333.333.333.33|
*
002ee6c0  33 a8 3f 3f 3f 04 00 00  00 00 00 00 00 00 00 00  |3.???...........|
002ee6d0  00 00 00 00 00 00 00 00  00 00 00 00 00 00 00 00  |................|
*
002ee9d0  00 00 00 00 00 00 00 00  00 00 00 00 00 00 33 33  |..............33|
002ee9e0  33 ff 33 33 33 ff 33 33  33 ff 33 33 33 ff 33 33  |3.333.333.333.33|
*
002eea10  33 ff 33 33 33 ff 33 33  33 ff 00 00 00 00 00 00  |3.333.333.......|
002eea20  00 00 00 00 00 00 00 00  00 00 00 00 00 00 00 00  |................|
*
002eee10  00 00 00 00 00 00 00 00  00 00 33 33 33 ff 33 33  |..........333.33|
002eee20  33 ff 33 33 33 ff 33 33  33 ff 33 33 33 ff 33 33  |3.333.333.333.33|
*
002eee50  33 ff 33 33 33 ff 00 00  00 00 00 00 00 00 32 32  |3.333.........22|
002eee60  32 66 33 33 33 fe 33 33  33 ff 33 33 33 ff 33 33  |2f333.333.333.33|
002eee70  33 ff 33 33 33 ff 33 33  33 ff 33 33 33 ff 33 33  |3.333.333.333.33|
*
002eeeb0  33 ff 33 33 33 ff 33 33  33 ff 32 32 32 a7 3f 3f  |3.333.333.222.??|
002eeec0  3f 04 00 00 00 00 00 00  00 00 00 00 00 00 00 00  |?...............|
002eeed0  00 00 00 00 00 00 00 00  00 00 00 00 00 00 00 00  |................|
*
002ef1d0  00 00 00 00 00 00 00 00  00 00 00 00 00 00 33 33  |..............33|
002ef1e0  33 ff 33 33 33 ff 33 33  33 ff 33 33 33 ff 33 33  |3.333.333.333.33|
*
002ef210  33 ff 33 33 33 ff 33 33  33 ff 00 00 00 00 00 00  |3.333.333.......|
002ef220  00 00 00 00 00 00 00 00  00 00 00 00 00 00 00 00  |................|
*
002ef610  00 00 00 00 00 00 00 00  00 00 33 33 33 ff 33 33  |..........333.33|
002ef620  33 ff 33 33 33 ff 33 33  33 ff 33 33 33 ff 33 33  |3.333.333.333.33|
*
002ef650  33 ff 33 33 33 ff 00 00  00 00 33 33 33 67 33 33  |3.333.....333g33|
002ef660  33 fe 33 33 33 ff 33 33  33 ff 33 33 33 ff 33 33  |3.333.333.333.33|
002ef670  33 ff 33 33 33 ff 33 33  33 ff 33 33 33 ff 33 33  |3.333.333.333.33|
*
002ef6b0  33 ff 33 33 33 ff 32 32  32 a7 55 55 55 03 00 00  |3.333.222.UUU...|
002ef6c0  00 00 00 00 00 00 00 00  00 00 00 00 00 00 00 00  |................|
*
002ef9d0  00 00 00 00 00 00 00 00  00 00 00 00 00 00 33 33  |..............33|
002ef9e0  33 ff 33 33 33 ff 33 33  33 ff 33 33 33 ff 33 33  |3.333.333.333.33|
*
002efa10  33 ff 33 33 33 ff 33 33  33 ff 00 00 00 00 00 00  |3.333.333.......|
002efa20  00 00 00 00 00 00 00 00  00 00 00 00 00 00 00 00  |................|
*
002efe10  00 00 00 00 00 00 00 00  00 00 33 33 33 ff 33 33  |..........333.33|
002efe20  33 ff 33 33 33 ff 33 33  33 ff 33 33 33 ff 33 33  |3.333.333.333.33|
*
002efe50  33 ff 33 33 33 ff 33 33  33 68 33 33 33 fe 33 33  |3.333.333h333.33|
002efe60  33 ff 33 33 33 ff 33 33  33 ff 33 33 33 ff 33 33  |3.333.333.333.33|
*
002efeb0  33 ff 32 32 32 a6 55 55  55 03 00 00 00 00 00 00  |3.222.UUU.......|
002efec0  00 00 00 00 00 00 00 00  00 00 00 00 00 00 00 00  |................|
*
002f01d0  00 00 00 00 00 00 00 00  00 00 00 00 00 00 33 33  |..............33|
002f01e0  33 ff 33 33 33 ff 33 33  33 ff 33 33 33 ff 33 33  |3.333.333.333.33|
*
002f0210  33 ff 33 33 33 ff 33 33  33 ff 00 00 00 00 00 00  |3.333.333.......|
002f0220  00 00 00 00 00 00 00 00  00 00 00 00 00 00 00 00  |................|
*
002f0610  00 00 00 00 00 00 00 00  00 00 33 33 33 ff 33 33  |..........333.33|
002f0620  33 ff 33 33 33 ff 33 33  33 ff 33 33 33 ff 33 33  |3.333.333.333.33|
*
002f06a0  33 ff 33 33 33 ff 33 33  33 ff 33 33 33 ff 32 32  |3.333.333.333.22|
002f06b0  32 9d 00 00 00 02 00 00  00 00 00 00 00 00 00 00  |2...............|
002f06c0  00 00 00 00 00 00 00 00  00 00 00 00 00 00 00 00  |................|
*
002f09d0  00 00 00 00 00 00 00 00  00 00 00 00 00 00 33 33  |..............33|
002f09e0  33 ff 33 33 33 ff 33 33  33 ff 33 33 33 ff 33 33  |3.333.333.333.33|
*
002f0a10  33 ff 33 33 33 ff 33 33  33 ff 00 00 00 00 00 00  |3.333.333.......|
002f0a20  00 00 00 00 00 00 00 00  00 00 00 00 00 00 00 00  |................|
*
002f0e10  00 00 00 00 00 00 00 00  00 00 33 33 33 ff 33 33  |..........333.33|
002f0e20  33 ff 33 33 33 ff 33 33  33 ff 33 33 33 ff 33 33  |3.333.333.333.33|
*
002f0ea0  33 ff 33 33 33 ff 33 33  33 ff 32 32 32 9d 00 00  |3.333.333.222...|
002f0eb0  00 02 00 00 00 00 00 00  00 00 00 00 00 00 00 00  |................|
002f0ec0  00 00 00 00 00 00 00 00  00 00 00 00 00 00 00 00  |................|
*
002f11d0  00 00 00 00 00 00 00 00  00 00 00 00 00 00 33 33  |..............33|
002f11e0  33 ff 33 33 33 ff 33 33  33 ff 33 33 33 ff 33 33  |3.333.333.333.33|
*
002f1210  33 ff 33 33 33 ff 33 33  33 ff 00 00 00 00 00 00  |3.333.333.......|
002f1220  00 00 00 00 00 00 00 00  00 00 00 00 00 00 00 00  |................|
*
002f1610  00 00 00 00 00 00 00 00  00 00 33 33 33 ff 33 33  |..........333.33|
002f1620  33 ff 33 33 33 ff 33 33  33 ff 33 33 33 ff 33 33  |3.333.333.333.33|
*
002f16a0  33 ff 33 33 33 ff 32 32  32 9d 00 00 00 02 00 00  |3.333.222.......|
002f16b0  00 00 00 00 00 00 00 00  00 00 00 00 00 00 00 00  |................|
*
002f19d0  00 00 00 00 00 00 00 00  00 00 00 00 00 00 33 33  |..............33|
002f19e0  33 ff 33 33 33 ff 33 33  33 ff 33 33 33 ff 33 33  |3.333.333.333.33|
*
002f1a10  33 ff 33 33 33 ff 33 33  33 ff 00 00 00 00 00 00  |3.333.333.......|
002f1a20  00 00 00 00 00 00 00 00  00 00 00 00 00 00 00 00  |................|
*
002f1e10  00 00 00 00 00 00 00 00  00 00 33 33 33 ff 33 33  |..........333.33|
002f1e20  33 ff 33 33 33 ff 33 33  33 ff 33 33 33 ff 33 33  |3.333.333.333.33|
*
002f1ea0  33 ff 32 32 32 9c 00 00  00 02 00 00 00 00 00 00  |3.222...........|
002f1eb0  00 00 00 00 00 00 00 00  00 00 00 00 00 00 00 00  |................|
*
002f21d0  00 00 00 00 00 00 00 00  00 00 00 00 00 00 33 33  |..............33|
002f21e0  33 ff 33 33 33 ff 33 33  33 ff 33 33 33 ff 33 33  |3.333.333.333.33|
*
002f2210  33 ff 33 33 33 ff 33 33  33 ff 00 00 00 00 00 00  |3.333.333.......|
002f2220  00 00 00 00 00 00 00 00  00 00 00 00 00 00 00 00  |................|
*
002f2610  00 00 00 00 00 00 00 00  00 00 33 33 33 ff 33 33  |..........333.33|
002f2620  33 ff 33 33 33 ff 33 33  33 ff 33 33 33 ff 33 33  |3.333.333.333.33|
*
002f2690  33 ff 33 33 33 ff 33 33  33 ff 33 33 33 ff 32 32  |3.333.333.333.22|
002f26a0  32 9c 00 00 00 02 00 00  00 00 00 00 00 00 00 00  |2...............|
002f26b0  00 00 00 00 00 00 00 00  00 00 00 00 00 00 00 00  |................|
*
002f29d0  00 00 00 00 00 00 00 00  00 00 00 00 00 00 33 33  |..............33|
002f29e0  33 ff 33 33 33 ff 33 33  33 ff 33 33 33 ff 33 33  |3.333.333.333.33|
*
002f2a10  33 ff 33 33 33 ff 33 33  33 ff 00 00 00 00 00 00  |3.333.333.......|
002f2a20  00 00 00 00 00 00 00 00  00 00 00 00 00 00 00 00  |................|
*
002f2e10  00 00 00 00 00 00 00 00  00 00 33 33 33 ff 33 33  |..........333.33|
002f2e20  33 ff 33 33 33 ff 33 33  33 ff 33 33 33 ff 33 33  |3.333.333.333.33|
*
002f2e90  33 ff 33 33 33 ff 33 33  33 ff 33 33 33 9b 00 00  |3.333.333.333...|
002f2ea0  00 02 00 00 00 00 00 00  00 00 00 00 00 00 00 00  |................|
002f2eb0  00 00 00 00 00 00 00 00  00 00 00 00 00 00 00 00  |................|
*
002f31d0  00 00 00 00 00 00 00 00  00 00 00 00 00 00 32 32  |..............22|
002f31e0  32 fc 33 33 33 ff 33 33  33 ff 33 33 33 ff 33 33  |2.333.333.333.33|
002f31f0  33 ff 33 33 33 ff 33 33  33 ff 33 33 33 ff 33 33  |3.333.333.333.33|
*
002f3210  33 ff 33 33 33 ff 33 33  33 ff 55 55 55 03 00 00  |3.333.333.UUU...|
002f3220  00 00 00 00 00 00 00 00  00 00 00 00 00 00 00 00  |................|
*
002f3610  00 00 00 00 00 00 00 00  00 00 33 33 33 ff 33 33  |..........333.33|
002f3620  33 ff 33 33 33 ff 33 33  33 ff 33 33 33 ff 33 33  |3.333.333.333.33|
*
002f3690  33 ff 33 33 33 ff 32 32  32 97 00 00 00 01 00 00  |3.333.222.......|
002f36a0  00 00 00 00 00 00 00 00  00 00 00 00 00 00 00 00  |................|
*
002f39d0  00 00 00 00 00 00 00 00  00 00 00 00 00 00 33 33  |..............33|
002f39e0  33 f0 33 33 33 ff 33 33  33 ff 33 33 33 ff 33 33  |3.333.333.333.33|
002f39f0  33 ff 33 33 33 ff 33 33  33 ff 33 33 33 ff 33 33  |3.333.333.333.33|
*
002f3a10  33 ff 33 33 33 ff 33 33  33 ff 33 33 33 0f 00 00  |3.333.333.333...|
002f3a20  00 00 00 00 00 00 00 00  00 00 00 00 00 00 00 00  |................|
*
002f3e10  00 00 00 00 00 00 00 00  00 00 33 33 33 ff 33 33  |..........333.33|
002f3e20  33 ff 33 33 33 ff 33 33  33 ff 33 33 33 ff 33 33  |3.333.333.333.33|
*
002f3e90  33 ff 33 33 33 95 00 00  00 01 00 00 00 00 00 00  |3.333...........|
002f3ea0  00 00 00 00 00 00 00 00  00 00 00 00 00 00 00 00  |................|
*
002f41d0  00 00 00 00 00 00 00 00  00 00 00 00 00 00 33 33  |..............33|
002f41e0  33 e4 33 33 33 ff 33 33  33 ff 33 33 33 ff 33 33  |3.333.333.333.33|
002f41f0  33 ff 33 33 33 ff 33 33  33 ff 33 33 33 ff 33 33  |3.333.333.333.33|
*
002f4210  33 ff 33 33 33 ff 33 33  33 ff 34 34 34 2c 00 00  |3.333.333.444,..|
002f4220  00 00 00 00 00 00 00 00  00 00 00 00 00 00 00 00  |................|
*
002f4610  00 00 00 00 00 00 00 00  00 00 33 33 33 ff 33 33  |..........333.33|
002f4620  33 ff 33 33 33 ff 33 33  33 ff 33 33 33 ff 33 33  |3.333.333.333.33|
*
002f4690  33 9a 00 00 00 01 00 00  00 00 00 00 00 00 00 00  |3...............|
002f46a0  00 00 00 00 00 00 00 00  00 00 00 00 00 00 00 00  |................|
*
002f49d0  00 00 00 00 00 00 00 00  00 00 00 00 00 00 32 32  |..............22|
002f49e0  32 d3 33 33 33 ff 33 33  33 ff 33 33 33 ff 33 33  |2.333.333.333.33|
002f49f0  33 ff 33 33 33 ff 33 33  33 ff 33 33 33 ff 33 33  |3.333.333.333.33|
*
002f4a10  33 ff 33 33 33 ff 33 33  33 ff 32 32 32 5b 00 00  |3.333.333.222[..|
002f4a20  00 00 00 00 00 00 00 00  00 00 00 00 00 00 00 00  |................|
*
002f4e10  00 00 00 00 00 00 00 00  00 00 33 33 33 ff 33 33  |..........333.33|
002f4e20  33 ff 33 33 33 ff 33 33  33 ff 33 33 33 ff 33 33  |3.333.333.333.33|
*
002f4e80  33 ff 33 33 33 ff 33 33  33 ff 32 32 32 93 00 00  |3.333.333.222...|
002f4e90  00 01 00 00 00 00 00 00  00 00 00 00 00 00 00 00  |................|
002f4ea0  00 00 00 00 00 00 00 00  00 00 00 00 00 00 00 00  |................|
*
002f51d0  00 00 00 00 00 00 00 00  00 00 00 00 00 00 33 33  |..............33|
002f51e0  33 ae 33 33 33 ff 33 33  33 ff 33 33 33 ff 33 33  |3.333.333.333.33|
002f51f0  33 ff 33 33 33 ff 33 33  33 ff 33 33 33 ff 33 33  |3.333.333.333.33|
*
002f5210  33 ff 33 33 33 ff 33 33  33 ff 33 33 33 a0 00 00  |3.333.333.333...|
002f5220  00 00 00 00 00 00 00 00  00 00 00 00 00 00 00 00  |................|
*
002f5610  00 00 00 00 00 00 00 00  00 00 33 33 33 ff 33 33  |..........333.33|
002f5620  33 ff 33 33 33 ff 33 33  33 ff 33 33 33 ff 33 33  |3.333.333.333.33|
*
002f5680  33 ff 33 33 33 ff 32 32  32 92 00 00 00 01 00 00  |3.333.222.......|
002f5690  00 00 00 00 00 00 00 00  00 00 00 00 00 00 00 00  |................|
*
002f59d0  00 00 00 00 00 00 00 00  00 00 00 00 00 00 33 33  |..............33|
002f59e0  33 87 33 33 33 ff 33 33  33 ff 33 33 33 ff 33 33  |3.333.333.333.33|
002f59f0  33 ff 33 33 33 ff 33 33  33 ff 33 33 33 ff 33 33  |3.333.333.333.33|
*
002f5a10  33 ff 33 33 33 ff 33 33  33 ff 33 33 33 f0 2e 2e  |3.333.333.333...|
002f5a20  2e 0b 00 00 00 00 00 00  00 00 00 00 00 00 00 00  |................|
002f5a30  00 00 00 00 00 00 00 00  00 00 00 00 00 00 00 00  |................|
*
002f5e10  00 00 00 00 00 00 00 00  00 00 33 33 33 ff 33 33  |..........333.33|
002f5e20  33 ff 33 33 33 ff 33 33  33 ff 33 33 33 ff 33 33  |3.333.333.333.33|
*
002f5e80  33 ff 32 32 32 98 00 00  00 01 00 00 00 00 00 00  |3.222...........|
002f5e90  00 00 00 00 00 00 00 00  00 00 00 00 00 00 00 00  |................|
*
002f61d0  00 00 00 00 00 00 00 00  00 00 00 00 00 00 32 32  |..............22|
002f61e0  32 5b 33 33 33 ff 33 33  33 ff 33 33 33 ff 33 33  |2[333.333.333.33|
002f61f0  33 ff 33 33 33 ff 33 33  33 ff 33 33 33 ff 33 33  |3.333.333.333.33|
*
002f6210  33 ff 33 33 33 ff 33 33  33 ff 33 33 33 ff 32 32  |3.333.333.333.22|
002f6220  32 70 00 00 00 00 00 00  00 00 00 00 00 00 00 00  |2p..............|
002f6230  00 00 00 00 00 00 00 00  00 00 00 00 00 00 00 00  |................|
*
002f6610  00 00 00 00 00 00 00 00  00 00 33 33 33 ff 33 33  |..........333.33|
002f6620  33 ff 33 33 33 ff 33 33  33 ff 33 33 33 ff 33 33  |3.333.333.333.33|
*
002f6680  33 8f 00 00 00 01 00 00  00 00 00 00 00 00 00 00  |3...............|
002f6690  00 00 00 00 00 00 00 00  00 00 00 00 00 00 00 00  |................|
*
002f69d0  00 00 00 00 00 00 00 00  00 00 00 00 00 00 31 31  |..............11|
002f69e0  31 1a 33 33 33 ff 33 33  33 ff 33 33 33 ff 33 33  |1.333.333.333.33|
002f69f0  33 ff 33 33 33 ff 33 33  33 ff 33 33 33 ff 33 33  |3.333.333.333.33|
*
002f6a10  33 ff 33 33 33 ff 33 33  33 ff 33 33 33 ff 32 32  |3.333.333.333.22|
002f6a20  32 f1 35 35 35 18 00 00  00 00 00 00 00 00 00 00  |2.555...........|
002f6a30  00 00 00 00 00 00 00 00  00 00 00 00 00 00 00 00  |................|
*
002f6e10  00 00 00 00 00 00 00 00  00 00 33 33 33 ff 33 33  |..........333.33|
002f6e20  33 ff 33 33 33 ff 33 33  33 ff 33 33 33 ff 33 33  |3.333.333.333.33|
*
002f6e70  33 ff 33 33 33 ff 33 33  33 ff 33 33 33 8f 00 00  |3.333.333.333...|
002f6e80  00 01 00 00 00 00 00 00  00 00 00 00 00 00 00 00  |................|
002f6e90  00 00 00 00 00 00 00 00  00 00 00 00 00 00 00 00  |................|
*
002f71e0  00 00 33 33 33 d7 33 33  33 ff 33 33 33 ff 33 33  |..333.333.333.33|
002f71f0  33 ff 33 33 33 ff 33 33  33 ff 33 33 33 ff 33 33  |3.333.333.333.33|
*
002f7220  33 ff 33 33 33 9f 00 00  00 00 00 00 00 00 00 00  |3.333...........|
002f7230  00 00 00 00 00 00 00 00  00 00 00 00 00 00 00 00  |................|
*
002f7610  00 00 00 00 00 00 00 00  00 00 33 33 33 ff 33 33  |..........333.33|
002f7620  33 ff 33 33 33 ff 33 33  33 ff 33 33 33 ff 33 33  |3.333.333.333.33|
*
002f7670  33 ff 33 33 33 ff 32 32  32 8d 00 00 00 00 00 00  |3.333.222.......|
002f7680  00 00 00 00 00 00 00 00  00 00 00 00 00 00 00 00  |................|
*
002f79e0  00 00 32 32 32 8e 33 33  33 ff 33 33 33 ff 33 33  |..222.333.333.33|
002f79f0  33 ff 33 33 33 ff 33 33  33 ff 33 33 33 ff 33 33  |3.333.333.333.33|
*
002f7a20  33 ff 33 33 33 ff 33 33  33 73 00 00 00 00 00 00  |3.333.333s......|
002f7a30  00 00 00 00 00 00 00 00  00 00 00 00 00 00 00 00  |................|
*
002f7e10  00 00 00 00 00 00 00 00  00 00 33 33 33 ff 33 33  |..........333.33|
002f7e20  33 ff 33 33 33 ff 33 33  33 ff 33 33 33 ff 33 33  |3.333.333.333.33|
*
002f7e70  33 ff 33 33 33 8c 00 00  00 00 00 00 00 00 00 00  |3.333...........|
002f7e80  00 00 00 00 00 00 00 00  00 00 00 00 00 00 00 00  |................|
*
002f81e0  00 00 30 30 30 2f 33 33  33 ff 33 33 33 ff 33 33  |..000/333.333.33|
002f81f0  33 ff 33 33 33 ff 33 33  33 ff 33 33 33 ff 33 33  |3.333.333.333.33|
*
002f8220  33 ff 33 33 33 ff 33 33  33 fe 33 33 33 5e 00 00  |3.333.333.333^..|
002f8230  00 00 00 00 00 00 00 00  00 00 00 00 00 00 00 00  |................|
*
002f8610  00 00 00 00 00 00 34 34  34 27 33 33 33 ff 33 33  |......444'333.33|
002f8620  33 ff 33 33 33 ff 33 33  33 ff 33 33 33 ff 33 33  |3.333.333.333.33|
*
002f8670  33 8b 00 00 00 00 00 00  00 00 00 00 00 00 00 00  |3...............|
002f8680  00 00 00 00 00 00 00 00  00 00 00 00 00 00 00 00  |................|
*
002f89e0  00 00 00 00 00 00 32 32  32 ce 33 33 33 ff 33 33  |......222.333.33|
002f89f0  33 ff 33 33 33 ff 33 33  33 ff 33 33 33 ff 33 33  |3.333.333.333.33|
*
002f8a20  33 ff 33 33 33 ff 33 33  33 ff 33 33 33 fe 33 33  |3.333.333.333.33|
002f8a30  33 91 33 33 33 05 00 00  00 00 00 00 00 00 00 00  |3.333...........|
002f8a40  00 00 00 00 00 00 00 00  00 00 00 00 00 00 00 00  |................|
*
002f8e10  00 00 34 34 34 2c 33 33  33 e6 33 33 33 ff 33 33  |..444,333.333.33|
002f8e20  33 ff 33 33 33 ff 33 33  33 ff 33 33 33 ff 33 33  |3.333.333.333.33|
*
002f8e60  33 ff 33 33 33 ff 33 33  33 ff 33 33 33 8c 00 00  |3.333.333.333...|
002f8e70  00 00 00 00 00 00 00 00  00 00 00 00 00 00 00 00  |................|
*
002f91e0  00 00 00 00 00 00 32 32  32 60 33 33 33 ff 33 33  |......222`333.33|
002f91f0  33 ff 33 33 33 ff 33 33  33 ff 33 33 33 ff 33 33  |3.333.333.333.33|
*
002f9230  33 ff 32 32 32 c0 31 31  31 29 00 00 00 00 00 00  |3.222.111)......|
002f9240  00 00 00 00 00 00 00 00  00 00 00 00 00 00 00 00  |................|
*
002f9600  00 00 00 00 00 00 00 00  00 00 00 00 00 00 33 33  |..............33|
002f9610  33 3b 33 33 33 ef 33 33  33 ff 33 33 33 ff 33 33  |3;333.333.333.33|
002f9620  33 ff 33 33 33 ff 33 33  33 ff 33 33 33 ff 33 33  |3.333.333.333.33|
*
002f9660  33 ff 33 33 33 ff 32 32  32 88 00 00 00 00 00 00  |3.333.222.......|
002f9670  00 00 00 00 00 00 00 00  00 00 00 00 00 00 00 00  |................|
*
002f99e0  00 00 00 00 00 00 3f 3f  3f 04 33 33 33 dc 33 33  |......???.333.33|
002f99f0  33 ff 33 33 33 ff 33 33  33 ff 33 33 33 ff 33 33  |3.333.333.333.33|
*
002f9a30  33 ff 33 33 33 ff 33 33  33 fd 32 32 32 a7 34 34  |3.333.333.222.44|
002f9a40  34 2c 00 00 00 00 00 00  00 00 00 00 00 00 00 00  |4,..............|
002f9a50  00 00 00 00 00 00 00 00  00 00 00 00 00 00 00 00  |................|
*
002f9e00  00 00 00 00 00 00 00 00  00 00 32 32 32 47 33 33  |..........222G33|
002f9e10  33 f5 33 33 33 ff 33 33  33 ff 33 33 33 ff 33 33  |3.333.333.333.33|
002f9e20  33 ff 33 33 33 ff 33 33  33 ff 33 33 33 ff 33 33  |3.333.333.333.33|
*
002f9e60  33 ff 33 33 33 87 00 00  00 00 00 00 00 00 00 00  |3.333...........|
002f9e70  00 00 00 00 00 00 00 00  00 00 00 00 00 00 00 00  |................|
*
002fa1e0  00 00 00 00 00 00 00 00  00 00 32 32 32 60 33 33  |..........222`33|
002fa1f0  33 ff 33 33 33 ff 33 33  33 ff 33 33 33 ff 33 33  |3.333.333.333.33|
*
002fa240  33 ff 32 32 32 d9 33 33  33 90 33 33 33 4f 30 30  |3.222.333.333O00|
002fa250  30 2f 33 33 33 19 3f 3f  3f 04 00 00 00 00 00 00  |0/333.???.......|
002fa260  00 00 00 00 00 00 00 00  00 00 00 00 00 00 00 00  |................|
*
002fa600  00 00 00 00 00 00 33 33  33 54 33 33 33 f9 33 33  |......333T333.33|
002fa610  33 ff 33 33 33 ff 33 33  33 ff 33 33 33 ff 33 33  |3.333.333.333.33|
*
002fa660  33 86 00 00 00 00 00 00  00 00 00 00 00 00 00 00  |3...............|
002fa670  00 00 00 00 00 00 00 00  00 00 00 00 00 00 00 00  |................|
*
002fa9e0  00 00 00 00 00 00 00 00  00 00 00 00 00 02 32 32  |..............22|
002fa9f0  32 c4 33 33 33 ff 33 33  33 ff 33 33 33 ff 33 33  |2.333.333.333.33|
002faa00  33 ff 33 33 33 ff 33 33  33 ff 33 33 33 ff 33 33  |3.333.333.333.33|
*
002fae50  33 ff 33 33 33 ff 33 33  33 ff 33 33 33 8a 00 00  |3.333.333.333...|
002fae60  00 00 00 00 00 00 00 00  00 00 00 00 00 00 00 00  |................|
*
002fb1e0  00 00 00 00 00 00 00 00  00 00 00 00 00 00 33 33  |..............33|
002fb1f0  33 28 33 33 33 f8 33 33  33 ff 33 33 33 ff 33 33  |3(333.333.333.33|
002fb200  33 ff 33 33 33 ff 33 33  33 ff 33 33 33 ff 33 33  |3.333.333.333.33|
*
002fb650  33 ff 33 33 33 ff 32 32  32 89 00 00 00 00 00 00  |3.333.222.......|
002fb660  00 00 00 00 00 00 00 00  00 00 00 00 00 00 00 00  |................|
*
002fb9f0  00 00 32 32 32 75 33 33  33 ff 33 33 33 ff 33 33  |..222u333.333.33|
002fba00  33 ff 33 33 33 ff 33 33  33 ff 33 33 33 ff 33 33  |3.333.333.333.33|
*
002fbe50  33 ff 33 33 33 82 00 00  00 00 00 00 00 00 00 00  |3.333...........|
002fbe60  00 00 00 00 00 00 00 00  00 00 00 00 00 00 00 00  |................|
*
002fc1f0  00 00 00 00 00 01 32 32  32 ab 33 33 33 ff 33 33  |......222.333.33|
002fc200  33 ff 33 33 33 ff 33 33  33 ff 33 33 33 ff 33 33  |3.333.333.333.33|
*
002fc640  33 ff 33 33 33 ff 33 33  33 ff 33 33 33 ff 32 32  |3.333.333.333.22|
002fc650  32 88 00 00 00 00 00 00  00 00 00 00 00 00 00 00  |2...............|
002fc660  00 00 00 00 00 00 00 00  00 00 00 00 00 00 00 00  |................|
*
002fc9f0  00 00 00 00 00 00 36 36  36 0e 33 33 33 d0 33 33  |......666.333.33|
002fca00  33 ff 33 33 33 ff 33 33  33 ff 33 33 33 ff 33 33  |3.333.333.333.33|
*
002fce40  33 ff 33 33 33 ff 33 33  33 ff 32 32 32 7f 00 00  |3.333.333.222...|
002fce50  00 00 00 00 00 00 00 00  00 00 00 00 00 00 00 00  |................|
*
002fd1f0  00 00 00 00 00 00 00 00  00 00 30 30 30 15 33 33  |..........000.33|
002fd200  33 d6 33 33 33 ff 33 33  33 ff 33 33 33 ff 33 33  |3.333.333.333.33|
002fd210  33 ff 33 33 33 ff 33 33  33 ff 33 33 33 ff 33 33  |3.333.333.333.33|
*
002fd640  33 ff 33 33 33 ff 32 32  32 7f 00 00 00 00 00 00  |3.333.222.......|
002fd650  00 00 00 00 00 00 00 00  00 00 00 00 00 00 00 00  |................|
*
002fd9f0  00 00 00 00 00 00 00 00  00 00 00 00 00 00 36 36  |..............66|
002fda00  36 1c 33 33 33 d7 33 33  33 ff 33 33 33 ff 33 33  |6.333.333.333.33|
002fda10  33 ff 33 33 33 ff 33 33  33 ff 33 33 33 ff 33 33  |3.333.333.333.33|
*
002fde40  33 ff 33 33 33 7d 00 00  00 00 00 00 00 00 00 00  |3.333}..........|
002fde50  00 00 00 00 00 00 00 00  00 00 00 00 00 00 00 00  |................|
*
002fe200  00 00 2d 2d 2d 11 32 32  32 c0 33 33 33 ff 33 33  |..---.222.333.33|
002fe210  33 ff 33 33 33 ff 33 33  33 ff 33 33 33 ff 33 33  |3.333.333.333.33|
*
002fe630  33 ff 33 33 33 ff 33 33  33 ff 33 33 33 ff 32 32  |3.333.333.333.22|
002fe640  32 7e 00 00 00 00 00 00  00 00 00 00 00 00 00 00  |2~..............|
002fe650  00 00 00 00 00 00 00 00  00 00 00 00 00 00 00 00  |................|
*
002fea00  00 00 00 00 00 00 24 24  24 07 33 33 33 9a 33 33  |......$$$.333.33|
002fea10  33 ff 33 33 33 ff 33 33  33 ff 33 33 33 ff 33 33  |3.333.333.333.33|
*
002fee30  33 ff 33 33 33 ff 33 33  33 ff 32 32 32 7a 00 00  |3.333.333.222z..|
002fee40  00 00 00 00 00 00 00 00  00 00 00 00 00 00 00 00  |................|
*
002ff200  00 00 00 00 00 00 00 00  00 00 00 00 00 00 32 32  |..............22|
002ff210  32 51 32 32 32 ec 33 33  33 ff 33 33 33 ff 33 33  |2Q222.333.333.33|
002ff220  33 ff 33 33 33 ff 33 33  33 ff 33 33 33 ff 33 33  |3.333.333.333.33|
*
002ff630  33 ff 33 33 33 ff 33 33  33 7d 00 00 00 00 00 00  |3.333.333}......|
002ff640  00 00 00 00 00 00 00 00  00 00 00 00 00 00 00 00  |................|
*
002ffa10  00 00 35 35 35 18 33 33  33 9e 33 33 33 fd 33 33  |..555.333.333.33|
002ffa20  33 ff 33 33 33 ff 33 33  33 ff 33 33 33 ff 33 33  |3.333.333.333.33|
*
002ffe30  33 ff 33 33 33 77 00 00  00 00 00 00 00 00 00 00  |3.333w..........|
002ffe40  00 00 00 00 00 00 00 00  00 00 00 00 00 00 00 00  |................|
*
00300210  00 00 00 00 00 00 00 00  00 00 31 31 31 34 33 33  |..........111433|
00300220  33 b8 33 33 33 fe 33 33  33 ff 33 33 33 ff 33 33  |3.333.333.333.33|
00300230  33 ff 33 33 33 ff 33 33  33 ff 33 33 33 ff 33 33  |3.333.333.333.33|
*
00300630  33 76 00 00 00 00 00 00  00 00 00 00 00 00 00 00  |3v..............|
00300640  00 00 00 00 00 00 00 00  00 00 00 00 00 00 00 00  |................|
*
00300a20  00 00 31 31 31 2e 33 33  33 a0 33 33 33 f5 33 33  |..111.333.333.33|
00300a30  33 ff 33 33 33 ff 33 33  33 ff 33 33 33 ff 33 33  |3.333.333.333.33|
*
00300e20  33 ff 33 33 33 ff 33 33  33 ff 32 32 32 75 00 00  |3.333.333.222u..|
00300e30  00 00 00 00 00 00 00 00  00 00 00 00 00 00 00 00  |................|
*
00301220  00 00 00 00 00 00 00 00  00 00 2a 2a 2a 0c 33 33  |..........***.33|
00301230  33 5a 32 32 32 b0 33 33  33 ef 33 33 33 ff 33 33  |3Z222.333.333.33|
00301240  33 ff 33 33 33 ff 33 33  33 ff 33 33 33 ff 33 33  |3.333.333.333.33|
*
00301620  33 ff 33 33 33 ff 32 32  32 74 00 00 00 00 00 00  |3.333.222t......|
00301630  00 00 00 00 00 00 00 00  00 00 00 00 00 00 00 00  |................|
*
00301a30  00 00 00 00 00 00 00 00  00 02 35 35 35 30 32 32  |..........555022|
00301a40  32 6a 32 32 32 92 33 33  33 b7 32 32 32 d8 32 32  |2j222.333.222.22|
00301a50  32 e7 33 33 33 f0 33 33  33 ff 33 33 33 ff 33 33  |2.333.333.333.33|
00301a60  33 ff 33 33 33 ff 33 33  33 ff 33 33 33 ff 33 33  |3.333.333.333.33|
*
00301e20  33 ff 33 33 33 73 00 00  00 00 00 00 00 00 00 00  |3.333s..........|
00301e30  00 00 00 00 00 00 00 00  00 00 00 00 00 00 00 00  |................|
*
03200000
