00000000  eb 3c 90 6d 6b 66 73 2e  66 61 74 00 02 04 04 00  |.<.mkfs.fat.....|
00000010  02 00 02 00 50 f8 14 00  20 00 02 00 00 00 00 00  |....P... .......|
00000020  00 00 00 00 80 00 29 03  cc 84 31 4e 4f 20 4e 41  |......)...1NO NA|
00000030  4d 45 20 20 20 20 46 41  54 31 36 20 20 20 0e 1f  |ME    FAT16   ..|
00000040  be 5b 7c ac 22 c0 74 0b  56 b4 0e bb 07 00 cd 10  |.[|.".t.V.......|
00000050  5e eb f0 32 e4 cd 16 cd  19 eb fe 54 68 69 73 20  |^..2.......This |
00000060  69 73 20 6e 6f 74 20 61  20 62 6f 6f 74 61 62 6c  |is not a bootabl|
00000070  65 20 64 69 73 6b 2e 20  20 50 6c 65 61 73 65 20  |e disk.  Please |
00000080  69 6e 73 65 72 74 20 61  20 62 6f 6f 74 61 62 6c  |insert a bootabl|
00000090  65 20 66 6c 6f 70 70 79  20 61 6e 64 0d 0a 70 72  |e floppy and..pr|
000000a0  65 73 73 20 61 6e 79 20  6b 65 79 20 74 6f 20 74  |ess any key to t|
000000b0  72 79 20 61 67 61 69 6e  20 2e 2e 2e 20 0d 0a 00  |ry again ... ...|
000000c0  00 00 00 00 00 00 00 00  00 00 00 00 00 00 00 00  |................|
*
000001f0  00 00 00 00 00 00 00 00  00 00 00 00 00 00 55 aa  |..............U.|
00000200  00 00 00 00 00 00 00 00  00 00 00 00 00 00 00 00  |................|
*
00000800  f8 ff ff ff 00 00 04 00  05 00 06 00 07 00 08 00  |................|
00000810  09 00 0a 00 0b 00 0c 00  0d 00 0e 00 0f 00 10 00  |................|
00000820  11 00 12 00 13 00 14 00  15 00 16 00 17 00 18 00  |................|
00000830  19 00 1a 00 1b 00 1c 00  1d 00 1e 00 1f 00 20 00  |.............. .|
00000840  21 00 22 00 23 00 24 00  25 00 26 00 27 00 28 00  |!.".#.$.%.&.'.(.|
00000850  29 00 2a 00 2b 00 2c 00  2d 00 2e 00 2f 00 30 00  |).*.+.,.-.../.0.|
00000860  31 00 32 00 33 00 34 00  35 00 36 00 37 00 38 00  |1.2.3.4.5.6.7.8.|
00000870  39 00 3a 00 3b 00 3c 00  3d 00 3e 00 3f 00 40 00  |9.:.;.<.=.>.?.@.|
00000880  41 00 42 00 43 00 44 00  45 00 46 00 47 00 48 00  |A.B.C.D.E.F.G.H.|
00000890  49 00 4a 00 4b 00 4c 00  4d 00 4e 00 4f 00 50 00  |I.J.K.L.M.N.O.P.|
000008a0  51 00 52 00 53 00 54 00  55 00 56 00 57 00 58 00  |Q.R.S.T.U.V.W.X.|
000008b0  59 00 5a 00 5b 00 5c 00  5d 00 5e 00 5f 00 60 00  |Y.Z.[.\.].^._.`.|
000008c0  61 00 62 00 63 00 64 00  65 00 66 00 67 00 68 00  |a.b.c.d.e.f.g.h.|
000008d0  69 00 6a 00 6b 00 6c 00  6d 00 6e 00 6f 00 70 00  |i.j.k.l.m.n.o.p.|
000008e0  71 00 72 00 73 00 74 00  75 00 76 00 77 00 78 00  |q.r.s.t.u.v.w.x.|
000008f0  79 00 7a 00 7b 00 7c 00  7d 00 7e 00 7f 00 80 00  |y.z.{.|.}.~.....|
00000900  81 00 82 00 83 00 84 00  85 00 86 00 87 00 88 00  |................|
00000910  89 00 8a 00 8b 00 8c 00  8d 00 8e 00 8f 00 90 00  |................|
00000920  91 00 92 00 93 00 94 00  95 00 96 00 97 00 98 00  |................|
00000930  99 00 9a 00 9b 00 9c 00  9d 00 9e 00 9f 00 a0 00  |................|
00000940  a1 00 a2 00 a3 00 a4 00  a5 00 a6 00 a7 00 a8 00  |................|
00000950  a9 00 aa 00 ab 00 ac 00  ad 00 ae 00 af 00 b0 00  |................|
00000960  b1 00 b2 00 b3 00 b4 00  b5 00 b6 00 b7 00 b8 00  |................|
00000970  b9 00 ba 00 bb 00 bc 00  bd 00 be 00 bf 00 c0 00  |................|
00000980  c1 00 c2 00 c3 00 c4 00  c5 00 c6 00 c7 00 c8 00  |................|
00000990  c9 00 ca 00 cb 00 cc 00  cd 00 ce 00 cf 00 d0 00  |................|
000009a0  d1 00 d2 00 d3 00 d4 00  d5 00 d6 00 d7 00 d8 00  |................|
000009b0  d9 00 da 00 db 00 dc 00  dd 00 de 00 df 00 e0 00  |................|
000009c0  e1 00 e2 00 e3 00 e4 00  e5 00 e6 00 e7 00 e8 00  |................|
000009d0  e9 00 ea 00 eb 00 ec 00  ed 00 ee 00 ef 00 f0 00  |................|
000009e0  f1 00 f2 00 f3 00 f4 00  f5 00 f6 00 f7 00 f8 00  |................|
000009f0  f9 00 fa 00 fb 00 fc 00  fd 00 fe 00 ff 00 00 01  |................|
00000a00  01 01 02 01 03 01 04 01  05 01 06 01 07 01 08 01  |................|
00000a10  09 01 0a 01 0b 01 0c 01  0d 01 0e 01 0f 01 10 01  |................|
00000a20  11 01 12 01 13 01 14 01  15 01 16 01 17 01 18 01  |................|
00000a30  19 01 1a 01 1b 01 1c 01  1d 01 1e 01 1f 01 20 01  |.............. .|
00000a40  21 01 22 01 23 01 24 01  25 01 26 01 27 01 28 01  |!.".#.$.%.&.'.(.|
00000a50  29 01 2a 01 2b 01 2c 01  2d 01 2e 01 2f 01 30 01  |).*.+.,.-.../.0.|
00000a60  31 01 32 01 33 01 34 01  35 01 36 01 37 01 38 01  |1.2.3.4.5.6.7.8.|
00000a70  39 01 3a 01 3b 01 3c 01  3d 01 3e 01 3f 01 40 01  |9.:.;.<.=.>.?.@.|
00000a80  41 01 42 01 43 01 44 01  45 01 46 01 47 01 48 01  |A.B.C.D.E.F.G.H.|
00000a90  49 01 4a 01 4b 01 4c 01  4d 01 4e 01 4f 01 50 01  |I.J.K.L.M.N.O.P.|
00000aa0  51 01 52 01 53 01 54 01  55 01 56 01 57 01 58 01  |Q.R.S.T.U.V.W.X.|
00000ab0  59 01 5a 01 5b 01 5c 01  5d 01 5e 01 5f 01 60 01  |Y.Z.[.\.].^._.`.|
00000ac0  61 01 62 01 63 01 64 01  65 01 66 01 67 01 68 01  |a.b.c.d.e.f.g.h.|
00000ad0  69 01 6a 01 6b 01 6c 01  6d 01 6e 01 6f 01 70 01  |i.j.k.l.m.n.o.p.|
00000ae0  71 01 72 01 73 01 74 01  75 01 76 01 77 01 78 01  |q.r.s.t.u.v.w.x.|
00000af0  79 01 7a 01 7b 01 7c 01  7d 01 7e 01 7f 01 80 01  |y.z.{.|.}.~.....|
00000b00  81 01 82 01 83 01 84 01  85 01 86 01 87 01 88 01  |................|
00000b10  89 01 8a 01 8b 01 8c 01  8d 01 8e 01 8f 01 90 01  |................|
00000b20  91 01 92 01 93 01 94 01  95 01 96 01 97 01 98 01  |................|
00000b30  99 01 9a 01 9b 01 9c 01  9d 01 9e 01 9f 01 a0 01  |................|
00000b40  a1 01 a2 01 a3 01 a4 01  a5 01 a6 01 a7 01 a8 01  |................|
00000b50  a9 01 aa 01 ab 01 ac 01  ad 01 ae 01 af 01 b0 01  |................|
00000b60  b1 01 b2 01 b3 01 b4 01  b5 01 b6 01 b7 01 b8 01  |................|
00000b70  b9 01 ba 01 bb 01 bc 01  bd 01 be 01 bf 01 c0 01  |................|
00000b80  c1 01 c2 01 c3 01 c4 01  c5 01 c6 01 c7 01 c8 01  |................|
00000b90  c9 01 ca 01 cb 01 cc 01  cd 01 ce 01 cf 01 d0 01  |................|
00000ba0  d1 01 d2 01 d3 01 d4 01  d5 01 d6 01 d7 01 d8 01  |................|
00000bb0  d9 01 da 01 db 01 dc 01  dd 01 de 01 df 01 e0 01  |................|
00000bc0  e1 01 e2 01 e3 01 e4 01  e5 01 e6 01 e7 01 e8 01  |................|
00000bd0  e9 01 ea 01 eb 01 ec 01  ed 01 ee 01 ef 01 f0 01  |................|
00000be0  f1 01 f2 01 f3 01 f4 01  f5 01 f6 01 f7 01 f8 01  |................|
00000bf0  f9 01 fa 01 fb 01 fc 01  fd 01 fe 01 ff 01 00 02  |................|
00000c00  01 02 02 02 03 02 ff ff  ff ff 00 00 00 00 00 00  |................|
00000c10  00 00 00 00 00 00 00 00  00 00 00 00 00 00 00 00  |................|
*
00003000  f8 ff ff ff 00 00 04 00  05 00 06 00 07 00 08 00  |................|
00003010  09 00 0a 00 0b 00 0c 00  0d 00 0e 00 0f 00 10 00  |................|
00003020  11 00 12 00 13 00 14 00  15 00 16 00 17 00 18 00  |................|
00003030  19 00 1a 00 1b 00 1c 00  1d 00 1e 00 1f 00 20 00  |.............. .|
00003040  21 00 22 00 23 00 24 00  25 00 26 00 27 00 28 00  |!.".#.$.%.&.'.(.|
00003050  29 00 2a 00 2b 00 2c 00  2d 00 2e 00 2f 00 30 00  |).*.+.,.-.../.0.|
00003060  31 00 32 00 33 00 34 00  35 00 36 00 37 00 38 00  |1.2.3.4.5.6.7.8.|
00003070  39 00 3a 00 3b 00 3c 00  3d 00 3e 00 3f 00 40 00  |9.:.;.<.=.>.?.@.|
00003080  41 00 42 00 43 00 44 00  45 00 46 00 47 00 48 00  |A.B.C.D.E.F.G.H.|
00003090  49 00 4a 00 4b 00 4c 00  4d 00 4e 00 4f 00 50 00  |I.J.K.L.M.N.O.P.|
000030a0  51 00 52 00 53 00 54 00  55 00 56 00 57 00 58 00  |Q.R.S.T.U.V.W.X.|
000030b0  59 00 5a 00 5b 00 5c 00  5d 00 5e 00 5f 00 60 00  |Y.Z.[.\.].^._.`.|
000030c0  61 00 62 00 63 00 64 00  65 00 66 00 67 00 68 00  |a.b.c.d.e.f.g.h.|
000030d0  69 00 6a 00 6b 00 6c 00  6d 00 6e 00 6f 00 70 00  |i.j.k.l.m.n.o.p.|
000030e0  71 00 72 00 73 00 74 00  75 00 76 00 77 00 78 00  |q.r.s.t.u.v.w.x.|
000030f0  79 00 7a 00 7b 00 7c 00  7d 00 7e 00 7f 00 80 00  |y.z.{.|.}.~.....|
00003100  81 00 82 00 83 00 84 00  85 00 86 00 87 00 88 00  |................|
00003110  89 00 8a 00 8b 00 8c 00  8d 00 8e 00 8f 00 90 00  |................|
00003120  91 00 92 00 93 00 94 00  95 00 96 00 97 00 98 00  |................|
00003130  99 00 9a 00 9b 00 9c 00  9d 00 9e 00 9f 00 a0 00  |................|
00003140  a1 00 a2 00 a3 00 a4 00  a5 00 a6 00 a7 00 a8 00  |................|
00003150  a9 00 aa 00 ab 00 ac 00  ad 00 ae 00 af 00 b0 00  |................|
00003160  b1 00 b2 00 b3 00 b4 00  b5 00 b6 00 b7 00 b8 00  |................|
00003170  b9 00 ba 00 bb 00 bc 00  bd 00 be 00 bf 00 c0 00  |................|
00003180  c1 00 c2 00 c3 00 c4 00  c5 00 c6 00 c7 00 c8 00  |................|
00003190  c9 00 ca 00 cb 00 cc 00  cd 00 ce 00 cf 00 d0 00  |................|
000031a0  d1 00 d2 00 d3 00 d4 00  d5 00 d6 00 d7 00 d8 00  |................|
000031b0  d9 00 da 00 db 00 dc 00  dd 00 de 00 df 00 e0 00  |................|
000031c0  e1 00 e2 00 e3 00 e4 00  e5 00 e6 00 e7 00 e8 00  |................|
000031d0  e9 00 ea 00 eb 00 ec 00  ed 00 ee 00 ef 00 f0 00  |................|
000031e0  f1 00 f2 00 f3 00 f4 00  f5 00 f6 00 f7 00 f8 00  |................|
000031f0  f9 00 fa 00 fb 00 fc 00  fd 00 fe 00 ff 00 00 01  |................|
00003200  01 01 02 01 03 01 04 01  05 01 06 01 07 01 08 01  |................|
00003210  09 01 0a 01 0b 01 0c 01  0d 01 0e 01 0f 01 10 01  |................|
00003220  11 01 12 01 13 01 14 01  15 01 16 01 17 01 18 01  |................|
00003230  19 01 1a 01 1b 01 1c 01  1d 01 1e 01 1f 01 20 01  |.............. .|
00003240  21 01 22 01 23 01 24 01  25 01 26 01 27 01 28 01  |!.".#.$.%.&.'.(.|
00003250  29 01 2a 01 2b 01 2c 01  2d 01 2e 01 2f 01 30 01  |).*.+.,.-.../.0.|
00003260  31 01 32 01 33 01 34 01  35 01 36 01 37 01 38 01  |1.2.3.4.5.6.7.8.|
00003270  39 01 3a 01 3b 01 3c 01  3d 01 3e 01 3f 01 40 01  |9.:.;.<.=.>.?.@.|
00003280  41 01 42 01 43 01 44 01  45 01 46 01 47 01 48 01  |A.B.C.D.E.F.G.H.|
00003290  49 01 4a 01 4b 01 4c 01  4d 01 4e 01 4f 01 50 01  |I.J.K.L.M.N.O.P.|
000032a0  51 01 52 01 53 01 54 01  55 01 56 01 57 01 58 01  |Q.R.S.T.U.V.W.X.|
000032b0  59 01 5a 01 5b 01 5c 01  5d 01 5e 01 5f 01 60 01  |Y.Z.[.\.].^._.`.|
000032c0  61 01 62 01 63 01 64 01  65 01 66 01 67 01 68 01  |a.b.c.d.e.f.g.h.|
000032d0  69 01 6a 01 6b 01 6c 01  6d 01 6e 01 6f 01 70 01  |i.j.k.l.m.n.o.p.|
000032e0  71 01 72 01 73 01 74 01  75 01 76 01 77 01 78 01  |q.r.s.t.u.v.w.x.|
000032f0  79 01 7a 01 7b 01 7c 01  7d 01 7e 01 7f 01 80 01  |y.z.{.|.}.~.....|
00003300  81 01 82 01 83 01 84 01  85 01 86 01 87 01 88 01  |................|
00003310  89 01 8a 01 8b 01 8c 01  8d 01 8e 01 8f 01 90 01  |................|
00003320  91 01 92 01 93 01 94 01  95 01 96 01 97 01 98 01  |................|
00003330  99 01 9a 01 9b 01 9c 01  9d 01 9e 01 9f 01 a0 01  |................|
00003340  a1 01 a2 01 a3 01 a4 01  a5 01 a6 01 a7 01 a8 01  |................|
00003350  a9 01 aa 01 ab 01 ac 01  ad 01 ae 01 af 01 b0 01  |................|
00003360  b1 01 b2 01 b3 01 b4 01  b5 01 b6 01 b7 01 b8 01  |................|
00003370  b9 01 ba 01 bb 01 bc 01  bd 01 be 01 bf 01 c0 01  |................|
00003380  c1 01 c2 01 c3 01 c4 01  c5 01 c6 01 c7 01 c8 01  |................|
00003390  c9 01 ca 01 cb 01 cc 01  cd 01 ce 01 cf 01 d0 01  |................|
000033a0  d1 01 d2 01 d3 01 d4 01  d5 01 d6 01 d7 01 d8 01  |................|
000033b0  d9 01 da 01 db 01 dc 01  dd 01 de 01 df 01 e0 01  |................|
000033c0  e1 01 e2 01 e3 01 e4 01  e5 01 e6 01 e7 01 e8 01  |................|
000033d0  e9 01 ea 01 eb 01 ec 01  ed 01 ee 01 ef 01 f0 01  |................|
000033e0  f1 01 f2 01 f3 01 f4 01  f5 01 f6 01 f7 01 f8 01  |................|
000033f0  f9 01 fa 01 fb 01 fc 01  fd 01 fe 01 ff 01 00 02  |................|
00003400  01 02 02 02 03 02 ff ff  ff ff 00 00 00 00 00 00  |................|
00003410  00 00 00 00 00 00 00 00  00 00 00 00 00 00 00 00  |................|
*
00005800  42 70 00 00 00 ff ff ff  ff ff ff 0f 00 57 ff ff  |Bp...........W..|
00005810  ff ff ff ff ff ff ff ff  ff ff 00 00 ff ff ff ff  |................|
00005820  01 69 00 6d 00 61 00 67  00 65 00 0f 00 57 2d 00  |.i.m.a.g.e...W-.|
00005830  6e 00 61 00 6d 00 65 00  2e 00 00 00 62 00 6d 00  |n.a.m.e.....b.m.|
00005840  49 4d 41 47 45 2d 7e 31  42 4d 50 20 00 ad 4e 40  |IMAGE-~1BMP ..N@|
00005850  61 5b 61 5b 00 00 4e 40  61 5b 03 00 8a 00 10 00  |a[a[..N@a[......|
00005860  e5 66 00 69 00 6c 00 65  00 2e 00 0f 00 19 74 00  |.f.i.l.e......t.|
00005870  78 00 74 00 00 00 ff ff  ff ff 00 00 ff ff ff ff  |x.t.............|
00005880  e5 49 4c 45 20 20 20 20  54 58 54 20 00 c0 66 40  |.ILE    TXT ..f@|
00005890  61 5b 62 5b 00 00 af 8b  62 5b 05 02 05 00 00 00  |a[b[....b[......|
000058a0  41 66 00 6f 00 6c 00 64  00 65 00 0f 00 b1 72 00  |Af.o.l.d.e....r.|
000058b0  00 00 ff ff ff ff ff ff  ff ff 00 00 ff ff ff ff  |................|
000058c0  46 4f 4c 44 45 52 20 20  20 20 20 10 00 63 71 40  |FOLDER     ..cq@|
000058d0  61 5b 61 5b 00 00 71 40  61 5b 04 02 00 00 00 00  |a[a[..q@a[......|
000058e0  00 00 00 00 00 00 00 00  00 00 00 00 00 00 00 00  |................|
*
0000a000  42 4d 8a 00 10 00 00 00  00 00 8a 00 00 00 7c 00  |BM............|.|
0000a010  00 00 00 02 00 00 00 02  00 00 01 00 20 00 03 00  |............ ...|
0000a020  00 00 00 00 10 00 12 0b  00 00 12 0b 00 00 00 00  |................|
0000a030  00 00 00 00 00 00 00 00  ff 00 00 ff 00 00 ff 00  |................|
0000a040  00 00 00 00 00 ff 42 47  52 73 8f c2 f5 28 51 b8  |......BGRs...(Q.|
0000a050  1e 15 1e 85 eb 01 33 33  33 13 66 66 66 26 66 66  |......333.fff&ff|
0000a060  66 06 99 99 99 09 3d 0a  d7 03 28 5c 8f 32 00 00  |f.....=...(\.2..|
0000a070  00 00 00 00 00 00 00 00  00 00 04 00 00 00 00 00  |................|
0000a080  00 00 00 00 00 00 00 00  00 00 00 00 00 00 00 00  |................|
*
0000e230  00 00 00 00 00 00 00 00  00 00 31 31 31 1f 33 33  |..........111.33|
0000e240  33 5e 32 32 32 88 33 33  33 ae 33 33 33 d5 32 32  |3^222.333.333.22|
0000e250  32 e2 33 33 33 ef 33 33  33 ff 33 33 33 ff 33 33  |2.333.333.333.33|
0000e260  33 ff 33 33 33 ff 33 33  33 ff 33 33 33 ff 33 33  |3.333.333.333.33|
*
0000e760  33 ff 33 33 33 f5 33 33  33 e9 33 33 33 dc 33 33  |3.333.333.333.33|
0000e770  33 bd 33 33 33 96 33 33  33 6e 33 33 33 36 55 55  |3.333.333n3336UU|
0000e780  55 03 00 00 00 00 00 00  00 00 00 00 00 00 00 00  |U...............|
0000e790  00 00 00 00 00 00 00 00  00 00 00 00 00 00 00 00  |................|
*
0000ea20  00 00 00 00 00 00 00 00  00 00 00 00 00 00 33 33  |..............33|
0000ea30  33 3b 33 33 33 96 33 33  33 dc 33 33 33 ff 33 33  |3;333.333.333.33|
0000ea40  33 ff 33 33 33 ff 33 33  33 ff 33 33 33 ff 33 33  |3.333.333.333.33|
*
0000ef80  33 ef 33 33 33 ae 33 33  33 59 38 38 38 09 00 00  |3.333.333Y888...|
0000ef90  00 00 00 00 00 00 00 00  00 00 00 00 00 00 00 00  |................|
*
0000f220  00 00 2a 2a 2a 0c 32 32  32 75 33 33 33 da 33 33  |..***.222u333.33|
0000f230  33 ff 33 33 33 ff 33 33  33 ff 33 33 33 ff 33 33  |3.333.333.333.33|
*
0000f780  33 ff 33 33 33 ff 33 33  33 ff 33 33 33 f0 32 32  |3.333.333.333.22|
0000f790  32 97 34 34 34 22 00 00  00 00 00 00 00 00 00 00  |2.444"..........|
0000f7a0  00 00 00 00 00 00 00 00  00 00 00 00 00 00 00 00  |................|
*
0000fa10  00 00 00 00 00 00 00 00  00 00 2a 2a 2a 0c 33 33  |..........***.33|
0000fa20  33 7c 32 32 32 ec 33 33  33 ff 33 33 33 ff 33 33  |3|222.333.333.33|
0000fa30  33 ff 33 33 33 ff 33 33  33 ff 33 33 33 ff 33 33  |3.333.333.333.33|
*
0000ff90  33 ff 32 32 32 fb 33 33  33 9f 36 36 36 21 00 00  |3.222.333.666!..|
0000ffa0  00 00 00 00 00 00 00 00  00 00 00 00 00 00 00 00  |................|
*
00010210  00 00 00 00 00 00 31 31  31 4d 33 33 33 e0 33 33  |......111M333.33|
00010220  33 ff 33 33 33 ff 33 33  33 ff 33 33 33 ff 33 33  |3.333.333.333.33|
*
00010790  33 ff 33 33 33 ff 33 33  33 ff 32 32 32 f6 33 33  |3.333.333.222.33|
000107a0  33 80 24 24 24 07 00 00  00 00 00 00 00 00 00 00  |3.$$$...........|
000107b0  00 00 00 00 00 00 00 00  00 00 00 00 00 00 00 00  |................|
*
00010a00  00 00 00 00 00 00 00 00  00 00 00 00 00 00 38 38  |..............88|
00010a10  38 12 33 33 33 af 33 33  33 ff 33 33 33 ff 33 33  |8.333.333.333.33|
00010a20  33 ff 33 33 33 ff 33 33  33 ff 33 33 33 ff 33 33  |3.333.333.333.33|
*
00010fa0  33 ff 32 32 32 d4 35 35  35 2b 00 00 00 00 00 00  |3.222.555+......|
00010fb0  00 00 00 00 00 00 00 00  00 00 00 00 00 00 00 00  |................|
*
00011200  00 00 00 00 00 00 00 00  00 00 31 31 31 34 32 32  |..........111422|
00011210  32 de 33 33 33 ff 33 33  33 ff 33 33 33 ff 33 33  |2.333.333.333.33|
00011220  33 ff 33 33 33 ff 33 33  33 ff 33 33 33 ff 33 33  |3.333.333.333.33|
*
000117a0  33 ff 33 33 33 ff 32 32  32 f6 33 33 33 63 00 00  |3.333.222.333c..|
000117b0  00 00 00 00 00 00 00 00  00 00 00 00 00 00 00 00  |................|
*
00011a00  00 00 00 00 00 00 33 33  33 59 33 33 33 f9 33 33  |......333Y333.33|
00011a10  33 ff 33 33 33 ff 33 33  33 ff 33 33 33 ff 33 33  |3.333.333.333.33|
*
00011fb0  33 86 00 00 00 01 00 00  00 00 00 00 00 00 00 00  |3...............|
00011fc0  00 00 00 00 00 00 00 00  00 00 00 00 00 00 00 00  |................|
*
00012200  00 00 32 32 32 6b 33 33  33 fd 33 33 33 ff 33 33  |..222k333.333.33|
00012210  33 ff 33 33 33 ff 33 33  33 ff 33 33 33 ff 33 33  |3.333.333.333.33|
*
000127b0  33 ff 33 33 33 a0 3f 3f  3f 04 00 00 00 00 00 00  |3.333.???.......|
000127c0  00 00 00 00 00 00 00 00  00 00 00 00 00 00 00 00  |................|
*
000129f0  00 00 00 00 00 00 00 00  00 00 00 00 00 00 33 33  |..............33|
00012a00  33 6e 33 33 33 ff 33 33  33 ff 33 33 33 ff 33 33  |3n333.333.333.33|
00012a10  33 ff 33 33 33 ff 33 33  33 ff 33 33 33 ff 33 33  |3.333.333.333.33|
*
00012fb0  33 ff 33 33 33 ff 33 33  33 9a 00 00 00 00 00 00  |3.333.333.......|
00012fc0  00 00 00 00 00 00 00 00  00 00 00 00 00 00 00 00  |................|
*
000131f0  00 00 00 00 00 00 00 00  00 00 34 34 34 58 33 33  |..........444X33|
00013200  33 fd 33 33 33 ff 33 33  33 ff 33 33 33 ff 33 33  |3.333.333.333.33|
00013210  33 ff 33 33 33 ff 33 33  33 ff 33 33 33 ff 33 33  |3.333.333.333.33|
*
000137b0  33 ff 33 33 33 ff 33 33  33 ff 33 33 33 7d 00 00  |3.333.333.333}..|
000137c0  00 00 00 00 00 00 00 00  00 00 00 00 00 00 00 00  |................|
*
000139f0  00 00 00 00 00 00 31 31  31 39 33 33 33 f9 33 33  |......1119333.33|
00013a00  33 ff 33 33 33 ff 33 33  33 ff 33 33 33 ff 33 33  |3.333.333.333.33|
*
00013fb0  33 ff 33 33 33 ff 33 33  33 ff 33 33 33 fe 32 32  |3.333.333.333.22|
00013fc0  32 56 00 00 00 00 00 00  00 00 00 00 00 00 00 00  |2V..............|
00013fd0  00 00 00 00 00 00 00 00  00 00 00 00 00 00 00 00  |................|
*
000141f0  00 00 2d 2d 2d 11 33 33  33 df 33 33 33 ff 33 33  |..---.333.333.33|
00014200  33 ff 33 33 33 ff 33 33  33 ff 33 33 33 ff 33 33  |3.333.333.333.33|
*
000147c0  33 f0 36 36 36 21 00 00  00 00 00 00 00 00 00 00  |3.666!..........|
000147d0  00 00 00 00 00 00 00 00  00 00 00 00 00 00 00 00  |................|
*
000149f0  00 00 33 33 33 af 33 33  33 ff 33 33 33 ff 33 33  |..333.333.333.33|
00014a00  33 ff 33 33 33 ff 33 33  33 ff 33 33 33 ff 33 33  |3.333.333.333.33|
*
00014fc0  33 ff 33 33 33 c7 55 55  55 03 00 00 00 00 00 00  |3.333.UUU.......|
00014fd0  00 00 00 00 00 00 00 00  00 00 00 00 00 00 00 00  |................|
*
000151e0  00 00 00 00 00 00 00 00  00 00 00 00 00 00 32 32  |..............22|
000151f0  32 51 33 33 33 ff 33 33  33 ff 33 33 33 ff 33 33  |2Q333.333.333.33|
00015200  33 ff 33 33 33 ff 33 33  33 ff 33 33 33 ff 33 33  |3.333.333.333.33|
*
000157c0  33 ff 33 33 33 ff 33 33  33 68 00 00 00 00 00 00  |3.333.333h......|
000157d0  00 00 00 00 00 00 00 00  00 00 00 00 00 00 00 00  |................|
*
000159e0  00 00 00 00 00 00 00 00  00 00 2e 2e 2e 0b 33 33  |..............33|
000159f0  33 e1 33 33 33 ff 33 33  33 ff 33 33 33 ff 33 33  |3.333.333.333.33|
00015a00  33 ff 33 33 33 ff 33 33  33 ff 33 33 33 ff 33 33  |3.333.333.333.33|
*
00015a40  33 ff 32 32 32 e8 33 33  33 99 34 34 34 58 34 34  |3.222.333.444X44|
00015a50  34 2c 2d 2d 2d 11 00 00  00 00 00 00 00 00 00 00  |4,---...........|
00015a60  00 00 00 00 00 00 00 00  00 00 00 00 00 00 00 00  |................|
*
00015f60  00 00 2e 2e 2e 0b 31 31  31 1f 31 31 31 48 33 33  |......111.111H33|
00015f70  33 87 32 32 32 d8 33 33  33 ff 33 33 33 ff 33 33  |3.222.333.333.33|
00015f80  33 ff 33 33 33 ff 33 33  33 ff 33 33 33 ff 33 33  |3.333.333.333.33|
*
00015fc0  33 ff 33 33 33 ff 32 32  32 ec 35 35 35 13 00 00  |3.333.222.555...|
00015fd0  00 00 00 00 00 00 00 00  00 00 00 00 00 00 00 00  |................|
*
000161e0  00 00 00 00 00 00 00 00  00 00 33 33 33 7b 33 33  |..........333{33|
000161f0  33 ff 33 33 33 ff 33 33  33 ff 33 33 33 ff 33 33  |3.333.333.333.33|
*
00016230  33 ff 33 33 33 ff 33 33  33 ff 33 33 33 dc 31 31  |3.333.333.333.11|
00016240  31 57 33 33 33 05 00 00  00 00 00 00 00 00 00 00  |1W333...........|
00016250  00 00 00 00 00 00 00 00  00 00 00 00 00 00 00 00  |................|
*
00016770  00 00 00 00 00 01 34 34  34 44 33 33 33 c8 33 33  |......444D333.33|
00016780  33 ff 33 33 33 ff 33 33  33 ff 33 33 33 ff 33 33  |3.333.333.333.33|
*
000167c0  33 ff 33 33 33 ff 33 33  33 ff 33 33 33 8c 00 00  |3.333.333.333...|
000167d0  00 00 00 00 00 00 00 00  00 00 00 00 00 00 00 00  |................|
*
000169e0  00 00 00 00 00 00 2e 2e  2e 0b 33 33 33 eb 33 33  |..........333.33|
000169f0  33 ff 33 33 33 ff 33 33  33 ff 33 33 33 ff 33 33  |3.333.333.333.33|
*
00016a30  33 ff 33 33 33 f3 33 33  33 72 2a 2a 2a 06 00 00  |3.333.333r***...|
00016a40  00 00 00 00 00 00 00 00  00 00 00 00 00 00 00 00  |................|
*
00016f70  00 00 00 00 00 00 00 00  00 00 00 00 00 01 33 33  |..............33|
00016f80  33 6d 33 33 33 f8 33 33  33 ff 33 33 33 ff 33 33  |3m333.333.333.33|
00016f90  33 ff 33 33 33 ff 33 33  33 ff 33 33 33 ff 33 33  |3.333.333.333.33|
*
00016fc0  33 ff 33 33 33 ff 33 33  33 ff 33 33 33 f3 35 35  |3.333.333.333.55|
00016fd0  35 13 00 00 00 00 00 00  00 00 00 00 00 00 00 00  |5...............|
00016fe0  00 00 00 00 00 00 00 00  00 00 00 00 00 00 00 00  |................|
*
000171e0  00 00 00 00 00 00 33 33  33 72 33 33 33 ff 33 33  |......333r333.33|
000171f0  33 ff 33 33 33 ff 33 33  33 ff 33 33 33 ff 33 33  |3.333.333.333.33|
*
00017230  33 e0 31 31 31 2e 00 00  00 00 00 00 00 00 00 00  |3.111...........|
00017240  00 00 00 00 00 00 00 00  00 00 00 00 00 00 00 00  |................|
*
00017780  00 00 33 33 33 45 33 33  33 f4 33 33 33 ff 33 33  |..333E333.333.33|
00017790  33 ff 33 33 33 ff 33 33  33 ff 33 33 33 ff 33 33  |3.333.333.333.33|
*
000177c0  33 ff 33 33 33 ff 33 33  33 ff 33 33 33 ff 32 32  |3.333.333.333.22|
000177d0  32 7f 00 00 00 00 00 00  00 00 00 00 00 00 00 00  |2...............|
000177e0  00 00 00 00 00 00 00 00  00 00 00 00 00 00 00 00  |................|
*
000179e0  00 00 00 00 00 00 32 32  32 d8 33 33 33 ff 33 33  |......222.333.33|
000179f0  33 ff 33 33 33 ff 33 33  33 ff 33 33 33 ff 33 33  |3.333.333.333.33|
*
00017a20  33 ff 33 33 33 ff 33 33  33 ff 33 33 33 cb 37 37  |3.333.333.333.77|
00017a30  37 17 00 00 00 00 00 00  00 00 00 00 00 00 00 00  |7...............|
00017a40  00 00 00 00 00 00 00 00  00 00 00 00 00 00 00 00  |................|
*
00017f80  00 00 00 00 00 00 34 34  34 3a 33 33 33 f3 33 33  |......444:333.33|
00017f90  33 ff 33 33 33 ff 33 33  33 ff 33 33 33 ff 33 33  |3.333.333.333.33|
*
00017fc0  33 ff 33 33 33 ff 33 33  33 ff 33 33 33 ff 32 32  |3.333.333.333.22|
00017fd0  32 e2 00 00 00 02 00 00  00 00 00 00 00 00 00 00  |2...............|
00017fe0  00 00 00 00 00 00 00 00  00 00 00 00 00 00 00 00  |................|
*
000181e0  00 00 32 32 32 38 33 33  33 ff 33 33 33 ff 33 33  |..2228333.333.33|
000181f0  33 ff 33 33 33 ff 33 33  33 ff 33 33 33 ff 33 33  |3.333.333.333.33|
*
00018220  33 ff 33 33 33 ff 33 33  33 e1 37 37 37 17 00 00  |3.333.333.777...|
00018230  00 00 00 00 00 00 00 00  00 00 00 00 00 00 00 00  |................|
*
00018780  00 00 00 00 00 00 00 00  00 00 34 34 34 62 33 33  |..........444b33|
00018790  33 ff 33 33 33 ff 33 33  33 ff 33 33 33 ff 33 33  |3.333.333.333.33|
*
000187d0  33 ff 33 33 33 40 00 00  00 00 00 00 00 00 00 00  |3.333@..........|
000187e0  00 00 00 00 00 00 00 00  00 00 00 00 00 00 00 00  |................|
*
000189e0  00 00 33 33 33 94 33 33  33 ff 33 33 33 ff 33 33  |..333.333.333.33|
000189f0  33 ff 33 33 33 ff 33 33  33 ff 33 33 33 ff 33 33  |3.333.333.333.33|
*
00018a20  33 ff 33 33 33 f4 35 35  35 30 00 00 00 00 00 00  |3.333.5550......|
00018a30  00 00 00 00 00 00 00 00  00 00 00 00 00 00 00 00  |................|
*
00018f80  00 00 00 00 00 00 00 00  00 00 00 00 00 00 33 33  |..............33|
00018f90  33 aa 33 33 33 ff 33 33  33 ff 33 33 33 ff 33 33  |3.333.333.333.33|
00018fa0  33 ff 33 33 33 ff 33 33  33 ff 33 33 33 ff 33 33  |3.333.333.333.33|
*
00018fd0  33 ff 33 33 33 99 00 00  00 00 00 00 00 00 00 00  |3.333...........|
00018fe0  00 00 00 00 00 00 00 00  00 00 00 00 00 00 00 00  |................|
*
000191e0  00 00 33 33 33 db 33 33  33 ff 33 33 33 ff 33 33  |..333.333.333.33|
000191f0  33 ff 33 33 33 ff 33 33  33 ff 33 33 33 ff 33 33  |3.333.333.333.33|
*
00019220  33 ff 33 33 33 73 00 00  00 00 00 00 00 00 00 00  |3.333s..........|
00019230  00 00 00 00 00 00 00 00  00 00 00 00 00 00 00 00  |................|
*
00019780  00 00 00 00 00 00 00 00  00 00 00 00 00 00 37 37  |..............77|
00019790  37 17 32 32 32 f7 33 33  33 ff 33 33 33 ff 33 33  |7.222.333.333.33|
000197a0  33 ff 33 33 33 ff 33 33  33 ff 33 33 33 ff 33 33  |3.333.333.333.33|
*
000197d0  33 ff 33 33 33 e1 00 00  00 00 00 00 00 00 00 00  |3.333...........|
000197e0  00 00 00 00 00 00 00 00  00 00 00 00 00 00 00 00  |................|
*
000199d0  00 00 00 00 00 00 00 00  00 00 00 00 00 00 34 34  |..............44|
000199e0  34 1d 33 33 33 ff 33 33  33 ff 33 33 33 ff 33 33  |4.333.333.333.33|
000199f0  33 ff 33 33 33 ff 33 33  33 ff 33 33 33 ff 33 33  |3.333.333.333.33|
*
00019a20  33 df 24 24 24 07 00 00  00 00 00 00 00 00 00 00  |3.$$$...........|
00019a30  00 00 00 00 00 00 00 00  00 00 00 00 00 00 00 00  |................|
*
00019f90  00 00 33 33 33 99 33 33  33 ff 33 33 33 ff 33 33  |..333.333.333.33|
00019fa0  33 ff 33 33 33 ff 33 33  33 ff 33 33 33 ff 33 33  |3.333.333.333.33|
*
00019fd0  33 ff 33 33 33 ff 2f 2f  2f 20 00 00 00 00 00 00  |3.333./// ......|
00019fe0  00 00 00 00 00 00 00 00  00 00 00 00 00 00 00 00  |................|
*
0001a1d0  00 00 00 00 00 00 00 00  00 00 00 00 00 00 31 31  |..............11|
0001a1e0  31 5c 33 33 33 ff 33 33  33 ff 33 33 33 ff 33 33  |1\333.333.333.33|
0001a1f0  33 ff 33 33 33 ff 33 33  33 ff 33 33 33 ff 33 33  |3.333.333.333.33|
*
0001a210  33 ff 33 33 33 ff 33 33  33 ff 33 33 33 ff 31 31  |3.333.333.333.11|
0001a220  31 5c 00 00 00 00 00 00  00 00 00 00 00 00 00 00  |1\..............|
0001a230  00 00 00 00 00 00 00 00  00 00 00 00 00 00 00 00  |................|
*
0001a790  00 00 31 31 31 24 33 33  33 fe 33 33 33 ff 33 33  |..111$333.333.33|
0001a7a0  33 ff 33 33 33 ff 33 33  33 ff 33 33 33 ff 33 33  |3.333.333.333.33|
*
0001a7d0  33 ff 33 33 33 ff 33 33  33 5e 00 00 00 00 00 00  |3.333.333^......|
0001a7e0  00 00 00 00 00 00 00 00  00 00 00 00 00 00 00 00  |................|
*
0001a9d0  00 00 00 00 00 00 00 00  00 00 00 00 00 00 33 33  |..............33|
0001a9e0  33 87 33 33 33 ff 33 33  33 ff 33 33 33 ff 33 33  |3.333.333.333.33|
0001a9f0  33 ff 33 33 33 ff 33 33  33 ff 33 33 33 ff 33 33  |3.333.333.333.33|
*
0001aa10  33 ff 33 33 33 ff 33 33  33 ff 32 32 32 ec 24 24  |3.333.333.222.$$|
0001aa20  24 07 00 00 00 00 00 00  00 00 00 00 00 00 00 00  |$...............|
0001aa30  00 00 00 00 00 00 00 00  00 00 00 00 00 00 00 00  |................|
*
0001af90  00 00 00 00 00 00 32 32  32 d3 33 33 33 ff 33 33  |......222.333.33|
0001afa0  33 ff 33 33 33 ff 33 33  33 ff 33 33 33 ff 33 33  |3.333.333.333.33|
*
0001afd0  33 ff 33 33 33 ff 33 33  33 87 00 00 00 00 00 00  |3.333.333.......|
0001afe0  00 00 00 00 00 00 00 00  00 00 00 00 00 00 00 00  |................|
*
0001b1d0  00 00 00 00 00 00 00 00  00 00 00 00 00 00 33 33  |..............33|
0001b1e0  33 ae 33 33 33 ff 33 33  33 ff 33 33 33 ff 33 33  |3.333.333.333.33|
0001b1f0  33 ff 33 33 33 ff 33 33  33 ff 33 33 33 ff 33 33  |3.333.333.333.33|
*
0001b210  33 ff 33 33 33 ff 33 33  33 ff 33 33 33 9b 00 00  |3.333.333.333...|
0001b220  00 00 00 00 00 00 00 00  00 00 00 00 00 00 00 00  |................|
*
0001b790  00 00 00 00 00 00 32 32  32 8e 33 33 33 ff 33 33  |......222.333.33|
0001b7a0  33 ff 33 33 33 ff 33 33  33 ff 33 33 33 ff 33 33  |3.333.333.333.33|
*
0001b7d0  33 ff 33 33 33 ff 33 33  33 ae 00 00 00 00 00 00  |3.333.333.......|
0001b7e0  00 00 00 00 00 00 00 00  00 00 00 00 00 00 00 00  |................|
*
0001b9d0  00 00 00 00 00 00 00 00  00 00 00 00 00 00 32 32  |..............22|
0001b9e0  32 d3 33 33 33 ff 33 33  33 ff 33 33 33 ff 33 33  |2.333.333.333.33|
0001b9f0  33 ff 33 33 33 ff 33 33  33 ff 33 33 33 ff 33 33  |3.333.333.333.33|
*
0001ba10  33 ff 33 33 33 ff 33 33  33 ff 33 33 33 59 00 00  |3.333.333.333Y..|
0001ba20  00 00 00 00 00 00 00 00  00 00 00 00 00 00 00 00  |................|
*
0001bf90  00 00 00 00 00 00 34 34  34 4e 33 33 33 ff 33 33  |......444N333.33|
0001bfa0  33 ff 33 33 33 ff 33 33  33 ff 33 33 33 ff 33 33  |3.333.333.333.33|
*
0001bfd0  33 ff 33 33 33 ff 33 33  33 d2 00 00 00 00 00 00  |3.333.333.......|
0001bfe0  00 00 00 00 00 00 00 00  00 00 00 00 00 00 00 00  |................|
*
0001c1d0  00 00 00 00 00 00 00 00  00 00 00 00 00 00 33 33  |..............33|
0001c1e0  33 e4 33 33 33 ff 33 33  33 ff 33 33 33 ff 33 33  |3.333.333.333.33|
0001c1f0  33 ff 33 33 33 ff 33 33  33 ff 33 33 33 ff 33 33  |3.333.333.333.33|
*
0001c210  33 ff 33 33 33 ff 33 33  33 ff 34 34 34 2c 00 00  |3.333.333.444,..|
0001c220  00 00 00 00 00 00 00 00  00 00 00 00 00 00 00 00  |................|
*
0001c790  00 00 00 00 00 00 34 34  34 31 33 33 33 ff 33 33  |......4441333.33|
0001c7a0  33 ff 33 33 33 ff 33 33  33 ff 33 33 33 ff 33 33  |3.333.333.333.33|
*
0001c7d0  33 ff 33 33 33 ff 32 32  32 e2 00 00 00 00 00 00  |3.333.222.......|
0001c7e0  00 00 00 00 00 00 00 00  00 00 00 00 00 00 00 00  |................|
*
0001c9d0  00 00 00 00 00 00 00 00  00 00 00 00 00 00 33 33  |..............33|
0001c9e0  33 f0 33 33 33 ff 33 33  33 ff 33 33 33 ff 33 33  |3.333.333.333.33|
0001c9f0  33 ff 33 33 33 ff 33 33  33 ff 33 33 33 ff 33 33  |3.333.333.333.33|
*
0001ca10  33 ff 33 33 33 ff 33 33  33 ff 33 33 33 0f 00 00  |3.333.333.333...|
0001ca20  00 00 00 00 00 00 00 00  00 00 00 00 00 00 00 00  |................|
*
0001cf90  00 00 00 00 00 00 31 31  31 1a 33 33 33 ff 33 33  |......111.333.33|
0001cfa0  33 ff 33 33 33 ff 33 33  33 ff 33 33 33 ff 33 33  |3.333.333.333.33|
*
0001cfd0  33 ff 33 33 33 ff 33 33  33 f0 00 00 00 00 00 00  |3.333.333.......|
0001cfe0  00 00 00 00 00 00 00 00  00 00 00 00 00 00 00 00  |................|
*
0001d1d0  00 00 00 00 00 00 00 00  00 00 00 00 00 00 32 32  |..............22|
0001d1e0  32 fc 33 33 33 ff 33 33  33 ff 33 33 33 ff 33 33  |2.333.333.333.33|
0001d1f0  33 ff 33 33 33 ff 33 33  33 ff 33 33 33 ff 33 33  |3.333.333.333.33|
*
0001d210  33 ff 33 33 33 ff 33 33  33 ff 55 55 55 03 00 00  |3.333.333.UUU...|
0001d220  00 00 00 00 00 00 00 00  00 00 00 00 00 00 00 00  |................|
*
0001d790  00 00 00 00 00 00 33 33  33 05 33 33 33 ff 33 33  |......333.333.33|
0001d7a0  33 ff 33 33 33 ff 33 33  33 ff 33 33 33 ff 33 33  |3.333.333.333.33|
*
0001d7d0  33 ff 33 33 33 ff 32 32  32 fc 00 00 00 00 00 00  |3.333.222.......|
0001d7e0  00 00 00 00 00 00 00 00  00 00 00 00 00 00 00 00  |................|
*
0001d9d0  00 00 00 00 00 00 00 00  00 00 00 00 00 00 33 33  |..............33|
0001d9e0  33 ff 33 33 33 ff 33 33  33 ff 33 33 33 ff 33 33  |3.333.333.333.33|
*
0001da10  33 ff 33 33 33 ff 33 33  33 ff 00 00 00 00 00 00  |3.333.333.......|
0001da20  00 00 00 00 00 00 00 00  00 00 00 00 00 00 00 00  |................|
*
0001df90  00 00 00 00 00 00 00 00  00 00 33 33 33 ff 33 33  |..........333.33|
0001dfa0  33 ff 33 33 33 ff 33 33  33 ff 33 33 33 ff 33 33  |3.333.333.333.33|
*
0001dfd0  33 ff 33 33 33 ff 33 33  33 ff 00 00 00 00 00 00  |3.333.333.......|
0001dfe0  00 00 00 00 00 00 00 00  00 00 00 00 00 00 00 00  |................|
*
0001e1d0  00 00 00 00 00 00 00 00  00 00 00 00 00 00 33 33  |..............33|
0001e1e0  33 ff 33 33 33 ff 33 33  33 ff 33 33 33 ff 33 33  |3.333.333.333.33|
*
0001e210  33 ff 33 33 33 ff 33 33  33 ff 00 00 00 00 00 00  |3.333.333.......|
0001e220  00 00 00 00 00 00 00 00  00 00 00 00 00 00 00 00  |................|
*
0001e790  00 00 00 00 00 00 00 00  00 00 33 33 33 ff 33 33  |..........333.33|
0001e7a0  33 ff 33 33 33 ff 33 33  33 ff 33 33 33 ff 33 33  |3.333.333.333.33|
*
0001e7d0  33 ff 33 33 33 ff 33 33  33 ff 00 00 00 00 00 00  |3.333.333.......|
0001e7e0  00 00 00 00 00 00 00 00  00 00 00 00 00 00 00 00  |................|
*
0001e9d0  00 00 00 00 00 00 00 00  00 00 00 00 00 00 33 33  |..............33|
0001e9e0  33 ff 33 33 33 ff 33 33  33 ff 33 33 33 ff 33 33  |3.333.333.333.33|
*
0001ea10  33 ff 33 33 33 ff 33 33  33 ff 00 00 00 00 00 00  |3.333.333.......|
0001ea20  00 00 00 00 00 00 00 00  00 00 00 00 00 00 00 00  |................|
*
0001ef90  00 00 00 00 00 00 00 00  00 00 33 33 33 ff 33 33  |..........333.33|
0001efa0  33 ff 33 33 33 ff 33 33  33 ff 33 33 33 ff 33 33  |3.333.333.333.33|
*
0001efd0  33 ff 33 33 33 ff 33 33  33 ff 00 00 00 00 00 00  |3.333.333.......|
0001efe0  00 00 00 00 00 00 00 00  00 00 00 00 00 00 00 00  |................|
*
0001f1d0  00 00 00 00 00 00 00 00  00 00 00 00 00 00 33 33  |..............33|
0001f1e0  33 ff 33 33 33 ff 33 33  33 ff 33 33 33 ff 33 33  |3.333.333.333.33|
*
0001f210  33 ff 33 33 33 ff 33 33  33 ff 00 00 00 00 00 00  |3.333.333.......|
0001f220  00 00 00 00 00 00 00 00  00 00 00 00 00 00 00 00  |................|
*
0001f790  00 00 00 00 00 00 00 00  00 00 33 33 33 ff 33 33  |..........333.33|
0001f7a0  33 ff 33 33 33 ff 33 33  33 ff 33 33 33 ff 33 33  |3.333.333.333.33|
*
0001f7d0  33 ff 33 33 33 ff 33 33  33 ff 00 00 00 00 00 00  |3.333.333.......|
0001f7e0  00 00 00 00 00 00 00 00  00 00 00 00 00 00 00 00  |................|
*
0001f9d0  00 00 00 00 00 00 00 00  00 00 00 00 00 00 33 33  |..............33|
0001f9e0  33 ff 33 33 33 ff 33 33  33 ff 33 33 33 ff 33 33  |3.333.333.333.33|
*
0001fa10  33 ff 33 33 33 ff 33 33  33 ff 00 00 00 00 00 00  |3.333.333.......|
0001fa20  00 00 00 00 00 00 00 00  00 00 00 00 00 00 00 00  |................|
*
0001ff90  00 00 00 00 00 00 00 00  00 00 33 33 33 ff 33 33  |..........333.33|
0001ffa0  33 ff 33 33 33 ff 33 33  33 ff 33 33 33 ff 33 33  |3.333.333.333.33|
*
0001ffd0  33 ff 33 33 33 ff 33 33  33 ff 00 00 00 00 00 00  |3.333.333.......|
0001ffe0  00 00 00 00 00 00 00 00  00 00 00 00 00 00 00 00  |................|
*
000201d0  00 00 00 00 00 00 00 00  00 00 00 00 00 00 33 33  |..............33|
000201e0  33 ff 33 33 33 ff 33 33  33 ff 33 33 33 ff 33 33  |3.333.333.333.33|
*
00020210  33 ff 33 33 33 ff 33 33  33 ff 00 00 00 00 00 00  |3.333.333.......|
00020220  00 00 00 00 00 00 00 00  00 00 00 00 00 00 00 00  |................|
*
00020790  00 00 00 00 00 00 00 00  00 00 33 33 33 ff 33 33  |..........333.33|
000207a0  33 ff 33 33 33 ff 33 33  33 ff 33 33 33 ff 33 33  |3.333.333.333.33|
*
000207d0  33 ff 33 33 33 ff 33 33  33 ff 00 00 00 00 00 00  |3.333.333.......|
000207e0  00 00 00 00 00 00 00 00  00 00 00 00 00 00 00 00  |................|
*
000209d0  00 00 00 00 00 00 00 00  00 00 00 00 00 00 33 33  |..............33|
000209e0  33 ff 33 33 33 ff 33 33  33 ff 33 33 33 ff 33 33  |3.333.333.333.33|
*
00020a10  33 ff 33 33 33 ff 33 33  33 ff 00 00 00 00 00 00  |3.333.333.......|
00020a20  00 00 00 00 00 00 00 00  00 00 00 00 00 00 00 00  |................|
*
00020f90  00 00 00 00 00 00 00 00  00 00 33 33 33 ff 33 33  |..........333.33|
00020fa0  33 ff 33 33 33 ff 33 33  33 ff 33 33 33 ff 33 33  |3.333.333.333.33|
*
00020fd0  33 ff 33 33 33 ff 33 33  33 ff 00 00 00 00 00 00  |3.333.333.......|
00020fe0  00 00 00 00 00 00 00 00  00 00 00 00 00 00 00 00  |................|
*
000211d0  00 00 00 00 00 00 00 00  00 00 00 00 00 00 33 33  |..............33|
000211e0  33 ff 33 33 33 ff 33 33  33 ff 33 33 33 ff 33 33  |3.333.333.333.33|
*
00021210  33 ff 33 33 33 ff 33 33  33 ff 00 00 00 00 00 00  |3.333.333.......|
00021220  00 00 00 00 00 00 00 00  00 00 00 00 00 00 00 00  |................|
*
00021790  00 00 00 00 00 00 00 00  00 00 33 33 33 ff 33 33  |..........333.33|
000217a0  33 ff 33 33 33 ff 33 33  33 ff 33 33 33 ff 33 33  |3.333.333.333.33|
*
000217d0  33 ff 33 33 33 ff 33 33  33 ff 00 00 00 00 00 00  |3.333.333.......|
000217e0  00 00 00 00 00 00 00 00  00 00 00 00 00 00 00 00  |................|
*
000219d0  00 00 00 00 00 00 00 00  00 00 00 00 00 00 33 33  |..............33|
000219e0  33 ff 33 33 33 ff 33 33  33 ff 33 33 33 ff 33 33  |3.333.333.333.33|
*
00021a10  33 ff 33 33 33 ff 33 33  33 ff 00 00 00 00 00 00  |3.333.333.......|
00021a20  00 00 00 00 00 00 00 00  00 00 00 00 00 00 00 00  |................|
*
00021f90  00 00 00 00 00 00 00 00  00 00 33 33 33 ff 33 33  |..........333.33|
00021fa0  33 ff 33 33 33 ff 33 33  33 ff 33 33 33 ff 33 33  |3.333.333.333.33|
*
00021fd0  33 ff 33 33 33 ff 33 33  33 ff 00 00 00 00 00 00  |3.333.333.......|
00021fe0  00 00 00 00 00 00 00 00  00 00 00 00 00 00 00 00  |................|
*
000221d0  00 00 00 00 00 00 00 00  00 00 00 00 00 00 33 33  |..............33|
000221e0  33 ff 33 33 33 ff 33 33  33 ff 33 33 33 ff 33 33  |3.333.333.333.33|
*
00022210  33 ff 33 33 33 ff 33 33  33 ff 00 00 00 00 00 00  |3.333.333.......|
00022220  00 00 00 00 00 00 00 00  00 00 00 00 00 00 00 00  |................|
*
00022790  00 00 00 00 00 00 00 00  00 00 33 33 33 ff 33 33  |..........333.33|
000227a0  33 ff 33 33 33 ff 33 33  33 ff 33 33 33 ff 33 33  |3.333.333.333.33|
*
000227d0  33 ff 33 33 33 ff 33 33  33 ff 00 00 00 00 00 00  |3.333.333.......|
000227e0  00 00 00 00 00 00 00 00  00 00 00 00 00 00 00 00  |................|
*
000229d0  00 00 00 00 00 00 00 00  00 00 00 00 00 00 33 33  |..............33|
000229e0  33 ff 33 33 33 ff 33 33  33 ff 33 33 33 ff 33 33  |3.333.333.333.33|
*
00022a10  33 ff 33 33 33 ff 33 33  33 ff 00 00 00 00 00 00  |3.333.333.......|
00022a20  00 00 00 00 00 00 00 00  00 00 00 00 00 00 00 00  |................|
*
00022f90  00 00 00 00 00 00 00 00  00 00 33 33 33 ff 33 33  |..........333.33|
00022fa0  33 ff 33 33 33 ff 33 33  33 ff 33 33 33 ff 33 33  |3.333.333.333.33|
*
00022fd0  33 ff 33 33 33 ff 33 33  33 ff 00 00 00 00 00 00  |3.333.333.......|
00022fe0  00 00 00 00 00 00 00 00  00 00 00 00 00 00 00 00  |................|
*
000231d0  00 00 00 00 00 00 00 00  00 00 00 00 00 00 33 33  |..............33|
000231e0  33 ff 33 33 33 ff 33 33  33 ff 33 33 33 ff 33 33  |3.333.333.333.33|
*
00023210  33 ff 33 33 33 ff 33 33  33 ff 00 00 00 00 00 00  |3.333.333.......|
00023220  00 00 00 00 00 00 00 00  00 00 00 00 00 00 00 00  |................|
*
00023790  00 00 00 00 00 00 00 00  00 00 33 33 33 ff 33 33  |..........333.33|
000237a0  33 ff 33 33 33 ff 33 33  33 ff 33 33 33 ff 33 33  |3.333.333.333.33|
*
000237d0  33 ff 33 33 33 ff 33 33  33 ff 00 00 00 00 00 00  |3.333.333.......|
000237e0  00 00 00 00 00 00 00 00  00 00 00 00 00 00 00 00  |................|
*
000239d0  00 00 00 00 00 00 00 00  00 00 00 00 00 00 33 33  |..............33|
000239e0  33 ff 33 33 33 ff 33 33  33 ff 33 33 33 ff 33 33  |3.333.333.333.33|
*
00023a10  33 ff 33 33 33 ff 33 33  33 ff 00 00 00 00 00 00  |3.333.333.......|
00023a20  00 00 00 00 00 00 00 00  00 00 00 00 00 00 00 00  |................|
*
00023f90  00 00 00 00 00 00 00 00  00 00 33 33 33 ff 33 33  |..........333.33|
00023fa0  33 ff 33 33 33 ff 33 33  33 ff 33 33 33 ff 33 33  |3.333.333.333.33|
*
00023fd0  33 ff 33 33 33 ff 33 33  33 ff 00 00 00 00 00 00  |3.333.333.......|
00023fe0  00 00 00 00 00 00 00 00  00 00 00 00 00 00 00 00  |................|
*
000241d0  00 00 00 00 00 00 00 00  00 00 00 00 00 00 33 33  |..............33|
000241e0  33 ff 33 33 33 ff 33 33  33 ff 33 33 33 ff 33 33  |3.333.333.333.33|
*
00024210  33 ff 33 33 33 ff 33 33  33 ff 00 00 00 00 00 00  |3.333.333.......|
00024220  00 00 00 00 00 00 00 00  00 00 00 00 00 00 00 00  |................|
*
00024790  00 00 00 00 00 00 00 00  00 00 33 33 33 ff 33 33  |..........333.33|
000247a0  33 ff 33 33 33 ff 33 33  33 ff 33 33 33 ff 33 33  |3.333.333.333.33|
*
000247d0  33 ff 33 33 33 ff 33 33  33 ff 00 00 00 00 00 00  |3.333.333.......|
000247e0  00 00 00 00 00 00 00 00  00 00 00 00 00 00 00 00  |................|
*
000249d0  00 00 00 00 00 00 00 00  00 00 00 00 00 00 33 33  |..............33|
000249e0  33 ff 33 33 33 ff 33 33  33 ff 33 33 33 ff 33 33  |3.333.333.333.33|
*
00024a10  33 ff 33 33 33 ff 33 33  33 ff 00 00 00 00 00 00  |3.333.333.......|
00024a20  00 00 00 00 00 00 00 00  00 00 00 00 00 00 00 00  |................|
*
00024f90  00 00 00 00 00 00 00 00  00 00 33 33 33 ff 33 33  |..........333.33|
00024fa0  33 ff 33 33 33 ff 33 33  33 ff 33 33 33 ff 33 33  |3.333.333.333.33|
*
00024fd0  33 ff 33 33 33 ff 33 33  33 ff 00 00 00 00 00 00  |3.333.333.......|
00024fe0  00 00 00 00 00 00 00 00  00 00 00 00 00 00 00 00  |................|
*
000251d0  00 00 00 00 00 00 00 00  00 00 00 00 00 00 33 33  |..............33|
000251e0  33 ff 33 33 33 ff 33 33  33 ff 33 33 33 ff 33 33  |3.333.333.333.33|
*
00025210  33 ff 33 33 33 ff 33 33  33 ff 00 00 00 00 00 00  |3.333.333.......|
00025220  00 00 00 00 00 00 00 00  00 00 00 00 00 00 00 00  |................|
*
00025790  00 00 00 00 00 00 00 00  00 00 33 33 33 ff 33 33  |..........333.33|
000257a0  33 ff 33 33 33 ff 33 33  33 ff 33 33 33 ff 33 33  |3.333.333.333.33|
*
000257d0  33 ff 33 33 33 ff 33 33  33 ff 00 00 00 00 00 00  |3.333.333.......|
000257e0  00 00 00 00 00 00 00 00  00 00 00 00 00 00 00 00  |................|
*
000259d0  00 00 00 00 00 00 00 00  00 00 00 00 00 00 33 33  |..............33|
000259e0  33 ff 33 33 33 ff 33 33  33 ff 33 33 33 ff 33 33  |3.333.333.333.33|
*
00025a10  33 ff 33 33 33 ff 33 33  33 ff 00 00 00 00 00 00  |3.333.333.......|
00025a20  00 00 00 00 00 00 00 00  00 00 00 00 00 00 00 00  |................|
*
00025f90  00 00 00 00 00 00 00 00  00 00 33 33 33 ff 33 33  |..........333.33|
00025fa0  33 ff 33 33 33 ff 33 33  33 ff 33 33 33 ff 33 33  |3.333.333.333.33|
*
00025fd0  33 ff 33 33 33 ff 33 33  33 ff 00 00 00 00 00 00  |3.333.333.......|
00025fe0  00 00 00 00 00 00 00 00  00 00 00 00 00 00 00 00  |................|
*
000261d0  00 00 00 00 00 00 00 00  00 00 00 00 00 00 33 33  |..............33|
000261e0  33 ff 33 33 33 ff 33 33  33 ff 33 33 33 ff 33 33  |3.333.333.333.33|
*
00026210  33 ff 33 33 33 ff 33 33  33 ff 00 00 00 00 00 00  |3.333.333.......|
00026220  00 00 00 00 00 00 00 00  00 00 00 00 00 00 00 00  |................|
*
00026790  00 00 00 00 00 00 00 00  00 00 33 33 33 ff 33 33  |..........333.33|
000267a0  33 ff 33 33 33 ff 33 33  33 ff 33 33 33 ff 33 33  |3.333.333.333.33|
*
000267d0  33 ff 33 33 33 ff 33 33  33 ff 00 00 00 00 00 00  |3.333.333.......|
000267e0  00 00 00 00 00 00 00 00  00 00 00 00 00 00 00 00  |................|
*
000269d0  00 00 00 00 00 00 00 00  00 00 00 00 00 00 33 33  |..............33|
000269e0  33 ff 33 33 33 ff 33 33  33 ff 33 33 33 ff 33 33  |3.333.333.333.33|
*
00026a10  33 ff 33 33 33 ff 33 33  33 ff 00 00 00 00 00 00  |3.333.333.......|
00026a20  00 00 00 00 00 00 00 00  00 00 00 00 00 00 00 00  |................|
*
00026f90  00 00 00 00 00 00 00 00  00 00 33 33 33 ff 33 33  |..........333.33|
00026fa0  33 ff 33 33 33 ff 33 33  33 ff 33 33 33 ff 33 33  |3.333.333.333.33|
*
00026fd0  33 ff 33 33 33 ff 33 33  33 ff 00 00 00 00 00 00  |3.333.333.......|
00026fe0  00 00 00 00 00 00 00 00  00 00 00 00 00 00 00 00  |................|
*
000271d0  00 00 00 00 00 00 00 00  00 00 00 00 00 00 33 33  |..............33|
000271e0  33 ff 33 33 33 ff 33 33  33 ff 33 33 33 ff 33 33  |3.333.333.333.33|
*
00027210  33 ff 33 33 33 ff 33 33  33 ff 00 00 00 00 00 00  |3.333.333.......|
00027220  00 00 00 00 00 00 00 00  00 00 00 00 00 00 00 00  |................|
*
00027790  00 00 00 00 00 00 00 00  00 00 33 33 33 ff 33 33  |..........333.33|
000277a0  33 ff 33 33 33 ff 33 33  33 ff 33 33 33 ff 33 33  |3.333.333.333.33|
*
000277d0  33 ff 33 33 33 ff 33 33  33 ff 00 00 00 00 00 00  |3.333.333.......|
000277e0  00 00 00 00 00 00 00 00  00 00 00 00 00 00 00 00  |................|
*
000279d0  00 00 00 00 00 00 00 00  00 00 00 00 00 00 33 33  |..............33|
000279e0  33 ff 33 33 33 ff 33 33  33 ff 33 33 33 ff 33 33  |3.333.333.333.33|
*
00027a10  33 ff 33 33 33 ff 33 33  33 ff 00 00 00 00 00 00  |3.333.333.......|
00027a20  00 00 00 00 00 00 00 00  00 00 00 00 00 00 00 00  |................|
*
00027f90  00 00 00 00 00 00 00 00  00 00 33 33 33 ff 33 33  |..........333.33|
00027fa0  33 ff 33 33 33 ff 33 33  33 ff 33 33 33 ff 33 33  |3.333.333.333.33|
*
00027fd0  33 ff 33 33 33 ff 33 33  33 ff 00 00 00 00 00 00  |3.333.333.......|
00027fe0  00 00 00 00 00 00 00 00  00 00 00 00 00 00 00 00  |................|
*
000281d0  00 00 00 00 00 00 00 00  00 00 00 00 00 00 33 33  |..............33|
000281e0  33 ff 33 33 33 ff 33 33  33 ff 33 33 33 ff 33 33  |3.333.333.333.33|
*
00028210  33 ff 33 33 33 ff 33 33  33 ff 00 00 00 00 00 00  |3.333.333.......|
00028220  00 00 00 00 00 00 00 00  00 00 00 00 00 00 00 00  |................|
*
00028790  00 00 00 00 00 00 00 00  00 00 33 33 33 ff 33 33  |..........333.33|
000287a0  33 ff 33 33 33 ff 33 33  33 ff 33 33 33 ff 33 33  |3.333.333.333.33|
*
000287d0  33 ff 33 33 33 ff 33 33  33 ff 00 00 00 00 00 00  |3.333.333.......|
000287e0  00 00 00 00 00 00 00 00  00 00 00 00 00 00 00 00  |................|
*
000289d0  00 00 00 00 00 00 00 00  00 00 00 00 00 00 33 33  |..............33|
000289e0  33 ff 33 33 33 ff 33 33  33 ff 33 33 33 ff 33 33  |3.333.333.333.33|
*
00028a10  33 ff 33 33 33 ff 33 33  33 ff 00 00 00 00 00 00  |3.333.333.......|
00028a20  00 00 00 00 00 00 00 00  00 00 00 00 00 00 00 00  |................|
*
00028f90  00 00 00 00 00 00 00 00  00 00 33 33 33 ff 33 33  |..........333.33|
00028fa0  33 ff 33 33 33 ff 33 33  33 ff 33 33 33 ff 33 33  |3.333.333.333.33|
*
00028fd0  33 ff 33 33 33 ff 33 33  33 ff 00 00 00 00 00 00  |3.333.333.......|
00028fe0  00 00 00 00 00 00 00 00  00 00 00 00 00 00 00 00  |................|
*
000291d0  00 00 00 00 00 00 00 00  00 00 00 00 00 00 33 33  |..............33|
000291e0  33 ff 33 33 33 ff 33 33  33 ff 33 33 33 ff 33 33  |3.333.333.333.33|
*
00029210  33 ff 33 33 33 ff 33 33  33 ff 00 00 00 00 00 00  |3.333.333.......|
00029220  00 00 00 00 00 00 00 00  00 00 00 00 00 00 00 00  |................|
*
00029790  00 00 00 00 00 00 00 00  00 00 33 33 33 ff 33 33  |..........333.33|
000297a0  33 ff 33 33 33 ff 33 33  33 ff 33 33 33 ff 33 33  |3.333.333.333.33|
*
000297d0  33 ff 33 33 33 ff 33 33  33 ff 00 00 00 00 00 00  |3.333.333.......|
000297e0  00 00 00 00 00 00 00 00  00 00 00 00 00 00 00 00  |................|
*
000299d0  00 00 00 00 00 00 00 00  00 00 00 00 00 00 33 33  |..............33|
000299e0  33 ff 33 33 33 ff 33 33  33 ff 33 33 33 ff 33 33  |3.333.333.333.33|
*
00029a10  33 ff 33 33 33 ff 33 33  33 ff 00 00 00 00 00 00  |3.333.333.......|
00029a20  00 00 00 00 00 00 00 00  00 00 00 00 00 00 00 00  |................|
*
00029f90  00 00 00 00 00 00 00 00  00 00 33 33 33 ff 33 33  |..........333.33|
00029fa0  33 ff 33 33 33 ff 33 33  33 ff 33 33 33 ff 33 33  |3.333.333.333.33|
*
00029fd0  33 ff 33 33 33 ff 33 33  33 ff 00 00 00 00 00 00  |3.333.333.......|
00029fe0  00 00 00 00 00 00 00 00  00 00 00 00 00 00 00 00  |................|
*
0002a1d0  00 00 00 00 00 00 00 00  00 00 00 00 00 00 33 33  |..............33|
0002a1e0  33 ff 33 33 33 ff 33 33  33 ff 33 33 33 ff 33 33  |3.333.333.333.33|
*
0002a210  33 ff 33 33 33 ff 33 33  33 ff 00 00 00 00 00 00  |3.333.333.......|
0002a220  00 00 00 00 00 00 00 00  00 00 00 00 00 00 00 00  |................|
*
0002a790  00 00 00 00 00 00 00 00  00 00 33 33 33 ff 33 33  |..........333.33|
0002a7a0  33 ff 33 33 33 ff 33 33  33 ff 33 33 33 ff 33 33  |3.333.333.333.33|
*
0002a7d0  33 ff 33 33 33 ff 33 33  33 ff 00 00 00 00 00 00  |3.333.333.......|
0002a7e0  00 00 00 00 00 00 00 00  00 00 00 00 00 00 00 00  |................|
*
0002a9d0  00 00 00 00 00 00 00 00  00 00 00 00 00 00 33 33  |..............33|
0002a9e0  33 ff 33 33 33 ff 33 33  33 ff 33 33 33 ff 33 33  |3.333.333.333.33|
*
0002aa10  33 ff 33 33 33 ff 33 33  33 ff 00 00 00 00 00 00  |3.333.333.......|
0002aa20  00 00 00 00 00 00 00 00  00 00 00 00 00 00 00 00  |................|
*
0002af90  00 00 00 00 00 00 00 00  00 00 33 33 33 ff 33 33  |..........333.33|
0002afa0  33 ff 33 33 33 ff 33 33  33 ff 33 33 33 ff 33 33  |3.333.333.333.33|
*
0002afd0  33 ff 33 33 33 ff 33 33  33 ff 00 00 00 00 00 00  |3.333.333.......|
0002afe0  00 00 00 00 00 00 00 00  00 00 00 00 00 00 00 00  |................|
*
0002b1d0  00 00 00 00 00 00 00 00  00 00 00 00 00 00 33 33  |..............33|
0002b1e0  33 ff 33 33 33 ff 33 33  33 ff 33 33 33 ff 33 33  |3.333.333.333.33|
*
0002b210  33 ff 33 33 33 ff 33 33  33 ff 00 00 00 00 00 00  |3.333.333.......|
0002b220  00 00 00 00 00 00 00 00  00 00 00 00 00 00 00 00  |................|
*
0002b790  00 00 00 00 00 00 00 00  00 00 33 33 33 ff 33 33  |..........333.33|
0002b7a0  33 ff 33 33 33 ff 33 33  33 ff 33 33 33 ff 33 33  |3.333.333.333.33|
*
0002b7d0  33 ff 33 33 33 ff 33 33  33 ff 00 00 00 00 00 00  |3.333.333.......|
0002b7e0  00 00 00 00 00 00 00 00  00 00 00 00 00 00 00 00  |................|
*
0002b9d0  00 00 00 00 00 00 00 00  00 00 00 00 00 00 33 33  |..............33|
0002b9e0  33 ff 33 33 33 ff 33 33  33 ff 33 33 33 ff 33 33  |3.333.333.333.33|
*
0002ba10  33 ff 33 33 33 ff 33 33  33 ff 00 00 00 00 00 00  |3.333.333.......|
0002ba20  00 00 00 00 00 00 00 00  00 00 00 00 00 00 00 00  |................|
*
0002bf90  00 00 00 00 00 00 00 00  00 00 33 33 33 ff 33 33  |..........333.33|
0002bfa0  33 ff 33 33 33 ff 33 33  33 ff 33 33 33 ff 33 33  |3.333.333.333.33|
*
0002bfd0  33 ff 33 33 33 ff 33 33  33 ff 00 00 00 00 00 00  |3.333.333.......|
0002bfe0  00 00 00 00 00 00 00 00  00 00 00 00 00 00 00 00  |................|
*
0002c1d0  00 00 00 00 00 00 00 00  00 00 00 00 00 00 33 33  |..............33|
0002c1e0  33 ff 33 33 33 ff 33 33  33 ff 33 33 33 ff 33 33  |3.333.333.333.33|
*
0002c210  33 ff 33 33 33 ff 33 33  33 ff 00 00 00 00 00 00  |3.333.333.......|
0002c220  00 00 00 00 00 00 00 00  00 00 00 00 00 00 00 00  |................|
*
0002c790  00 00 00 00 00 00 00 00  00 00 33 33 33 ff 33 33  |..........333.33|
0002c7a0  33 ff 33 33 33 ff 33 33  33 ff 33 33 33 ff 33 33  |3.333.333.333.33|
*
0002c7d0  33 ff 33 33 33 ff 33 33  33 ff 00 00 00 00 00 00  |3.333.333.......|
0002c7e0  00 00 00 00 00 00 00 00  00 00 00 00 00 00 00 00  |................|
*
0002c9d0  00 00 00 00 00 00 00 00  00 00 00 00 00 00 33 33  |..............33|
0002c9e0  33 ff 33 33 33 ff 33 33  33 ff 33 33 33 ff 33 33  |3.333.333.333.33|
*
0002ca10  33 ff 33 33 33 ff 33 33  33 ff 00 00 00 00 00 00  |3.333.333.......|
0002ca20  00 00 00 00 00 00 00 00  00 00 00 00 00 00 00 00  |................|
*
0002cf90  00 00 00 00 00 00 00 00  00 00 33 33 33 ff 33 33  |..........333.33|
0002cfa0  33 ff 33 33 33 ff 33 33  33 ff 33 33 33 ff 33 33  |3.333.333.333.33|
*
0002cfd0  33 ff 33 33 33 ff 33 33  33 ff 00 00 00 00 00 00  |3.333.333.......|
0002cfe0  00 00 00 00 00 00 00 00  00 00 00 00 00 00 00 00  |................|
*
0002d1d0  00 00 00 00 00 00 00 00  00 00 00 00 00 00 33 33  |..............33|
0002d1e0  33 ff 33 33 33 ff 33 33  33 ff 33 33 33 ff 33 33  |3.333.333.333.33|
*
0002d210  33 ff 33 33 33 ff 33 33  33 ff 00 00 00 00 00 00  |3.333.333.......|
0002d220  00 00 00 00 00 00 00 00  00 00 00 00 00 00 00 00  |................|
*
0002d790  00 00 00 00 00 00 00 00  00 00 33 33 33 ff 33 33  |..........333.33|
0002d7a0  33 ff 33 33 33 ff 33 33  33 ff 33 33 33 ff 33 33  |3.333.333.333.33|
*
0002d7d0  33 ff 33 33 33 ff 33 33  33 ff 00 00 00 00 00 00  |3.333.333.......|
0002d7e0  00 00 00 00 00 00 00 00  00 00 00 00 00 00 00 00  |................|
*
0002d9d0  00 00 00 00 00 00 00 00  00 00 00 00 00 00 33 33  |..............33|
0002d9e0  33 ff 33 33 33 ff 33 33  33 ff 33 33 33 ff 33 33  |3.333.333.333.33|
*
0002da10  33 ff 33 33 33 ff 33 33  33 ff 00 00 00 00 00 00  |3.333.333.......|
0002da20  00 00 00 00 00 00 00 00  00 00 00 00 00 00 00 00  |................|
*
0002df90  00 00 00 00 00 00 00 00  00 00 33 33 33 ff 33 33  |..........333.33|
0002dfa0  33 ff 33 33 33 ff 33 33  33 ff 33 33 33 ff 33 33  |3.333.333.333.33|
*
0002dfd0  33 ff 33 33 33 ff 33 33  33 ff 00 00 00 00 00 00  |3.333.333.......|
0002dfe0  00 00 00 00 00 00 00 00  00 00 00 00 00 00 00 00  |................|
*
0002e1d0  00 00 00 00 00 00 00 00  00 00 00 00 00 00 33 33  |..............33|
0002e1e0  33 ff 33 33 33 ff 33 33  33 ff 33 33 33 ff 33 33  |3.333.333.333.33|
*
0002e210  33 ff 33 33 33 ff 33 33  33 ff 00 00 00 00 00 00  |3.333.333.......|
0002e220  00 00 00 00 00 00 00 00  00 00 00 00 00 00 00 00  |................|
*
0002e790  00 00 00 00 00 00 00 00  00 00 33 33 33 ff 33 33  |..........333.33|
0002e7a0  33 ff 33 33 33 ff 33 33  33 ff 33 33 33 ff 33 33  |3.333.333.333.33|
*
0002e7d0  33 ff 33 33 33 ff 33 33  33 ff 00 00 00 00 00 00  |3.333.333.......|
0002e7e0  00 00 00 00 00 00 00 00  00 00 00 00 00 00 00 00  |................|
*
0002e9d0  00 00 00 00 00 00 00 00  00 00 00 00 00 00 33 33  |..............33|
0002e9e0  33 ff 33 33 33 ff 33 33  33 ff 33 33 33 ff 33 33  |3.333.333.333.33|
*
0002ea10  33 ff 33 33 33 ff 33 33  33 ff 00 00 00 00 00 00  |3.333.333.......|
0002ea20  00 00 00 00 00 00 00 00  00 00 00 00 00 00 00 00  |................|
*
0002ef90  00 00 00 00 00 00 00 00  00 00 33 33 33 ff 33 33  |..........333.33|
0002efa0  33 ff 33 33 33 ff 33 33  33 ff 33 33 33 ff 33 33  |3.333.333.333.33|
*
0002efd0  33 ff 33 33 33 ff 33 33  33 ff 00 00 00 00 00 00  |3.333.333.......|
0002efe0  00 00 00 00 00 00 00 00  00 00 00 00 00 00 00 00  |................|
*
0002f1d0  00 00 00 00 00 00 00 00  00 00 00 00 00 00 33 33  |..............33|
0002f1e0  33 ff 33 33 33 ff 33 33  33 ff 33 33 33 ff 33 33  |3.333.333.333.33|
*
0002f210  33 ff 33 33 33 ff 33 33  33 ff 00 00 00 00 00 00  |3.333.333.......|
0002f220  00 00 00 00 00 00 00 00  00 00 00 00 00 00 00 00  |................|
*
0002f790  00 00 00 00 00 00 00 00  00 00 33 33 33 ff 33 33  |..........333.33|
0002f7a0  33 ff 33 33 33 ff 33 33  33 ff 33 33 33 ff 33 33  |3.333.333.333.33|
*
0002f7d0  33 ff 33 33 33 ff 33 33  33 ff 00 00 00 00 00 00  |3.333.333.......|
0002f7e0  00 00 00 00 00 00 00 00  00 00 00 00 00 00 00 00  |................|
*
0002f9d0  00 00 00 00 00 00 00 00  00 00 00 00 00 00 33 33  |..............33|
0002f9e0  33 ff 33 33 33 ff 33 33  33 ff 33 33 33 ff 33 33  |3.333.333.333.33|
*
0002fa10  33 ff 33 33 33 ff 33 33  33 ff 00 00 00 00 00 00  |3.333.333.......|
0002fa20  00 00 00 00 00 00 00 00  00 00 00 00 00 00 00 00  |................|
*
0002ff90  00 00 00 00 00 00 00 00  00 00 33 33 33 ff 33 33  |..........333.33|
0002ffa0  33 ff 33 33 33 ff 33 33  33 ff 33 33 33 ff 33 33  |3.333.333.333.33|
*
0002ffd0  33 ff 33 33 33 ff 33 33  33 ff 00 00 00 00 00 00  |3.333.333.......|
0002ffe0  00 00 00 00 00 00 00 00  00 00 00 00 00 00 00 00  |................|
*
000301d0  00 00 00 00 00 00 00 00  00 00 00 00 00 00 33 33  |..............33|
000301e0  33 ff 33 33 33 ff 33 33  33 ff 33 33 33 ff 33 33  |3.333.333.333.33|
*
00030210  33 ff 33 33 33 ff 33 33  33 ff 00 00 00 00 00 00  |3.333.333.......|
00030220  00 00 00 00 00 00 00 00  00 00 00 00 00 00 00 00  |................|
*
00030790  00 00 00 00 00 00 00 00  00 00 33 33 33 ff 33 33  |..........333.33|
000307a0  33 ff 33 33 33 ff 33 33  33 ff 33 33 33 ff 33 33  |3.333.333.333.33|
*
000307d0  33 ff 33 33 33 ff 33 33  33 ff 00 00 00 00 00 00  |3.333.333.......|
000307e0  00 00 00 00 00 00 00 00  00 00 00 00 00 00 00 00  |................|
*
000309d0  00 00 00 00 00 00 00 00  00 00 00 00 00 00 33 33  |..............33|
000309e0  33 ff 33 33 33 ff 33 33  33 ff 33 33 33 ff 33 33  |3.333.333.333.33|
*
00030a10  33 ff 33 33 33 ff 33 33  33 ff 00 00 00 00 00 00  |3.333.333.......|
00030a20  00 00 00 00 00 00 00 00  00 00 00 00 00 00 00 00  |................|
*
00030f90  00 00 00 00 00 00 00 00  00 00 33 33 33 ff 33 33  |..........333.33|
00030fa0  33 ff 33 33 33 ff 33 33  33 ff 33 33 33 ff 33 33  |3.333.333.333.33|
*
00030fd0  33 ff 33 33 33 ff 33 33  33 ff 00 00 00 00 00 00  |3.333.333.......|
00030fe0  00 00 00 00 00 00 00 00  00 00 00 00 00 00 00 00  |................|
*
000311d0  00 00 00 00 00 00 00 00  00 00 00 00 00 00 33 33  |..............33|
000311e0  33 ff 33 33 33 ff 33 33  33 ff 33 33 33 ff 33 33  |3.333.333.333.33|
*
00031210  33 ff 33 33 33 ff 33 33  33 ff 00 00 00 00 00 00  |3.333.333.......|
00031220  00 00 00 00 00 00 00 00  00 00 00 00 00 00 00 00  |................|
*
00031790  00 00 00 00 00 00 00 00  00 00 33 33 33 ff 33 33  |..........333.33|
000317a0  33 ff 33 33 33 ff 33 33  33 ff 33 33 33 ff 33 33  |3.333.333.333.33|
*
000317d0  33 ff 33 33 33 ff 33 33  33 ff 00 00 00 00 00 00  |3.333.333.......|
000317e0  00 00 00 00 00 00 00 00  00 00 00 00 00 00 00 00  |................|
*
000319d0  00 00 00 00 00 00 00 00  00 00 00 00 00 00 33 33  |..............33|
000319e0  33 ff 33 33 33 ff 33 33  33 ff 33 33 33 ff 33 33  |3.333.333.333.33|
*
00031a10  33 ff 33 33 33 ff 33 33  33 ff 00 00 00 00 00 00  |3.333.333.......|
00031a20  00 00 00 00 00 00 00 00  00 00 00 00 00 00 00 00  |................|
*
00031f90  00 00 00 00 00 00 00 00  00 00 33 33 33 ff 33 33  |..........333.33|
00031fa0  33 ff 33 33 33 ff 33 33  33 ff 33 33 33 ff 33 33  |3.333.333.333.33|
*
00031fd0  33 ff 33 33 33 ff 33 33  33 ff 00 00 00 00 00 00  |3.333.333.......|
00031fe0  00 00 00 00 00 00 00 00  00 00 00 00 00 00 00 00  |................|
*
000321d0  00 00 00 00 00 00 00 00  00 00 00 00 00 00 33 33  |..............33|
000321e0  33 ff 33 33 33 ff 33 33  33 ff 33 33 33 ff 33 33  |3.333.333.333.33|
*
00032210  33 ff 33 33 33 ff 33 33  33 ff 00 00 00 00 00 00  |3.333.333.......|
00032220  00 00 00 00 00 00 00 00  00 00 00 00 00 00 00 00  |................|
*
00032790  00 00 00 00 00 00 00 00  00 00 33 33 33 ff 33 33  |..........333.33|
000327a0  33 ff 33 33 33 ff 33 33  33 ff 33 33 33 ff 33 33  |3.333.333.333.33|
*
000327d0  33 ff 33 33 33 ff 33 33  33 ff 00 00 00 00 00 00  |3.333.333.......|
000327e0  00 00 00 00 00 00 00 00  00 00 00 00 00 00 00 00  |................|
*
000329d0  00 00 00 00 00 00 00 00  00 00 00 00 00 00 33 33  |..............33|
000329e0  33 ff 33 33 33 ff 33 33  33 ff 33 33 33 ff 33 33  |3.333.333.333.33|
*
00032a10  33 ff 33 33 33 ff 33 33  33 ff 00 00 00 00 00 00  |3.333.333.......|
00032a20  00 00 00 00 00 00 00 00  00 00 00 00 00 00 00 00  |................|
*
00032f90  00 00 00 00 00 00 00 00  00 00 33 33 33 ff 33 33  |..........333.33|
00032fa0  33 ff 33 33 33 ff 33 33  33 ff 33 33 33 ff 33 33  |3.333.333.333.33|
*
00032fd0  33 ff 33 33 33 ff 33 33  33 ff 00 00 00 00 00 00  |3.333.333.......|
00032fe0  00 00 00 00 00 00 00 00  00 00 00 00 00 00 00 00  |................|
*
000331d0  00 00 00 00 00 00 00 00  00 00 00 00 00 00 33 33  |..............33|
000331e0  33 ff 33 33 33 ff 33 33  33 ff 33 33 33 ff 33 33  |3.333.333.333.33|
*
00033210  33 ff 33 33 33 ff 33 33  33 ff 00 00 00 00 00 00  |3.333.333.......|
00033220  00 00 00 00 00 00 00 00  00 00 00 00 00 00 00 00  |................|
*
00033790  00 00 00 00 00 00 00 00  00 00 33 33 33 ff 33 33  |..........333.33|
000337a0  33 ff 33 33 33 ff 33 33  33 ff 33 33 33 ff 33 33  |3.333.333.333.33|
*
000337d0  33 ff 33 33 33 ff 33 33  33 ff 00 00 00 00 00 00  |3.333.333.......|
000337e0  00 00 00 00 00 00 00 00  00 00 00 00 00 00 00 00  |................|
*
000339d0  00 00 00 00 00 00 00 00  00 00 00 00 00 00 33 33  |..............33|
000339e0  33 ff 33 33 33 ff 33 33  33 ff 33 33 33 ff 33 33  |3.333.333.333.33|
*
00033a10  33 ff 33 33 33 ff 33 33  33 ff 00 00 00 00 00 00  |3.333.333.......|
00033a20  00 00 00 00 00 00 00 00  00 00 00 00 00 00 00 00  |................|
*
00033f90  00 00 00 00 00 00 00 00  00 00 33 33 33 ff 33 33  |..........333.33|
00033fa0  33 ff 33 33 33 ff 33 33  33 ff 33 33 33 ff 33 33  |3.333.333.333.33|
*
00033fd0  33 ff 33 33 33 ff 33 33  33 ff 00 00 00 00 00 00  |3.333.333.......|
00033fe0  00 00 00 00 00 00 00 00  00 00 00 00 00 00 00 00  |................|
*
000341d0  00 00 00 00 00 00 00 00  00 00 00 00 00 00 33 33  |..............33|
000341e0  33 ff 33 33 33 ff 33 33  33 ff 33 33 33 ff 33 33  |3.333.333.333.33|
*
00034210  33 ff 33 33 33 ff 33 33  33 ff 00 00 00 00 00 00  |3.333.333.......|
00034220  00 00 00 00 00 00 00 00  00 00 00 00 00 00 00 00  |................|
*
00034790  00 00 00 00 00 00 00 00  00 00 33 33 33 ff 33 33  |..........333.33|
000347a0  33 ff 33 33 33 ff 33 33  33 ff 33 33 33 ff 33 33  |3.333.333.333.33|
*
000347d0  33 ff 33 33 33 ff 33 33  33 ff 00 00 00 00 00 00  |3.333.333.......|
000347e0  00 00 00 00 00 00 00 00  00 00 00 00 00 00 00 00  |................|
*
000349d0  00 00 00 00 00 00 00 00  00 00 00 00 00 00 33 33  |..............33|
000349e0  33 ff 33 33 33 ff 33 33  33 ff 33 33 33 ff 33 33  |3.333.333.333.33|
*
00034a10  33 ff 33 33 33 ff 33 33  33 ff 00 00 00 00 00 00  |3.333.333.......|
00034a20  00 00 00 00 00 00 00 00  00 00 00 00 00 00 00 00  |................|
*
00034f90  00 00 00 00 00 00 00 00  00 00 33 33 33 ff 33 33  |..........333.33|
00034fa0  33 ff 33 33 33 ff 33 33  33 ff 33 33 33 ff 33 33  |3.333.333.333.33|
*
00034fd0  33 ff 33 33 33 ff 33 33  33 ff 00 00 00 00 00 00  |3.333.333.......|
00034fe0  00 00 00 00 00 00 00 00  00 00 00 00 00 00 00 00  |................|
*
000351d0  00 00 00 00 00 00 00 00  00 00 00 00 00 00 33 33  |..............33|
000351e0  33 ff 33 33 33 ff 33 33  33 ff 33 33 33 ff 33 33  |3.333.333.333.33|
*
00035210  33 ff 33 33 33 ff 33 33  33 ff 00 00 00 00 00 00  |3.333.333.......|
00035220  00 00 00 00 00 00 00 00  00 00 00 00 00 00 00 00  |................|
*
00035790  00 00 00 00 00 00 00 00  00 00 33 33 33 ff 33 33  |..........333.33|
000357a0  33 ff 33 33 33 ff 33 33  33 ff 33 33 33 ff 33 33  |3.333.333.333.33|
*
000357d0  33 ff 33 33 33 ff 33 33  33 ff 00 00 00 00 00 00  |3.333.333.......|
000357e0  00 00 00 00 00 00 00 00  00 00 00 00 00 00 00 00  |................|
*
000359d0  00 00 00 00 00 00 00 00  00 00 00 00 00 00 33 33  |..............33|
000359e0  33 ff 33 33 33 ff 33 33  33 ff 33 33 33 ff 33 33  |3.333.333.333.33|
*
00035a10  33 ff 33 33 33 ff 33 33  33 ff 00 00 00 00 00 00  |3.333.333.......|
00035a20  00 00 00 00 00 00 00 00  00 00 00 00 00 00 00 00  |................|
*
00035f90  00 00 00 00 00 00 00 00  00 00 33 33 33 ff 33 33  |..........333.33|
00035fa0  33 ff 33 33 33 ff 33 33  33 ff 33 33 33 ff 33 33  |3.333.333.333.33|
*
00035fd0  33 ff 33 33 33 ff 33 33  33 ff 00 00 00 00 00 00  |3.333.333.......|
00035fe0  00 00 00 00 00 00 00 00  00 00 00 00 00 00 00 00  |................|
*
000361d0  00 00 00 00 00 00 00 00  00 00 00 00 00 00 33 33  |..............33|
000361e0  33 ff 33 33 33 ff 33 33  33 ff 33 33 33 ff 33 33  |3.333.333.333.33|
*
00036210  33 ff 33 33 33 ff 33 33  33 ff 00 00 00 00 00 00  |3.333.333.......|
00036220  00 00 00 00 00 00 00 00  00 00 00 00 00 00 00 00  |................|
*
00036790  00 00 00 00 00 00 00 00  00 00 33 33 33 ff 33 33  |..........333.33|
000367a0  33 ff 33 33 33 ff 33 33  33 ff 33 33 33 ff 33 33  |3.333.333.333.33|
*
000367d0  33 ff 33 33 33 ff 33 33  33 ff 00 00 00 00 00 00  |3.333.333.......|
000367e0  00 00 00 00 00 00 00 00  00 00 00 00 00 00 00 00  |................|
*
000369d0  00 00 00 00 00 00 00 00  00 00 00 00 00 00 33 33  |..............33|
000369e0  33 ff 33 33 33 ff 33 33  33 ff 33 33 33 ff 33 33  |3.333.333.333.33|
*
00036a10  33 ff 33 33 33 ff 33 33  33 ff 00 00 00 00 00 00  |3.333.333.......|
00036a20  00 00 00 00 00 00 00 00  00 00 00 00 00 00 00 00  |................|
*
00036f90  00 00 00 00 00 00 00 00  00 00 33 33 33 ff 33 33  |..........333.33|
00036fa0  33 ff 33 33 33 ff 33 33  33 ff 33 33 33 ff 33 33  |3.333.333.333.33|
*
00036fd0  33 ff 33 33 33 ff 33 33  33 ff 00 00 00 00 00 00  |3.333.333.......|
00036fe0  00 00 00 00 00 00 00 00  00 00 00 00 00 00 00 00  |................|
*
000371d0  00 00 00 00 00 00 00 00  00 00 00 00 00 00 33 33  |..............33|
000371e0  33 ff 33 33 33 ff 33 33  33 ff 33 33 33 ff 33 33  |3.333.333.333.33|
*
00037210  33 ff 33 33 33 ff 33 33  33 ff 00 00 00 00 00 00  |3.333.333.......|
00037220  00 00 00 00 00 00 00 00  00 00 00 00 00 00 00 00  |................|
*
00037790  00 00 00 00 00 00 00 00  00 00 33 33 33 ff 33 33  |..........333.33|
000377a0  33 ff 33 33 33 ff 33 33  33 ff 33 33 33 ff 33 33  |3.333.333.333.33|
*
000377d0  33 ff 33 33 33 ff 33 33  33 ff 00 00 00 00 00 00  |3.333.333.......|
000377e0  00 00 00 00 00 00 00 00  00 00 00 00 00 00 00 00  |................|
*
000379d0  00 00 00 00 00 00 00 00  00 00 00 00 00 00 33 33  |..............33|
000379e0  33 ff 33 33 33 ff 33 33  33 ff 33 33 33 ff 33 33  |3.333.333.333.33|
*
00037a10  33 ff 33 33 33 ff 33 33  33 ff 00 00 00 00 00 00  |3.333.333.......|
00037a20  00 00 00 00 00 00 00 00  00 00 00 00 00 00 00 00  |................|
*
00037f90  00 00 00 00 00 00 00 00  00 00 33 33 33 ff 33 33  |..........333.33|
00037fa0  33 ff 33 33 33 ff 33 33  33 ff 33 33 33 ff 33 33  |3.333.333.333.33|
*
00037fd0  33 ff 33 33 33 ff 33 33  33 ff 00 00 00 00 00 00  |3.333.333.......|
00037fe0  00 00 00 00 00 00 00 00  00 00 00 00 00 00 00 00  |................|
*
000381d0  00 00 00 00 00 00 00 00  00 00 00 00 00 00 33 33  |..............33|
000381e0  33 ff 33 33 33 ff 33 33  33 ff 33 33 33 ff 33 33  |3.333.333.333.33|
*
00038210  33 ff 33 33 33 ff 33 33  33 ff 00 00 00 00 00 00  |3.333.333.......|
00038220  00 00 00 00 00 00 00 00  00 00 00 00 00 00 00 00  |................|
*
00038790  00 00 00 00 00 00 00 00  00 00 33 33 33 ff 33 33  |..........333.33|
000387a0  33 ff 33 33 33 ff 33 33  33 ff 33 33 33 ff 33 33  |3.333.333.333.33|
*
000387d0  33 ff 33 33 33 ff 33 33  33 ff 00 00 00 00 00 00  |3.333.333.......|
000387e0  00 00 00 00 00 00 00 00  00 00 00 00 00 00 00 00  |................|
*
000389d0  00 00 00 00 00 00 00 00  00 00 00 00 00 00 33 33  |..............33|
000389e0  33 ff 33 33 33 ff 33 33  33 ff 33 33 33 ff 33 33  |3.333.333.333.33|
*
00038a10  33 ff 33 33 33 ff 33 33  33 ff 00 00 00 00 00 00  |3.333.333.......|
00038a20  00 00 00 00 00 00 00 00  00 00 00 00 00 00 00 00  |................|
*
00038f90  00 00 00 00 00 00 00 00  00 00 33 33 33 ff 33 33  |..........333.33|
00038fa0  33 ff 33 33 33 ff 33 33  33 ff 33 33 33 ff 33 33  |3.333.333.333.33|
*
00038fd0  33 ff 33 33 33 ff 33 33  33 ff 00 00 00 00 00 00  |3.333.333.......|
00038fe0  00 00 00 00 00 00 00 00  00 00 00 00 00 00 00 00  |................|
*
000391d0  00 00 00 00 00 00 00 00  00 00 00 00 00 00 33 33  |..............33|
000391e0  33 ff 33 33 33 ff 33 33  33 ff 33 33 33 ff 33 33  |3.333.333.333.33|
*
00039210  33 ff 33 33 33 ff 33 33  33 ff 00 00 00 00 00 00  |3.333.333.......|
00039220  00 00 00 00 00 00 00 00  00 00 00 00 00 00 00 00  |................|
*
00039790  00 00 00 00 00 00 00 00  00 00 33 33 33 ff 33 33  |..........333.33|
000397a0  33 ff 33 33 33 ff 33 33  33 ff 33 33 33 ff 33 33  |3.333.333.333.33|
*
000397d0  33 ff 33 33 33 ff 33 33  33 ff 00 00 00 00 00 00  |3.333.333.......|
000397e0  00 00 00 00 00 00 00 00  00 00 00 00 00 00 00 00  |................|
*
000399d0  00 00 00 00 00 00 00 00  00 00 00 00 00 00 33 33  |..............33|
000399e0  33 ff 33 33 33 ff 33 33  33 ff 33 33 33 ff 33 33  |3.333.333.333.33|
*
00039a10  33 ff 33 33 33 ff 33 33  33 ff 00 00 00 00 00 00  |3.333.333.......|
00039a20  00 00 00 00 00 00 00 00  00 00 00 00 00 00 00 00  |................|
*
00039f90  00 00 00 00 00 00 00 00  00 00 33 33 33 ff 33 33  |..........333.33|
00039fa0  33 ff 33 33 33 ff 33 33  33 ff 33 33 33 ff 33 33  |3.333.333.333.33|
*
00039fd0  33 ff 33 33 33 ff 33 33  33 ff 00 00 00 00 00 00  |3.333.333.......|
00039fe0  00 00 00 00 00 00 00 00  00 00 00 00 00 00 00 00  |................|
*
0003a1d0  00 00 00 00 00 00 00 00  00 00 00 00 00 00 33 33  |..............33|
0003a1e0  33 ff 33 33 33 ff 33 33  33 ff 33 33 33 ff 33 33  |3.333.333.333.33|
*
0003a210  33 ff 33 33 33 ff 33 33  33 ff 00 00 00 00 00 00  |3.333.333.......|
0003a220  00 00 00 00 00 00 00 00  00 00 00 00 00 00 00 00  |................|
*
0003a790  00 00 00 00 00 00 00 00  00 00 33 33 33 ff 33 33  |..........333.33|
0003a7a0  33 ff 33 33 33 ff 33 33  33 ff 33 33 33 ff 33 33  |3.333.333.333.33|
*
0003a7d0  33 ff 33 33 33 ff 33 33  33 ff 00 00 00 00 00 00  |3.333.333.......|
0003a7e0  00 00 00 00 00 00 00 00  00 00 00 00 00 00 00 00  |................|
*
0003a9d0  00 00 00 00 00 00 00 00  00 00 00 00 00 00 33 33  |..............33|
0003a9e0  33 ff 33 33 33 ff 33 33  33 ff 33 33 33 ff 33 33  |3.333.333.333.33|
*
0003aa10  33 ff 33 33 33 ff 33 33  33 ff 00 00 00 00 00 00  |3.333.333.......|
0003aa20  00 00 00 00 00 00 00 00  00 00 00 00 00 00 00 00  |................|
*
0003af90  00 00 00 00 00 00 00 00  00 00 33 33 33 ff 33 33  |..........333.33|
0003afa0  33 ff 33 33 33 ff 33 33  33 ff 33 33 33 ff 33 33  |3.333.333.333.33|
*
0003afd0  33 ff 33 33 33 ff 33 33  33 ff 00 00 00 00 00 00  |3.333.333.......|
0003afe0  00 00 00 00 00 00 00 00  00 00 00 00 00 00 00 00  |................|
*
0003b1d0  00 00 00 00 00 00 00 00  00 00 00 00 00 00 33 33  |..............33|
0003b1e0  33 ff 33 33 33 ff 33 33  33 ff 33 33 33 ff 33 33  |3.333.333.333.33|
*
0003b210  33 ff 33 33 33 ff 33 33  33 ff 00 00 00 00 00 00  |3.333.333.......|
0003b220  00 00 00 00 00 00 00 00  00 00 00 00 00 00 00 00  |................|
*
0003b790  00 00 00 00 00 00 00 00  00 00 33 33 33 ff 33 33  |..........333.33|
0003b7a0  33 ff 33 33 33 ff 33 33  33 ff 33 33 33 ff 33 33  |3.333.333.333.33|
*
0003b7d0  33 ff 33 33 33 ff 33 33  33 ff 00 00 00 00 00 00  |3.333.333.......|
0003b7e0  00 00 00 00 00 00 00 00  00 00 00 00 00 00 00 00  |................|
*
0003bf90  00 00 00 00 00 00 00 00  00 00 33 33 33 ff 33 33  |..........333.33|
0003bfa0  33 ff 33 33 33 ff 33 33  33 ff 33 33 33 ff 33 33  |3.333.333.333.33|
*
0003bfd0  33 ff 33 33 33 ff 33 33  33 ff 00 00 00 00 00 00  |3.333.333.......|
0003bfe0  00 00 00 00 00 00 00 00  00 00 00 00 00 00 00 00  |................|
*
0003c790  00 00 00 00 00 00 00 00  00 00 33 33 33 ff 33 33  |..........333.33|
0003c7a0  33 ff 33 33 33 ff 33 33  33 ff 33 33 33 ff 33 33  |3.333.333.333.33|
*
0003c7d0  33 ff 33 33 33 ff 33 33  33 ff 00 00 00 00 00 00  |3.333.333.......|
0003c7e0  00 00 00 00 00 00 00 00  00 00 00 00 00 00 00 00  |................|
*
0003cf90  00 00 00 00 00 00 00 00  00 00 33 33 33 ff 33 33  |..........333.33|
0003cfa0  33 ff 33 33 33 ff 33 33  33 ff 33 33 33 ff 33 33  |3.333.333.333.33|
*
0003cfd0  33 ff 33 33 33 ff 33 33  33 ff 00 00 00 00 00 00  |3.333.333.......|
0003cfe0  00 00 00 00 00 00 00 00  00 00 00 00 00 00 00 00  |................|
*
0003d790  00 00 00 00 00 00 00 00  00 00 33 33 33 ff 33 33  |..........333.33|
0003d7a0  33 ff 33 33 33 ff 33 33  33 ff 33 33 33 ff 33 33  |3.333.333.333.33|
*
0003d7d0  33 ff 33 33 33 ff 33 33  33 ff 00 00 00 00 00 00  |3.333.333.......|
0003d7e0  00 00 00 00 00 00 00 00  00 00 00 00 00 00 00 00  |................|
*
0003df90  00 00 00 00 00 00 00 00  00 00 33 33 33 ff 33 33  |..........333.33|
0003dfa0  33 ff 33 33 33 ff 33 33  33 ff 33 33 33 ff 33 33  |3.333.333.333.33|
*
0003dfd0  33 ff 33 33 33 ff 33 33  33 ff 00 00 00 00 00 00  |3.333.333.......|
0003dfe0  00 00 00 00 00 00 00 00  00 00 00 00 00 00 00 00  |................|
*
0003e790  00 00 00 00 00 00 00 00  00 00 33 33 33 ff 33 33  |..........333.33|
0003e7a0  33 ff 33 33 33 ff 33 33  33 ff 33 33 33 ff 33 33  |3.333.333.333.33|
*
0003e7d0  33 ff 33 33 33 ff 33 33  33 ff 00 00 00 00 00 00  |3.333.333.......|
0003e7e0  00 00 00 00 00 00 00 00  00 00 00 00 00 00 00 00  |................|
*
0003ef90  00 00 00 00 00 00 00 00  00 00 33 33 33 ff 33 33  |..........333.33|
0003efa0  33 ff 33 33 33 ff 33 33  33 ff 33 33 33 ff 33 33  |3.333.333.333.33|
*
0003efd0  33 ff 33 33 33 ff 33 33  33 ff 00 00 00 00 00 00  |3.333.333.......|
0003efe0  00 00 00 00 00 00 00 00  00 00 00 00 00 00 00 00  |................|
*
0003f790  00 00 00 00 00 00 00 00  00 00 33 33 33 ff 33 33  |..........333.33|
0003f7a0  33 ff 33 33 33 ff 33 33  33 ff 33 33 33 ff 33 33  |3.333.333.333.33|
*
0003f7d0  33 ff 33 33 33 ff 33 33  33 ff 00 00 00 00 00 00  |3.333.333.......|
0003f7e0  00 00 00 00 00 00 00 00  00 00 00 00 00 00 00 00  |................|
*
0003ff90  00 00 00 00 00 00 00 00  00 00 33 33 33 ff 33 33  |..........333.33|
0003ffa0  33 ff 33 33 33 ff 33 33  33 ff 33 33 33 ff 33 33  |3.333.333.333.33|
*
0003ffd0  33 ff 33 33 33 ff 33 33  33 ff 00 00 00 00 00 00  |3.333.333.......|
0003ffe0  00 00 00 00 00 00 00 00  00 00 00 00 00 00 00 00  |................|
*
00040790  00 00 00 00 00 00 00 00  00 00 33 33 33 ff 33 33  |..........333.33|
000407a0  33 ff 33 33 33 ff 33 33  33 ff 33 33 33 ff 33 33  |3.333.333.333.33|
*
000407d0  33 ff 33 33 33 ff 33 33  33 ff 00 00 00 00 00 00  |3.333.333.......|
000407e0  00 00 00 00 00 00 00 00  00 00 00 00 00 00 00 00  |................|
*
00040f90  00 00 00 00 00 00 00 00  00 00 33 33 33 ff 33 33  |..........333.33|
00040fa0  33 ff 33 33 33 ff 33 33  33 ff 33 33 33 ff 33 33  |3.333.333.333.33|
*
00040fd0  33 ff 33 33 33 ff 33 33  33 ff 00 00 00 00 00 00  |3.333.333.......|
00040fe0  00 00 00 00 00 00 00 00  00 00 00 00 00 00 00 00  |................|
*
00041790  00 00 00 00 00 00 00 00  00 00 33 33 33 ff 33 33  |..........333.33|
000417a0  33 ff 33 33 33 ff 33 33  33 ff 33 33 33 ff 33 33  |3.333.333.333.33|
*
000417d0  33 ff 33 33 33 ff 33 33  33 ff 00 00 00 00 00 00  |3.333.333.......|
000417e0  00 00 00 00 00 00 00 00  00 00 00 00 00 00 00 00  |................|
*
00041f90  00 00 00 00 00 00 00 00  00 00 33 33 33 ff 33 33  |..........333.33|
00041fa0  33 ff 33 33 33 ff 33 33  33 ff 33 33 33 ff 33 33  |3.333.333.333.33|
*
00041fd0  33 ff 33 33 33 ff 33 33  33 ff 00 00 00 00 00 00  |3.333.333.......|
00041fe0  00 00 00 00 00 00 00 00  00 00 00 00 00 00 00 00  |................|
*
00042790  00 00 00 00 00 00 00 00  00 00 33 33 33 ff 33 33  |..........333.33|
000427a0  33 ff 33 33 33 ff 33 33  33 ff 33 33 33 ff 33 33  |3.333.333.333.33|
*
000427d0  33 ff 33 33 33 ff 33 33  33 ff 00 00 00 00 00 00  |3.333.333.......|
000427e0  00 00 00 00 00 00 00 00  00 00 00 00 00 00 00 00  |................|
*
00042f90  00 00 00 00 00 00 00 00  00 00 33 33 33 ff 33 33  |..........333.33|
00042fa0  33 ff 33 33 33 ff 33 33  33 ff 33 33 33 ff 33 33  |3.333.333.333.33|
*
00042fd0  33 ff 33 33 33 ff 33 33  33 ff 00 00 00 00 00 00  |3.333.333.......|
00042fe0  00 00 00 00 00 00 00 00  00 00 00 00 00 00 00 00  |................|
*
00043790  00 00 00 00 00 00 00 00  00 00 33 33 33 ff 33 33  |..........333.33|
000437a0  33 ff 33 33 33 ff 33 33  33 ff 33 33 33 ff 33 33  |3.333.333.333.33|
*
000437d0  33 ff 33 33 33 ff 33 33  33 ff 00 00 00 00 00 00  |3.333.333.......|
000437e0  00 00 00 00 00 00 00 00  00 00 00 00 00 00 00 00  |................|
*
00043990  00 00 00 00 00 01 31 31  31 2e 33 33 33 69 33 33  |......111.333i33|
000439a0  33 91 33 33 33 b8 32 32  32 d9 33 33 33 e6 32 32  |3.333.222.333.22|
000439b0  32 f2 33 33 33 ff 33 33  33 ff 33 33 33 ff 33 33  |2.333.333.333.33|
000439c0  33 ff 33 33 33 ff 33 33  33 ff 33 33 33 ff 33 33  |3.333.333.333.33|
*
00043e60  33 ff 32 32 32 f2 33 33  33 e6 32 32 32 d9 33 33  |3.222.333.222.33|
00043e70  33 b8 33 33 33 90 33 33  33 68 33 33 33 2d 00 00  |3.333.333h333-..|
00043e80  00 01 00 00 00 00 00 00  00 00 00 00 00 00 00 00  |................|
00043e90  00 00 00 00 00 00 00 00  00 00 00 00 00 00 00 00  |................|
*
00043f90  00 00 00 00 00 00 00 00  00 00 33 33 33 ff 33 33  |..........333.33|
00043fa0  33 ff 33 33 33 ff 33 33  33 ff 33 33 33 ff 33 33  |3.333.333.333.33|
*
00043fd0  33 ff 33 33 33 ff 33 33  33 ff 00 00 00 00 00 00  |3.333.333.......|
00043fe0  00 00 00 00 00 00 00 00  00 00 00 00 00 00 00 00  |................|
*
00044180  00 00 00 00 00 00 2a 2a  2a 06 32 32 32 51 33 33  |......***.222Q33|
00044190  33 a9 33 33 33 ea 33 33  33 ff 33 33 33 ff 33 33  |3.333.333.333.33|
000441a0  33 ff 33 33 33 ff 33 33  33 ff 33 33 33 ff 33 33  |3.333.333.333.33|
*
00044680  33 ea 33 33 33 a8 33 33  33 4f 2a 2a 2a 06 00 00  |3.333.333O***...|
00044690  00 00 00 00 00 00 00 00  00 00 00 00 00 00 00 00  |................|
*
00044790  00 00 00 00 00 00 00 00  00 00 33 33 33 ff 33 33  |..........333.33|
000447a0  33 ff 33 33 33 ff 33 33  33 ff 33 33 33 ff 33 33  |3.333.333.333.33|
*
000447d0  33 ff 33 33 33 ff 33 33  33 ff 00 00 00 00 00 00  |3.333.333.......|
000447e0  00 00 00 00 00 00 00 00  00 00 00 00 00 00 00 00  |................|
*
00044970  00 00 00 00 00 00 00 00  00 00 00 00 00 00 33 33  |..............33|
00044980  33 1e 33 33 33 91 32 32  32 ed 33 33 33 ff 33 33  |3.333.222.333.33|
00044990  33 ff 33 33 33 ff 33 33  33 ff 33 33 33 ff 33 33  |3.333.333.333.33|
*
00044e80  33 ff 33 33 33 ff 33 33  33 ff 32 32 32 ec 33 33  |3.333.333.222.33|
00044e90  33 90 34 34 34 1d 00 00  00 00 00 00 00 00 00 00  |3.444...........|
00044ea0  00 00 00 00 00 00 00 00  00 00 00 00 00 00 00 00  |................|
*
00044f90  00 00 00 00 00 00 00 00  00 00 33 33 33 ff 33 33  |..........333.33|
00044fa0  33 ff 33 33 33 ff 33 33  33 ff 33 33 33 ff 33 33  |3.333.333.333.33|
*
00044fd0  33 ff 33 33 33 ff 33 33  33 ff 00 00 00 00 00 00  |3.333.333.......|
00044fe0  00 00 00 00 00 00 00 00  00 00 00 00 00 00 00 00  |................|
*
00045170  00 00 00 00 00 00 31 31  31 1f 32 32 32 9d 33 33  |......111.222.33|
00045180  33 f9 33 33 33 ff 33 33  33 ff 33 33 33 ff 33 33  |3.333.333.333.33|
00045190  33 ff 33 33 33 ff 33 33  33 ff 33 33 33 ff 33 33  |3.333.333.333.33|
*
00045690  33 ff 33 33 33 f9 33 33  33 9b 34 34 34 1d 00 00  |3.333.333.444...|
000456a0  00 00 00 00 00 00 00 00  00 00 00 00 00 00 00 00  |................|
*
00045790  00 00 00 00 00 00 00 00  00 00 33 33 33 ff 33 33  |..........333.33|
000457a0  33 ff 33 33 33 ff 33 33  33 ff 33 33 33 ff 33 33  |3.333.333.333.33|
*
000457d0  33 ff 33 33 33 ff 33 33  33 ff 00 00 00 00 00 00  |3.333.333.......|
000457e0  00 00 00 00 00 00 00 00  00 00 00 00 00 00 00 00  |................|
*
00045960  00 00 00 00 00 00 00 00  00 00 00 00 00 00 33 33  |..............33|
00045970  33 05 32 32 32 6f 33 33  33 f3 33 33 33 ff 33 33  |3.222o333.333.33|
00045980  33 ff 33 33 33 ff 33 33  33 ff 33 33 33 ff 33 33  |3.333.333.333.33|
*
00045e90  33 ff 33 33 33 ff 33 33  33 ff 33 33 33 f5 33 33  |3.333.333.333.33|
00045ea0  33 80 24 24 24 07 00 00  00 00 00 00 00 00 00 00  |3.$$$...........|
00045eb0  00 00 00 00 00 00 00 00  00 00 00 00 00 00 00 00  |................|
*
00045f90  00 00 00 00 00 00 00 00  00 00 33 33 33 ff 33 33  |..........333.33|
00045fa0  33 ff 33 33 33 ff 33 33  33 ff 33 33 33 ff 33 33  |3.333.333.333.33|
*
00045fd0  33 ff 33 33 33 ff 33 33  33 ff 00 00 00 00 00 00  |3.333.333.......|
00045fe0  00 00 00 00 00 00 00 00  00 00 00 00 00 00 00 00  |................|
*
00046160  00 00 00 00 00 00 00 00  00 00 35 35 35 2b 32 32  |..........555+22|
00046170  32 d4 33 33 33 ff 33 33  33 ff 33 33 33 ff 33 33  |2.333.333.333.33|
00046180  33 ff 33 33 33 ff 33 33  33 ff 33 33 33 ff 33 33  |3.333.333.333.33|
*
000466a0  33 ff 32 32 32 d3 30 30  30 2a 00 00 00 00 00 00  |3.222.000*......|
000466b0  00 00 00 00 00 00 00 00  00 00 00 00 00 00 00 00  |................|
*
00046790  00 00 00 00 00 00 00 00  00 00 33 33 33 ff 33 33  |..........333.33|
000467a0  33 ff 33 33 33 ff 33 33  33 ff 33 33 33 ff 33 33  |3.333.333.333.33|
*
000467d0  33 ff 33 33 33 ff 33 33  33 ff 00 00 00 00 00 00  |3.333.333.......|
000467e0  00 00 00 00 00 00 00 00  00 00 00 00 00 00 00 00  |................|
*
00046960  00 00 00 00 00 00 31 31  31 61 33 33 33 f5 33 33  |......111a333.33|
00046970  33 ff 33 33 33 ff 33 33  33 ff 33 33 33 ff 33 33  |3.333.333.333.33|
*
00046ea0  33 ff 33 33 33 ff 33 33  33 f4 33 33 33 5f 00 00  |3.333.333.333_..|
00046eb0  00 00 00 00 00 00 00 00  00 00 00 00 00 00 00 00  |................|
*
00046f90  00 00 00 00 00 00 00 00  00 00 33 33 33 ff 33 33  |..........333.33|
00046fa0  33 ff 33 33 33 ff 33 33  33 ff 33 33 33 ff 33 33  |3.333.333.333.33|
*
00046fd0  33 ff 33 33 33 ff 33 33  33 ff 00 00 00 00 00 00  |3.333.333.......|
00046fe0  00 00 00 00 00 00 00 00  00 00 00 00 00 00 00 00  |................|
*
00047160  00 01 33 33 33 80 33 33  33 ff 33 33 33 ff 33 33  |..333.333.333.33|
00047170  33 ff 33 33 33 ff 33 33  33 ff 33 33 33 ff 33 33  |3.333.333.333.33|
*
000476b0  33 91 00 00 00 02 00 00  00 00 00 00 00 00 00 00  |3...............|
000476c0  00 00 00 00 00 00 00 00  00 00 00 00 00 00 00 00  |................|
*
00047790  00 00 00 00 00 00 00 00  00 00 33 33 33 ff 33 33  |..........333.33|
000477a0  33 ff 33 33 33 ff 33 33  33 ff 33 33 33 ff 33 33  |3.333.333.333.33|
*
000477d0  33 ff 33 33 33 ff 33 33  33 ff 00 00 00 00 00 00  |3.333.333.......|
000477e0  00 00 00 00 00 00 00 00  00 00 00 00 00 00 00 00  |................|
*
00047950  00 00 00 00 00 00 00 00  00 00 3f 3f 3f 04 32 32  |..........???.22|
00047960  32 a1 33 33 33 ff 33 33  33 ff 33 33 33 ff 33 33  |2.333.333.333.33|
00047970  33 ff 33 33 33 ff 33 33  33 ff 33 33 33 ff 33 33  |3.333.333.333.33|
*
00047eb0  33 ff 33 33 33 a0 3f 3f  3f 04 00 00 00 00 00 00  |3.333.???.......|
00047ec0  00 00 00 00 00 00 00 00  00 00 00 00 00 00 00 00  |................|
*
00047f90  00 00 00 00 00 00 00 00  00 00 33 33 33 ff 33 33  |..........333.33|
00047fa0  33 ff 33 33 33 ff 33 33  33 ff 33 33 33 ff 33 33  |3.333.333.333.33|
*
00047fd0  33 ff 33 33 33 ff 33 33  33 ff 00 00 00 00 00 00  |3.333.333.......|
00047fe0  00 00 00 00 00 00 00 00  00 00 00 00 00 00 00 00  |................|
*
00048150  00 00 00 00 00 00 00 00  00 01 33 33 33 9e 33 33  |..........333.33|
00048160  33 ff 33 33 33 ff 33 33  33 ff 33 33 33 ff 33 33  |3.333.333.333.33|
*
000486b0  33 ff 33 33 33 ff 33 33  33 a4 00 00 00 01 00 00  |3.333.333.......|
000486c0  00 00 00 00 00 00 00 00  00 00 00 00 00 00 00 00  |................|
*
00048790  00 00 00 00 00 00 00 00  00 00 33 33 33 ff 33 33  |..........333.33|
000487a0  33 ff 33 33 33 ff 33 33  33 ff 33 33 33 ff 33 33  |3.333.333.333.33|
*
000487d0  33 ff 33 33 33 ff 33 33  33 ff 00 00 00 00 00 00  |3.333.333.......|
000487e0  00 00 00 00 00 00 00 00  00 00 00 00 00 00 00 00  |................|
*
00048950  00 00 00 00 00 00 33 33  33 8b 33 33 33 ff 33 33  |......333.333.33|
00048960  33 ff 33 33 33 ff 33 33  33 ff 33 33 33 ff 33 33  |3.333.333.333.33|
*
00048eb0  33 ff 33 33 33 ff 33 33  33 ff 33 33 33 87 00 00  |3.333.333.333...|
00048ec0  00 00 00 00 00 00 00 00  00 00 00 00 00 00 00 00  |................|
*
00048f90  00 00 00 00 00 00 00 00  00 00 33 33 33 ff 33 33  |..........333.33|
00048fa0  33 ff 33 33 33 ff 33 33  33 ff 33 33 33 ff 33 33  |3.333.333.333.33|
*
00048fd0  33 ff 33 33 33 ff 33 33  33 ff 00 00 00 00 00 00  |3.333.333.......|
00048fe0  00 00 00 00 00 00 00 00  00 00 00 00 00 00 00 00  |................|
*
00049150  00 00 34 34 34 62 33 33  33 ff 33 33 33 ff 33 33  |..444b333.333.33|
00049160  33 ff 33 33 33 ff 33 33  33 ff 33 33 33 ff 33 33  |3.333.333.333.33|
*
000496c0  33 5f 00 00 00 00 00 00  00 00 00 00 00 00 00 00  |3_..............|
000496d0  00 00 00 00 00 00 00 00  00 00 00 00 00 00 00 00  |................|
*
00049790  00 00 00 00 00 00 00 00  00 00 33 33 33 ff 33 33  |..........333.33|
000497a0  33 ff 33 33 33 ff 33 33  33 ff 33 33 33 ff 33 33  |3.333.333.333.33|
*
000497d0  33 ff 33 33 33 ff 33 33  33 ff 00 00 00 00 00 00  |3.333.333.......|
000497e0  00 00 00 00 00 00 00 00  00 00 00 00 00 00 00 00  |................|
*
00049940  00 00 00 00 00 00 00 00  00 00 00 00 00 00 35 35  |..............55|
00049950  35 2b 33 33 33 f5 33 33  33 ff 33 33 33 ff 33 33  |5+333.333.333.33|
00049960  33 ff 33 33 33 ff 33 33  33 ff 33 33 33 ff 33 33  |3.333.333.333.33|
*
00049ec0  33 f4 30 30 30 2a 00 00  00 00 00 00 00 00 00 00  |3.000*..........|
00049ed0  00 00 00 00 00 00 00 00  00 00 00 00 00 00 00 00  |................|
*
00049f90  00 00 00 00 00 00 00 00  00 00 33 33 33 ff 33 33  |..........333.33|
00049fa0  33 ff 33 33 33 ff 33 33  33 ff 33 33 33 ff 33 33  |3.333.333.333.33|
*
00049fd0  33 ff 33 33 33 ff 33 33  33 ff 00 00 00 00 00 00  |3.333.333.......|
00049fe0  00 00 00 00 00 00 00 00  00 00 00 00 00 00 00 00  |................|
*
0004a140  00 00 00 00 00 00 00 00  00 00 2a 2a 2a 06 32 32  |..........***.22|
0004a150  32 d4 33 33 33 ff 33 33  33 ff 33 33 33 ff 33 33  |2.333.333.333.33|
0004a160  33 ff 33 33 33 ff 33 33  33 ff 33 33 33 ff 33 33  |3.333.333.333.33|
*
0004a6c0  33 ff 32 32 32 d3 2a 2a  2a 06 00 00 00 00 00 00  |3.222.***.......|
0004a6d0  00 00 00 00 00 00 00 00  00 00 00 00 00 00 00 00  |................|
*
0004a790  00 00 00 00 00 00 00 00  00 00 33 33 33 ff 33 33  |..........333.33|
0004a7a0  33 ff 33 33 33 ff 33 33  33 ff 33 33 33 ff 33 33  |3.333.333.333.33|
*
0004a7d0  33 ff 33 33 33 ff 33 33  33 ff 00 00 00 00 00 00  |3.333.333.......|
0004a7e0  00 00 00 00 00 00 00 00  00 00 00 00 00 00 00 00  |................|
*
0004a940  00 00 00 00 00 00 00 00  00 00 32 32 32 7a 33 33  |..........222z33|
0004a950  33 ff 33 33 33 ff 33 33  33 ff 33 33 33 ff 33 33  |3.333.333.333.33|
*
0004aec0  33 ff 33 33 33 ff 33 33  33 76 00 00 00 00 00 00  |3.333.333v......|
0004aed0  00 00 00 00 00 00 00 00  00 00 00 00 00 00 00 00  |................|
*
0004af90  00 00 00 00 00 00 00 00  00 00 33 33 33 ff 33 33  |..........333.33|
0004afa0  33 ff 33 33 33 ff 33 33  33 ff 33 33 33 ff 33 33  |3.333.333.333.33|
*
0004afd0  33 ff 33 33 33 ff 33 33  33 ff 00 00 00 00 00 00  |3.333.333.......|
0004afe0  00 00 00 00 00 00 00 00  00 00 00 00 00 00 00 00  |................|
*
0004b140  00 00 00 00 00 00 31 31  31 1f 33 33 33 f5 33 33  |......111.333.33|
0004b150  33 ff 33 33 33 ff 33 33  33 ff 33 33 33 ff 33 33  |3.333.333.333.33|
*
0004b6c0  33 ff 33 33 33 ff 33 33  33 f4 34 34 34 1d 00 00  |3.333.333.444...|
0004b6d0  00 00 00 00 00 00 00 00  00 00 00 00 00 00 00 00  |................|
*
0004b790  00 00 00 00 00 00 00 00  00 00 33 33 33 ff 33 33  |..........333.33|
0004b7a0  33 ff 33 33 33 ff 33 33  33 ff 33 33 33 ff 33 33  |3.333.333.333.33|
*
0004b7d0  33 ff 33 33 33 ff 33 33  33 ff 00 00 00 00 00 00  |3.333.333.......|
0004b7e0  00 00 00 00 00 00 00 00  00 00 00 00 00 00 00 00  |................|
*
0004b940  00 00 00 00 00 00 33 33  33 9e 33 33 33 ff 33 33  |......333.333.33|
0004b950  33 ff 33 33 33 ff 33 33  33 ff 33 33 33 ff 33 33  |3.333.333.333.33|
*
0004bec0  33 ff 33 33 33 ff 33 33  33 ff 33 33 33 9a 00 00  |3.333.333.333...|
0004bed0  00 00 00 00 00 00 00 00  00 00 00 00 00 00 00 00  |................|
*
0004bf90  00 00 00 00 00 00 00 00  00 00 33 33 33 ff 33 33  |..........333.33|
0004bfa0  33 ff 33 33 33 ff 33 33  33 ff 33 33 33 ff 33 33  |3.333.333.333.33|
*
0004bfd0  33 ff 33 33 33 ff 33 33  33 ff 00 00 00 00 00 00  |3.333.333.......|
0004bfe0  00 00 00 00 00 00 00 00  00 00 00 00 00 00 00 00  |................|
*
0004c140  00 00 34 34 34 1d 33 33  33 f9 33 33 33 ff 33 33  |..444.333.333.33|
0004c150  33 ff 33 33 33 ff 33 33  33 ff 33 33 33 ff 33 33  |3.333.333.333.33|
*
0004c6c0  33 ff 33 33 33 ff 33 33  33 ff 33 33 33 fa 31 31  |3.333.333.333.11|
0004c6d0  31 1f 00 00 00 00 00 00  00 00 00 00 00 00 00 00  |1...............|
0004c6e0  00 00 00 00 00 00 00 00  00 00 00 00 00 00 00 00  |................|
*
0004c790  00 00 00 00 00 00 00 00  00 00 33 33 33 ff 33 33  |..........333.33|
0004c7a0  33 ff 33 33 33 ff 33 33  33 ff 33 33 33 ff 33 33  |3.333.333.333.33|
*
0004c7d0  33 ff 33 33 33 ff 33 33  33 ff 00 00 00 00 00 00  |3.333.333.......|
0004c7e0  00 00 00 00 00 00 00 00  00 00 00 00 00 00 00 00  |................|
*
0004c940  00 00 33 33 33 91 33 33  33 ff 33 33 33 ff 33 33  |..333.333.333.33|
0004c950  33 ff 33 33 33 ff 33 33  33 ff 33 33 33 ff 33 33  |3.333.333.333.33|
*
0004ced0  33 90 00 00 00 00 00 00  00 00 00 00 00 00 00 00  |3...............|
0004cee0  00 00 00 00 00 00 00 00  00 00 00 00 00 00 00 00  |................|
*
0004cf90  00 00 00 00 00 00 00 00  00 00 33 33 33 ff 33 33  |..........333.33|
0004cfa0  33 ff 33 33 33 ff 33 33  33 ff 33 33 33 ff 33 33  |3.333.333.333.33|
*
0004cfd0  33 ff 33 33 33 ff 33 33  33 ff 00 00 00 00 00 00  |3.333.333.......|
0004cfe0  00 00 00 00 00 00 00 00  00 00 00 00 00 00 00 00  |................|
*
0004d130  00 00 00 00 00 00 00 00  00 00 00 00 00 00 2a 2a  |..............**|
0004d140  2a 06 32 32 32 ec 33 33  33 ff 33 33 33 ff 33 33  |*.222.333.333.33|
0004d150  33 ff 33 33 33 ff 33 33  33 ff 33 33 33 ff 33 33  |3.333.333.333.33|
*
0004d6c0  33 ff 33 33 33 ff 33 33  33 ff 33 33 33 ff 32 32  |3.333.333.333.22|
0004d6d0  32 ed 24 24 24 07 00 00  00 00 00 00 00 00 00 00  |2.$$$...........|
0004d6e0  00 00 00 00 00 00 00 00  00 00 00 00 00 00 00 00  |................|
*
0004d790  00 00 00 00 00 00 00 00  00 00 33 33 33 ff 33 33  |..........333.33|
0004d7a0  33 ff 33 33 33 ff 33 33  33 ff 33 33 33 ff 33 33  |3.333.333.333.33|
*
0004d7d0  33 ff 33 33 33 ff 33 33  33 ff 00 00 00 00 00 00  |3.333.333.......|
0004d7e0  00 00 00 00 00 00 00 00  00 00 00 00 00 00 00 00  |................|
*
0004d930  00 00 00 00 00 00 00 00  00 00 00 00 00 00 34 34  |..............44|
0004d940  34 53 33 33 33 ff 33 33  33 ff 33 33 33 ff 33 33  |4S333.333.333.33|
0004d950  33 ff 33 33 33 ff 33 33  33 ff 33 33 33 ff 33 33  |3.333.333.333.33|
*
0004ded0  33 ff 33 33 33 4f 00 00  00 00 00 00 00 00 00 00  |3.333O..........|
0004dee0  00 00 00 00 00 00 00 00  00 00 00 00 00 00 00 00  |................|
*
0004df90  00 00 00 00 00 00 00 00  00 00 33 33 33 ff 33 33  |..........333.33|
0004dfa0  33 ff 33 33 33 ff 33 33  33 ff 33 33 33 ff 33 33  |3.333.333.333.33|
*
0004dfd0  33 ff 33 33 33 ff 33 33  33 ff 00 00 00 00 00 00  |3.333.333.......|
0004dfe0  00 00 00 00 00 00 00 00  00 00 00 00 00 00 00 00  |................|
*
0004e130  00 00 00 00 00 00 00 00  00 00 00 00 00 00 33 33  |..............33|
0004e140  33 aa 33 33 33 ff 33 33  33 ff 33 33 33 ff 33 33  |3.333.333.333.33|
0004e150  33 ff 33 33 33 ff 33 33  33 ff 33 33 33 ff 33 33  |3.333.333.333.33|
*
0004e6d0  33 ff 32 32 32 a7 00 00  00 00 00 00 00 00 00 00  |3.222...........|
0004e6e0  00 00 00 00 00 00 00 00  00 00 00 00 00 00 00 00  |................|
*
0004e790  00 00 00 00 00 00 00 00  00 00 33 33 33 ff 33 33  |..........333.33|
0004e7a0  33 ff 33 33 33 ff 33 33  33 ff 33 33 33 ff 33 33  |3.333.333.333.33|
*
0004e7d0  33 ff 33 33 33 ff 33 33  33 ff 00 00 00 00 00 00  |3.333.333.......|
0004e7e0  00 00 00 00 00 00 00 00  00 00 00 00 00 00 00 00  |................|
*
0004e930  00 00 00 00 00 00 00 00  00 00 00 00 00 02 33 33  |..............33|
0004e940  33 eb 33 33 33 ff 33 33  33 ff 33 33 33 ff 33 33  |3.333.333.333.33|
0004e950  33 ff 33 33 33 ff 33 33  33 ff 33 33 33 ff 33 33  |3.333.333.333.33|
*
0004eed0  33 ff 33 33 33 e9 00 00  00 01 00 00 00 00 00 00  |3.333...........|
0004eee0  00 00 00 00 00 00 00 00  00 00 00 00 00 00 00 00  |................|
*
0004ef90  00 00 00 00 00 00 00 00  00 00 33 33 33 ff 33 33  |..........333.33|
0004efa0  33 ff 33 33 33 ff 33 33  33 ff 33 33 33 ff 33 33  |3.333.333.333.33|
*
0004efd0  33 ff 33 33 33 ff 33 33  33 ff 00 00 00 00 00 00  |3.333.333.......|
0004efe0  00 00 00 00 00 00 00 00  00 00 00 00 00 00 00 00  |................|
*
0004f130  00 00 00 00 00 00 00 00  00 00 35 35 35 30 33 33  |..........555033|
0004f140  33 ff 33 33 33 ff 33 33  33 ff 33 33 33 ff 33 33  |3.333.333.333.33|
*
0004f6d0  33 ff 33 33 33 ff 33 33  33 2d 00 00 00 00 00 00  |3.333.333-......|
0004f6e0  00 00 00 00 00 00 00 00  00 00 00 00 00 00 00 00  |................|
*
0004f790  00 00 00 00 00 00 00 00  00 00 33 33 33 ff 33 33  |..........333.33|
0004f7a0  33 ff 33 33 33 ff 33 33  33 ff 33 33 33 ff 33 33  |3.333.333.333.33|
*
0004f7d0  33 ff 33 33 33 ff 33 33  33 ff 00 00 00 00 00 00  |3.333.333.......|
0004f7e0  00 00 00 00 00 00 00 00  00 00 00 00 00 00 00 00  |................|
*
0004f930  00 00 00 00 00 00 00 00  00 00 32 32 32 6a 33 33  |..........222j33|
0004f940  33 ff 33 33 33 ff 33 33  33 ff 33 33 33 ff 33 33  |3.333.333.333.33|
*
0004fed0  33 ff 33 33 33 ff 33 33  33 68 00 00 00 00 00 00  |3.333.333h......|
0004fee0  00 00 00 00 00 00 00 00  00 00 00 00 00 00 00 00  |................|
*
0004ff90  00 00 00 00 00 00 00 00  00 00 33 33 33 ff 33 33  |..........333.33|
0004ffa0  33 ff 33 33 33 ff 33 33  33 ff 33 33 33 ff 33 33  |3.333.333.333.33|
*
0004ffd0  33 ff 33 33 33 ff 33 33  33 ff 00 00 00 00 00 00  |3.333.333.......|
0004ffe0  00 00 00 00 00 00 00 00  00 00 00 00 00 00 00 00  |................|
*
00050130  00 00 00 00 00 00 00 00  00 00 32 32 32 93 33 33  |..........222.33|
00050140  33 ff 33 33 33 ff 33 33  33 ff 33 33 33 ff 33 33  |3.333.333.333.33|
*
000506d0  33 ff 33 33 33 ff 33 33  33 90 00 00 00 00 00 00  |3.333.333.......|
000506e0  00 00 00 00 00 00 00 00  00 00 00 00 00 00 00 00  |................|
*
00050790  00 00 00 00 00 00 00 00  00 00 33 33 33 ff 33 33  |..........333.33|
000507a0  33 ff 33 33 33 ff 33 33  33 ff 33 33 33 ff 33 33  |3.333.333.333.33|
*
000507d0  33 ff 33 33 33 ff 33 33  33 ff 00 00 00 00 00 00  |3.333.333.......|
000507e0  00 00 00 00 00 00 00 00  00 00 00 00 00 00 00 00  |................|
*
00050930  00 00 00 00 00 00 00 00  00 00 32 32 32 ba 33 33  |..........222.33|
00050940  33 ff 33 33 33 ff 33 33  33 ff 33 33 33 ff 33 33  |3.333.333.333.33|
*
00050ed0  33 ff 33 33 33 ff 33 33  33 b7 00 00 00 00 00 00  |3.333.333.......|
00050ee0  00 00 00 00 00 00 00 00  00 00 00 00 00 00 00 00  |................|
*
00050f90  00 00 00 00 00 00 00 00  00 00 33 33 33 ff 33 33  |..........333.33|
00050fa0  33 ff 33 33 33 ff 33 33  33 ff 33 33 33 ff 33 33  |3.333.333.333.33|
*
00050fd0  33 ff 33 33 33 ff 33 33  33 ff 00 00 00 00 00 00  |3.333.333.......|
00050fe0  00 00 00 00 00 00 00 00  00 00 00 00 00 00 00 00  |................|
*
00051130  00 00 00 00 00 00 00 00  00 00 33 33 33 da 33 33  |..........333.33|
00051140  33 ff 33 33 33 ff 33 33  33 ff 33 33 33 ff 33 33  |3.333.333.333.33|
*
000516d0  33 ff 33 33 33 ff 32 32  32 d8 00 00 00 00 00 00  |3.333.222.......|
000516e0  00 00 00 00 00 00 00 00  00 00 00 00 00 00 00 00  |................|
*
00051790  00 00 00 00 00 00 00 00  00 00 33 33 33 ff 33 33  |..........333.33|
000517a0  33 ff 33 33 33 ff 33 33  33 ff 33 33 33 ff 33 33  |3.333.333.333.33|
*
000517d0  33 ff 33 33 33 ff 33 33  33 ff 00 00 00 00 00 00  |3.333.333.......|
000517e0  00 00 00 00 00 00 00 00  00 00 00 00 00 00 00 00  |................|
*
00051930  00 00 00 00 00 00 00 00  00 00 32 32 32 e8 33 33  |..........222.33|
00051940  33 ff 33 33 33 ff 33 33  33 ff 33 33 33 ff 33 33  |3.333.333.333.33|
*
00051ed0  33 ff 33 33 33 ff 33 33  33 e6 00 00 00 00 00 00  |3.333.333.......|
00051ee0  00 00 00 00 00 00 00 00  00 00 00 00 00 00 00 00  |................|
*
00051f90  00 00 00 00 00 00 00 00  00 00 33 33 33 ff 33 33  |..........333.33|
00051fa0  33 ff 33 33 33 ff 33 33  33 ff 33 33 33 ff 33 33  |3.333.333.333.33|
*
00051fd0  33 ff 33 33 33 ff 33 33  33 ff 00 00 00 00 00 00  |3.333.333.......|
00051fe0  00 00 00 00 00 00 00 00  00 00 00 00 00 00 00 00  |................|
*
00052130  00 00 00 00 00 00 00 00  00 00 33 33 33 f4 33 33  |..........333.33|
00052140  33 ff 33 33 33 ff 33 33  33 ff 33 33 33 ff 33 33  |3.333.333.333.33|
*
000526d0  33 ff 33 33 33 ff 33 33  33 f3 00 00 00 00 00 00  |3.333.333.......|
000526e0  00 00 00 00 00 00 00 00  00 00 00 00 00 00 00 00  |................|
*
00052790  00 00 00 00 00 00 00 00  00 00 33 33 33 ff 33 33  |..........333.33|
000527a0  33 ff 33 33 33 ff 33 33  33 ff 33 33 33 ff 33 33  |3.333.333.333.33|
*
000527d0  33 ff 33 33 33 ff 33 33  33 ff 00 00 00 00 00 00  |3.333.333.......|
000527e0  00 00 00 00 00 00 00 00  00 00 00 00 00 00 00 00  |................|
*
00052930  00 00 00 00 00 00 00 00  00 00 33 33 33 fe 33 33  |..........333.33|
00052940  33 ff 33 33 33 ff 33 33  33 ff 33 33 33 ff 33 33  |3.333.333.333.33|
*
00052ed0  33 ff 33 33 33 ff 33 33  33 fe 00 00 00 00 00 00  |3.333.333.......|
00052ee0  00 00 00 00 00 00 00 00  00 00 00 00 00 00 00 00  |................|
*
00052f90  00 00 00 00 00 00 00 00  00 00 33 33 33 ff 33 33  |..........333.33|
00052fa0  33 ff 33 33 33 ff 33 33  33 ff 33 33 33 ff 33 33  |3.333.333.333.33|
*
00052fd0  33 ff 33 33 33 ff 33 33  33 ff 00 00 00 00 00 00  |3.333.333.......|
00052fe0  00 00 00 00 00 00 00 00  00 00 00 00 00 00 00 00  |................|
*
00053130  00 00 00 00 00 00 00 00  00 00 33 33 33 ff 33 33  |..........333.33|
00053140  33 ff 33 33 33 ff 33 33  33 ff 33 33 33 ff 33 33  |3.333.333.333.33|
*
000536d0  33 ff 33 33 33 ff 33 33  33 ff 00 00 00 00 00 00  |3.333.333.......|
000536e0  00 00 00 00 00 00 00 00  00 00 00 00 00 00 00 00  |................|
*
00053790  00 00 00 00 00 00 00 00  00 00 33 33 33 ff 33 33  |..........333.33|
000537a0  33 ff 33 33 33 ff 33 33  33 ff 33 33 33 ff 33 33  |3.333.333.333.33|
*
000537d0  33 ff 33 33 33 ff 33 33  33 ff 00 00 00 00 00 00  |3.333.333.......|
000537e0  00 00 00 00 00 00 00 00  00 00 00 00 00 00 00 00  |................|
*
00053930  00 00 00 00 00 00 00 00  00 00 33 33 33 ff 33 33  |..........333.33|
00053940  33 ff 33 33 33 ff 33 33  33 ff 33 33 33 ff 33 33  |3.333.333.333.33|
*
00053ed0  33 ff 33 33 33 ff 33 33  33 ff 00 00 00 00 00 00  |3.333.333.......|
00053ee0  00 00 00 00 00 00 00 00  00 00 00 00 00 00 00 00  |................|
*
00053f90  00 00 00 00 00 00 00 00  00 00 33 33 33 ff 33 33  |..........333.33|
00053fa0  33 ff 33 33 33 ff 33 33  33 ff 33 33 33 ff 33 33  |3.333.333.333.33|
*
00053fd0  33 ff 33 33 33 ff 33 33  33 ff 00 00 00 00 00 00  |3.333.333.......|
00053fe0  00 00 00 00 00 00 00 00  00 00 00 00 00 00 00 00  |................|
*
00054130  00 00 00 00 00 00 00 00  00 00 33 33 33 ff 33 33  |..........333.33|
00054140  33 ff 33 33 33 ff 33 33  33 ff 33 33 33 ff 33 33  |3.333.333.333.33|
*
000546d0  33 ff 33 33 33 ff 33 33  33 ff 00 00 00 00 00 00  |3.333.333.......|
000546e0  00 00 00 00 00 00 00 00  00 00 00 00 00 00 00 00  |................|
*
00054790  00 00 00 00 00 00 00 00  00 00 33 33 33 ff 33 33  |..........333.33|
000547a0  33 ff 33 33 33 ff 33 33  33 ff 33 33 33 ff 33 33  |3.333.333.333.33|
*
000547d0  33 ff 33 33 33 ff 33 33  33 ff 00 00 00 00 00 00  |3.333.333.......|
000547e0  00 00 00 00 00 00 00 00  00 00 00 00 00 00 00 00  |................|
*
00054930  00 00 00 00 00 00 00 00  00 00 33 33 33 ff 33 33  |..........333.33|
00054940  33 ff 33 33 33 ff 33 33  33 ff 33 33 33 ff 33 33  |3.333.333.333.33|
*
00054ed0  33 ff 33 33 33 ff 33 33  33 ff 00 00 00 00 00 00  |3.333.333.......|
00054ee0  00 00 00 00 00 00 00 00  00 00 00 00 00 00 00 00  |................|
*
00054f90  00 00 00 00 00 00 00 00  00 00 33 33 33 ff 33 33  |..........333.33|
00054fa0  33 ff 33 33 33 ff 33 33  33 ff 33 33 33 ff 33 33  |3.333.333.333.33|
*
00054fd0  33 ff 33 33 33 ff 33 33  33 ff 00 00 00 00 00 00  |3.333.333.......|
00054fe0  00 00 00 00 00 00 00 00  00 00 00 00 00 00 00 00  |................|
*
00055130  00 00 00 00 00 00 00 00  00 00 33 33 33 ff 33 33  |..........333.33|
00055140  33 ff 33 33 33 ff 33 33  33 ff 33 33 33 ff 33 33  |3.333.333.333.33|
*
000556d0  33 ff 33 33 33 ff 33 33  33 ff 00 00 00 00 00 00  |3.333.333.......|
000556e0  00 00 00 00 00 00 00 00  00 00 00 00 00 00 00 00  |................|
*
00055790  00 00 00 00 00 00 00 00  00 00 33 33 33 ff 33 33  |..........333.33|
000557a0  33 ff 33 33 33 ff 33 33  33 ff 33 33 33 ff 33 33  |3.333.333.333.33|
*
000557d0  33 ff 33 33 33 ff 33 33  33 ff 00 00 00 00 00 00  |3.333.333.......|
000557e0  00 00 00 00 00 00 00 00  00 00 00 00 00 00 00 00  |................|
*
00055930  00 00 00 00 00 00 00 00  00 00 33 33 33 ff 33 33  |..........333.33|
00055940  33 ff 33 33 33 ff 33 33  33 ff 33 33 33 ff 33 33  |3.333.333.333.33|
*
00055ed0  33 ff 33 33 33 ff 33 33  33 ff 00 00 00 00 00 00  |3.333.333.......|
00055ee0  00 00 00 00 00 00 00 00  00 00 00 00 00 00 00 00  |................|
*
00055f90  00 00 00 00 00 00 00 00  00 00 33 33 33 ff 33 33  |..........333.33|
00055fa0  33 ff 33 33 33 ff 33 33  33 ff 33 33 33 ff 33 33  |3.333.333.333.33|
*
00055fd0  33 ff 33 33 33 ff 33 33  33 ff 00 00 00 00 00 00  |3.333.333.......|
00055fe0  00 00 00 00 00 00 00 00  00 00 00 00 00 00 00 00  |................|
*
00056130  00 00 00 00 00 00 00 00  00 00 33 33 33 ff 33 33  |..........333.33|
00056140  33 ff 33 33 33 ff 33 33  33 ff 33 33 33 ff 33 33  |3.333.333.333.33|
*
000566d0  33 ff 33 33 33 ff 33 33  33 ff 00 00 00 00 00 00  |3.333.333.......|
000566e0  00 00 00 00 00 00 00 00  00 00 00 00 00 00 00 00  |................|
*
00056790  00 00 00 00 00 00 00 00  00 00 33 33 33 ff 33 33  |..........333.33|
000567a0  33 ff 33 33 33 ff 33 33  33 ff 33 33 33 ff 33 33  |3.333.333.333.33|
*
000567d0  33 ff 33 33 33 ff 33 33  33 ff 00 00 00 00 00 00  |3.333.333.......|
000567e0  00 00 00 00 00 00 00 00  00 00 00 00 00 00 00 00  |................|
*
00056930  00 00 00 00 00 00 00 00  00 00 33 33 33 ff 33 33  |..........333.33|
00056940  33 ff 33 33 33 ff 33 33  33 ff 33 33 33 ff 33 33  |3.333.333.333.33|
*
00056ed0  33 ff 33 33 33 ff 33 33  33 ff 00 00 00 00 00 00  |3.333.333.......|
00056ee0  00 00 00 00 00 00 00 00  00 00 00 00 00 00 00 00  |................|
*
00056f90  00 00 00 00 00 00 00 00  00 00 33 33 33 ff 33 33  |..........333.33|
00056fa0  33 ff 33 33 33 ff 33 33  33 ff 33 33 33 ff 33 33  |3.333.333.333.33|
*
00056fd0  33 ff 33 33 33 ff 33 33  33 ff 00 00 00 00 00 00  |3.333.333.......|
00056fe0  00 00 00 00 00 00 00 00  00 00 00 00 00 00 00 00  |................|
*
00057130  00 00 00 00 00 00 00 00  00 00 33 33 33 ff 33 33  |..........333.33|
00057140  33 ff 33 33 33 ff 33 33  33 ff 33 33 33 ff 33 33  |3.333.333.333.33|
*
000576d0  33 ff 33 33 33 ff 33 33  33 ff 00 00 00 00 00 00  |3.333.333.......|
000576e0  00 00 00 00 00 00 00 00  00 00 00 00 00 00 00 00  |................|
*
00057790  00 00 00 00 00 00 00 00  00 00 33 33 33 ff 33 33  |..........333.33|
000577a0  33 ff 33 33 33 ff 33 33  33 ff 33 33 33 ff 33 33  |3.333.333.333.33|
*
000577d0  33 ff 33 33 33 ff 33 33  33 ff 00 00 00 00 00 00  |3.333.333.......|
000577e0  00 00 00 00 00 00 00 00  00 00 00 00 00 00 00 00  |................|
*
00057930  00 00 00 00 00 00 00 00  00 00 33 33 33 ff 33 33  |..........333.33|
00057940  33 ff 33 33 33 ff 33 33  33 ff 33 33 33 ff 33 33  |3.333.333.333.33|
*
00057ed0  33 ff 33 33 33 ff 33 33  33 ff 00 00 00 00 00 00  |3.333.333.......|
00057ee0  00 00 00 00 00 00 00 00  00 00 00 00 00 00 00 00  |................|
*
00057f90  00 00 00 00 00 00 00 00  00 00 33 33 33 ff 33 33  |..........333.33|
00057fa0  33 ff 33 33 33 ff 33 33  33 ff 33 33 33 ff 33 33  |3.333.333.333.33|
*
00057fd0  33 ff 33 33 33 ff 33 33  33 ff 00 00 00 00 00 00  |3.333.333.......|
00057fe0  00 00 00 00 00 00 00 00  00 00 00 00 00 00 00 00  |................|
*
00058130  00 00 00 00 00 00 00 00  00 00 33 33 33 ff 33 33  |..........333.33|
00058140  33 ff 33 33 33 ff 33 33  33 ff 33 33 33 ff 33 33  |3.333.333.333.33|
*
000586d0  33 ff 33 33 33 ff 33 33  33 ff 00 00 00 00 00 00  |3.333.333.......|
000586e0  00 00 00 00 00 00 00 00  00 00 00 00 00 00 00 00  |................|
*
00058790  00 00 00 00 00 00 00 00  00 00 33 33 33 ff 33 33  |..........333.33|
000587a0  33 ff 33 33 33 ff 33 33  33 ff 33 33 33 ff 33 33  |3.333.333.333.33|
*
000587d0  33 ff 33 33 33 ff 33 33  33 ff 00 00 00 00 00 00  |3.333.333.......|
000587e0  00 00 00 00 00 00 00 00  00 00 00 00 00 00 00 00  |................|
*
00058930  00 00 00 00 00 00 00 00  00 00 33 33 33 ff 33 33  |..........333.33|
00058940  33 ff 33 33 33 ff 33 33  33 ff 33 33 33 ff 33 33  |3.333.333.333.33|
*
00058ed0  33 ff 33 33 33 ff 33 33  33 ff 00 00 00 00 00 00  |3.333.333.......|
00058ee0  00 00 00 00 00 00 00 00  00 00 00 00 00 00 00 00  |................|
*
00058f90  00 00 00 00 00 00 00 00  00 00 33 33 33 ff 33 33  |..........333.33|
00058fa0  33 ff 33 33 33 ff 33 33  33 ff 33 33 33 ff 33 33  |3.333.333.333.33|
*
00058fd0  33 ff 33 33 33 ff 33 33  33 ff 00 00 00 00 00 00  |3.333.333.......|
00058fe0  00 00 00 00 00 00 00 00  00 00 00 00 00 00 00 00  |................|
*
00059130  00 00 00 00 00 00 00 00  00 00 33 33 33 ff 33 33  |..........333.33|
00059140  33 ff 33 33 33 ff 33 33  33 ff 33 33 33 ff 33 33  |3.333.333.333.33|
*
000596d0  33 ff 33 33 33 ff 33 33  33 ff 00 00 00 00 00 00  |3.333.333.......|
000596e0  00 00 00 00 00 00 00 00  00 00 00 00 00 00 00 00  |................|
*
00059790  00 00 00 00 00 00 00 00  00 00 33 33 33 ff 33 33  |..........333.33|
000597a0  33 ff 33 33 33 ff 33 33  33 ff 33 33 33 ff 33 33  |3.333.333.333.33|
*
000597d0  33 ff 33 33 33 ff 33 33  33 ff 00 00 00 00 00 00  |3.333.333.......|
000597e0  00 00 00 00 00 00 00 00  00 00 00 00 00 00 00 00  |................|
*
00059930  00 00 00 00 00 00 00 00  00 00 33 33 33 ff 33 33  |..........333.33|
00059940  33 ff 33 33 33 ff 33 33  33 ff 33 33 33 ff 33 33  |3.333.333.333.33|
*
000599c0  33 ff 33 33 33 ff 33 33  33 ff 33 33 33 ff 00 00  |3.333.333.333...|
000599d0  00 00 00 00 00 00 00 00  00 00 00 00 00 00 00 00  |................|
*
00059a60  00 00 00 00 00 00 33 33  33 05 2d 2d 2d 11 2d 2d  |......333.---.--|
00059a70  2d 11 36 36 36 21 30 30  30 2f 31 31 31 48 34 34  |-.666!000/111H44|
00059a80  34 5d 32 32 32 74 33 33  33 99 32 32 32 c0 33 33  |4]222t333.222.33|
00059a90  33 e9 33 33 33 ff 33 33  33 ff 33 33 33 ff 33 33  |3.333.333.333.33|
00059aa0  33 ff 33 33 33 ff 33 33  33 ff 33 33 33 ff 33 33  |3.333.333.333.33|
*
00059b30  33 ff 33 33 33 ff 33 33  33 ff 00 00 00 00 00 00  |3.333.333.......|
00059b40  00 00 00 00 00 00 00 00  00 00 00 00 00 00 00 00  |................|
*
00059b90  00 00 00 00 00 00 33 33  33 ff 33 33 33 ff 33 33  |......333.333.33|
00059ba0  33 ff 33 33 33 ff 33 33  33 ff 33 33 33 ff 33 33  |3.333.333.333.33|
*
00059be0  33 d5 00 00 00 00 00 00  00 00 00 00 00 00 00 00  |3...............|
00059bf0  00 00 00 00 00 00 00 00  00 00 00 00 00 00 00 00  |................|
*
00059c40  00 00 2f 2f 2f 1b 33 33  33 fe 33 33 33 ff 33 33  |..///.333.333.33|
00059c50  33 ff 33 33 33 ff 33 33  33 ff 33 33 33 ff 33 33  |3.333.333.333.33|
*
00059c90  33 ff 00 00 00 00 00 00  00 00 00 00 00 00 00 00  |3...............|
00059ca0  00 00 00 00 00 00 00 00  00 00 00 00 00 00 00 00  |................|
*
00059cf0  00 00 33 33 33 ff 33 33  33 ff 33 33 33 ff 33 33  |..333.333.333.33|
00059d00  33 ff 33 33 33 ff 33 33  33 ff 33 33 33 ff 33 33  |3.333.333.333.33|
*
00059d40  33 ff 00 00 00 00 00 00  00 00 00 00 00 00 00 00  |3...............|
00059d50  00 00 00 00 00 00 00 00  00 00 00 00 00 00 00 00  |................|
*
00059da0  00 00 00 00 00 00 00 00  00 00 00 00 00 00 33 33  |..............33|
00059db0  33 ff 33 33 33 ff 33 33  33 ff 33 33 33 ff 33 33  |3.333.333.333.33|
*
00059ed0  33 ff 33 33 33 ff 33 33  33 ff 00 00 00 00 00 00  |3.333.333.......|
00059ee0  00 00 00 00 00 00 00 00  00 00 00 00 00 00 00 00  |................|
*
00059f90  00 00 00 00 00 00 00 00  00 00 33 33 33 ff 33 33  |..........333.33|
00059fa0  33 ff 33 33 33 ff 33 33  33 ff 33 33 33 ff 33 33  |3.333.333.333.33|
*
00059fd0  33 ff 33 33 33 ff 33 33  33 ff 00 00 00 00 00 00  |3.333.333.......|
00059fe0  00 00 00 00 00 00 00 00  00 00 00 00 00 00 00 00  |................|
*
0005a130  00 00 00 00 00 00 00 00  00 00 33 33 33 ff 33 33  |..........333.33|
0005a140  33 ff 33 33 33 ff 33 33  33 ff 33 33 33 ff 33 33  |3.333.333.333.33|
*
0005a1c0  33 ff 33 33 33 ff 33 33  33 ff 33 33 33 ff 00 00  |3.333.333.333...|
0005a1d0  00 00 00 00 00 00 00 00  00 00 00 00 00 00 00 00  |................|
*
0005a290  00 00 2e 2e 2e 16 33 33  33 50 33 33 33 8c 33 33  |......333P333.33|
0005a2a0  33 c7 32 32 32 fc 33 33  33 ff 33 33 33 ff 33 33  |3.222.333.333.33|
0005a2b0  33 ff 33 33 33 ff 33 33  33 ff 33 33 33 ff 33 33  |3.333.333.333.33|
*
0005a330  33 ff 33 33 33 ff 33 33  33 ff 00 00 00 00 00 00  |3.333.333.......|
0005a340  00 00 00 00 00 00 00 00  00 00 00 00 00 00 00 00  |................|
*
0005a390  00 00 00 00 00 00 33 33  33 ff 33 33 33 ff 33 33  |......333.333.33|
0005a3a0  33 ff 33 33 33 ff 33 33  33 ff 33 33 33 ff 33 33  |3.333.333.333.33|
*
0005a3e0  33 8c 00 00 00 00 00 00  00 00 00 00 00 00 00 00  |3...............|
0005a3f0  00 00 00 00 00 00 00 00  00 00 00 00 00 00 00 00  |................|
*
0005a440  00 00 00 00 00 00 33 33  33 d1 33 33 33 ff 33 33  |......333.333.33|
0005a450  33 ff 33 33 33 ff 33 33  33 ff 33 33 33 ff 33 33  |3.333.333.333.33|
*
0005a490  33 ff 00 00 00 00 00 00  00 00 00 00 00 00 00 00  |3...............|
0005a4a0  00 00 00 00 00 00 00 00  00 00 00 00 00 00 00 00  |................|
*
0005a4f0  00 00 33 33 33 ff 33 33  33 ff 33 33 33 ff 33 33  |..333.333.333.33|
0005a500  33 ff 33 33 33 ff 33 33  33 ff 33 33 33 ff 33 33  |3.333.333.333.33|
*
0005a540  33 ff 00 00 00 00 00 00  00 00 00 00 00 00 00 00  |3...............|
0005a550  00 00 00 00 00 00 00 00  00 00 00 00 00 00 00 00  |................|
*
0005a5a0  00 00 00 00 00 00 00 00  00 00 00 00 00 00 33 33  |..............33|
0005a5b0  33 ff 33 33 33 ff 33 33  33 ff 33 33 33 ff 33 33  |3.333.333.333.33|
*
0005a6d0  33 ff 33 33 33 ff 33 33  33 ff 00 00 00 00 00 00  |3.333.333.......|
0005a6e0  00 00 00 00 00 00 00 00  00 00 00 00 00 00 00 00  |................|
*
0005a790  00 00 00 00 00 00 00 00  00 00 33 33 33 ff 33 33  |..........333.33|
0005a7a0  33 ff 33 33 33 ff 33 33  33 ff 33 33 33 ff 33 33  |3.333.333.333.33|
*
0005a7d0  33 ff 33 33 33 ff 33 33  33 ff 00 00 00 00 00 00  |3.333.333.......|
0005a7e0  00 00 00 00 00 00 00 00  00 00 00 00 00 00 00 00  |................|
*
0005a930  00 00 00 00 00 00 00 00  00 00 33 33 33 ff 33 33  |..........333.33|
0005a940  33 ff 33 33 33 ff 33 33  33 ff 33 33 33 ff 33 33  |3.333.333.333.33|
*
0005a9c0  33 ff 33 33 33 ff 33 33  33 ff 33 33 33 ff 00 00  |3.333.333.333...|
0005a9d0  00 00 00 00 00 00 00 00  00 00 00 00 00 00 00 00  |................|
*
0005aaa0  00 00 2e 2e 2e 16 32 32  32 66 33 33 33 b9 32 32  |......222f333.22|
0005aab0  32 fb 33 33 33 ff 33 33  33 ff 33 33 33 ff 33 33  |2.333.333.333.33|
0005aac0  33 ff 33 33 33 ff 33 33  33 ff 33 33 33 ff 33 33  |3.333.333.333.33|
*
0005ab30  33 ff 33 33 33 ff 33 33  33 ff 00 00 00 00 00 00  |3.333.333.......|
0005ab40  00 00 00 00 00 00 00 00  00 00 00 00 00 00 00 00  |................|
*
0005ab90  00 00 00 00 00 00 33 33  33 ff 33 33 33 ff 33 33  |......333.333.33|
0005aba0  33 ff 33 33 33 ff 33 33  33 ff 33 33 33 ff 33 33  |3.333.333.333.33|
*
0005abd0  33 ff 33 33 33 ff 33 33  33 ff 33 33 33 ff 31 31  |3.333.333.333.11|
0005abe0  31 43 00 00 00 00 00 00  00 00 00 00 00 00 00 00  |1C..............|
0005abf0  00 00 00 00 00 00 00 00  00 00 00 00 00 00 00 00  |................|
*
0005ac40  00 00 00 00 00 00 32 32  32 89 33 33 33 ff 33 33  |......222.333.33|
0005ac50  33 ff 33 33 33 ff 33 33  33 ff 33 33 33 ff 33 33  |3.333.333.333.33|
*
0005ac90  33 ff 00 00 00 00 00 00  00 00 00 00 00 00 00 00  |3...............|
0005aca0  00 00 00 00 00 00 00 00  00 00 00 00 00 00 00 00  |................|
*
0005acf0  00 00 33 33 33 ff 33 33  33 ff 33 33 33 ff 33 33  |..333.333.333.33|
0005ad00  33 ff 33 33 33 ff 33 33  33 ff 33 33 33 ff 33 33  |3.333.333.333.33|
*
0005ad40  33 ff 00 00 00 00 00 00  00 00 00 00 00 00 00 00  |3...............|
0005ad50  00 00 00 00 00 00 00 00  00 00 00 00 00 00 00 00  |................|
*
0005ada0  00 00 00 00 00 00 00 00  00 00 00 00 00 00 33 33  |..............33|
0005adb0  33 ff 33 33 33 ff 33 33  33 ff 33 33 33 ff 33 33  |3.333.333.333.33|
*
0005aed0  33 ff 33 33 33 ff 33 33  33 ff 00 00 00 00 00 00  |3.333.333.......|
0005aee0  00 00 00 00 00 00 00 00  00 00 00 00 00 00 00 00  |................|
*
0005af90  00 00 00 00 00 00 00 00  00 00 33 33 33 ff 33 33  |..........333.33|
0005afa0  33 ff 33 33 33 ff 33 33  33 ff 33 33 33 ff 33 33  |3.333.333.333.33|
*
0005afd0  33 ff 33 33 33 ff 33 33  33 ff 00 00 00 00 00 00  |3.333.333.......|
0005afe0  00 00 00 00 00 00 00 00  00 00 00 00 00 00 00 00  |................|
*
0005b130  00 00 00 00 00 00 00 00  00 00 33 33 33 ff 33 33  |..........333.33|
0005b140  33 ff 33 33 33 ff 33 33  33 ff 33 33 33 ff 33 33  |3.333.333.333.33|
*
0005b1c0  33 ff 33 33 33 ff 33 33  33 ff 33 33 33 ff 00 00  |3.333.333.333...|
0005b1d0  00 00 00 00 00 00 00 00  00 00 00 00 00 00 00 00  |................|
*
0005b2a0  00 00 00 00 00 00 00 00  00 00 00 00 00 00 33 33  |..............33|
0005b2b0  33 19 33 33 33 77 33 33  33 e4 33 33 33 ff 33 33  |3.333w333.333.33|
0005b2c0  33 ff 33 33 33 ff 33 33  33 ff 33 33 33 ff 33 33  |3.333.333.333.33|
*
0005b330  33 ff 33 33 33 ff 33 33  33 ff 00 00 00 00 00 00  |3.333.333.......|
0005b340  00 00 00 00 00 00 00 00  00 00 00 00 00 00 00 00  |................|
*
0005b390  00 00 00 00 00 00 33 33  33 ff 33 33 33 ff 33 33  |......333.333.33|
0005b3a0  33 ff 33 33 33 ff 33 33  33 ff 33 33 33 ff 33 33  |3.333.333.333.33|
*
0005b3d0  33 ff 33 33 33 ff 33 33  33 ff 33 33 33 f4 24 24  |3.333.333.333.$$|
0005b3e0  24 07 00 00 00 00 00 00  00 00 00 00 00 00 00 00  |$...............|
0005b3f0  00 00 00 00 00 00 00 00  00 00 00 00 00 00 00 00  |................|
*
0005b440  00 00 00 00 00 00 32 32  32 42 33 33 33 ff 33 33  |......222B333.33|
0005b450  33 ff 33 33 33 ff 33 33  33 ff 33 33 33 ff 33 33  |3.333.333.333.33|
*
0005b490  33 ff 00 00 00 00 00 00  00 00 00 00 00 00 00 00  |3...............|
0005b4a0  00 00 00 00 00 00 00 00  00 00 00 00 00 00 00 00  |................|
*
0005b4f0  00 00 33 33 33 ff 33 33  33 ff 33 33 33 ff 33 33  |..333.333.333.33|
0005b500  33 ff 33 33 33 ff 33 33  33 ff 33 33 33 ff 33 33  |3.333.333.333.33|
*
0005b540  33 ff 00 00 00 00 00 00  00 00 00 00 00 00 00 00  |3...............|
0005b550  00 00 00 00 00 00 00 00  00 00 00 00 00 00 00 00  |................|
*
0005b5a0  00 00 00 00 00 00 00 00  00 00 00 00 00 00 33 33  |..............33|
0005b5b0  33 ff 33 33 33 ff 33 33  33 ff 33 33 33 ff 33 33  |3.333.333.333.33|
*
0005b6d0  33 ff 33 33 33 ff 33 33  33 ff 00 00 00 00 00 00  |3.333.333.......|
0005b6e0  00 00 00 00 00 00 00 00  00 00 00 00 00 00 00 00  |................|
*
0005b790  00 00 00 00 00 00 00 00  00 00 33 33 33 ff 33 33  |..........333.33|
0005b7a0  33 ff 33 33 33 ff 33 33  33 ff 33 33 33 ff 33 33  |3.333.333.333.33|
*
0005b7d0  33 ff 33 33 33 ff 33 33  33 ff 00 00 00 00 00 00  |3.333.333.......|
0005b7e0  00 00 00 00 00 00 00 00  00 00 00 00 00 00 00 00  |................|
*
0005b930  00 00 00 00 00 00 00 00  00 00 33 33 33 ff 33 33  |..........333.33|
0005b940  33 ff 33 33 33 ff 33 33  33 ff 33 33 33 ff 33 33  |3.333.333.333.33|
*
0005b9c0  33 ff 33 33 33 ff 33 33  33 ff 33 33 33 ff 00 00  |3.333.333.333...|
0005b9d0  00 00 00 00 00 00 00 00  00 00 00 00 00 00 00 00  |................|
*
0005bab0  00 00 00 00 00 00 24 24  24 07 33 33 33 6c 33 33  |......$$$.333l33|
0005bac0  33 e9 33 33 33 ff 33 33  33 ff 33 33 33 ff 33 33  |3.333.333.333.33|
0005bad0  33 ff 33 33 33 ff 33 33  33 ff 33 33 33 ff 33 33  |3.333.333.333.33|
*
0005bb30  33 ff 33 33 33 ff 33 33  33 ff 00 00 00 00 00 00  |3.333.333.......|
0005bb40  00 00 00 00 00 00 00 00  00 00 00 00 00 00 00 00  |................|
*
0005bb90  00 00 00 00 00 00 33 33  33 ff 33 33 33 ff 33 33  |......333.333.33|
0005bba0  33 ff 33 33 33 ff 33 33  33 ff 33 33 33 ff 33 33  |3.333.333.333.33|
*
0005bbd0  33 ff 33 33 33 ff 33 33  33 ff 32 32 32 b0 00 00  |3.333.333.222...|
0005bbe0  00 00 00 00 00 00 00 00  00 00 00 00 00 00 00 00  |................|
*
0005bc40  00 00 00 00 00 00 2a 2a  2a 06 32 32 32 f2 33 33  |......***.222.33|
0005bc50  33 ff 33 33 33 ff 33 33  33 ff 33 33 33 ff 33 33  |3.333.333.333.33|
*
0005bc90  33 ff 00 00 00 00 00 00  00 00 00 00 00 00 00 00  |3...............|
0005bca0  00 00 00 00 00 00 00 00  00 00 00 00 00 00 00 00  |................|
*
0005bcf0  00 00 33 33 33 ff 33 33  33 ff 33 33 33 ff 33 33  |..333.333.333.33|
0005bd00  33 ff 33 33 33 ff 33 33  33 ff 33 33 33 ff 33 33  |3.333.333.333.33|
*
0005bd40  33 ff 00 00 00 00 00 00  00 00 00 00 00 00 00 00  |3...............|
0005bd50  00 00 00 00 00 00 00 00  00 00 00 00 00 00 00 00  |................|
*
0005bda0  00 00 00 00 00 00 00 00  00 00 00 00 00 00 33 33  |..............33|
0005bdb0  33 ff 33 33 33 ff 33 33  33 ff 33 33 33 ff 33 33  |3.333.333.333.33|
*
0005bed0  33 ff 33 33 33 ff 33 33  33 ff 00 00 00 00 00 00  |3.333.333.......|
0005bee0  00 00 00 00 00 00 00 00  00 00 00 00 00 00 00 00  |................|
*
0005bf90  00 00 00 00 00 00 00 00  00 00 33 33 33 ff 33 33  |..........333.33|
0005bfa0  33 ff 33 33 33 ff 33 33  33 ff 33 33 33 ff 33 33  |3.333.333.333.33|
*
0005bfd0  33 ff 33 33 33 ff 33 33  33 ff 00 00 00 00 00 00  |3.333.333.......|
0005bfe0  00 00 00 00 00 00 00 00  00 00 00 00 00 00 00 00  |................|
*
0005c130  00 00 00 00 00 00 00 00  00 00 33 33 33 ff 33 33  |..........333.33|
0005c140  33 ff 33 33 33 ff 33 33  33 ff 33 33 33 ff 33 33  |3.333.333.333.33|
*
0005c1c0  33 ff 33 33 33 ff 33 33  33 ff 33 33 33 ff 00 00  |3.333.333.333...|
0005c1d0  00 00 00 00 00 00 00 00  00 00 00 00 00 00 00 00  |................|
*
0005c2b0  00 00 00 00 00 00 00 00  00 00 00 00 00 00 3a 3a  |..............::|
0005c2c0  3a 0d 32 32 32 83 33 33  33 f8 33 33 33 ff 33 33  |:.222.333.333.33|
0005c2d0  33 ff 33 33 33 ff 33 33  33 ff 33 33 33 ff 33 33  |3.333.333.333.33|
*
0005c330  33 ff 33 33 33 ff 33 33  33 ff 00 00 00 00 00 00  |3.333.333.......|
0005c340  00 00 00 00 00 00 00 00  00 00 00 00 00 00 00 00  |................|
*
0005c390  00 00 00 00 00 00 33 33  33 ff 33 33 33 ff 33 33  |......333.333.33|
0005c3a0  33 ff 33 33 33 ff 33 33  33 ff 33 33 33 ff 33 33  |3.333.333.333.33|
*
0005c3d0  33 ff 33 33 33 ff 33 33  33 ff 33 33 33 67 00 00  |3.333.333.333g..|
0005c3e0  00 00 00 00 00 00 00 00  00 00 00 00 00 00 00 00  |................|
*
0005c440  00 00 00 00 00 00 00 00  00 00 32 32 32 b1 33 33  |..........222.33|
0005c450  33 ff 33 33 33 ff 33 33  33 ff 33 33 33 ff 33 33  |3.333.333.333.33|
*
0005c490  33 ff 00 00 00 00 00 00  00 00 00 00 00 00 00 00  |3...............|
0005c4a0  00 00 00 00 00 00 00 00  00 00 00 00 00 00 00 00  |................|
*
0005c4f0  00 00 33 33 33 ff 33 33  33 ff 33 33 33 ff 33 33  |..333.333.333.33|
0005c500  33 ff 33 33 33 ff 33 33  33 ff 33 33 33 ff 33 33  |3.333.333.333.33|
*
0005c540  33 ff 00 00 00 00 00 00  00 00 00 00 00 00 00 00  |3...............|
0005c550  00 00 00 00 00 00 00 00  00 00 00 00 00 00 00 00  |................|
*
0005c5a0  00 00 00 00 00 00 00 00  00 00 00 00 00 00 33 33  |..............33|
0005c5b0  33 ff 33 33 33 ff 33 33  33 ff 33 33 33 ff 33 33  |3.333.333.333.33|
*
0005c6d0  33 ff 33 33 33 ff 33 33  33 ff 00 00 00 00 00 00  |3.333.333.......|
0005c6e0  00 00 00 00 00 00 00 00  00 00 00 00 00 00 00 00  |................|
*
0005c790  00 00 00 00 00 00 00 00  00 00 33 33 33 ff 33 33  |..........333.33|
0005c7a0  33 ff 33 33 33 ff 33 33  33 ff 33 33 33 ff 33 33  |3.333.333.333.33|
*
0005c7d0  33 ff 33 33 33 ff 33 33  33 ff 00 00 00 00 00 00  |3.333.333.......|
0005c7e0  00 00 00 00 00 00 00 00  00 00 00 00 00 00 00 00  |................|
*
0005c930  00 00 00 00 00 00 00 00  00 00 33 33 33 ff 33 33  |..........333.33|
0005c940  33 ff 33 33 33 ff 33 33  33 ff 33 33 33 ff 33 33  |3.333.333.333.33|
*
0005c9c0  33 ff 33 33 33 ff 33 33  33 ff 33 33 33 ff 00 00  |3.333.333.333...|
0005c9d0  00 00 00 00 00 00 00 00  00 00 00 00 00 00 00 00  |................|
*
0005cac0  00 00 00 00 00 00 35 35  35 2b 33 33 33 cd 33 33  |......555+333.33|
0005cad0  33 ff 33 33 33 ff 33 33  33 ff 33 33 33 ff 33 33  |3.333.333.333.33|
*
0005cb30  33 ff 33 33 33 ff 33 33  33 ff 00 00 00 00 00 00  |3.333.333.......|
0005cb40  00 00 00 00 00 00 00 00  00 00 00 00 00 00 00 00  |................|
*
0005cb90  00 00 00 00 00 00 33 33  33 ff 33 33 33 ff 33 33  |......333.333.33|
0005cba0  33 ff 33 33 33 ff 33 33  33 ff 33 33 33 ff 33 33  |3.333.333.333.33|
*
0005cbd0  33 ff 33 33 33 ff 33 33  33 ff 31 31 31 1f 00 00  |3.333.333.111...|
0005cbe0  00 00 00 00 00 00 00 00  00 00 00 00 00 00 00 00  |................|
*
0005cc40  00 00 00 00 00 00 00 00  00 00 33 33 33 69 33 33  |..........333i33|
0005cc50  33 ff 33 33 33 ff 33 33  33 ff 33 33 33 ff 33 33  |3.333.333.333.33|
*
0005cc90  33 ff 00 00 00 00 00 00  00 00 00 00 00 00 00 00  |3...............|
0005cca0  00 00 00 00 00 00 00 00  00 00 00 00 00 00 00 00  |................|
*
0005ccf0  00 00 33 33 33 ff 33 33  33 ff 33 33 33 ff 33 33  |..333.333.333.33|
0005cd00  33 ff 33 33 33 ff 33 33  33 ff 33 33 33 ff 33 33  |3.333.333.333.33|
*
0005cd40  33 ff 00 00 00 00 00 00  00 00 00 00 00 00 00 00  |3...............|
0005cd50  00 00 00 00 00 00 00 00  00 00 00 00 00 00 00 00  |................|
*
0005cda0  00 00 00 00 00 00 00 00  00 00 00 00 00 00 33 33  |..............33|
0005cdb0  33 ff 33 33 33 ff 33 33  33 ff 33 33 33 ff 33 33  |3.333.333.333.33|
*
0005ced0  33 ff 33 33 33 ff 33 33  33 ff 00 00 00 00 00 00  |3.333.333.......|
0005cee0  00 00 00 00 00 00 00 00  00 00 00 00 00 00 00 00  |................|
*
0005cf90  00 00 00 00 00 00 00 00  00 00 33 33 33 ff 33 33  |..........333.33|
0005cfa0  33 ff 33 33 33 ff 33 33  33 ff 33 33 33 ff 33 33  |3.333.333.333.33|
*
0005cfd0  33 ff 33 33 33 ff 33 33  33 ff 00 00 00 00 00 00  |3.333.333.......|
0005cfe0  00 00 00 00 00 00 00 00  00 00 00 00 00 00 00 00  |................|
*
0005d130  00 00 00 00 00 00 00 00  00 00 33 33 33 ff 33 33  |..........333.33|
0005d140  33 ff 33 33 33 ff 33 33  33 ff 33 33 33 ff 33 33  |3.333.333.333.33|
*
0005d1c0  33 ff 33 33 33 ff 33 33  33 ff 33 33 33 ff 00 00  |3.333.333.333...|
0005d1d0  00 00 00 00 00 00 00 00  00 00 00 00 00 00 00 00  |................|
*
0005d2c0  00 00 00 00 00 00 00 00  00 00 33 33 33 05 33 33  |..........333.33|
0005d2d0  33 8b 33 33 33 ff 33 33  33 ff 33 33 33 ff 33 33  |3.333.333.333.33|
0005d2e0  33 ff 33 33 33 ff 33 33  33 ff 33 33 33 ff 33 33  |3.333.333.333.33|
*
0005d330  33 ff 33 33 33 ff 33 33  33 ff 00 00 00 00 00 00  |3.333.333.......|
0005d340  00 00 00 00 00 00 00 00  00 00 00 00 00 00 00 00  |................|
*
0005d390  00 00 00 00 00 00 33 33  33 ff 33 33 33 ff 33 33  |......333.333.33|
0005d3a0  33 ff 33 33 33 ff 33 33  33 ff 33 33 33 ff 33 33  |3.333.333.333.33|
*
0005d3d0  33 ff 33 33 33 ff 33 33  33 d5 00 00 00 00 00 00  |3.333.333.......|
0005d3e0  00 00 00 00 00 00 00 00  00 00 00 00 00 00 00 00  |................|
*
0005d440  00 00 00 00 00 00 00 00  00 00 36 36 36 21 33 33  |..........666!33|
0005d450  33 ff 33 33 33 ff 33 33  33 ff 33 33 33 ff 33 33  |3.333.333.333.33|
*
0005d490  33 ff 00 00 00 00 00 00  00 00 00 00 00 00 00 00  |3...............|
0005d4a0  00 00 00 00 00 00 00 00  00 00 00 00 00 00 00 00  |................|
*
0005d4f0  00 00 33 33 33 ff 33 33  33 ff 33 33 33 ff 33 33  |..333.333.333.33|
0005d500  33 ff 33 33 33 ff 33 33  33 ff 33 33 33 ff 33 33  |3.333.333.333.33|
*
0005d540  33 ff 00 00 00 00 00 00  00 00 00 00 00 00 00 00  |3...............|
0005d550  00 00 00 00 00 00 00 00  00 00 00 00 00 00 00 00  |................|
*
0005d5a0  00 00 00 00 00 00 00 00  00 00 00 00 00 00 33 33  |..............33|
0005d5b0  33 ff 33 33 33 ff 33 33  33 ff 33 33 33 ff 33 33  |3.333.333.333.33|
*
0005d6d0  33 ff 33 33 33 ff 33 33  33 ff 00 00 00 00 00 00  |3.333.333.......|
0005d6e0  00 00 00 00 00 00 00 00  00 00 00 00 00 00 00 00  |................|
*
0005d790  00 00 00 00 00 00 00 00  00 00 33 33 33 ff 33 33  |..........333.33|
0005d7a0  33 ff 33 33 33 ff 33 33  33 ff 33 33 33 ff 33 33  |3.333.333.333.33|
*
0005d7d0  33 ff 33 33 33 ff 33 33  33 ff 00 00 00 00 00 00  |3.333.333.......|
0005d7e0  00 00 00 00 00 00 00 00  00 00 00 00 00 00 00 00  |................|
*
0005d930  00 00 00 00 00 00 00 00  00 00 33 33 33 ff 33 33  |..........333.33|
0005d940  33 ff 33 33 33 ff 33 33  33 ff 33 33 33 ff 33 33  |3.333.333.333.33|
*
0005d9c0  33 ff 33 33 33 ff 33 33  33 ff 33 33 33 ff 00 00  |3.333.333.333...|
0005d9d0  00 00 00 00 00 00 00 00  00 00 00 00 00 00 00 00  |................|
*
0005dad0  00 00 34 34 34 62 33 33  33 fa 33 33 33 ff 33 33  |..444b333.333.33|
0005dae0  33 ff 33 33 33 ff 33 33  33 ff 33 33 33 ff 33 33  |3.333.333.333.33|
*
0005db30  33 ff 33 33 33 ff 33 33  33 ff 00 00 00 00 00 00  |3.333.333.......|
0005db40  00 00 00 00 00 00 00 00  00 00 00 00 00 00 00 00  |................|
*
0005db90  00 00 00 00 00 00 33 33  33 ff 33 33 33 ff 33 33  |......333.333.33|
0005dba0  33 ff 33 33 33 ff 33 33  33 ff 33 33 33 ff 33 33  |3.333.333.333.33|
*
0005dbd0  33 ff 33 33 33 ff 33 33  33 8b 00 00 00 00 00 00  |3.333.333.......|
0005dbe0  00 00 00 00 00 00 00 00  00 00 00 00 00 00 00 00  |................|
*
0005dc40  00 00 00 00 00 00 00 00  00 00 00 00 00 00 32 32  |..............22|
0005dc50  32 d8 33 33 33 ff 33 33  33 ff 33 33 33 ff 33 33  |2.333.333.333.33|
0005dc60  33 ff 33 33 33 ff 33 33  33 ff 33 33 33 ff 33 33  |3.333.333.333.33|
*
0005dc90  33 ff 00 00 00 00 00 00  00 00 00 00 00 00 00 00  |3...............|
0005dca0  00 00 00 00 00 00 00 00  00 00 00 00 00 00 00 00  |................|
*
0005dcf0  00 00 33 33 33 ff 33 33  33 ff 33 33 33 ff 33 33  |..333.333.333.33|
0005dd00  33 ff 33 33 33 ff 33 33  33 ff 33 33 33 ff 33 33  |3.333.333.333.33|
*
0005dd40  33 ff 00 00 00 00 00 00  00 00 00 00 00 00 00 00  |3...............|
0005dd50  00 00 00 00 00 00 00 00  00 00 00 00 00 00 00 00  |................|
*
0005dda0  00 00 00 00 00 00 00 00  00 00 00 00 00 00 33 33  |..............33|
0005ddb0  33 ff 33 33 33 ff 33 33  33 ff 33 33 33 ff 33 33  |3.333.333.333.33|
*
0005ded0  33 ff 33 33 33 ff 33 33  33 ff 00 00 00 00 00 00  |3.333.333.......|
0005dee0  00 00 00 00 00 00 00 00  00 00 00 00 00 00 00 00  |................|
*
0005df90  00 00 00 00 00 00 00 00  00 00 33 33 33 ff 33 33  |..........333.33|
0005dfa0  33 ff 33 33 33 ff 33 33  33 ff 33 33 33 ff 33 33  |3.333.333.333.33|
*
0005dfd0  33 ff 33 33 33 ff 33 33  33 ff 00 00 00 00 00 00  |3.333.333.......|
0005dfe0  00 00 00 00 00 00 00 00  00 00 00 00 00 00 00 00  |................|
*
0005e130  00 00 00 00 00 00 00 00  00 00 33 33 33 ff 33 33  |..........333.33|
0005e140  33 ff 33 33 33 ff 33 33  33 ff 33 33 33 ff 33 33  |3.333.333.333.33|
*
0005e1c0  33 ff 33 33 33 ff 33 33  33 ff 33 33 33 ff 00 00  |3.333.333.333...|
0005e1d0  00 00 00 00 00 00 00 00  00 00 00 00 00 00 00 00  |................|
*
0005e2d0  00 00 00 00 00 00 32 32  32 47 32 32 32 f7 33 33  |......222G222.33|
0005e2e0  33 ff 33 33 33 ff 33 33  33 ff 33 33 33 ff 33 33  |3.333.333.333.33|
*
0005e330  33 ff 33 33 33 ff 33 33  33 ff 00 00 00 00 00 00  |3.333.333.......|
0005e340  00 00 00 00 00 00 00 00  00 00 00 00 00 00 00 00  |................|
*
0005e390  00 00 00 00 00 00 33 33  33 ff 33 33 33 ff 33 33  |......333.333.33|
0005e3a0  33 ff 33 33 33 ff 33 33  33 ff 33 33 33 ff 33 33  |3.333.333.333.33|
*
0005e3d0  33 ff 33 33 33 ff 31 31  31 43 00 00 00 00 00 00  |3.333.111C......|
0005e3e0  00 00 00 00 00 00 00 00  00 00 00 00 00 00 00 00  |................|
*
0005e440  00 00 00 00 00 00 00 00  00 00 00 00 00 00 33 33  |..............33|
0005e450  33 90 33 33 33 ff 33 33  33 ff 33 33 33 ff 33 33  |3.333.333.333.33|
0005e460  33 ff 33 33 33 ff 33 33  33 ff 33 33 33 ff 33 33  |3.333.333.333.33|
*
0005e490  33 ff 00 00 00 00 00 00  00 00 00 00 00 00 00 00  |3...............|
0005e4a0  00 00 00 00 00 00 00 00  00 00 00 00 00 00 00 00  |................|
*
0005e4f0  00 00 33 33 33 ff 33 33  33 ff 33 33 33 ff 33 33  |..333.333.333.33|
0005e500  33 ff 33 33 33 ff 33 33  33 ff 33 33 33 ff 33 33  |3.333.333.333.33|
*
0005e540  33 ff 00 00 00 00 00 00  00 00 00 00 00 00 00 00  |3...............|
0005e550  00 00 00 00 00 00 00 00  00 00 00 00 00 00 00 00  |................|
*
0005e5a0  00 00 00 00 00 00 00 00  00 00 00 00 00 00 33 33  |..............33|
0005e5b0  33 ff 33 33 33 ff 33 33  33 ff 33 33 33 ff 33 33  |3.333.333.333.33|
*
0005e6d0  33 ff 33 33 33 ff 33 33  33 ff 00 00 00 00 00 00  |3.333.333.......|
0005e6e0  00 00 00 00 00 00 00 00  00 00 00 00 00 00 00 00  |................|
*
0005e790  00 00 00 00 00 00 00 00  00 00 33 33 33 ff 33 33  |..........333.33|
0005e7a0  33 ff 33 33 33 ff 33 33  33 ff 33 33 33 ff 33 33  |3.333.333.333.33|
*
0005e7d0  33 ff 33 33 33 ff 33 33  33 ff 00 00 00 00 00 00  |3.333.333.......|
0005e7e0  00 00 00 00 00 00 00 00  00 00 00 00 00 00 00 00  |................|
*
0005e930  00 00 00 00 00 00 00 00  00 00 33 33 33 ff 33 33  |..........333.33|
0005e940  33 ff 33 33 33 ff 33 33  33 ff 33 33 33 ff 33 33  |3.333.333.333.33|
*
0005e9c0  33 ff 33 33 33 ff 33 33  33 ff 33 33 33 ff 00 00  |3.333.333.333...|
0005e9d0  00 00 00 00 00 00 00 00  00 00 00 00 00 00 00 00  |................|
*
0005ead0  00 00 00 00 00 00 00 00  00 00 34 34 34 4e 32 32  |..........444N22|
0005eae0  32 fb 33 33 33 ff 33 33  33 ff 33 33 33 ff 33 33  |2.333.333.333.33|
0005eaf0  33 ff 33 33 33 ff 33 33  33 ff 33 33 33 ff 33 33  |3.333.333.333.33|
*
0005eb30  33 ff 33 33 33 ff 33 33  33 ff 00 00 00 00 00 00  |3.333.333.......|
0005eb40  00 00 00 00 00 00 00 00  00 00 00 00 00 00 00 00  |................|
*
0005eb90  00 00 00 00 00 00 33 33  33 ff 33 33 33 ff 33 33  |......333.333.33|
0005eba0  33 ff 33 33 33 ff 33 33  33 ff 33 33 33 ff 33 33  |3.333.333.333.33|
*
0005ebd0  33 ff 33 33 33 f4 24 24  24 07 00 00 00 00 00 00  |3.333.$$$.......|
0005ebe0  00 00 00 00 00 00 00 00  00 00 00 00 00 00 00 00  |................|
*
0005ec40  00 00 00 00 00 00 00 00  00 00 00 00 00 00 34 34  |..............44|
0005ec50  34 49 33 33 33 ff 33 33  33 ff 33 33 33 ff 33 33  |4I333.333.333.33|
0005ec60  33 ff 33 33 33 ff 33 33  33 ff 33 33 33 ff 33 33  |3.333.333.333.33|
*
0005ec90  33 ff 00 00 00 00 00 00  00 00 00 00 00 00 00 00  |3...............|
0005eca0  00 00 00 00 00 00 00 00  00 00 00 00 00 00 00 00  |................|
*
0005ecf0  00 00 33 33 33 ff 33 33  33 ff 33 33 33 ff 33 33  |..333.333.333.33|
0005ed00  33 ff 33 33 33 ff 33 33  33 ff 33 33 33 ff 33 33  |3.333.333.333.33|
*
0005ed40  33 ff 00 00 00 00 00 00  00 00 00 00 00 00 00 00  |3...............|
0005ed50  00 00 00 00 00 00 00 00  00 00 00 00 00 00 00 00  |................|
*
0005eda0  00 00 00 00 00 00 00 00  00 00 00 00 00 00 33 33  |..............33|
0005edb0  33 ff 33 33 33 ff 33 33  33 ff 33 33 33 ff 33 33  |3.333.333.333.33|
*
0005eed0  33 ff 33 33 33 ff 33 33  33 ff 00 00 00 00 00 00  |3.333.333.......|
0005eee0  00 00 00 00 00 00 00 00  00 00 00 00 00 00 00 00  |................|
*
0005ef90  00 00 00 00 00 00 00 00  00 00 33 33 33 ff 33 33  |..........333.33|
0005efa0  33 ff 33 33 33 ff 33 33  33 ff 33 33 33 ff 33 33  |3.333.333.333.33|
*
0005efd0  33 ff 33 33 33 ff 33 33  33 ff 00 00 00 00 00 00  |3.333.333.......|
0005efe0  00 00 00 00 00 00 00 00  00 00 00 00 00 00 00 00  |................|
*
0005f130  00 00 00 00 00 00 00 00  00 00 33 33 33 ff 33 33  |..........333.33|
0005f140  33 ff 33 33 33 ff 33 33  33 ff 33 33 33 ff 33 33  |3.333.333.333.33|
*
0005f1c0  33 ff 33 33 33 ff 33 33  33 ff 33 33 33 ff 00 00  |3.333.333.333...|
0005f1d0  00 00 00 00 00 00 00 00  00 00 00 00 00 00 00 00  |................|
*
0005f2d0  00 00 00 00 00 00 00 00  00 00 00 00 00 00 34 34  |..............44|
0005f2e0  34 62 33 33 33 ff 33 33  33 ff 33 33 33 ff 33 33  |4b333.333.333.33|
0005f2f0  33 ff 33 33 33 ff 33 33  33 ff 33 33 33 ff 33 33  |3.333.333.333.33|
*
0005f330  33 ff 33 33 33 ff 33 33  33 ff 00 00 00 00 00 00  |3.333.333.......|
0005f340  00 00 00 00 00 00 00 00  00 00 00 00 00 00 00 00  |................|
*
0005f390  00 00 00 00 00 00 33 33  33 ff 33 33 33 ff 33 33  |......333.333.33|
0005f3a0  33 ff 33 33 33 ff 33 33  33 ff 33 33 33 ff 33 33  |3.333.333.333.33|
*
0005f3d0  33 ff 32 32 32 b0 00 00  00 00 00 00 00 00 00 00  |3.222...........|
0005f3e0  00 00 00 00 00 00 00 00  00 00 00 00 00 00 00 00  |................|
*
0005f440  00 00 00 00 00 00 00 00  00 00 00 00 00 00 38 38  |..............88|
0005f450  38 09 32 32 32 f6 33 33  33 ff 33 33 33 ff 33 33  |8.222.333.333.33|
0005f460  33 ff 33 33 33 ff 33 33  33 ff 33 33 33 ff 33 33  |3.333.333.333.33|
*
0005f490  33 ff 00 00 00 00 00 00  00 00 00 00 00 00 00 00  |3...............|
0005f4a0  00 00 00 00 00 00 00 00  00 00 00 00 00 00 00 00  |................|
*
0005f4f0  00 00 33 33 33 ff 33 33  33 ff 33 33 33 ff 33 33  |..333.333.333.33|
0005f500  33 ff 33 33 33 ff 33 33  33 ff 33 33 33 ff 33 33  |3.333.333.333.33|
*
0005f540  33 ff 00 00 00 00 00 00  00 00 00 00 00 00 00 00  |3...............|
0005f550  00 00 00 00 00 00 00 00  00 00 00 00 00 00 00 00  |................|
*
0005f5a0  00 00 00 00 00 00 00 00  00 00 00 00 00 00 33 33  |..............33|
0005f5b0  33 ff 33 33 33 ff 33 33  33 ff 33 33 33 ff 33 33  |3.333.333.333.33|
*
0005f6d0  33 ff 33 33 33 ff 33 33  33 ff 00 00 00 00 00 00  |3.333.333.......|
0005f6e0  00 00 00 00 00 00 00 00  00 00 00 00 00 00 00 00  |................|
*
0005f790  00 00 00 00 00 00 00 00  00 00 33 33 33 ff 33 33  |..........333.33|
0005f7a0  33 ff 33 33 33 ff 33 33  33 ff 33 33 33 ff 33 33  |3.333.333.333.33|
*
0005f7d0  33 ff 33 33 33 ff 33 33  33 ff 00 00 00 00 00 00  |3.333.333.......|
0005f7e0  00 00 00 00 00 00 00 00  00 00 00 00 00 00 00 00  |................|
*
0005f930  00 00 00 00 00 00 00 00  00 00 33 33 33 ff 33 33  |..........333.33|
0005f940  33 ff 33 33 33 ff 33 33  33 ff 33 33 33 ff 33 33  |3.333.333.333.33|
*
0005f9c0  33 ff 33 33 33 ff 33 33  33 ff 33 33 33 ff 00 00  |3.333.333.333...|
0005f9d0  00 00 00 00 00 00 00 00  00 00 00 00 00 00 00 00  |................|
*
0005fae0  00 00 33 33 33 a0 33 33  33 ff 33 33 33 ff 33 33  |..333.333.333.33|
0005faf0  33 ff 33 33 33 ff 33 33  33 ff 33 33 33 ff 33 33  |3.333.333.333.33|
*
0005fb30  33 ff 33 33 33 ff 33 33  33 ff 00 00 00 00 00 00  |3.333.333.......|
0005fb40  00 00 00 00 00 00 00 00  00 00 00 00 00 00 00 00  |................|
*
0005fb90  00 00 00 00 00 00 33 33  33 ff 33 33 33 ff 33 33  |......333.333.33|
0005fba0  33 ff 33 33 33 ff 33 33  33 ff 33 33 33 ff 33 33  |3.333.333.333.33|
*
0005fbd0  33 ff 33 33 33 67 00 00  00 00 00 00 00 00 00 00  |3.333g..........|
0005fbe0  00 00 00 00 00 00 00 00  00 00 00 00 00 00 00 00  |................|
*
0005fc50  00 00 33 33 33 b8 33 33  33 ff 33 33 33 ff 33 33  |..333.333.333.33|
0005fc60  33 ff 33 33 33 ff 33 33  33 ff 33 33 33 ff 33 33  |3.333.333.333.33|
*
0005fc90  33 ff 00 00 00 00 00 00  00 00 00 00 00 00 00 00  |3...............|
0005fca0  00 00 00 00 00 00 00 00  00 00 00 00 00 00 00 00  |................|
*
0005fcf0  00 00 33 33 33 ff 33 33  33 ff 33 33 33 ff 33 33  |..333.333.333.33|
0005fd00  33 ff 33 33 33 ff 33 33  33 ff 33 33 33 ff 33 33  |3.333.333.333.33|
*
0005fd40  33 ff 00 00 00 00 00 00  00 00 00 00 00 00 00 00  |3...............|
0005fd50  00 00 00 00 00 00 00 00  00 00 00 00 00 00 00 00  |................|
*
0005fda0  00 00 00 00 00 00 00 00  00 00 00 00 00 00 33 33  |..............33|
0005fdb0  33 ff 33 33 33 ff 33 33  33 ff 33 33 33 ff 33 33  |3.333.333.333.33|
*
0005fed0  33 ff 33 33 33 ff 33 33  33 ff 00 00 00 00 00 00  |3.333.333.......|
0005fee0  00 00 00 00 00 00 00 00  00 00 00 00 00 00 00 00  |................|
*
0005ff90  00 00 00 00 00 00 00 00  00 00 33 33 33 ff 33 33  |..........333.33|
0005ffa0  33 ff 33 33 33 ff 33 33  33 ff 33 33 33 ff 33 33  |3.333.333.333.33|
*
0005ffd0  33 ff 33 33 33 ff 33 33  33 ff 00 00 00 00 00 00  |3.333.333.......|
0005ffe0  00 00 00 00 00 00 00 00  00 00 00 00 00 00 00 00  |................|
*
00060130  00 00 00 00 00 00 00 00  00 00 33 33 33 ff 33 33  |..........333.33|
00060140  33 ff 33 33 33 ff 33 33  33 ff 33 33 33 ff 33 33  |3.333.333.333.33|
*
000601c0  33 ff 33 33 33 ff 33 33  33 ff 33 33 33 ff 00 00  |3.333.333.333...|
000601d0  00 00 00 00 00 00 00 00  00 00 00 00 00 00 00 00  |................|
*
000602e0  00 00 2a 2a 2a 0c 33 33  33 da 33 33 33 ff 33 33  |..***.333.333.33|
000602f0  33 ff 33 33 33 ff 33 33  33 ff 33 33 33 ff 33 33  |3.333.333.333.33|
*
00060330  33 ff 33 33 33 ff 33 33  33 ff 00 00 00 00 00 00  |3.333.333.......|
00060340  00 00 00 00 00 00 00 00  00 00 00 00 00 00 00 00  |................|
*
00060390  00 00 00 00 00 00 33 33  33 ff 33 33 33 ff 33 33  |......333.333.33|
000603a0  33 ff 33 33 33 ff 33 33  33 ff 33 33 33 ff 33 33  |3.333.333.333.33|
*
000603d0  33 ff 31 31 31 1f 00 00  00 00 00 00 00 00 00 00  |3.111...........|
000603e0  00 00 00 00 00 00 00 00  00 00 00 00 00 00 00 00  |................|
*
00060450  00 00 32 32 32 70 33 33  33 ff 33 33 33 ff 33 33  |..222p333.333.33|
00060460  33 ff 33 33 33 ff 33 33  33 ff 33 33 33 ff 33 33  |3.333.333.333.33|
*
00060490  33 ff 00 00 00 00 00 00  00 00 00 00 00 00 00 00  |3...............|
000604a0  00 00 00 00 00 00 00 00  00 00 00 00 00 00 00 00  |................|
*
000604f0  00 00 33 33 33 ff 33 33  33 ff 33 33 33 ff 33 33  |..333.333.333.33|
00060500  33 ff 33 33 33 ff 33 33  33 ff 33 33 33 ff 33 33  |3.333.333.333.33|
*
00060540  33 ff 00 00 00 00 00 00  00 00 00 00 00 00 00 00  |3...............|
00060550  00 00 00 00 00 00 00 00  00 00 00 00 00 00 00 00  |................|
*
000605a0  00 00 00 00 00 00 00 00  00 00 00 00 00 00 33 33  |..............33|
000605b0  33 ff 33 33 33 ff 33 33  33 ff 33 33 33 ff 33 33  |3.333.333.333.33|
*
000606d0  33 ff 33 33 33 ff 33 33  33 ff 00 00 00 00 00 00  |3.333.333.......|
000606e0  00 00 00 00 00 00 00 00  00 00 00 00 00 00 00 00  |................|
*
00060790  00 00 00 00 00 00 00 00  00 00 33 33 33 ff 33 33  |..........333.33|
000607a0  33 ff 33 33 33 ff 33 33  33 ff 33 33 33 ff 33 33  |3.333.333.333.33|
*
000607d0  33 ff 33 33 33 ff 33 33  33 ff 00 00 00 00 00 00  |3.333.333.......|
000607e0  00 00 00 00 00 00 00 00  00 00 00 00 00 00 00 00  |................|
*
00060930  00 00 00 00 00 00 00 00  00 00 33 33 33 ff 33 33  |..........333.33|
00060940  33 ff 33 33 33 ff 33 33  33 ff 33 33 33 ff 33 33  |3.333.333.333.33|
*
000609c0  33 ff 33 33 33 ff 33 33  33 ff 33 33 33 ff 00 00  |3.333.333.333...|
000609d0  00 00 00 00 00 00 00 00  00 00 00 00 00 00 00 00  |................|
*
00060ae0  00 00 00 00 00 00 34 34  34 49 33 33 33 ff 33 33  |......444I333.33|
00060af0  33 ff 33 33 33 ff 33 33  33 ff 33 33 33 ff 33 33  |3.333.333.333.33|
*
00060b30  33 ff 33 33 33 ff 33 33  33 ff 00 00 00 00 00 00  |3.333.333.......|
00060b40  00 00 00 00 00 00 00 00  00 00 00 00 00 00 00 00  |................|
*
00060b90  00 00 00 00 00 00 33 33  33 ff 33 33 33 ff 33 33  |......333.333.33|
00060ba0  33 ff 33 33 33 ff 33 33  33 ff 33 33 33 ff 33 33  |3.333.333.333.33|
*
00060bd0  33 d5 00 00 00 00 00 00  00 00 00 00 00 00 00 00  |3...............|
00060be0  00 00 00 00 00 00 00 00  00 00 00 00 00 00 00 00  |................|
*
00060c50  00 00 33 33 33 28 33 33  33 ff 33 33 33 ff 33 33  |..333(333.333.33|
00060c60  33 ff 33 33 33 ff 33 33  33 ff 33 33 33 ff 33 33  |3.333.333.333.33|
*
00060c90  33 ff 00 00 00 00 00 00  00 00 00 00 00 00 00 00  |3...............|
00060ca0  00 00 00 00 00 00 00 00  00 00 00 00 00 00 00 00  |................|
*
00060cf0  00 00 33 33 33 ff 33 33  33 ff 33 33 33 ff 33 33  |..333.333.333.33|
00060d00  33 ff 33 33 33 ff 33 33  33 ff 33 33 33 ff 33 33  |3.333.333.333.33|
*
00060d40  33 ff 00 00 00 00 00 00  00 00 00 00 00 00 00 00  |3...............|
00060d50  00 00 00 00 00 00 00 00  00 00 00 00 00 00 00 00  |................|
*
00060da0  00 00 00 00 00 00 00 00  00 00 00 00 00 00 33 33  |..............33|
00060db0  33 ff 33 33 33 ff 33 33  33 ff 33 33 33 ff 33 33  |3.333.333.333.33|
*
00060ed0  33 ff 33 33 33 ff 33 33  33 ff 00 00 00 00 00 00  |3.333.333.......|
00060ee0  00 00 00 00 00 00 00 00  00 00 00 00 00 00 00 00  |................|
*
00060f90  00 00 00 00 00 00 00 00  00 00 33 33 33 ff 33 33  |..........333.33|
00060fa0  33 ff 33 33 33 ff 33 33  33 ff 33 33 33 ff 33 33  |3.333.333.333.33|
*
00060fd0  33 ff 33 33 33 ff 33 33  33 ff 00 00 00 00 00 00  |3.333.333.......|
00060fe0  00 00 00 00 00 00 00 00  00 00 00 00 00 00 00 00  |................|
*
00061130  00 00 00 00 00 00 00 00  00 00 33 33 33 ff 33 33  |..........333.33|
00061140  33 ff 33 33 33 ff 33 33  33 ff 33 33 33 ff 33 33  |3.333.333.333.33|
*
000611c0  33 ff 33 33 33 ff 33 33  33 ff 33 33 33 ff 00 00  |3.333.333.333...|
000611d0  00 00 00 00 00 00 00 00  00 00 00 00 00 00 00 00  |................|
*
000612e0  00 00 00 00 00 00 00 00  00 00 33 33 33 b9 33 33  |..........333.33|
000612f0  33 ff 33 33 33 ff 33 33  33 ff 33 33 33 ff 33 33  |3.333.333.333.33|
*
00061330  33 ff 33 33 33 ff 33 33  33 ff 00 00 00 00 00 00  |3.333.333.......|
00061340  00 00 00 00 00 00 00 00  00 00 00 00 00 00 00 00  |................|
*
00061390  00 00 00 00 00 00 33 33  33 ff 33 33 33 ff 33 33  |......333.333.33|
000613a0  33 ff 33 33 33 ff 33 33  33 ff 33 33 33 ff 33 33  |3.333.333.333.33|
*
000613d0  33 8b 00 00 00 00 00 00  00 00 00 00 00 00 00 00  |3...............|
000613e0  00 00 00 00 00 00 00 00  00 00 00 00 00 00 00 00  |................|
*
00061450  00 00 00 00 00 00 32 32  32 dd 33 33 33 ff 33 33  |......222.333.33|
00061460  33 ff 33 33 33 ff 33 33  33 ff 33 33 33 ff 33 33  |3.333.333.333.33|
*
00061490  33 ff 00 00 00 00 00 00  00 00 00 00 00 00 00 00  |3...............|
000614a0  00 00 00 00 00 00 00 00  00 00 00 00 00 00 00 00  |................|
*
000614f0  00 00 33 33 33 ff 33 33  33 ff 33 33 33 ff 33 33  |..333.333.333.33|
00061500  33 ff 33 33 33 ff 33 33  33 ff 33 33 33 ff 33 33  |3.333.333.333.33|
*
00061540  33 ff 00 00 00 00 00 00  00 00 00 00 00 00 00 00  |3...............|
00061550  00 00 00 00 00 00 00 00  00 00 00 00 00 00 00 00  |................|
*
000615a0  00 00 00 00 00 00 00 00  00 00 00 00 00 00 33 33  |..............33|
000615b0  33 ff 33 33 33 ff 33 33  33 ff 33 33 33 ff 33 33  |3.333.333.333.33|
*
000616d0  33 ff 33 33 33 ff 33 33  33 ff 00 00 00 00 00 00  |3.333.333.......|
000616e0  00 00 00 00 00 00 00 00  00 00 00 00 00 00 00 00  |................|
*
00061790  00 00 00 00 00 00 00 00  00 00 33 33 33 ff 33 33  |..........333.33|
000617a0  33 ff 33 33 33 ff 33 33  33 ff 33 33 33 ff 33 33  |3.333.333.333.33|
*
000617d0  33 ff 33 33 33 ff 33 33  33 ff 00 00 00 00 00 00  |3.333.333.......|
000617e0  00 00 00 00 00 00 00 00  00 00 00 00 00 00 00 00  |................|
*
00061930  00 00 00 00 00 00 00 00  00 00 33 33 33 ff 33 33  |..........333.33|
00061940  33 ff 33 33 33 ff 33 33  33 ff 33 33 33 ff 33 33  |3.333.333.333.33|
*
000619c0  33 ff 33 33 33 ff 33 33  33 ff 33 33 33 ff 00 00  |3.333.333.333...|
000619d0  00 00 00 00 00 00 00 00  00 00 00 00 00 00 00 00  |................|
*
00061ae0  00 00 00 00 00 00 00 00  00 00 32 32 32 33 33 33  |..........222333|
00061af0  33 ff 33 33 33 ff 33 33  33 ff 33 33 33 ff 33 33  |3.333.333.333.33|
*
00061b30  33 ff 33 33 33 ff 33 33  33 ff 00 00 00 00 00 00  |3.333.333.......|
00061b40  00 00 00 00 00 00 00 00  00 00 00 00 00 00 00 00  |................|
*
00061b90  00 00 00 00 00 00 33 33  33 ff 33 33 33 ff 33 33  |......333.333.33|
00061ba0  33 ff 33 33 33 ff 33 33  33 ff 33 33 33 ff 33 33  |3.333.333.333.33|
*
00061bc0  33 ff 33 33 33 ff 33 33  33 ff 33 33 33 ff 31 31  |3.333.333.333.11|
00061bd0  31 43 00 00 00 00 00 00  00 00 00 00 00 00 00 00  |1C..............|
00061be0  00 00 00 00 00 00 00 00  00 00 00 00 00 00 00 00  |................|
*
00061c50  00 00 00 00 00 00 32 32  32 97 33 33 33 ff 33 33  |......222.333.33|
00061c60  33 ff 33 33 33 ff 33 33  33 ff 33 33 33 ff 33 33  |3.333.333.333.33|
*
00061c90  33 ff 00 00 00 00 00 00  00 00 00 00 00 00 00 00  |3...............|
00061ca0  00 00 00 00 00 00 00 00  00 00 00 00 00 00 00 00  |................|
*
00061cf0  00 00 33 33 33 ff 33 33  33 ff 33 33 33 ff 33 33  |..333.333.333.33|
00061d00  33 ff 33 33 33 ff 33 33  33 ff 33 33 33 ff 33 33  |3.333.333.333.33|
*
00061d40  33 ff 00 00 00 00 00 00  00 00 00 00 00 00 00 00  |3...............|
00061d50  00 00 00 00 00 00 00 00  00 00 00 00 00 00 00 00  |................|
*
00061da0  00 00 00 00 00 00 00 00  00 00 00 00 00 00 33 33  |..............33|
00061db0  33 ff 33 33 33 ff 33 33  33 ff 33 33 33 ff 33 33  |3.333.333.333.33|
*
00061ed0  33 ff 33 33 33 ff 33 33  33 ff 00 00 00 00 00 00  |3.333.333.......|
00061ee0  00 00 00 00 00 00 00 00  00 00 00 00 00 00 00 00  |................|
*
00061f90  00 00 00 00 00 00 00 00  00 00 33 33 33 ff 33 33  |..........333.33|
00061fa0  33 ff 33 33 33 ff 33 33  33 ff 33 33 33 ff 33 33  |3.333.333.333.33|
*
00061fd0  33 ff 33 33 33 ff 33 33  33 ff 00 00 00 00 00 00  |3.333.333.......|
00061fe0  00 00 00 00 00 00 00 00  00 00 00 00 00 00 00 00  |................|
*
00062130  00 00 00 00 00 00 00 00  00 00 33 33 33 ff 33 33  |..........333.33|
00062140  33 ff 33 33 33 ff 33 33  33 ff 33 33 33 ff 33 33  |3.333.333.333.33|
*
000621c0  33 ff 33 33 33 ff 33 33  33 ff 33 33 33 ff 00 00  |3.333.333.333...|
000621d0  00 00 00 00 00 00 00 00  00 00 00 00 00 00 00 00  |................|
*
000622e0  00 00 00 00 00 00 00 00  00 00 00 00 00 00 32 32  |..............22|
000622f0  32 ca 33 33 33 ff 33 33  33 ff 33 33 33 ff 33 33  |2.333.333.333.33|
00062300  33 ff 33 33 33 ff 33 33  33 ff 33 33 33 ff 33 33  |3.333.333.333.33|
*
00062330  33 ff 33 33 33 ff 33 33  33 ff 00 00 00 00 00 00  |3.333.333.......|
00062340  00 00 00 00 00 00 00 00  00 00 00 00 00 00 00 00  |................|
*
00062390  00 00 00 00 00 00 33 33  33 ff 33 33 33 ff 33 33  |......333.333.33|
000623a0  33 ff 33 33 33 ff 33 33  33 ff 33 33 33 ff 33 33  |3.333.333.333.33|
*
000623c0  33 ff 33 33 33 ff 33 33  33 ff 33 33 33 f4 24 24  |3.333.333.333.$$|
000623d0  24 07 00 00 00 00 00 00  00 00 00 00 00 00 00 00  |$...............|
000623e0  00 00 00 00 00 00 00 00  00 00 00 00 00 00 00 00  |................|
*
00062450  00 00 00 00 00 00 33 33  33 50 33 33 33 ff 33 33  |......333P333.33|
00062460  33 ff 33 33 33 ff 33 33  33 ff 33 33 33 ff 33 33  |3.333.333.333.33|
*
00062490  33 ff 00 00 00 00 00 00  00 00 00 00 00 00 00 00  |3...............|
000624a0  00 00 00 00 00 00 00 00  00 00 00 00 00 00 00 00  |................|
*
000624f0  00 00 33 33 33 ff 33 33  33 ff 33 33 33 ff 33 33  |..333.333.333.33|
00062500  33 ff 33 33 33 ff 33 33  33 ff 33 33 33 ff 33 33  |3.333.333.333.33|
*
00062540  33 ff 00 00 00 00 00 00  00 00 00 00 00 00 00 00  |3...............|
00062550  00 00 00 00 00 00 00 00  00 00 00 00 00 00 00 00  |................|
*
000625a0  00 00 00 00 00 00 00 00  00 00 00 00 00 00 33 33  |..............33|
000625b0  33 ff 33 33 33 ff 33 33  33 ff 33 33 33 ff 33 33  |3.333.333.333.33|
*
000626d0  33 ff 33 33 33 ff 33 33  33 ff 00 00 00 00 00 00  |3.333.333.......|
000626e0  00 00 00 00 00 00 00 00  00 00 00 00 00 00 00 00  |................|
*
00062790  00 00 00 00 00 00 00 00  00 00 33 33 33 ff 33 33  |..........333.33|
000627a0  33 ff 33 33 33 ff 33 33  33 ff 33 33 33 ff 33 33  |3.333.333.333.33|
*
000627d0  33 ff 33 33 33 ff 33 33  33 ff 00 00 00 00 00 00  |3.333.333.......|
000627e0  00 00 00 00 00 00 00 00  00 00 00 00 00 00 00 00  |................|
*
00062930  00 00 00 00 00 00 00 00  00 00 33 33 33 ff 33 33  |..........333.33|
00062940  33 ff 33 33 33 ff 33 33  33 ff 33 33 33 ff 33 33  |3.333.333.333.33|
*
000629c0  33 ff 33 33 33 ff 33 33  33 ff 33 33 33 ff 00 00  |3.333.333.333...|
000629d0  00 00 00 00 00 00 00 00  00 00 00 00 00 00 00 00  |................|
*
00062ae0  00 00 00 00 00 00 00 00  00 00 00 00 00 00 32 32  |..............22|
00062af0  32 65 33 33 33 ff 33 33  33 ff 33 33 33 ff 33 33  |2e333.333.333.33|
00062b00  33 ff 33 33 33 ff 33 33  33 ff 33 33 33 ff 33 33  |3.333.333.333.33|
*
00062b30  33 ff 33 33 33 ff 33 33  33 ff 00 00 00 00 00 00  |3.333.333.......|
00062b40  00 00 00 00 00 00 00 00  00 00 00 00 00 00 00 00  |................|
*
00062b90  00 00 00 00 00 00 33 33  33 ff 33 33 33 ff 33 33  |......333.333.33|
00062ba0  33 ff 33 33 33 ff 33 33  33 ff 33 33 33 ff 33 33  |3.333.333.333.33|
*
00062bc0  33 ff 33 33 33 ff 33 33  33 ff 32 32 32 b0 00 00  |3.333.333.222...|
00062bd0  00 00 00 00 00 00 00 00  00 00 00 00 00 00 00 00  |................|
*
00062c50  00 00 00 00 00 00 3a 3a  3a 0d 33 33 33 f9 33 33  |......:::.333.33|
00062c60  33 ff 33 33 33 ff 33 33  33 ff 33 33 33 ff 33 33  |3.333.333.333.33|
*
00062c90  33 ff 00 00 00 00 00 00  00 00 00 00 00 00 00 00  |3...............|
00062ca0  00 00 00 00 00 00 00 00  00 00 00 00 00 00 00 00  |................|
*
00062cf0  00 00 33 33 33 ff 33 33  33 ff 33 33 33 ff 33 33  |..333.333.333.33|
00062d00  33 ff 33 33 33 ff 33 33  33 ff 33 33 33 ff 33 33  |3.333.333.333.33|
*
00062d40  33 ff 00 00 00 00 00 00  00 00 00 00 00 00 00 00  |3...............|
00062d50  00 00 00 00 00 00 00 00  00 00 00 00 00 00 00 00  |................|
*
00062da0  00 00 00 00 00 00 00 00  00 00 00 00 00 00 33 33  |..............33|
00062db0  33 ff 33 33 33 ff 33 33  33 ff 33 33 33 ff 33 33  |3.333.333.333.33|
*
00062ed0  33 ff 33 33 33 ff 33 33  33 ff 00 00 00 00 00 00  |3.333.333.......|
00062ee0  00 00 00 00 00 00 00 00  00 00 00 00 00 00 00 00  |................|
*
00062f90  00 00 00 00 00 00 00 00  00 00 33 33 33 ff 33 33  |..........333.33|
00062fa0  33 ff 33 33 33 ff 33 33  33 ff 33 33 33 ff 33 33  |3.333.333.333.33|
*
00062fd0  33 ff 33 33 33 ff 33 33  33 ff 00 00 00 00 00 00  |3.333.333.......|
00062fe0  00 00 00 00 00 00 00 00  00 00 00 00 00 00 00 00  |................|
*
00063130  00 00 00 00 00 00 00 00  00 00 33 33 33 ff 33 33  |..........333.33|
00063140  33 ff 33 33 33 ff 33 33  33 ff 33 33 33 ff 33 33  |3.333.333.333.33|
*
000631c0  33 ff 33 33 33 ff 33 33  33 ff 33 33 33 ff 00 00  |3.333.333.333...|
000631d0  00 00 00 00 00 00 00 00  00 00 00 00 00 00 00 00  |................|
*
000632e0  00 00 00 00 00 00 00 00  00 00 00 00 00 00 2f 2f  |..............//|
000632f0  2f 10 32 32 32 fc 33 33  33 ff 33 33 33 ff 33 33  |/.222.333.333.33|
00063300  33 ff 33 33 33 ff 33 33  33 ff 33 33 33 ff 33 33  |3.333.333.333.33|
*
00063330  33 ff 33 33 33 ff 33 33  33 ff 00 00 00 00 00 00  |3.333.333.......|
00063340  00 00 00 00 00 00 00 00  00 00 00 00 00 00 00 00  |................|
*
00063390  00 00 00 00 00 00 33 33  33 ff 33 33 33 ff 33 33  |......333.333.33|
000633a0  33 ff 33 33 33 ff 33 33  33 ff 33 33 33 ff 33 33  |3.333.333.333.33|
*
000633c0  33 ff 33 33 33 ff 33 33  33 ff 33 33 33 67 00 00  |3.333.333.333g..|
000633d0  00 00 00 00 00 00 00 00  00 00 00 00 00 00 00 00  |................|
*
00063450  00 00 00 00 00 00 00 00  00 00 32 32 32 bf 33 33  |..........222.33|
00063460  33 ff 33 33 33 ff 33 33  33 ff 33 33 33 ff 33 33  |3.333.333.333.33|
*
00063490  33 ff 00 00 00 00 00 00  00 00 00 00 00 00 00 00  |3...............|
000634a0  00 00 00 00 00 00 00 00  00 00 00 00 00 00 00 00  |................|
*
000634f0  00 00 33 33 33 ff 33 33  33 ff 33 33 33 ff 33 33  |..333.333.333.33|
00063500  33 ff 33 33 33 ff 33 33  33 ff 33 33 33 ff 33 33  |3.333.333.333.33|
*
00063540  33 ff 00 00 00 00 00 00  00 00 00 00 00 00 00 00  |3...............|
00063550  00 00 00 00 00 00 00 00  00 00 00 00 00 00 00 00  |................|
*
000635a0  00 00 00 00 00 00 00 00  00 00 00 00 00 00 33 33  |..............33|
000635b0  33 ff 33 33 33 ff 33 33  33 ff 33 33 33 ff 33 33  |3.333.333.333.33|
*
000636d0  33 ff 33 33 33 ff 33 33  33 ff 00 00 00 00 00 00  |3.333.333.......|
000636e0  00 00 00 00 00 00 00 00  00 00 00 00 00 00 00 00  |................|
*
00063790  00 00 00 00 00 00 00 00  00 00 33 33 33 ff 33 33  |..........333.33|
000637a0  33 ff 33 33 33 ff 33 33  33 ff 33 33 33 ff 33 33  |3.333.333.333.33|
*
000637d0  33 ff 33 33 33 ff 33 33  33 ff 00 00 00 00 00 00  |3.333.333.......|
000637e0  00 00 00 00 00 00 00 00  00 00 00 00 00 00 00 00  |................|
*
00063930  00 00 00 00 00 00 00 00  00 00 33 33 33 ff 33 33  |..........333.33|
00063940  33 ff 33 33 33 ff 33 33  33 ff 33 33 33 ff 33 33  |3.333.333.333.33|
*
000639c0  33 ff 33 33 33 ff 33 33  33 ff 33 33 33 ff 00 00  |3.333.333.333...|
000639d0  00 00 00 00 00 00 00 00  00 00 00 00 00 00 00 00  |................|
*
00063a30  00 00 00 00 00 00 33 33  33 ff 33 33 33 ff 33 33  |......333.333.33|
00063a40  33 ff 33 33 33 ff 33 33  33 ff 33 33 33 ff 33 33  |3.333.333.333.33|
00063a50  33 ff 33 33 33 ff 33 33  33 ff 32 32 32 fc 33 33  |3.333.333.222.33|
00063a60  33 ee 32 32 32 dd 33 33  33 c2 33 33 33 91 31 31  |3.222.333.333.11|
00063a70  31 5c 36 36 36 0e 00 00  00 00 00 00 00 00 00 00  |1\666...........|
00063a80  00 00 00 00 00 00 00 00  00 00 00 00 00 00 00 00  |................|
*
00063af0  00 00 32 32 32 c9 33 33  33 ff 33 33 33 ff 33 33  |..222.333.333.33|
00063b00  33 ff 33 33 33 ff 33 33  33 ff 33 33 33 ff 33 33  |3.333.333.333.33|
*
00063b30  33 ff 33 33 33 ff 33 33  33 ff 00 00 00 00 00 00  |3.333.333.......|
00063b40  00 00 00 00 00 00 00 00  00 00 00 00 00 00 00 00  |................|
*
00063b90  00 00 00 00 00 00 33 33  33 ff 33 33 33 ff 33 33  |......333.333.33|
00063ba0  33 ff 33 33 33 ff 33 33  33 ff 33 33 33 ff 33 33  |3.333.333.333.33|
*
00063bc0  33 ff 33 33 33 ff 33 33  33 ff 31 31 31 1f 00 00  |3.333.333.111...|
00063bd0  00 00 00 00 00 00 00 00  00 00 00 00 00 00 00 00  |................|
*
00063c50  00 00 00 00 00 00 00 00  00 00 33 33 33 77 33 33  |..........333w33|
00063c60  33 ff 33 33 33 ff 33 33  33 ff 33 33 33 ff 33 33  |3.333.333.333.33|
*
00063c90  33 ff 00 00 00 00 00 00  00 00 00 00 00 00 00 00  |3...............|
00063ca0  00 00 00 00 00 00 00 00  00 00 00 00 00 00 00 00  |................|
*
00063cf0  00 00 33 33 33 ff 33 33  33 ff 33 33 33 ff 33 33  |..333.333.333.33|
00063d00  33 ff 33 33 33 ff 33 33  33 ff 33 33 33 ff 33 33  |3.333.333.333.33|
*
00063d40  33 ff 00 00 00 00 00 00  00 00 00 00 00 00 00 00  |3...............|
00063d50  00 00 00 00 00 00 00 00  00 00 00 00 00 00 00 00  |................|
*
00063da0  00 00 00 00 00 00 00 00  00 00 00 00 00 00 33 33  |..............33|
00063db0  33 ff 33 33 33 ff 33 33  33 ff 33 33 33 ff 33 33  |3.333.333.333.33|
*
00063ed0  33 ff 33 33 33 ff 33 33  33 ff 00 00 00 00 00 00  |3.333.333.......|
00063ee0  00 00 00 00 00 00 00 00  00 00 00 00 00 00 00 00  |................|
*
00063f90  00 00 00 00 00 00 00 00  00 00 33 33 33 ff 33 33  |..........333.33|
00063fa0  33 ff 33 33 33 ff 33 33  33 ff 33 33 33 ff 33 33  |3.333.333.333.33|
*
00063fd0  33 ff 33 33 33 ff 33 33  33 ff 00 00 00 00 00 00  |3.333.333.......|
00063fe0  00 00 00 00 00 00 00 00  00 00 00 00 00 00 00 00  |................|
*
00064130  00 00 00 00 00 00 00 00  00 00 33 33 33 ff 33 33  |..........333.33|
00064140  33 ff 33 33 33 ff 33 33  33 ff 33 33 33 ff 33 33  |3.333.333.333.33|
*
000641c0  33 ff 33 33 33 ff 33 33  33 ff 33 33 33 ff 00 00  |3.333.333.333...|
000641d0  00 00 00 00 00 00 00 00  00 00 00 00 00 00 00 00  |................|
*
00064230  00 00 00 00 00 00 33 33  33 ff 33 33 33 ff 33 33  |......333.333.33|
00064240  33 ff 33 33 33 ff 33 33  33 ff 33 33 33 ff 33 33  |3.333.333.333.33|
*
00064270  33 ff 33 33 33 f5 32 32  32 9d 35 35 35 18 00 00  |3.333.222.555...|
00064280  00 00 00 00 00 00 00 00  00 00 00 00 00 00 00 00  |................|
*
000642f0  00 00 32 32 32 84 33 33  33 ff 33 33 33 ff 33 33  |..222.333.333.33|
00064300  33 ff 33 33 33 ff 33 33  33 ff 33 33 33 ff 33 33  |3.333.333.333.33|
*
00064330  33 ff 33 33 33 ff 33 33  33 ff 00 00 00 00 00 00  |3.333.333.......|
00064340  00 00 00 00 00 00 00 00  00 00 00 00 00 00 00 00  |................|
*
00064390  00 00 00 00 00 00 33 33  33 ff 33 33 33 ff 33 33  |......333.333.33|
000643a0  33 ff 33 33 33 ff 33 33  33 ff 33 33 33 ff 33 33  |3.333.333.333.33|
*
000643c0  33 ff 33 33 33 ff 33 33  33 d5 00 00 00 00 00 00  |3.333.333.......|
000643d0  00 00 00 00 00 00 00 00  00 00 00 00 00 00 00 00  |................|
*
00064450  00 00 00 00 00 00 00 00  00 00 30 30 30 2f 33 33  |..........000/33|
00064460  33 ff 33 33 33 ff 33 33  33 ff 33 33 33 ff 33 33  |3.333.333.333.33|
*
00064490  33 ff 00 00 00 00 00 00  00 00 00 00 00 00 00 00  |3...............|
000644a0  00 00 00 00 00 00 00 00  00 00 00 00 00 00 00 00  |................|
*
000644f0  00 00 33 33 33 ff 33 33  33 ff 33 33 33 ff 33 33  |..333.333.333.33|
00064500  33 ff 33 33 33 ff 33 33  33 ff 33 33 33 ff 33 33  |3.333.333.333.33|
*
00064540  33 ff 00 00 00 00 00 00  00 00 00 00 00 00 00 00  |3...............|
00064550  00 00 00 00 00 00 00 00  00 00 00 00 00 00 00 00  |................|
*
000645a0  00 00 00 00 00 00 00 00  00 00 00 00 00 00 33 33  |..............33|
000645b0  33 ff 33 33 33 ff 33 33  33 ff 33 33 33 ff 33 33  |3.333.333.333.33|
*
000646d0  33 ff 33 33 33 ff 33 33  33 ff 00 00 00 00 00 00  |3.333.333.......|
000646e0  00 00 00 00 00 00 00 00  00 00 00 00 00 00 00 00  |................|
*
00064790  00 00 00 00 00 00 00 00  00 00 33 33 33 ff 33 33  |..........333.33|
000647a0  33 ff 33 33 33 ff 33 33  33 ff 33 33 33 ff 33 33  |3.333.333.333.33|
*
000647d0  33 ff 33 33 33 ff 33 33  33 ff 00 00 00 00 00 00  |3.333.333.......|
000647e0  00 00 00 00 00 00 00 00  00 00 00 00 00 00 00 00  |................|
*
00064930  00 00 00 00 00 00 00 00  00 00 33 33 33 ff 33 33  |..........333.33|
00064940  33 ff 33 33 33 ff 33 33  33 ff 33 33 33 ff 33 33  |3.333.333.333.33|
*
000649c0  33 ff 33 33 33 ff 33 33  33 ff 33 33 33 ff 00 00  |3.333.333.333...|
000649d0  00 00 00 00 00 00 00 00  00 00 00 00 00 00 00 00  |................|
*
00064a30  00 00 00 00 00 00 33 33  33 ff 33 33 33 ff 33 33  |......333.333.33|
00064a40  33 ff 33 33 33 ff 33 33  33 ff 33 33 33 ff 33 33  |3.333.333.333.33|
*
00064a70  33 ff 33 33 33 ff 33 33  33 ff 33 33 33 ee 32 32  |3.333.333.333.22|
00064a80  32 51 00 00 00 00 00 00  00 00 00 00 00 00 00 00  |2Q..............|
00064a90  00 00 00 00 00 00 00 00  00 00 00 00 00 00 00 00  |................|
*
00064af0  00 00 34 34 34 53 33 33  33 ff 33 33 33 ff 33 33  |..444S333.333.33|
00064b00  33 ff 33 33 33 ff 33 33  33 ff 33 33 33 ff 33 33  |3.333.333.333.33|
*
00064b30  33 ff 33 33 33 ff 33 33  33 ff 00 00 00 00 00 00  |3.333.333.......|
00064b40  00 00 00 00 00 00 00 00  00 00 00 00 00 00 00 00  |................|
*
00064b90  00 00 00 00 00 00 33 33  33 ff 33 33 33 ff 33 33  |......333.333.33|
00064ba0  33 ff 33 33 33 ff 33 33  33 ff 33 33 33 ff 33 33  |3.333.333.333.33|
*
00064bc0  33 ff 33 33 33 ff 33 33  33 8c 00 00 00 00 00 00  |3.333.333.......|
00064bd0  00 00 00 00 00 00 00 00  00 00 00 00 00 00 00 00  |................|
*
00064c50  00 00 00 00 00 00 00 00  00 00 00 00 00 01 33 33  |..............33|
00064c60  33 e5 33 33 33 ff 33 33  33 ff 33 33 33 ff 33 33  |3.333.333.333.33|
00064c70  33 ff 33 33 33 ff 33 33  33 ff 33 33 33 ff 33 33  |3.333.333.333.33|
*
00064c90  33 ff 00 00 00 00 00 00  00 00 00 00 00 00 00 00  |3...............|
00064ca0  00 00 00 00 00 00 00 00  00 00 00 00 00 00 00 00  |................|
*
00064cf0  00 00 33 33 33 ff 33 33  33 ff 33 33 33 ff 33 33  |..333.333.333.33|
00064d00  33 ff 33 33 33 ff 33 33  33 ff 33 33 33 ff 33 33  |3.333.333.333.33|
*
00064d40  33 ff 00 00 00 00 00 00  00 00 00 00 00 00 00 00  |3...............|
00064d50  00 00 00 00 00 00 00 00  00 00 00 00 00 00 00 00  |................|
*
00064da0  00 00 00 00 00 00 00 00  00 00 00 00 00 00 33 33  |..............33|
00064db0  33 ff 33 33 33 ff 33 33  33 ff 33 33 33 ff 33 33  |3.333.333.333.33|
*
00064ed0  33 ff 33 33 33 ff 33 33  33 ff 00 00 00 00 00 00  |3.333.333.......|
00064ee0  00 00 00 00 00 00 00 00  00 00 00 00 00 00 00 00  |................|
*
00064f90  00 00 00 00 00 00 00 00  00 00 33 33 33 ff 33 33  |..........333.33|
00064fa0  33 ff 33 33 33 ff 33 33  33 ff 33 33 33 ff 33 33  |3.333.333.333.33|
*
00064fd0  33 ff 33 33 33 ff 33 33  33 ff 00 00 00 00 00 00  |3.333.333.......|
00064fe0  00 00 00 00 00 00 00 00  00 00 00 00 00 00 00 00  |................|
*
00065130  00 00 00 00 00 00 00 00  00 00 33 33 33 ff 33 33  |..........333.33|
00065140  33 ff 33 33 33 ff 33 33  33 ff 33 33 33 ff 33 33  |3.333.333.333.33|
*
000651c0  33 ff 33 33 33 ff 33 33  33 ff 33 33 33 ff 00 00  |3.333.333.333...|
000651d0  00 00 00 00 00 00 00 00  00 00 00 00 00 00 00 00  |................|
*
00065230  00 00 00 00 00 00 33 33  33 ff 33 33 33 ff 33 33  |......333.333.33|
00065240  33 ff 33 33 33 ff 33 33  33 ff 33 33 33 ff 33 33  |3.333.333.333.33|
*
00065280  33 fa 34 34 34 49 00 00  00 00 00 00 00 00 00 00  |3.444I..........|
00065290  00 00 00 00 00 00 00 00  00 00 00 00 00 00 00 00  |................|
*
000652f0  00 00 34 34 34 2c 33 33  33 ff 33 33 33 ff 33 33  |..444,333.333.33|
00065300  33 ff 33 33 33 ff 33 33  33 ff 33 33 33 ff 33 33  |3.333.333.333.33|
*
00065330  33 ff 33 33 33 ff 33 33  33 ff 00 00 00 00 00 00  |3.333.333.......|
00065340  00 00 00 00 00 00 00 00  00 00 00 00 00 00 00 00  |................|
*
00065390  00 00 00 00 00 00 33 33  33 ff 33 33 33 ff 33 33  |......333.333.33|
000653a0  33 ff 33 33 33 ff 33 33  33 ff 33 33 33 ff 33 33  |3.333.333.333.33|
*
000653c0  33 ff 33 33 33 ff 31 31  31 43 00 00 00 00 00 00  |3.333.111C......|
000653d0  00 00 00 00 00 00 00 00  00 00 00 00 00 00 00 00  |................|
*
00065450  00 00 00 00 00 00 00 00  00 00 00 00 00 00 33 33  |..............33|
00065460  33 9e 33 33 33 ff 33 33  33 ff 33 33 33 ff 33 33  |3.333.333.333.33|
00065470  33 ff 33 33 33 ff 33 33  33 ff 33 33 33 ff 33 33  |3.333.333.333.33|
*
00065490  33 ff 00 00 00 00 00 00  00 00 00 00 00 00 00 00  |3...............|
000654a0  00 00 00 00 00 00 00 00  00 00 00 00 00 00 00 00  |................|
*
000654f0  00 00 33 33 33 ff 33 33  33 ff 33 33 33 ff 33 33  |..333.333.333.33|
00065500  33 ff 33 33 33 ff 33 33  33 ff 33 33 33 ff 33 33  |3.333.333.333.33|
*
00065540  33 ff 00 00 00 00 00 00  00 00 00 00 00 00 00 00  |3...............|
00065550  00 00 00 00 00 00 00 00  00 00 00 00 00 00 00 00  |................|
*
000655a0  00 00 00 00 00 00 00 00  00 00 00 00 00 00 33 33  |..............33|
000655b0  33 ff 33 33 33 ff 33 33  33 ff 33 33 33 ff 33 33  |3.333.333.333.33|
*
000656d0  33 ff 33 33 33 ff 33 33  33 ff 00 00 00 00 00 00  |3.333.333.......|
000656e0  00 00 00 00 00 00 00 00  00 00 00 00 00 00 00 00  |................|
*
00065790  00 00 00 00 00 00 00 00  00 00 33 33 33 ff 33 33  |..........333.33|
000657a0  33 ff 33 33 33 ff 33 33  33 ff 33 33 33 ff 33 33  |3.333.333.333.33|
*
000657d0  33 ff 33 33 33 ff 33 33  33 ff 00 00 00 00 00 00  |3.333.333.......|
000657e0  00 00 00 00 00 00 00 00  00 00 00 00 00 00 00 00  |................|
*
00065930  00 00 00 00 00 00 00 00  00 00 33 33 33 ff 33 33  |..........333.33|
00065940  33 ff 33 33 33 ff 33 33  33 ff 33 33 33 ff 33 33  |3.333.333.333.33|
*
000659c0  33 ff 33 33 33 ff 33 33  33 ff 33 33 33 ff 00 00  |3.333.333.333...|
000659d0  00 00 00 00 00 00 00 00  00 00 00 00 00 00 00 00  |................|
*
00065a30  00 00 00 00 00 00 33 33  33 ff 33 33 33 ff 33 33  |......333.333.33|
00065a40  33 ff 33 33 33 ff 33 33  33 ff 33 33 33 ff 33 33  |3.333.333.333.33|
*
00065a80  33 ff 33 33 33 ee 38 38  38 12 00 00 00 00 00 00  |3.333.888.......|
00065a90  00 00 00 00 00 00 00 00  00 00 00 00 00 00 00 00  |................|
*
00065af0  00 00 3f 3f 3f 08 33 33  33 fd 33 33 33 ff 33 33  |..???.333.333.33|
00065b00  33 ff 33 33 33 ff 33 33  33 ff 33 33 33 ff 33 33  |3.333.333.333.33|
*
00065b30  33 ff 33 33 33 ff 33 33  33 ff 00 00 00 00 00 00  |3.333.333.......|
00065b40  00 00 00 00 00 00 00 00  00 00 00 00 00 00 00 00  |................|
*
00065b90  00 00 00 00 00 00 33 33  33 ff 33 33 33 ff 33 33  |......333.333.33|
00065ba0  33 ff 33 33 33 ff 33 33  33 ff 33 33 33 ff 33 33  |3.333.333.333.33|
*
00065bc0  33 ff 33 33 33 f3 24 24  24 07 00 00 00 00 00 00  |3.333.$$$.......|
00065bd0  00 00 00 00 00 00 00 00  00 00 00 00 00 00 00 00  |................|
*
00065c50  00 00 00 00 00 00 00 00  00 00 00 00 00 00 32 32  |..............22|
00065c60  32 56 33 33 33 ff 33 33  33 ff 33 33 33 ff 33 33  |2V333.333.333.33|
00065c70  33 ff 33 33 33 ff 33 33  33 ff 33 33 33 ff 33 33  |3.333.333.333.33|
*
00065c90  33 ff 00 00 00 00 00 00  00 00 00 00 00 00 00 00  |3...............|
00065ca0  00 00 00 00 00 00 00 00  00 00 00 00 00 00 00 00  |................|
*
00065cf0  00 00 33 33 33 ff 33 33  33 ff 33 33 33 ff 33 33  |..333.333.333.33|
00065d00  33 ff 33 33 33 ff 33 33  33 ff 33 33 33 ff 33 33  |3.333.333.333.33|
*
00065d40  33 ff 00 00 00 00 00 00  00 00 00 00 00 00 00 00  |3...............|
00065d50  00 00 00 00 00 00 00 00  00 00 00 00 00 00 00 00  |................|
*
00065da0  00 00 00 00 00 00 00 00  00 00 00 00 00 00 33 33  |..............33|
00065db0  33 ff 33 33 33 ff 33 33  33 ff 33 33 33 ff 33 33  |3.333.333.333.33|
*
00065ed0  33 ff 33 33 33 ff 33 33  33 ff 00 00 00 00 00 00  |3.333.333.......|
00065ee0  00 00 00 00 00 00 00 00  00 00 00 00 00 00 00 00  |................|
*
00065f90  00 00 00 00 00 00 00 00  00 00 33 33 33 ff 33 33  |..........333.33|
00065fa0  33 ff 33 33 33 ff 33 33  33 ff 33 33 33 ff 33 33  |3.333.333.333.33|
*
00065fd0  33 ff 33 33 33 ff 33 33  33 ff 00 00 00 00 00 00  |3.333.333.......|
00065fe0  00 00 00 00 00 00 00 00  00 00 00 00 00 00 00 00  |................|
*
00066130  00 00 00 00 00 00 00 00  00 00 33 33 33 ff 33 33  |..........333.33|
00066140  33 ff 33 33 33 ff 33 33  33 ff 33 33 33 ff 33 33  |3.333.333.333.33|
*
000661c0  33 ff 33 33 33 ff 33 33  33 ff 33 33 33 ff 00 00  |3.333.333.333...|
000661d0  00 00 00 00 00 00 00 00  00 00 00 00 00 00 00 00  |................|
*
00066230  00 00 00 00 00 00 33 33  33 ff 33 33 33 ff 33 33  |......333.333.33|
00066240  33 ff 33 33 33 ff 33 33  33 ff 33 33 33 ff 33 33  |3.333.333.333.33|
*
00066280  33 ff 33 33 33 ff 33 33  33 86 00 00 00 00 00 00  |3.333.333.......|
00066290  00 00 00 00 00 00 00 00  00 00 00 00 00 00 00 00  |................|
*
000662f0  00 00 00 00 00 00 33 33  33 ef 33 33 33 ff 33 33  |......333.333.33|
00066300  33 ff 33 33 33 ff 33 33  33 ff 33 33 33 ff 33 33  |3.333.333.333.33|
*
00066330  33 ff 33 33 33 ff 33 33  33 ff 00 00 00 00 00 00  |3.333.333.......|
00066340  00 00 00 00 00 00 00 00  00 00 00 00 00 00 00 00  |................|
*
00066390  00 00 00 00 00 00 33 33  33 ff 33 33 33 ff 33 33  |......333.333.33|
000663a0  33 ff 33 33 33 ff 33 33  33 ff 33 33 33 ff 33 33  |3.333.333.333.33|
*
000663c0  33 ff 32 32 32 b0 00 00  00 00 00 00 00 00 00 00  |3.222...........|
000663d0  00 00 00 00 00 00 00 00  00 00 00 00 00 00 00 00  |................|
*
00066450  00 00 00 00 00 00 00 00  00 00 00 00 00 00 2d 2d  |..............--|
00066460  2d 11 32 32 32 fc 33 33  33 ff 33 33 33 ff 33 33  |-.222.333.333.33|
00066470  33 ff 33 33 33 ff 33 33  33 ff 33 33 33 ff 33 33  |3.333.333.333.33|
*
00066490  33 ff 00 00 00 00 00 00  00 00 00 00 00 00 00 00  |3...............|
000664a0  00 00 00 00 00 00 00 00  00 00 00 00 00 00 00 00  |................|
*
000664f0  00 00 33 33 33 ff 33 33  33 ff 33 33 33 ff 33 33  |..333.333.333.33|
00066500  33 ff 33 33 33 ff 33 33  33 ff 33 33 33 ff 33 33  |3.333.333.333.33|
*
00066540  33 ff 00 00 00 00 00 00  00 00 00 00 00 00 00 00  |3...............|
00066550  00 00 00 00 00 00 00 00  00 00 00 00 00 00 00 00  |................|
*
000665a0  00 00 00 00 00 00 00 00  00 00 00 00 00 00 33 33  |..............33|
000665b0  33 ff 33 33 33 ff 33 33  33 ff 33 33 33 ff 33 33  |3.333.333.333.33|
*
000666d0  33 ff 33 33 33 ff 33 33  33 ff 00 00 00 00 00 00  |3.333.333.......|
000666e0  00 00 00 00 00 00 00 00  00 00 00 00 00 00 00 00  |................|
*
00066790  00 00 00 00 00 00 00 00  00 00 33 33 33 ff 33 33  |..........333.33|
000667a0  33 ff 33 33 33 ff 33 33  33 ff 33 33 33 ff 33 33  |3.333.333.333.33|
*
000667d0  33 ff 33 33 33 ff 33 33  33 ff 00 00 00 00 00 00  |3.333.333.......|
000667e0  00 00 00 00 00 00 00 00  00 00 00 00 00 00 00 00  |................|
*
00066930  00 00 00 00 00 00 00 00  00 00 33 33 33 ff 33 33  |..........333.33|
00066940  33 ff 33 33 33 ff 33 33  33 ff 33 33 33 ff 33 33  |3.333.333.333.33|
*
000669c0  33 ff 33 33 33 ff 33 33  33 ff 33 33 33 ff 00 00  |3.333.333.333...|
000669d0  00 00 00 00 00 00 00 00  00 00 00 00 00 00 00 00  |................|
*
00066a30  00 00 00 00 00 00 33 33  33 ff 33 33 33 ff 33 33  |......333.333.33|
00066a40  33 ff 33 33 33 ff 33 33  33 ff 33 33 33 ff 33 33  |3.333.333.333.33|
*
00066a80  33 ff 33 33 33 ff 33 33  33 df 00 00 00 00 00 00  |3.333.333.......|
00066a90  00 00 00 00 00 00 00 00  00 00 00 00 00 00 00 00  |................|
*
00066af0  00 00 00 00 00 00 32 32  32 e3 33 33 33 ff 33 33  |......222.333.33|
00066b00  33 ff 33 33 33 ff 33 33  33 ff 33 33 33 ff 33 33  |3.333.333.333.33|
*
00066b30  33 ff 33 33 33 ff 33 33  33 ff 00 00 00 00 00 00  |3.333.333.......|
00066b40  00 00 00 00 00 00 00 00  00 00 00 00 00 00 00 00  |................|
*
00066b90  00 00 00 00 00 00 33 33  33 ff 33 33 33 ff 33 33  |......333.333.33|
00066ba0  33 ff 33 33 33 ff 33 33  33 ff 33 33 33 ff 33 33  |3.333.333.333.33|
*
00066bc0  33 ff 33 33 33 67 00 00  00 00 00 00 00 00 00 00  |3.333g..........|
00066bd0  00 00 00 00 00 00 00 00  00 00 00 00 00 00 00 00  |................|
*
00066c60  00 00 33 33 33 c6 33 33  33 ff 33 33 33 ff 33 33  |..333.333.333.33|
00066c70  33 ff 33 33 33 ff 33 33  33 ff 33 33 33 ff 33 33  |3.333.333.333.33|
*
00066c90  33 ff 00 00 00 00 00 00  00 00 00 00 00 00 00 00  |3...............|
00066ca0  00 00 00 00 00 00 00 00  00 00 00 00 00 00 00 00  |................|
*
00066cf0  00 00 33 33 33 ff 33 33  33 ff 33 33 33 ff 33 33  |..333.333.333.33|
00066d00  33 ff 33 33 33 ff 33 33  33 ff 33 33 33 ff 33 33  |3.333.333.333.33|
*
00066d40  33 ff 00 00 00 00 00 00  00 00 00 00 00 00 00 00  |3...............|
00066d50  00 00 00 00 00 00 00 00  00 00 00 00 00 00 00 00  |................|
*
00066da0  00 00 00 00 00 00 00 00  00 00 00 00 00 00 33 33  |..............33|
00066db0  33 ff 33 33 33 ff 33 33  33 ff 33 33 33 ff 33 33  |3.333.333.333.33|
*
00066ed0  33 ff 33 33 33 ff 33 33  33 ff 00 00 00 00 00 00  |3.333.333.......|
00066ee0  00 00 00 00 00 00 00 00  00 00 00 00 00 00 00 00  |................|
*
00066f90  00 00 00 00 00 00 00 00  00 00 33 33 33 ff 33 33  |..........333.33|
00066fa0  33 ff 33 33 33 ff 33 33  33 ff 33 33 33 ff 33 33  |3.333.333.333.33|
*
00066fd0  33 ff 33 33 33 ff 33 33  33 ff 00 00 00 00 00 00  |3.333.333.......|
00066fe0  00 00 00 00 00 00 00 00  00 00 00 00 00 00 00 00  |................|
*
00067130  00 00 00 00 00 00 00 00  00 00 33 33 33 ff 33 33  |..........333.33|
00067140  33 ff 33 33 33 ff 33 33  33 ff 33 33 33 ff 33 33  |3.333.333.333.33|
*
000671c0  33 ff 33 33 33 ff 33 33  33 ff 33 33 33 ff 00 00  |3.333.333.333...|
000671d0  00 00 00 00 00 00 00 00  00 00 00 00 00 00 00 00  |................|
*
00067230  00 00 00 00 00 00 33 33  33 ff 33 33 33 ff 33 33  |......333.333.33|
00067240  33 ff 33 33 33 ff 33 33  33 ff 33 33 33 ff 33 33  |3.333.333.333.33|
*
00067280  33 ff 33 33 33 ff 33 33  33 ff 31 31 31 24 00 00  |3.333.333.111$..|
00067290  00 00 00 00 00 00 00 00  00 00 00 00 00 00 00 00  |................|
*
000672f0  00 00 00 00 00 00 33 33  33 d6 33 33 33 ff 33 33  |......333.333.33|
00067300  33 ff 33 33 33 ff 33 33  33 ff 33 33 33 ff 33 33  |3.333.333.333.33|
*
00067330  33 ff 33 33 33 ff 33 33  33 ff 00 00 00 00 00 00  |3.333.333.......|
00067340  00 00 00 00 00 00 00 00  00 00 00 00 00 00 00 00  |................|
*
00067390  00 00 00 00 00 00 33 33  33 ff 33 33 33 ff 33 33  |......333.333.33|
000673a0  33 ff 33 33 33 ff 33 33  33 ff 33 33 33 ff 33 33  |3.333.333.333.33|
*
000673c0  33 ff 31 31 31 1f 00 00  00 00 00 00 00 00 00 00  |3.111...........|
000673d0  00 00 00 00 00 00 00 00  00 00 00 00 00 00 00 00  |................|
*
00067460  00 00 32 32 32 7e 33 33  33 ff 33 33 33 ff 33 33  |..222~333.333.33|
00067470  33 ff 33 33 33 ff 33 33  33 ff 33 33 33 ff 33 33  |3.333.333.333.33|
*
00067490  33 ff 00 00 00 00 00 00  00 00 00 00 00 00 00 00  |3...............|
000674a0  00 00 00 00 00 00 00 00  00 00 00 00 00 00 00 00  |................|
*
000674f0  00 00 33 33 33 ff 33 33  33 ff 33 33 33 ff 33 33  |..333.333.333.33|
00067500  33 ff 33 33 33 ff 33 33  33 ff 33 33 33 ff 33 33  |3.333.333.333.33|
*
00067540  33 ff 00 00 00 00 00 00  00 00 00 00 00 00 00 00  |3...............|
00067550  00 00 00 00 00 00 00 00  00 00 00 00 00 00 00 00  |................|
*
000675a0  00 00 00 00 00 00 00 00  00 00 00 00 00 00 33 33  |..............33|
000675b0  33 ff 33 33 33 ff 33 33  33 ff 33 33 33 ff 33 33  |3.333.333.333.33|
*
000676d0  33 ff 33 33 33 ff 33 33  33 ff 00 00 00 00 00 00  |3.333.333.......|
000676e0  00 00 00 00 00 00 00 00  00 00 00 00 00 00 00 00  |................|
*
00067790  00 00 00 00 00 00 00 00  00 00 33 33 33 ff 33 33  |..........333.33|
000677a0  33 ff 33 33 33 ff 33 33  33 ff 33 33 33 ff 33 33  |3.333.333.333.33|
*
000677d0  33 ff 33 33 33 ff 33 33  33 ff 00 00 00 00 00 00  |3.333.333.......|
000677e0  00 00 00 00 00 00 00 00  00 00 00 00 00 00 00 00  |................|
*
00067930  00 00 00 00 00 00 00 00  00 00 33 33 33 ff 33 33  |..........333.33|
00067940  33 ff 33 33 33 ff 33 33  33 ff 33 33 33 ff 33 33  |3.333.333.333.33|
*
000679c0  33 ff 33 33 33 ff 33 33  33 ff 33 33 33 ff 00 00  |3.333.333.333...|
000679d0  00 00 00 00 00 00 00 00  00 00 00 00 00 00 00 00  |................|
*
00067a30  00 00 00 00 00 00 33 33  33 ff 33 33 33 ff 33 33  |......333.333.33|
00067a40  33 ff 33 33 33 ff 33 33  33 ff 33 33 33 ff 33 33  |3.333.333.333.33|
*
00067a80  33 ff 33 33 33 ff 33 33  33 ff 32 32 32 47 00 00  |3.333.333.222G..|
00067a90  00 00 00 00 00 00 00 00  00 00 00 00 00 00 00 00  |................|
*
00067af0  00 00 00 00 00 00 33 33  33 d6 33 33 33 ff 33 33  |......333.333.33|
00067b00  33 ff 33 33 33 ff 33 33  33 ff 33 33 33 ff 33 33  |3.333.333.333.33|
*
00067b30  33 ff 33 33 33 ff 33 33  33 ff 00 00 00 00 00 00  |3.333.333.......|
00067b40  00 00 00 00 00 00 00 00  00 00 00 00 00 00 00 00  |................|
*
00067b90  00 00 00 00 00 00 33 33  33 ff 33 33 33 ff 33 33  |......333.333.33|
00067ba0  33 ff 33 33 33 ff 33 33  33 ff 33 33 33 ff 33 33  |3.333.333.333.33|
*
00067bc0  33 d5 00 00 00 00 00 00  00 00 00 00 00 00 00 00  |3...............|
00067bd0  00 00 00 00 00 00 00 00  00 00 00 00 00 00 00 00  |................|
*
00067c10  00 00 33 33 33 63 32 32  32 6f 00 00 00 00 00 00  |..333c222o......|
00067c20  00 00 00 00 00 00 00 00  00 00 00 00 00 00 00 00  |................|
*
00067c60  00 00 33 33 33 36 33 33  33 ff 33 33 33 ff 33 33  |..3336333.333.33|
00067c70  33 ff 33 33 33 ff 33 33  33 ff 33 33 33 ff 33 33  |3.333.333.333.33|
*
00067c90  33 ff 00 00 00 00 00 00  00 00 00 00 00 00 00 00  |3...............|
00067ca0  00 00 00 00 00 00 00 00  00 00 00 00 00 00 00 00  |................|
*
00067cf0  00 00 33 33 33 ff 33 33  33 ff 33 33 33 ff 33 33  |..333.333.333.33|
00067d00  33 ff 33 33 33 ff 33 33  33 ff 33 33 33 ff 33 33  |3.333.333.333.33|
*
00067d40  33 ff 00 00 00 00 00 00  00 00 00 00 00 00 00 00  |3...............|
00067d50  00 00 00 00 00 00 00 00  00 00 00 00 00 00 00 00  |................|
*
00067da0  00 00 00 00 00 00 00 00  00 00 00 00 00 00 33 33  |..............33|
00067db0  33 ff 33 33 33 ff 33 33  33 ff 33 33 33 ff 33 33  |3.333.333.333.33|
*
00067ed0  33 ff 33 33 33 ff 33 33  33 ff 00 00 00 00 00 00  |3.333.333.......|
00067ee0  00 00 00 00 00 00 00 00  00 00 00 00 00 00 00 00  |................|
*
00067f90  00 00 00 00 00 00 00 00  00 00 33 33 33 ff 33 33  |..........333.33|
00067fa0  33 ff 33 33 33 ff 33 33  33 ff 33 33 33 ff 33 33  |3.333.333.333.33|
*
00067fd0  33 ff 33 33 33 ff 33 33  33 ff 00 00 00 00 00 00  |3.333.333.......|
00067fe0  00 00 00 00 00 00 00 00  00 00 00 00 00 00 00 00  |................|
*
00068130  00 00 00 00 00 00 00 00  00 00 33 33 33 ff 33 33  |..........333.33|
00068140  33 ff 33 33 33 ff 33 33  33 ff 33 33 33 ff 33 33  |3.333.333.333.33|
*
000681c0  33 ff 33 33 33 ff 33 33  33 ff 33 33 33 ff 00 00  |3.333.333.333...|
000681d0  00 00 00 00 00 00 00 00  00 00 00 00 00 00 00 00  |................|
*
00068230  00 00 00 00 00 00 33 33  33 ff 33 33 33 ff 33 33  |......333.333.33|
00068240  33 ff 33 33 33 ff 33 33  33 ff 33 33 33 ff 33 33  |3.333.333.333.33|
*
00068280  33 ff 33 33 33 ff 33 33  33 ff 31 31 31 5c 00 00  |3.333.333.111\..|
00068290  00 00 00 00 00 00 00 00  00 00 00 00 00 00 00 00  |................|
*
000682f0  00 00 00 00 00 00 32 32  32 e7 33 33 33 ff 33 33  |......222.333.33|
00068300  33 ff 33 33 33 ff 33 33  33 ff 33 33 33 ff 33 33  |3.333.333.333.33|
*
00068330  33 ff 33 33 33 ff 33 33  33 ff 00 00 00 00 00 00  |3.333.333.......|
00068340  00 00 00 00 00 00 00 00  00 00 00 00 00 00 00 00  |................|
*
00068390  00 00 00 00 00 00 33 33  33 ff 33 33 33 ff 33 33  |......333.333.33|
000683a0  33 ff 33 33 33 ff 33 33  33 ff 33 33 33 ff 33 33  |3.333.333.333.33|
*
000683c0  33 8c 00 00 00 00 00 00  00 00 00 00 00 00 00 00  |3...............|
000683d0  00 00 00 00 00 00 00 00  00 00 00 00 00 00 00 00  |................|
*
00068410  00 00 33 33 33 ae 33 33  33 b8 00 00 00 00 00 00  |..333.333.......|
00068420  00 00 00 00 00 00 00 00  00 00 00 00 00 00 00 00  |................|
*
00068460  00 00 00 00 00 02 33 33  33 e9 33 33 33 ff 33 33  |......333.333.33|
00068470  33 ff 33 33 33 ff 33 33  33 ff 33 33 33 ff 33 33  |3.333.333.333.33|
*
00068490  33 ff 00 00 00 00 00 00  00 00 00 00 00 00 00 00  |3...............|
000684a0  00 00 00 00 00 00 00 00  00 00 00 00 00 00 00 00  |................|
*
000684f0  00 00 33 33 33 ff 33 33  33 ff 33 33 33 ff 33 33  |..333.333.333.33|
00068500  33 ff 33 33 33 ff 33 33  33 ff 33 33 33 ff 33 33  |3.333.333.333.33|
*
00068540  33 ff 00 00 00 00 00 00  00 00 00 00 00 00 00 00  |3...............|
00068550  00 00 00 00 00 00 00 00  00 00 00 00 00 00 00 00  |................|
*
000685a0  00 00 00 00 00 00 00 00  00 00 00 00 00 00 33 33  |..............33|
000685b0  33 ff 33 33 33 ff 33 33  33 ff 33 33 33 ff 33 33  |3.333.333.333.33|
*
000686d0  33 ff 33 33 33 ff 33 33  33 ff 00 00 00 00 00 00  |3.333.333.......|
000686e0  00 00 00 00 00 00 00 00  00 00 00 00 00 00 00 00  |................|
*
00068790  00 00 00 00 00 00 00 00  00 00 33 33 33 ff 33 33  |..........333.33|
000687a0  33 ff 33 33 33 ff 33 33  33 ff 33 33 33 ff 33 33  |3.333.333.333.33|
*
000687d0  33 ff 33 33 33 ff 33 33  33 ff 00 00 00 00 00 00  |3.333.333.......|
000687e0  00 00 00 00 00 00 00 00  00 00 00 00 00 00 00 00  |................|
*
00068930  00 00 00 00 00 00 00 00  00 00 33 33 33 ff 33 33  |..........333.33|
00068940  33 ff 33 33 33 ff 33 33  33 ff 33 33 33 ff 33 33  |3.333.333.333.33|
*
000689c0  33 ff 33 33 33 ff 33 33  33 ff 33 33 33 ff 00 00  |3.333.333.333...|
000689d0  00 00 00 00 00 00 00 00  00 00 00 00 00 00 00 00  |................|
*
00068a30  00 00 00 00 00 00 33 33  33 ff 33 33 33 ff 33 33  |......333.333.33|
00068a40  33 ff 33 33 33 ff 33 33  33 ff 33 33 33 ff 33 33  |3.333.333.333.33|
*
00068a80  33 ff 33 33 33 ff 33 33  33 ff 33 33 33 64 00 00  |3.333.333.333d..|
00068a90  00 00 00 00 00 00 00 00  00 00 00 00 00 00 00 00  |................|
*
00068af0  00 00 00 00 00 00 32 32  32 f7 33 33 33 ff 33 33  |......222.333.33|
00068b00  33 ff 33 33 33 ff 33 33  33 ff 33 33 33 ff 33 33  |3.333.333.333.33|
*
00068b30  33 ff 33 33 33 ff 33 33  33 ff 00 00 00 00 00 00  |3.333.333.......|
00068b40  00 00 00 00 00 00 00 00  00 00 00 00 00 00 00 00  |................|
*
00068b90  00 00 00 00 00 00 33 33  33 ff 33 33 33 ff 33 33  |......333.333.33|
00068ba0  33 ff 33 33 33 ff 33 33  33 ff 33 33 33 ff 33 33  |3.333.333.333.33|
00068bb0  33 ff 33 33 33 ff 33 33  33 ff 33 33 33 ff 31 31  |3.333.333.333.11|
00068bc0  31 43 00 00 00 00 00 00  00 00 00 00 00 00 00 00  |1C..............|
00068bd0  00 00 00 00 00 00 00 00  00 00 00 00 00 00 00 00  |................|
*
00068c00  00 00 00 00 00 00 00 00  00 00 00 00 00 00 2a 2a  |..............**|
00068c10  2a 06 32 32 32 f2 33 33  33 f8 2a 2a 2a 0c 00 00  |*.222.333.***...|
00068c20  00 00 00 00 00 00 00 00  00 00 00 00 00 00 00 00  |................|
*
00068c60  00 00 00 00 00 00 33 33  33 a5 33 33 33 ff 33 33  |......333.333.33|
00068c70  33 ff 33 33 33 ff 33 33  33 ff 33 33 33 ff 33 33  |3.333.333.333.33|
*
00068c90  33 ff 00 00 00 00 00 00  00 00 00 00 00 00 00 00  |3...............|
00068ca0  00 00 00 00 00 00 00 00  00 00 00 00 00 00 00 00  |................|
*
00068cf0  00 00 33 33 33 ff 33 33  33 ff 33 33 33 ff 33 33  |..333.333.333.33|
00068d00  33 ff 33 33 33 ff 33 33  33 ff 33 33 33 ff 33 33  |3.333.333.333.33|
*
00068d40  33 ff 00 00 00 00 00 00  00 00 00 00 00 00 00 00  |3...............|
00068d50  00 00 00 00 00 00 00 00  00 00 00 00 00 00 00 00  |................|
*
00068da0  00 00 00 00 00 00 00 00  00 00 00 00 00 00 33 33  |..............33|
00068db0  33 ff 33 33 33 ff 33 33  33 ff 33 33 33 ff 33 33  |3.333.333.333.33|
*
00068ed0  33 ff 33 33 33 ff 33 33  33 ff 00 00 00 00 00 00  |3.333.333.......|
00068ee0  00 00 00 00 00 00 00 00  00 00 00 00 00 00 00 00  |................|
*
00068f90  00 00 00 00 00 00 00 00  00 00 33 33 33 ff 33 33  |..........333.33|
00068fa0  33 ff 33 33 33 ff 33 33  33 ff 33 33 33 ff 33 33  |3.333.333.333.33|
*
00068fd0  33 ff 33 33 33 ff 33 33  33 ff 00 00 00 00 00 00  |3.333.333.......|
00068fe0  00 00 00 00 00 00 00 00  00 00 00 00 00 00 00 00  |................|
*
00069130  00 00 00 00 00 00 00 00  00 00 33 33 33 ff 33 33  |..........333.33|
00069140  33 ff 33 33 33 ff 33 33  33 ff 33 33 33 ff 33 33  |3.333.333.333.33|
*
000691c0  33 ff 33 33 33 ff 33 33  33 ff 33 33 33 ff 00 00  |3.333.333.333...|
000691d0  00 00 00 00 00 00 00 00  00 00 00 00 00 00 00 00  |................|
*
00069230  00 00 00 00 00 00 33 33  33 ff 33 33 33 ff 33 33  |......333.333.33|
00069240  33 ff 33 33 33 ff 33 33  33 ff 33 33 33 ff 33 33  |3.333.333.333.33|
*
00069280  33 ff 33 33 33 ff 33 33  33 ff 31 31 31 4d 00 00  |3.333.333.111M..|
00069290  00 00 00 00 00 00 00 00  00 00 00 00 00 00 00 00  |................|
*
000692f0  00 00 24 24 24 07 33 33  33 ff 33 33 33 ff 33 33  |..$$$.333.333.33|
00069300  33 ff 33 33 33 ff 33 33  33 ff 33 33 33 ff 33 33  |3.333.333.333.33|
*
00069330  33 ff 33 33 33 ff 33 33  33 ff 00 00 00 00 00 00  |3.333.333.......|
00069340  00 00 00 00 00 00 00 00  00 00 00 00 00 00 00 00  |................|
*
00069390  00 00 00 00 00 00 33 33  33 ff 33 33 33 ff 33 33  |......333.333.33|
000693a0  33 ff 33 33 33 ff 33 33  33 ff 33 33 33 ff 33 33  |3.333.333.333.33|
000693b0  33 ff 33 33 33 ff 33 33  33 ff 33 33 33 f4 24 24  |3.333.333.333.$$|
000693c0  24 07 00 00 00 00 00 00  00 00 00 00 00 00 00 00  |$...............|
000693d0  00 00 00 00 00 00 00 00  00 00 00 00 00 00 00 00  |................|
*
00069400  00 00 00 00 00 00 00 00  00 00 00 00 00 00 33 33  |..............33|
00069410  33 46 33 33 33 ff 33 33  33 ff 31 31 31 4d 00 00  |3F333.333.111M..|
00069420  00 00 00 00 00 00 00 00  00 00 00 00 00 00 00 00  |................|
*
00069460  00 00 00 00 00 00 33 33  33 5e 33 33 33 ff 33 33  |......333^333.33|
00069470  33 ff 33 33 33 ff 33 33  33 ff 33 33 33 ff 33 33  |3.333.333.333.33|
*
00069490  33 ff 00 00 00 00 00 00  00 00 00 00 00 00 00 00  |3...............|
000694a0  00 00 00 00 00 00 00 00  00 00 00 00 00 00 00 00  |................|
*
000694f0  00 00 33 33 33 ff 33 33  33 ff 33 33 33 ff 33 33  |..333.333.333.33|
00069500  33 ff 33 33 33 ff 33 33  33 ff 33 33 33 ff 33 33  |3.333.333.333.33|
*
00069540  33 ff 00 00 00 00 00 00  00 00 00 00 00 00 00 00  |3...............|
00069550  00 00 00 00 00 00 00 00  00 00 00 00 00 00 00 00  |................|
*
000695a0  00 00 00 00 00 00 00 00  00 00 00 00 00 00 33 33  |..............33|
000695b0  33 ff 33 33 33 ff 33 33  33 ff 33 33 33 ff 33 33  |3.333.333.333.33|
*
000696d0  33 ff 33 33 33 ff 33 33  33 ff 00 00 00 00 00 00  |3.333.333.......|
000696e0  00 00 00 00 00 00 00 00  00 00 00 00 00 00 00 00  |................|
*
00069790  00 00 00 00 00 00 00 00  00 00 33 33 33 ff 33 33  |..........333.33|
000697a0  33 ff 33 33 33 ff 33 33  33 ff 33 33 33 ff 33 33  |3.333.333.333.33|
*
000697d0  33 ff 33 33 33 ff 33 33  33 ff 00 00 00 00 00 00  |3.333.333.......|
000697e0  00 00 00 00 00 00 00 00  00 00 00 00 00 00 00 00  |................|
*
00069930  00 00 00 00 00 00 00 00  00 00 33 33 33 ff 33 33  |..........333.33|
00069940  33 ff 33 33 33 ff 33 33  33 ff 33 33 33 ff 33 33  |3.333.333.333.33|
*
000699c0  33 ff 33 33 33 ff 33 33  33 ff 33 33 33 ff 00 00  |3.333.333.333...|
000699d0  00 00 00 00 00 00 00 00  00 00 00 00 00 00 00 00  |................|
*
00069a30  00 00 00 00 00 00 33 33  33 ff 33 33 33 ff 33 33  |......333.333.33|
00069a40  33 ff 33 33 33 ff 33 33  33 ff 33 33 33 ff 33 33  |3.333.333.333.33|
*
00069a80  33 ff 33 33 33 ff 33 33  33 ff 33 33 33 2d 00 00  |3.333.333.333-..|
00069a90  00 00 00 00 00 00 00 00  00 00 00 00 00 00 00 00  |................|
*
00069af0  00 00 34 34 34 22 33 33  33 ff 33 33 33 ff 33 33  |..444"333.333.33|
00069b00  33 ff 33 33 33 ff 33 33  33 ff 33 33 33 ff 33 33  |3.333.333.333.33|
*
00069b30  33 ff 33 33 33 ff 33 33  33 ff 00 00 00 00 00 00  |3.333.333.......|
00069b40  00 00 00 00 00 00 00 00  00 00 00 00 00 00 00 00  |................|
*
00069b90  00 00 00 00 00 00 33 33  33 ff 33 33 33 ff 33 33  |......333.333.33|
00069ba0  33 ff 33 33 33 ff 33 33  33 ff 33 33 33 ff 33 33  |3.333.333.333.33|
00069bb0  33 ff 33 33 33 ff 33 33  33 ff 32 32 32 b1 00 00  |3.333.333.222...|
00069bc0  00 00 00 00 00 00 00 00  00 00 00 00 00 00 00 00  |................|
*
00069c00  00 00 00 00 00 00 00 00  00 00 00 00 00 00 33 33  |..............33|
00069c10  33 91 33 33 33 ff 33 33  33 ff 32 32 32 97 00 00  |3.333.333.222...|
00069c20  00 00 00 00 00 00 00 00  00 00 00 00 00 00 00 00  |................|
*
00069c60  00 00 00 00 00 00 37 37  37 17 33 33 33 fd 33 33  |......777.333.33|
00069c70  33 ff 33 33 33 ff 33 33  33 ff 33 33 33 ff 33 33  |3.333.333.333.33|
*
00069c90  33 ff 00 00 00 00 00 00  00 00 00 00 00 00 00 00  |3...............|
00069ca0  00 00 00 00 00 00 00 00  00 00 00 00 00 00 00 00  |................|
*
00069cf0  00 00 33 33 33 ff 33 33  33 ff 33 33 33 ff 33 33  |..333.333.333.33|
00069d00  33 ff 33 33 33 ff 33 33  33 ff 33 33 33 ff 33 33  |3.333.333.333.33|
*
00069d40  33 ff 00 00 00 00 00 00  00 00 00 00 00 00 00 00  |3...............|
00069d50  00 00 00 00 00 00 00 00  00 00 00 00 00 00 00 00  |................|
*
00069dc0  00 00 00 00 00 00 00 00  00 00 00 00 00 02 2d 2d  |..............--|
00069dd0  2d 11 38 38 38 12 34 34  34 22 34 34 34 2c 32 32  |-.888.444"444,22|
00069de0  32 47 33 33 33 5f 32 32  32 79 33 33 33 99 33 33  |2G333_222y333.33|
00069df0  33 c7 33 33 33 f3 33 33  33 ff 33 33 33 ff 33 33  |3.333.333.333.33|
00069e00  33 ff 33 33 33 ff 33 33  33 ff 33 33 33 ff 33 33  |3.333.333.333.33|
*
00069ed0  33 ff 33 33 33 ff 33 33  33 ff 00 00 00 00 00 00  |3.333.333.......|
00069ee0  00 00 00 00 00 00 00 00  00 00 00 00 00 00 00 00  |................|
*
00069f90  00 00 00 00 00 00 00 00  00 00 33 33 33 ff 33 33  |..........333.33|
00069fa0  33 ff 33 33 33 ff 33 33  33 ff 33 33 33 ff 33 33  |3.333.333.333.33|
*
00069fd0  33 ff 33 33 33 ff 33 33  33 ff 00 00 00 00 00 00  |3.333.333.......|
00069fe0  00 00 00 00 00 00 00 00  00 00 00 00 00 00 00 00  |................|
*
0006a130  00 00 00 00 00 00 00 00  00 00 33 33 33 ff 33 33  |..........333.33|
0006a140  33 ff 33 33 33 ff 33 33  33 ff 33 33 33 ff 33 33  |3.333.333.333.33|
*
0006a1c0  33 ff 33 33 33 ff 33 33  33 ff 33 33 33 ff 00 00  |3.333.333.333...|
0006a1d0  00 00 00 00 00 00 00 00  00 00 00 00 00 00 00 00  |................|
*
0006a230  00 00 00 00 00 00 33 33  33 ff 33 33 33 ff 33 33  |......333.333.33|
0006a240  33 ff 33 33 33 ff 33 33  33 ff 33 33 33 ff 33 33  |3.333.333.333.33|
*
0006a280  33 ff 33 33 33 ff 33 33  33 e4 00 00 00 01 00 00  |3.333.333.......|
0006a290  00 00 00 00 00 00 00 00  00 00 00 00 00 00 00 00  |................|
*
0006a2f0  00 00 33 33 33 55 33 33  33 ff 33 33 33 ff 33 33  |..333U333.333.33|
0006a300  33 ff 33 33 33 ff 33 33  33 ff 33 33 33 ff 33 33  |3.333.333.333.33|
*
0006a330  33 ff 33 33 33 ff 33 33  33 ff 00 00 00 00 00 00  |3.333.333.......|
0006a340  00 00 00 00 00 00 00 00  00 00 00 00 00 00 00 00  |................|
*
0006a390  00 00 00 00 00 00 33 33  33 ff 33 33 33 ff 33 33  |......333.333.33|
0006a3a0  33 ff 33 33 33 ff 33 33  33 ff 33 33 33 ff 33 33  |3.333.333.333.33|
0006a3b0  33 ff 33 33 33 ff 33 33  33 ff 33 33 33 68 00 00  |3.333.333.333h..|
0006a3c0  00 00 00 00 00 00 00 00  00 00 00 00 00 00 00 00  |................|
*
0006a400  00 00 00 00 00 00 00 00  00 00 00 00 00 00 33 33  |..............33|
0006a410  33 dc 33 33 33 ff 33 33  33 ff 33 33 33 e1 00 00  |3.333.333.333...|
0006a420  00 00 00 00 00 00 00 00  00 00 00 00 00 00 00 00  |................|
*
0006a460  00 00 00 00 00 00 00 00  00 00 33 33 33 cc 33 33  |..........333.33|
0006a470  33 ff 33 33 33 ff 33 33  33 ff 33 33 33 ff 33 33  |3.333.333.333.33|
*
0006a490  33 ff 00 00 00 00 00 00  00 00 00 00 00 00 00 00  |3...............|
0006a4a0  00 00 00 00 00 00 00 00  00 00 00 00 00 00 00 00  |................|
*
0006a4f0  00 00 33 33 33 ff 33 33  33 ff 33 33 33 ff 33 33  |..333.333.333.33|
0006a500  33 ff 33 33 33 ff 33 33  33 ff 33 33 33 ff 33 33  |3.333.333.333.33|
*
0006a540  33 ff 00 00 00 00 00 00  00 00 00 00 00 00 00 00  |3...............|
0006a550  00 00 00 00 00 00 00 00  00 00 00 00 00 00 00 00  |................|
*
0006a5f0  00 00 00 00 00 01 33 33  33 23 33 33 33 5f 33 33  |......333#333_33|
0006a600  33 a3 32 32 32 e7 33 33  33 ff 33 33 33 ff 33 33  |3.222.333.333.33|
0006a610  33 ff 33 33 33 ff 33 33  33 ff 33 33 33 ff 33 33  |3.333.333.333.33|
*
0006a6d0  33 ff 33 33 33 ff 33 33  33 ff 00 00 00 00 00 00  |3.333.333.......|
0006a6e0  00 00 00 00 00 00 00 00  00 00 00 00 00 00 00 00  |................|
*
0006a790  00 00 00 00 00 00 00 00  00 00 33 33 33 ff 33 33  |..........333.33|
0006a7a0  33 ff 33 33 33 ff 33 33  33 ff 33 33 33 ff 33 33  |3.333.333.333.33|
*
0006a7d0  33 ff 33 33 33 ff 33 33  33 ff 00 00 00 00 00 00  |3.333.333.......|
0006a7e0  00 00 00 00 00 00 00 00  00 00 00 00 00 00 00 00  |................|
*
0006a930  00 00 00 00 00 00 00 00  00 00 33 33 33 ff 33 33  |..........333.33|
0006a940  33 ff 33 33 33 ff 33 33  33 ff 33 33 33 ff 33 33  |3.333.333.333.33|
*
0006a9c0  33 ff 33 33 33 ff 33 33  33 ff 33 33 33 ff 00 00  |3.333.333.333...|
0006a9d0  00 00 00 00 00 00 00 00  00 00 00 00 00 00 00 00  |................|
*
0006aa30  00 00 00 00 00 00 33 33  33 ff 33 33 33 ff 33 33  |......333.333.33|
0006aa40  33 ff 33 33 33 ff 33 33  33 ff 33 33 33 ff 33 33  |3.333.333.333.33|
*
0006aa80  33 ff 33 33 33 ff 33 33  33 85 00 00 00 00 00 00  |3.333.333.......|
0006aa90  00 00 00 00 00 00 00 00  00 00 00 00 00 00 00 00  |................|
*
0006aaf0  00 00 32 32 32 89 33 33  33 ff 33 33 33 ff 33 33  |..222.333.333.33|
0006ab00  33 ff 33 33 33 ff 33 33  33 ff 33 33 33 ff 33 33  |3.333.333.333.33|
*
0006ab30  33 ff 33 33 33 ff 33 33  33 ff 00 00 00 00 00 00  |3.333.333.......|
0006ab40  00 00 00 00 00 00 00 00  00 00 00 00 00 00 00 00  |................|
*
0006ab90  00 00 00 00 00 00 33 33  33 ff 33 33 33 ff 33 33  |......333.333.33|
0006aba0  33 ff 33 33 33 ff 33 33  33 ff 33 33 33 ff 33 33  |3.333.333.333.33|
0006abb0  33 ff 33 33 33 ff 33 33  33 ff 31 31 31 1f 00 00  |3.333.333.111...|
0006abc0  00 00 00 00 00 00 00 00  00 00 00 00 00 00 00 00  |................|
*
0006ac00  00 00 00 00 00 00 00 00  00 00 31 31 31 29 33 33  |..........111)33|
0006ac10  33 ff 33 33 33 ff 33 33  33 ff 33 33 33 ff 34 34  |3.333.333.333.44|
0006ac20  34 2c 00 00 00 00 00 00  00 00 00 00 00 00 00 00  |4,..............|
0006ac30  00 00 00 00 00 00 00 00  00 00 00 00 00 00 00 00  |................|
*
0006ac60  00 00 00 00 00 00 00 00  00 00 32 32 32 84 33 33  |..........222.33|
0006ac70  33 ff 33 33 33 ff 33 33  33 ff 33 33 33 ff 33 33  |3.333.333.333.33|
*
0006ac90  33 ff 00 00 00 00 00 00  00 00 00 00 00 00 00 00  |3...............|
0006aca0  00 00 00 00 00 00 00 00  00 00 00 00 00 00 00 00  |................|
*
0006acf0  00 00 33 33 33 ff 33 33  33 ff 33 33 33 ff 33 33  |..333.333.333.33|
0006ad00  33 ff 33 33 33 ff 33 33  33 ff 33 33 33 ff 33 33  |3.333.333.333.33|
*
0006ad40  33 ff 00 00 00 00 00 00  00 00 00 00 00 00 00 00  |3...............|
0006ad50  00 00 00 00 00 00 00 00  00 00 00 00 00 00 00 00  |................|
*
0006ae00  00 00 00 00 00 00 33 33  33 32 33 33 33 8f 33 33  |......3332333.33|
0006ae10  33 ea 33 33 33 ff 33 33  33 ff 33 33 33 ff 33 33  |3.333.333.333.33|
0006ae20  33 ff 33 33 33 ff 33 33  33 ff 33 33 33 ff 33 33  |3.333.333.333.33|
*
0006aed0  33 ff 33 33 33 ff 33 33  33 ff 00 00 00 00 00 00  |3.333.333.......|
0006aee0  00 00 00 00 00 00 00 00  00 00 00 00 00 00 00 00  |................|
*
0006af90  00 00 00 00 00 00 00 00  00 00 33 33 33 ff 33 33  |..........333.33|
0006afa0  33 ff 33 33 33 ff 33 33  33 ff 33 33 33 ff 33 33  |3.333.333.333.33|
*
0006afd0  33 ff 33 33 33 ff 33 33  33 ff 00 00 00 00 00 00  |3.333.333.......|
0006afe0  00 00 00 00 00 00 00 00  00 00 00 00 00 00 00 00  |................|
*
0006b130  00 00 00 00 00 00 00 00  00 00 33 33 33 ff 33 33  |..........333.33|
0006b140  33 ff 33 33 33 ff 33 33  33 ff 33 33 33 ff 33 33  |3.333.333.333.33|
*
0006b1c0  33 ff 33 33 33 ff 33 33  33 ff 33 33 33 ff 00 00  |3.333.333.333...|
0006b1d0  00 00 00 00 00 00 00 00  00 00 00 00 00 00 00 00  |................|
*
0006b230  00 00 00 00 00 00 33 33  33 ff 33 33 33 ff 33 33  |......333.333.33|
0006b240  33 ff 33 33 33 ff 33 33  33 ff 33 33 33 ff 33 33  |3.333.333.333.33|
*
0006b280  33 ff 32 32 32 e3 2a 2a  2a 0c 00 00 00 00 00 00  |3.222.***.......|
0006b290  00 00 00 00 00 00 00 00  00 00 00 00 00 00 00 00  |................|
*
0006b2f0  00 00 33 33 33 bd 33 33  33 ff 33 33 33 ff 33 33  |..333.333.333.33|
0006b300  33 ff 33 33 33 ff 33 33  33 ff 33 33 33 ff 33 33  |3.333.333.333.33|
*
0006b330  33 ff 33 33 33 ff 33 33  33 ff 00 00 00 00 00 00  |3.333.333.......|
0006b340  00 00 00 00 00 00 00 00  00 00 00 00 00 00 00 00  |................|
*
0006b390  00 00 00 00 00 00 33 33  33 ff 33 33 33 ff 33 33  |......333.333.33|
0006b3a0  33 ff 33 33 33 ff 33 33  33 ff 33 33 33 ff 33 33  |3.333.333.333.33|
0006b3b0  33 ff 33 33 33 ff 33 33  33 d5 00 00 00 00 00 00  |3.333.333.......|
0006b3c0  00 00 00 00 00 00 00 00  00 00 00 00 00 00 00 00  |................|
*
0006b400  00 00 00 00 00 00 00 00  00 00 32 32 32 74 33 33  |..........222t33|
0006b410  33 ff 33 33 33 ff 33 33  33 ff 33 33 33 ff 33 33  |3.333.333.333.33|
0006b420  33 76 00 00 00 00 00 00  00 00 00 00 00 00 00 00  |3v..............|
0006b430  00 00 00 00 00 00 00 00  00 00 00 00 00 00 00 00  |................|
*
0006b460  00 00 00 00 00 00 00 00  00 00 32 32 32 3d 33 33  |..........222=33|
0006b470  33 ff 33 33 33 ff 33 33  33 ff 33 33 33 ff 33 33  |3.333.333.333.33|
*
0006b490  33 ff 00 00 00 00 00 00  00 00 00 00 00 00 00 00  |3...............|
0006b4a0  00 00 00 00 00 00 00 00  00 00 00 00 00 00 00 00  |................|
*
0006b4f0  00 00 33 33 33 ff 33 33  33 ff 33 33 33 ff 33 33  |..333.333.333.33|
0006b500  33 ff 33 33 33 ff 33 33  33 ff 33 33 33 ff 33 33  |3.333.333.333.33|
*
0006b540  33 ff 00 00 00 00 00 00  00 00 00 00 00 00 00 00  |3...............|
0006b550  00 00 00 00 00 00 00 00  00 00 00 00 00 00 00 00  |................|
*
0006b600  00 00 00 00 00 00 00 00  00 00 00 00 00 00 33 33  |..............33|
0006b610  33 05 32 32 32 51 32 32  32 c9 33 33 33 ff 33 33  |3.222Q222.333.33|
0006b620  33 ff 33 33 33 ff 33 33  33 ff 33 33 33 ff 33 33  |3.333.333.333.33|
*
0006b6d0  33 ff 33 33 33 ff 33 33  33 ff 00 00 00 00 00 00  |3.333.333.......|
0006b6e0  00 00 00 00 00 00 00 00  00 00 00 00 00 00 00 00  |................|
*
0006b790  00 00 00 00 00 00 00 00  00 00 33 33 33 ff 33 33  |..........333.33|
0006b7a0  33 ff 33 33 33 ff 33 33  33 ff 33 33 33 ff 33 33  |3.333.333.333.33|
*
0006b7d0  33 ff 33 33 33 ff 33 33  33 ff 00 00 00 00 00 00  |3.333.333.......|
0006b7e0  00 00 00 00 00 00 00 00  00 00 00 00 00 00 00 00  |................|
*
0006b930  00 00 00 00 00 00 00 00  00 00 33 33 33 ff 33 33  |..........333.33|
0006b940  33 ff 33 33 33 ff 33 33  33 ff 33 33 33 ff 33 33  |3.333.333.333.33|
*
0006b9c0  33 ff 33 33 33 ff 33 33  33 ff 33 33 33 ff 00 00  |3.333.333.333...|
0006b9d0  00 00 00 00 00 00 00 00  00 00 00 00 00 00 00 00  |................|
*
0006ba30  00 00 00 00 00 00 33 33  33 ff 33 33 33 ff 33 33  |......333.333.33|
0006ba40  33 ff 33 33 33 ff 33 33  33 ff 33 33 33 ff 33 33  |3.333.333.333.33|
*
0006ba80  33 f0 33 33 33 37 00 00  00 00 00 00 00 00 00 00  |3.3337..........|
0006ba90  00 00 00 00 00 00 00 00  00 00 00 00 00 00 00 00  |................|
*
0006bae0  00 00 00 00 00 00 00 00  00 00 00 00 00 00 2a 2a  |..............**|
0006baf0  2a 0c 33 33 33 f5 33 33  33 ff 33 33 33 ff 33 33  |*.333.333.333.33|
0006bb00  33 ff 33 33 33 ff 33 33  33 ff 33 33 33 ff 33 33  |3.333.333.333.33|
*
0006bb30  33 ff 33 33 33 ff 33 33  33 ff 00 00 00 00 00 00  |3.333.333.......|
0006bb40  00 00 00 00 00 00 00 00  00 00 00 00 00 00 00 00  |................|
*
0006bb90  00 00 00 00 00 00 33 33  33 ff 33 33 33 ff 33 33  |......333.333.33|
0006bba0  33 ff 33 33 33 ff 33 33  33 ff 33 33 33 ff 33 33  |3.333.333.333.33|
0006bbb0  33 ff 33 33 33 ff 33 33  33 8c 00 00 00 00 00 00  |3.333.333.......|
0006bbc0  00 00 00 00 00 00 00 00  00 00 00 00 00 00 00 00  |................|
*
0006bc00  00 00 00 00 00 00 00 00  00 00 32 32 32 bf 33 33  |..........222.33|
0006bc10  33 ff 33 33 33 ff 33 33  33 ff 33 33 33 ff 32 32  |3.333.333.333.22|
0006bc20  32 c0 00 00 00 00 00 00  00 00 00 00 00 00 00 00  |2...............|
0006bc30  00 00 00 00 00 00 00 00  00 00 00 00 00 00 00 00  |................|
*
0006bc60  00 00 00 00 00 00 00 00  00 00 3f 3f 3f 04 33 33  |..........???.33|
0006bc70  33 f0 33 33 33 ff 33 33  33 ff 33 33 33 ff 33 33  |3.333.333.333.33|
0006bc80  33 ff 33 33 33 ff 33 33  33 ff 33 33 33 ff 33 33  |3.333.333.333.33|
0006bc90  33 ff 00 00 00 00 00 00  00 00 00 00 00 00 00 00  |3...............|
0006bca0  00 00 00 00 00 00 00 00  00 00 00 00 00 00 00 00  |................|
*
0006bcf0  00 00 33 33 33 ff 33 33  33 ff 33 33 33 ff 33 33  |..333.333.333.33|
0006bd00  33 ff 33 33 33 ff 33 33  33 ff 33 33 33 ff 33 33  |3.333.333.333.33|
*
0006bd40  33 ff 00 00 00 00 00 00  00 00 00 00 00 00 00 00  |3...............|
0006bd50  00 00 00 00 00 00 00 00  00 00 00 00 00 00 00 00  |................|
*
0006be10  00 00 00 00 00 00 00 00  00 00 34 34 34 49 33 33  |..........444I33|
0006be20  33 c8 33 33 33 ff 33 33  33 ff 33 33 33 ff 33 33  |3.333.333.333.33|
0006be30  33 ff 33 33 33 ff 33 33  33 ff 33 33 33 ff 33 33  |3.333.333.333.33|
*
0006bed0  33 ff 33 33 33 ff 33 33  33 ff 00 00 00 00 00 00  |3.333.333.......|
0006bee0  00 00 00 00 00 00 00 00  00 00 00 00 00 00 00 00  |................|
*
0006bf90  00 00 00 00 00 00 00 00  00 00 33 33 33 ff 33 33  |..........333.33|
0006bfa0  33 ff 33 33 33 ff 33 33  33 ff 33 33 33 ff 33 33  |3.333.333.333.33|
*
0006bfd0  33 ff 33 33 33 ff 33 33  33 ff 00 00 00 00 00 00  |3.333.333.......|
0006bfe0  00 00 00 00 00 00 00 00  00 00 00 00 00 00 00 00  |................|
*
0006c130  00 00 00 00 00 00 00 00  00 00 33 33 33 ff 33 33  |..........333.33|
0006c140  33 ff 33 33 33 ff 33 33  33 ff 33 33 33 ff 33 33  |3.333.333.333.33|
*
0006c1c0  33 ff 33 33 33 ff 33 33  33 ff 33 33 33 ff 00 00  |3.333.333.333...|
0006c1d0  00 00 00 00 00 00 00 00  00 00 00 00 00 00 00 00  |................|
*
0006c230  00 00 00 00 00 00 33 33  33 ff 33 33 33 ff 33 33  |......333.333.33|
0006c240  33 ff 33 33 33 ff 33 33  33 ff 33 33 33 ff 33 33  |3.333.333.333.33|
*
0006c270  33 ff 33 33 33 ff 33 33  33 ff 33 33 33 dc 34 34  |3.333.333.333.44|
0006c280  34 35 00 00 00 00 00 00  00 00 00 00 00 00 00 00  |45..............|
0006c290  00 00 00 00 00 00 00 00  00 00 00 00 00 00 00 00  |................|
*
0006c2e0  00 00 00 00 00 00 00 00  00 00 00 00 00 00 34 34  |..............44|
0006c2f0  34 58 33 33 33 ff 33 33  33 ff 33 33 33 ff 33 33  |4X333.333.333.33|
0006c300  33 ff 33 33 33 ff 33 33  33 ff 33 33 33 ff 33 33  |3.333.333.333.33|
*
0006c330  33 ff 33 33 33 ff 33 33  33 ff 00 00 00 00 00 00  |3.333.333.......|
0006c340  00 00 00 00 00 00 00 00  00 00 00 00 00 00 00 00  |................|
*
0006c390  00 00 00 00 00 00 33 33  33 ff 33 33 33 ff 33 33  |......333.333.33|
0006c3a0  33 ff 33 33 33 ff 33 33  33 ff 33 33 33 ff 33 33  |3.333.333.333.33|
0006c3b0  33 ff 33 33 33 ff 31 31  31 43 00 00 00 00 00 00  |3.333.111C......|
0006c3c0  00 00 00 00 00 00 00 00  00 00 00 00 00 00 00 00  |................|
*
0006c400  00 00 00 00 00 00 2f 2f  2f 10 32 32 32 fb 33 33  |......///.222.33|
0006c410  33 ff 33 33 33 ff 33 33  33 ff 33 33 33 ff 33 33  |3.333.333.333.33|
0006c420  33 fa 33 33 33 0f 00 00  00 00 00 00 00 00 00 00  |3.333...........|
0006c430  00 00 00 00 00 00 00 00  00 00 00 00 00 00 00 00  |................|
*
0006c460  00 00 00 00 00 00 00 00  00 00 00 00 00 00 32 32  |..............22|
0006c470  32 ac 33 33 33 ff 33 33  33 ff 33 33 33 ff 33 33  |2.333.333.333.33|
0006c480  33 ff 33 33 33 ff 33 33  33 ff 33 33 33 ff 33 33  |3.333.333.333.33|
0006c490  33 ff 00 00 00 00 00 00  00 00 00 00 00 00 00 00  |3...............|
0006c4a0  00 00 00 00 00 00 00 00  00 00 00 00 00 00 00 00  |................|
*
0006c4f0  00 00 33 33 33 ff 33 33  33 ff 33 33 33 ff 33 33  |..333.333.333.33|
0006c500  33 ff 33 33 33 ff 33 33  33 ff 33 33 33 ff 33 33  |3.333.333.333.33|
*
0006c540  33 ff 00 00 00 00 00 00  00 00 00 00 00 00 00 00  |3...............|
0006c550  00 00 00 00 00 00 00 00  00 00 00 00 00 00 00 00  |................|
*
0006c620  00 01 33 33 33 67 33 33  33 f0 33 33 33 ff 33 33  |..333g333.333.33|
0006c630  33 ff 33 33 33 ff 33 33  33 ff 33 33 33 ff 33 33  |3.333.333.333.33|
*
0006c6d0  33 ff 33 33 33 ff 33 33  33 ff 00 00 00 00 00 00  |3.333.333.......|
0006c6e0  00 00 00 00 00 00 00 00  00 00 00 00 00 00 00 00  |................|
*
0006c790  00 00 00 00 00 00 00 00  00 00 33 33 33 ff 33 33  |..........333.33|
0006c7a0  33 ff 33 33 33 ff 33 33  33 ff 33 33 33 ff 33 33  |3.333.333.333.33|
*
0006c7d0  33 ff 33 33 33 ff 33 33  33 ff 00 00 00 00 00 00  |3.333.333.......|
0006c7e0  00 00 00 00 00 00 00 00  00 00 00 00 00 00 00 00  |................|
*
0006c930  00 00 00 00 00 00 00 00  00 00 33 33 33 ff 33 33  |..........333.33|
0006c940  33 ff 33 33 33 ff 33 33  33 ff 33 33 33 ff 33 33  |3.333.333.333.33|
*
0006c9c0  33 ff 33 33 33 ff 33 33  33 ff 33 33 33 ff 00 00  |3.333.333.333...|
0006c9d0  00 00 00 00 00 00 00 00  00 00 00 00 00 00 00 00  |................|
*
0006ca30  00 00 00 00 00 00 33 33  33 ff 33 33 33 ff 33 33  |......333.333.33|
0006ca40  33 ff 33 33 33 ff 33 33  33 ff 33 33 33 ff 33 33  |3.333.333.333.33|
*
0006ca70  33 ff 33 33 33 e6 32 32  32 7f 38 38 38 09 00 00  |3.333.222.888...|
0006ca80  00 00 00 00 00 00 00 00  00 00 00 00 00 00 00 00  |................|
*
0006cae0  00 00 00 00 00 00 00 00  00 00 00 00 00 00 33 33  |..............33|
0006caf0  33 bd 33 33 33 ff 33 33  33 ff 33 33 33 ff 33 33  |3.333.333.333.33|
0006cb00  33 ff 33 33 33 ff 33 33  33 ff 33 33 33 ff 33 33  |3.333.333.333.33|
*
0006cb30  33 ff 33 33 33 ff 33 33  33 ff 00 00 00 00 00 00  |3.333.333.......|
0006cb40  00 00 00 00 00 00 00 00  00 00 00 00 00 00 00 00  |................|
*
0006cb90  00 00 00 00 00 00 33 33  33 ff 33 33 33 ff 33 33  |......333.333.33|
0006cba0  33 ff 33 33 33 ff 33 33  33 ff 33 33 33 ff 33 33  |3.333.333.333.33|
0006cbb0  33 ff 33 33 33 f3 24 24  24 07 00 00 00 00 00 00  |3.333.$$$.......|
0006cbc0  00 00 00 00 00 00 00 00  00 00 00 00 00 00 00 00  |................|
*
0006cc00  00 00 00 00 00 00 31 31  31 57 33 33 33 ff 33 33  |......111W333.33|
0006cc10  33 ff 33 33 33 ff 33 33  33 ff 33 33 33 ff 33 33  |3.333.333.333.33|
0006cc20  33 ff 33 33 33 55 00 00  00 00 00 00 00 00 00 00  |3.333U..........|
0006cc30  00 00 00 00 00 00 00 00  00 00 00 00 00 00 00 00  |................|
*
0006cc60  00 00 00 00 00 00 00 00  00 00 00 00 00 00 33 33  |..............33|
0006cc70  33 64 33 33 33 ff 33 33  33 ff 33 33 33 ff 33 33  |3d333.333.333.33|
0006cc80  33 ff 33 33 33 ff 33 33  33 ff 33 33 33 ff 33 33  |3.333.333.333.33|
0006cc90  33 ff 00 00 00 00 00 00  00 00 00 00 00 00 00 00  |3...............|
0006cca0  00 00 00 00 00 00 00 00  00 00 00 00 00 00 00 00  |................|
*
0006ccf0  00 00 33 33 33 ff 33 33  33 ff 33 33 33 ff 33 33  |..333.333.333.33|
0006cd00  33 ff 33 33 33 ff 33 33  33 ff 33 33 33 ff 33 33  |3.333.333.333.33|
*
0006cd40  33 ff 00 00 00 00 00 00  00 00 00 00 00 00 00 00  |3...............|
0006cd50  00 00 00 00 00 00 00 00  00 00 00 00 00 00 00 00  |................|
*
0006ce20  00 00 00 00 00 00 2f 2f  2f 1b 33 33 33 b7 33 33  |......///.333.33|
0006ce30  33 ff 33 33 33 ff 33 33  33 ff 33 33 33 ff 33 33  |3.333.333.333.33|
*
0006ced0  33 ff 33 33 33 ff 33 33  33 ff 00 00 00 00 00 00  |3.333.333.......|
0006cee0  00 00 00 00 00 00 00 00  00 00 00 00 00 00 00 00  |................|
*
0006cf90  00 00 00 00 00 00 00 00  00 00 33 33 33 ff 33 33  |..........333.33|
0006cfa0  33 ff 33 33 33 ff 33 33  33 ff 33 33 33 ff 33 33  |3.333.333.333.33|
*
0006cfd0  33 ff 33 33 33 ff 33 33  33 ff 00 00 00 00 00 00  |3.333.333.......|
0006cfe0  00 00 00 00 00 00 00 00  00 00 00 00 00 00 00 00  |................|
*
0006d130  00 00 00 00 00 00 00 00  00 00 33 33 33 ff 33 33  |..........333.33|
0006d140  33 ff 33 33 33 ff 33 33  33 ff 33 33 33 ff 33 33  |3.333.333.333.33|
*
0006d1c0  33 ff 33 33 33 ff 33 33  33 ff 33 33 33 ff 00 00  |3.333.333.333...|
0006d1d0  00 00 00 00 00 00 00 00  00 00 00 00 00 00 00 00  |................|
*
0006d230  00 00 00 00 00 00 33 33  33 ff 33 33 33 ff 33 33  |......333.333.33|
0006d240  33 ff 33 33 33 ff 33 33  33 ff 33 33 33 ff 33 33  |3.333.333.333.33|
0006d250  33 ff 33 33 33 ff 33 33  33 ff 33 33 33 f4 33 33  |3.333.333.333.33|
0006d260  33 e9 32 32 32 d8 32 32  32 b1 32 32 32 83 33 33  |3.222.222.222.33|
0006d270  33 45 55 55 55 03 00 00  00 00 00 00 00 00 00 00  |3EUUU...........|
0006d280  00 00 00 00 00 00 00 00  00 00 00 00 00 00 00 00  |................|
*
0006d2e0  00 00 00 00 00 00 00 00  00 00 34 34 34 31 33 33  |..........444133|
0006d2f0  33 fe 33 33 33 ff 33 33  33 ff 33 33 33 ff 33 33  |3.333.333.333.33|
0006d300  33 ff 33 33 33 ff 33 33  33 ff 33 33 33 ff 33 33  |3.333.333.333.33|
*
0006d330  33 ff 33 33 33 ff 33 33  33 ff 00 00 00 00 00 00  |3.333.333.......|
0006d340  00 00 00 00 00 00 00 00  00 00 00 00 00 00 00 00  |................|
*
0006d390  00 00 00 00 00 00 33 33  33 ff 33 33 33 ff 33 33  |......333.333.33|
0006d3a0  33 ff 33 33 33 ff 33 33  33 ff 33 33 33 ff 33 33  |3.333.333.333.33|
0006d3b0  33 ff 32 32 32 b1 00 00  00 00 00 00 00 00 00 00  |3.222...........|
0006d3c0  00 00 00 00 00 00 00 00  00 00 00 00 00 00 00 00  |................|
*
0006d400  00 00 00 00 00 00 33 33  33 a3 33 33 33 ff 33 33  |......333.333.33|
0006d410  33 ff 33 33 33 ff 33 33  33 ff 33 33 33 ff 33 33  |3.333.333.333.33|
0006d420  33 ff 33 33 33 9f 00 00  00 00 00 00 00 00 00 00  |3.333...........|
0006d430  00 00 00 00 00 00 00 00  00 00 00 00 00 00 00 00  |................|
*
0006d460  00 00 00 00 00 00 00 00  00 00 00 00 00 00 34 34  |..............44|
0006d470  34 1d 33 33 33 ff 33 33  33 ff 33 33 33 ff 33 33  |4.333.333.333.33|
0006d480  33 ff 33 33 33 ff 33 33  33 ff 33 33 33 ff 33 33  |3.333.333.333.33|
0006d490  33 ff 00 00 00 00 00 00  00 00 00 00 00 00 00 00  |3...............|
0006d4a0  00 00 00 00 00 00 00 00  00 00 00 00 00 00 00 00  |................|
*
0006d4f0  00 00 33 33 33 ff 33 33  33 ff 33 33 33 ff 33 33  |..333.333.333.33|
0006d500  33 ff 33 33 33 ff 33 33  33 ff 33 33 33 ff 33 33  |3.333.333.333.33|
*
0006d540  33 ff 00 00 00 00 00 00  00 00 00 00 00 00 00 00  |3...............|
0006d550  00 00 00 00 00 00 00 00  00 00 00 00 00 00 00 00  |................|
*
0006d620  00 00 00 00 00 00 00 00  00 00 00 00 00 02 33 33  |..............33|
0006d630  33 87 33 33 33 fe 33 33  33 ff 33 33 33 ff 33 33  |3.333.333.333.33|
0006d640  33 ff 33 33 33 ff 33 33  33 ff 33 33 33 ff 33 33  |3.333.333.333.33|
*
0006d6d0  33 ff 33 33 33 ff 33 33  33 ff 00 00 00 00 00 00  |3.333.333.......|
0006d6e0  00 00 00 00 00 00 00 00  00 00 00 00 00 00 00 00  |................|
*
0006d790  00 00 00 00 00 00 00 00  00 00 33 33 33 ff 33 33  |..........333.33|
0006d7a0  33 ff 33 33 33 ff 33 33  33 ff 33 33 33 ff 33 33  |3.333.333.333.33|
*
0006d7d0  33 ff 33 33 33 ff 33 33  33 ff 00 00 00 00 00 00  |3.333.333.......|
0006d7e0  00 00 00 00 00 00 00 00  00 00 00 00 00 00 00 00  |................|
*
0006d930  00 00 00 00 00 00 00 00  00 00 33 33 33 ff 33 33  |..........333.33|
0006d940  33 ff 33 33 33 ff 33 33  33 ff 33 33 33 ff 33 33  |3.333.333.333.33|
*
0006d9c0  33 ff 33 33 33 ff 33 33  33 ff 33 33 33 ff 00 00  |3.333.333.333...|
0006d9d0  00 00 00 00 00 00 00 00  00 00 00 00 00 00 00 00  |................|
*
0006dae0  00 00 00 00 00 00 00 00  00 00 33 33 33 b8 33 33  |..........333.33|
0006daf0  33 ff 33 33 33 ff 33 33  33 ff 33 33 33 ff 33 33  |3.333.333.333.33|
*
0006db30  33 ff 33 33 33 ff 33 33  33 ff 00 00 00 00 00 00  |3.333.333.......|
0006db40  00 00 00 00 00 00 00 00  00 00 00 00 00 00 00 00  |................|
*
0006db90  00 00 00 00 00 00 33 33  33 ff 33 33 33 ff 33 33  |......333.333.33|
0006dba0  33 ff 33 33 33 ff 33 33  33 ff 33 33 33 ff 33 33  |3.333.333.333.33|
0006dbb0  33 ff 33 33 33 68 00 00  00 00 00 00 00 00 00 00  |3.333h..........|
0006dbc0  00 00 00 00 00 00 00 00  00 00 00 00 00 00 00 00  |................|
*
0006dc00  00 00 55 55 55 03 33 33  33 eb 33 33 33 ff 33 33  |..UUU.333.333.33|
0006dc10  33 ff 33 33 33 ff 33 33  33 ff 33 33 33 ff 33 33  |3.333.333.333.33|
0006dc20  33 ff 32 32 32 e7 00 00  00 01 00 00 00 00 00 00  |3.222...........|
0006dc30  00 00 00 00 00 00 00 00  00 00 00 00 00 00 00 00  |................|
*
0006dc70  00 00 32 32 32 d3 33 33  33 ff 33 33 33 ff 33 33  |..222.333.333.33|
0006dc80  33 ff 33 33 33 ff 33 33  33 ff 33 33 33 ff 33 33  |3.333.333.333.33|
0006dc90  33 ff 00 00 00 00 00 00  00 00 00 00 00 00 00 00  |3...............|
0006dca0  00 00 00 00 00 00 00 00  00 00 00 00 00 00 00 00  |................|
*
0006dcf0  00 00 33 33 33 ff 33 33  33 ff 33 33 33 ff 33 33  |..333.333.333.33|
0006dd00  33 ff 33 33 33 ff 33 33  33 ff 33 33 33 ff 33 33  |3.333.333.333.33|
*
0006dd40  33 ff 00 00 00 00 00 00  00 00 00 00 00 00 00 00  |3...............|
0006dd50  00 00 00 00 00 00 00 00  00 00 00 00 00 00 00 00  |................|
*
0006de30  00 00 33 33 33 59 33 33  33 f9 33 33 33 ff 33 33  |..333Y333.333.33|
0006de40  33 ff 33 33 33 ff 33 33  33 ff 33 33 33 ff 33 33  |3.333.333.333.33|
*
0006ded0  33 ff 33 33 33 ff 33 33  33 ff 00 00 00 00 00 00  |3.333.333.......|
0006dee0  00 00 00 00 00 00 00 00  00 00 00 00 00 00 00 00  |................|
*
0006df90  00 00 00 00 00 00 00 00  00 00 33 33 33 ff 33 33  |..........333.33|
0006dfa0  33 ff 33 33 33 ff 33 33  33 ff 33 33 33 ff 33 33  |3.333.333.333.33|
*
0006dfd0  33 ff 33 33 33 ff 33 33  33 ff 00 00 00 00 00 00  |3.333.333.......|
0006dfe0  00 00 00 00 00 00 00 00  00 00 00 00 00 00 00 00  |................|
*
0006e130  00 00 00 00 00 00 00 00  00 00 33 33 33 ff 33 33  |..........333.33|
0006e140  33 ff 33 33 33 ff 33 33  33 ff 33 33 33 ff 33 33  |3.333.333.333.33|
*
0006e1c0  33 ff 33 33 33 ff 33 33  33 ff 33 33 33 ff 00 00  |3.333.333.333...|
0006e1d0  00 00 00 00 00 00 00 00  00 00 00 00 00 00 00 00  |................|
*
0006e2e0  00 00 00 00 00 00 34 34  34 53 33 33 33 ff 33 33  |......444S333.33|
0006e2f0  33 ff 33 33 33 ff 33 33  33 ff 33 33 33 ff 33 33  |3.333.333.333.33|
*
0006e330  33 ff 33 33 33 ff 33 33  33 ff 00 00 00 00 00 00  |3.333.333.......|
0006e340  00 00 00 00 00 00 00 00  00 00 00 00 00 00 00 00  |................|
*
0006e390  00 00 00 00 00 00 33 33  33 ff 33 33 33 ff 33 33  |......333.333.33|
0006e3a0  33 ff 33 33 33 ff 33 33  33 ff 33 33 33 ff 33 33  |3.333.333.333.33|
0006e3b0  33 ff 31 31 31 1f 00 00  00 00 00 00 00 00 00 00  |3.111...........|
0006e3c0  00 00 00 00 00 00 00 00  00 00 00 00 00 00 00 00  |................|
*
0006e400  00 00 34 34 34 3a 33 33  33 ff 33 33 33 ff 33 33  |..444:333.333.33|
0006e410  33 ff 33 33 33 ff 33 33  33 ff 33 33 33 ff 33 33  |3.333.333.333.33|
0006e420  33 ff 33 33 33 ff 32 32  32 33 00 00 00 00 00 00  |3.333.2223......|
0006e430  00 00 00 00 00 00 00 00  00 00 00 00 00 00 00 00  |................|
*
0006e470  00 00 33 33 33 8b 33 33  33 ff 33 33 33 ff 33 33  |..333.333.333.33|
0006e480  33 ff 33 33 33 ff 33 33  33 ff 33 33 33 ff 33 33  |3.333.333.333.33|
0006e490  33 ff 00 00 00 00 00 00  00 00 00 00 00 00 00 00  |3...............|
0006e4a0  00 00 00 00 00 00 00 00  00 00 00 00 00 00 00 00  |................|
*
0006e4f0  00 00 33 33 33 ff 33 33  33 ff 33 33 33 ff 33 33  |..333.333.333.33|
0006e500  33 ff 33 33 33 ff 33 33  33 ff 33 33 33 ff 33 33  |3.333.333.333.33|
*
0006e540  33 ff 00 00 00 00 00 00  00 00 00 00 00 00 00 00  |3...............|
0006e550  00 00 00 00 00 00 00 00  00 00 00 00 00 00 00 00  |................|
*
0006e630  00 00 00 00 00 00 32 32  32 51 32 32 32 fb 33 33  |......222Q222.33|
0006e640  33 ff 33 33 33 ff 33 33  33 ff 33 33 33 ff 33 33  |3.333.333.333.33|
*
0006e6d0  33 ff 33 33 33 ff 33 33  33 ff 00 00 00 00 00 00  |3.333.333.......|
0006e6e0  00 00 00 00 00 00 00 00  00 00 00 00 00 00 00 00  |................|
*
0006e790  00 00 00 00 00 00 00 00  00 00 33 33 33 ff 33 33  |..........333.33|
0006e7a0  33 ff 33 33 33 ff 33 33  33 ff 33 33 33 ff 33 33  |3.333.333.333.33|
*
0006e7d0  33 ff 33 33 33 ff 33 33  33 ff 00 00 00 00 00 00  |3.333.333.......|
0006e7e0  00 00 00 00 00 00 00 00  00 00 00 00 00 00 00 00  |................|
*
0006e930  00 00 00 00 00 00 00 00  00 00 33 33 33 ff 33 33  |..........333.33|
0006e940  33 ff 33 33 33 ff 33 33  33 ff 33 33 33 ff 33 33  |3.333.333.333.33|
*
0006e9c0  33 ff 33 33 33 ff 33 33  33 ff 33 33 33 ff 00 00  |3.333.333.333...|
0006e9d0  00 00 00 00 00 00 00 00  00 00 00 00 00 00 00 00  |................|
*
0006eae0  00 00 31 31 31 1a 32 32  32 e8 33 33 33 ff 33 33  |..111.222.333.33|
0006eaf0  33 ff 33 33 33 ff 33 33  33 ff 33 33 33 ff 33 33  |3.333.333.333.33|
*
0006eb30  33 ff 33 33 33 ff 33 33  33 ff 00 00 00 00 00 00  |3.333.333.......|
0006eb40  00 00 00 00 00 00 00 00  00 00 00 00 00 00 00 00  |................|
*
0006eb90  00 00 2a 2a 2a 06 33 33  33 ff 33 33 33 ff 33 33  |..***.333.333.33|
0006eba0  33 ff 33 33 33 ff 33 33  33 ff 33 33 33 ff 33 33  |3.333.333.333.33|
0006ebb0  33 d5 00 00 00 00 00 00  00 00 00 00 00 00 00 00  |3...............|
0006ebc0  00 00 00 00 00 00 00 00  00 00 00 00 00 00 00 00  |................|
*
0006ec00  00 00 33 33 33 86 33 33  33 ff 33 33 33 ff 33 33  |..333.333.333.33|
0006ec10  33 ff 33 33 33 ff 33 33  33 ff 33 33 33 ff 33 33  |3.333.333.333.33|
0006ec20  33 ff 33 33 33 ff 33 33  33 7d 00 00 00 00 00 00  |3.333.333}......|
0006ec30  00 00 00 00 00 00 00 00  00 00 00 00 00 00 00 00  |................|
*
0006ec70  00 00 34 34 34 44 33 33  33 ff 33 33 33 ff 33 33  |..444D333.333.33|
0006ec80  33 ff 33 33 33 ff 33 33  33 ff 33 33 33 ff 33 33  |3.333.333.333.33|
0006ec90  33 ff 00 00 00 00 00 00  00 00 00 00 00 00 00 00  |3...............|
0006eca0  00 00 00 00 00 00 00 00  00 00 00 00 00 00 00 00  |................|
*
0006ecf0  00 00 33 33 33 ff 33 33  33 ff 33 33 33 ff 33 33  |..333.333.333.33|
0006ed00  33 ff 33 33 33 ff 33 33  33 ff 33 33 33 ff 33 33  |3.333.333.333.33|
*
0006ed40  33 ff 00 00 00 00 00 00  00 00 00 00 00 00 00 00  |3...............|
0006ed50  00 00 00 00 00 00 00 00  00 00 00 00 00 00 00 00  |................|
*
0006ee30  00 00 00 00 00 00 00 00  00 00 33 33 33 59 32 32  |..........333Y22|
0006ee40  32 fc 33 33 33 ff 33 33  33 ff 33 33 33 ff 33 33  |2.333.333.333.33|
0006ee50  33 ff 33 33 33 ff 33 33  33 ff 33 33 33 ff 33 33  |3.333.333.333.33|
*
0006eed0  33 ff 33 33 33 ff 33 33  33 ff 00 00 00 00 00 00  |3.333.333.......|
0006eee0  00 00 00 00 00 00 00 00  00 00 00 00 00 00 00 00  |................|
*
0006ef90  00 00 00 00 00 00 00 00  00 00 33 33 33 ff 33 33  |..........333.33|
0006efa0  33 ff 33 33 33 ff 33 33  33 ff 33 33 33 ff 33 33  |3.333.333.333.33|
*
0006efd0  33 ff 33 33 33 ff 33 33  33 ff 00 00 00 00 00 00  |3.333.333.......|
0006efe0  00 00 00 00 00 00 00 00  00 00 00 00 00 00 00 00  |................|
*
0006f130  00 00 00 00 00 00 00 00  00 00 33 33 33 ff 33 33  |..........333.33|
0006f140  33 ff 33 33 33 ff 33 33  33 ff 33 33 33 ff 33 33  |3.333.333.333.33|
*
0006f1c0  33 ff 33 33 33 ff 33 33  33 ff 33 33 33 ff 00 00  |3.333.333.333...|
0006f1d0  00 00 00 00 00 00 00 00  00 00 00 00 00 00 00 00  |................|
*
0006f2d0  00 00 00 00 00 00 00 00  00 00 00 00 00 00 33 33  |..............33|
0006f2e0  33 0a 33 33 33 c8 33 33  33 ff 33 33 33 ff 33 33  |3.333.333.333.33|
0006f2f0  33 ff 33 33 33 ff 33 33  33 ff 33 33 33 ff 33 33  |3.333.333.333.33|
*
0006f330  33 ff 33 33 33 ff 33 33  33 ff 00 00 00 00 00 00  |3.333.333.......|
0006f340  00 00 00 00 00 00 00 00  00 00 00 00 00 00 00 00  |................|
*
0006f390  00 00 3a 3a 3a 0d 33 33  33 ff 33 33 33 ff 33 33  |..:::.333.333.33|
0006f3a0  33 ff 33 33 33 ff 33 33  33 ff 33 33 33 ff 33 33  |3.333.333.333.33|
0006f3b0  33 8c 00 00 00 00 00 00  00 00 00 00 00 00 00 00  |3...............|
0006f3c0  00 00 00 00 00 00 00 00  00 00 00 00 00 00 00 00  |................|
*
0006f400  00 00 33 33 33 d1 33 33  33 ff 33 33 33 ff 33 33  |..333.333.333.33|
0006f410  33 ff 33 33 33 ff 33 33  33 ff 33 33 33 ff 33 33  |3.333.333.333.33|
0006f420  33 ff 33 33 33 ff 33 33  33 c7 00 00 00 00 00 00  |3.333.333.......|
0006f430  00 00 00 00 00 00 00 00  00 00 00 00 00 00 00 00  |................|
*
0006f470  00 00 24 24 24 07 33 33  33 f4 33 33 33 ff 33 33  |..$$$.333.333.33|
0006f480  33 ff 33 33 33 ff 33 33  33 ff 33 33 33 ff 33 33  |3.333.333.333.33|
0006f490  33 ff 00 00 00 00 00 00  00 00 00 00 00 00 00 00  |3...............|
0006f4a0  00 00 00 00 00 00 00 00  00 00 00 00 00 00 00 00  |................|
*
0006f4f0  00 00 33 33 33 ff 33 33  33 ff 33 33 33 ff 33 33  |..333.333.333.33|
0006f500  33 ff 33 33 33 ff 33 33  33 ff 33 33 33 ff 33 33  |3.333.333.333.33|
*
0006f540  33 ff 00 00 00 00 00 00  00 00 00 00 00 00 00 00  |3...............|
0006f550  00 00 00 00 00 00 00 00  00 00 00 00 00 00 00 00  |................|
*
0006f630  00 00 00 00 00 00 00 00  00 00 00 00 00 00 32 32  |..............22|
0006f640  32 7a 33 33 33 ff 33 33  33 ff 33 33 33 ff 33 33  |2z333.333.333.33|
0006f650  33 ff 33 33 33 ff 33 33  33 ff 33 33 33 ff 33 33  |3.333.333.333.33|
*
0006f6d0  33 ff 33 33 33 ff 33 33  33 ff 00 00 00 00 00 00  |3.333.333.......|
0006f6e0  00 00 00 00 00 00 00 00  00 00 00 00 00 00 00 00  |................|
*
0006f790  00 00 00 00 00 00 00 00  00 00 33 33 33 ff 33 33  |..........333.33|
0006f7a0  33 ff 33 33 33 ff 33 33  33 ff 33 33 33 ff 33 33  |3.333.333.333.33|
*
0006f7d0  33 ff 33 33 33 ff 33 33  33 ff 00 00 00 00 00 00  |3.333.333.......|
0006f7e0  00 00 00 00 00 00 00 00  00 00 00 00 00 00 00 00  |................|
*
0006f930  00 00 00 00 00 00 00 00  00 00 33 33 33 ff 33 33  |..........333.33|
0006f940  33 ff 33 33 33 ff 33 33  33 ff 33 33 33 ff 33 33  |3.333.333.333.33|
*
0006f9c0  33 ff 33 33 33 ff 33 33  33 ff 33 33 33 ff 00 00  |3.333.333.333...|
0006f9d0  00 00 00 00 00 00 00 00  00 00 00 00 00 00 00 00  |................|
*
0006fad0  00 00 00 00 00 00 00 00  00 00 2e 2e 2e 0b 33 33  |..............33|
0006fae0  33 be 33 33 33 ff 33 33  33 ff 33 33 33 ff 33 33  |3.333.333.333.33|
0006faf0  33 ff 33 33 33 ff 33 33  33 ff 33 33 33 ff 33 33  |3.333.333.333.33|
*
0006fb30  33 ff 33 33 33 ff 33 33  33 ff 00 00 00 00 00 00  |3.333.333.......|
0006fb40  00 00 00 00 00 00 00 00  00 00 00 00 00 00 00 00  |................|
*
0006fb90  00 00 33 33 33 14 33 33  33 ff 33 33 33 ff 33 33  |..333.333.333.33|
0006fba0  33 ff 33 33 33 ff 33 33  33 ff 33 33 33 ff 31 31  |3.333.333.333.11|
0006fbb0  31 43 00 00 00 00 00 00  00 00 00 00 00 00 00 00  |1C..............|
0006fbc0  00 00 00 00 00 00 00 00  00 00 00 00 00 00 00 00  |................|
*
0006fbf0  00 00 00 00 00 00 00 00  00 00 00 00 00 00 33 33  |..............33|
0006fc00  33 1e 33 33 33 ff 33 33  33 ff 33 33 33 ff 33 33  |3.333.333.333.33|
0006fc10  33 ff 33 33 33 ff 33 33  33 ff 33 33 33 ff 33 33  |3.333.333.333.33|
0006fc20  33 ff 33 33 33 ff 33 33  33 fd 33 33 33 14 00 00  |3.333.333.333...|
0006fc30  00 00 00 00 00 00 00 00  00 00 00 00 00 00 00 00  |................|
*
0006fc70  00 00 00 00 00 00 33 33  33 b3 33 33 33 ff 33 33  |......333.333.33|
0006fc80  33 ff 33 33 33 ff 33 33  33 ff 33 33 33 ff 33 33  |3.333.333.333.33|
0006fc90  33 ff 00 00 00 00 00 00  00 00 00 00 00 00 00 00  |3...............|
0006fca0  00 00 00 00 00 00 00 00  00 00 00 00 00 00 00 00  |................|
*
0006fcf0  00 00 33 33 33 ff 33 33  33 ff 33 33 33 ff 33 33  |..333.333.333.33|
0006fd00  33 ff 33 33 33 ff 33 33  33 ff 33 33 33 ff 33 33  |3.333.333.333.33|
*
0006fd40  33 ff 00 00 00 00 00 00  00 00 00 00 00 00 00 00  |3...............|
0006fd50  00 00 00 00 00 00 00 00  00 00 00 00 00 00 00 00  |................|
*
0006fe40  00 02 33 33 33 b4 33 33  33 ff 33 33 33 ff 33 33  |..333.333.333.33|
0006fe50  33 ff 33 33 33 ff 33 33  33 ff 33 33 33 ff 33 33  |3.333.333.333.33|
*
0006fed0  33 ff 33 33 33 ff 33 33  33 ff 00 00 00 00 00 00  |3.333.333.......|
0006fee0  00 00 00 00 00 00 00 00  00 00 00 00 00 00 00 00  |................|
*
0006ff90  00 00 00 00 00 00 00 00  00 00 33 33 33 ff 33 33  |..........333.33|
0006ffa0  33 ff 33 33 33 ff 33 33  33 ff 33 33 33 ff 33 33  |3.333.333.333.33|
*
0006ffd0  33 ff 33 33 33 ff 33 33  33 ff 00 00 00 00 00 00  |3.333.333.......|
0006ffe0  00 00 00 00 00 00 00 00  00 00 00 00 00 00 00 00  |................|
*
00070130  00 00 00 00 00 00 00 00  00 00 33 33 33 ff 33 33  |..........333.33|
00070140  33 ff 33 33 33 ff 33 33  33 ff 33 33 33 ff 33 33  |3.333.333.333.33|
*
000701c0  33 ff 33 33 33 ff 33 33  33 ff 33 33 33 ff 00 00  |3.333.333.333...|
000701d0  00 00 00 00 00 00 00 00  00 00 00 00 00 00 00 00  |................|
*
000702d0  00 00 00 00 00 00 33 33  33 1e 33 33 33 cd 33 33  |......333.333.33|
000702e0  33 ff 33 33 33 ff 33 33  33 ff 33 33 33 ff 33 33  |3.333.333.333.33|
*
00070330  33 ff 33 33 33 ff 33 33  33 ff 00 00 00 00 00 00  |3.333.333.......|
00070340  00 00 00 00 00 00 00 00  00 00 00 00 00 00 00 00  |................|
*
00070390  00 00 2f 2f 2f 1b 33 33  33 ff 33 33 33 ff 33 33  |..///.333.333.33|
000703a0  33 ff 33 33 33 ff 33 33  33 ff 33 33 33 f3 24 24  |3.333.333.333.$$|
000703b0  24 07 00 00 00 00 00 00  00 00 00 00 00 00 00 00  |$...............|
000703c0  00 00 00 00 00 00 00 00  00 00 00 00 00 00 00 00  |................|
*
000703f0  00 00 00 00 00 00 00 00  00 00 00 00 00 00 33 33  |..............33|
00070400  33 69 33 33 33 ff 33 33  33 ff 33 33 33 ff 33 33  |3i333.333.333.33|
00070410  33 ff 33 33 33 ff 33 33  33 ff 33 33 33 ff 33 33  |3.333.333.333.33|
00070420  33 ff 33 33 33 ff 33 33  33 ff 31 31 31 5c 00 00  |3.333.333.111\..|
00070430  00 00 00 00 00 00 00 00  00 00 00 00 00 00 00 00  |................|
*
00070470  00 00 00 00 00 00 32 32  32 6b 33 33 33 ff 33 33  |......222k333.33|
00070480  33 ff 33 33 33 ff 33 33  33 ff 33 33 33 ff 33 33  |3.333.333.333.33|
00070490  33 ff 00 00 00 00 00 00  00 00 00 00 00 00 00 00  |3...............|
000704a0  00 00 00 00 00 00 00 00  00 00 00 00 00 00 00 00  |................|
*
000704f0  00 00 33 33 33 ff 33 33  33 ff 33 33 33 ff 33 33  |..333.333.333.33|
00070500  33 ff 33 33 33 ff 33 33  33 ff 33 33 33 ff 33 33  |3.333.333.333.33|
*
00070540  33 ff 00 00 00 00 00 00  00 00 00 00 00 00 00 00  |3...............|
00070550  00 00 00 00 00 00 00 00  00 00 00 00 00 00 00 00  |................|
*
00070640  00 00 38 38 38 12 33 33  33 e5 33 33 33 ff 33 33  |..888.333.333.33|
00070650  33 ff 33 33 33 ff 33 33  33 ff 33 33 33 ff 33 33  |3.333.333.333.33|
*
000706d0  33 ff 33 33 33 ff 33 33  33 ff 00 00 00 00 00 00  |3.333.333.......|
000706e0  00 00 00 00 00 00 00 00  00 00 00 00 00 00 00 00  |................|
*
00070790  00 00 00 00 00 00 00 00  00 00 33 33 33 ff 33 33  |..........333.33|
000707a0  33 ff 33 33 33 ff 33 33  33 ff 33 33 33 ff 33 33  |3.333.333.333.33|
*
000707d0  33 ff 33 33 33 ff 33 33  33 ff 00 00 00 00 00 00  |3.333.333.......|
000707e0  00 00 00 00 00 00 00 00  00 00 00 00 00 00 00 00  |................|
*
00070930  00 00 00 00 00 00 00 00  00 00 33 33 33 ff 33 33  |..........333.33|
00070940  33 ff 33 33 33 ff 33 33  33 ff 33 33 33 ff 33 33  |3.333.333.333.33|
*
000709c0  33 ff 33 33 33 ff 33 33  33 ff 33 33 33 ff 00 00  |3.333.333.333...|
000709d0  00 00 00 00 00 00 00 00  00 00 00 00 00 00 00 00  |................|
*
00070ad0  00 00 33 33 33 59 32 32  32 ec 33 33 33 ff 33 33  |..333Y222.333.33|
00070ae0  33 ff 33 33 33 ff 33 33  33 ff 33 33 33 ff 33 33  |3.333.333.333.33|
*
00070b30  33 ff 33 33 33 ff 33 33  33 ff 00 00 00 00 00 00  |3.333.333.......|
00070b40  00 00 00 00 00 00 00 00  00 00 00 00 00 00 00 00  |................|
*
00070b90  00 00 34 34 34 22 33 33  33 ff 33 33 33 ff 33 33  |..444"333.333.33|
00070ba0  33 ff 33 33 33 ff 33 33  33 ff 32 32 32 b1 00 00  |3.333.333.222...|
00070bb0  00 00 00 00 00 00 00 00  00 00 00 00 00 00 00 00  |................|
*
00070bf0  00 00 00 00 00 00 00 00  00 00 00 00 00 00 33 33  |..............33|
00070c00  33 b4 33 33 33 ff 33 33  33 ff 33 33 33 ff 33 33  |3.333.333.333.33|
00070c10  33 ff 33 33 33 ff 33 33  33 ff 33 33 33 ff 33 33  |3.333.333.333.33|
00070c20  33 ff 33 33 33 ff 33 33  33 ff 32 32 32 a6 00 00  |3.333.333.222...|
00070c30  00 00 00 00 00 00 00 00  00 00 00 00 00 00 00 00  |................|
*
00070c70  00 00 00 00 00 00 33 33  33 23 33 33 33 ff 33 33  |......333#333.33|
00070c80  33 ff 33 33 33 ff 33 33  33 ff 33 33 33 ff 33 33  |3.333.333.333.33|
00070c90  33 ff 00 00 00 01 00 00  00 00 00 00 00 00 00 00  |3...............|
00070ca0  00 00 00 00 00 00 00 00  00 00 00 00 00 00 00 00  |................|
*
00070cf0  00 00 33 33 33 ff 33 33  33 ff 33 33 33 ff 33 33  |..333.333.333.33|
00070d00  33 ff 33 33 33 ff 33 33  33 ff 33 33 33 ff 33 33  |3.333.333.333.33|
*
00070d40  33 ff 00 00 00 00 00 00  00 00 00 00 00 00 00 00  |3...............|
00070d50  00 00 00 00 00 00 00 00  00 00 00 00 00 00 00 00  |................|
*
00070e40  00 00 00 00 00 00 33 33  33 59 33 33 33 ff 33 33  |......333Y333.33|
00070e50  33 ff 33 33 33 ff 33 33  33 ff 33 33 33 ff 33 33  |3.333.333.333.33|
*
00070ed0  33 ff 33 33 33 ff 33 33  33 ff 00 00 00 00 00 00  |3.333.333.......|
00070ee0  00 00 00 00 00 00 00 00  00 00 00 00 00 00 00 00  |................|
*
00070f90  00 00 00 00 00 00 00 00  00 00 33 33 33 ff 33 33  |..........333.33|
00070fa0  33 ff 33 33 33 ff 33 33  33 ff 33 33 33 ff 33 33  |3.333.333.333.33|
*
00070fd0  33 ff 33 33 33 ff 33 33  33 ff 00 00 00 00 00 00  |3.333.333.......|
00070fe0  00 00 00 00 00 00 00 00  00 00 00 00 00 00 00 00  |................|
*
00071130  00 00 00 00 00 00 00 00  00 00 33 33 33 ff 33 33  |..........333.33|
00071140  33 ff 33 33 33 ff 33 33  33 ff 33 33 33 ff 33 33  |3.333.333.333.33|
*
000711c0  33 ff 33 33 33 ff 33 33  33 ff 33 33 33 ff 00 00  |3.333.333.333...|
000711d0  00 00 00 00 00 00 00 00  00 00 00 00 00 00 00 00  |................|
*
000712c0  00 00 00 00 00 00 00 00  00 00 30 30 30 2f 33 33  |..........000/33|
000712d0  33 b8 33 33 33 ff 33 33  33 ff 33 33 33 ff 33 33  |3.333.333.333.33|
000712e0  33 ff 33 33 33 ff 33 33  33 ff 33 33 33 ff 33 33  |3.333.333.333.33|
*
00071330  33 ff 33 33 33 ff 33 33  33 ff 00 00 00 00 00 00  |3.333.333.......|
00071340  00 00 00 00 00 00 00 00  00 00 00 00 00 00 00 00  |................|
*
00071390  00 00 31 31 31 29 33 33  33 ff 33 33 33 ff 33 33  |..111)333.333.33|
000713a0  33 ff 33 33 33 ff 33 33  33 ff 33 33 33 68 00 00  |3.333.333.333h..|
000713b0  00 00 00 00 00 00 00 00  00 00 00 00 00 00 00 00  |................|
*
000713f0  00 00 00 00 00 00 00 00  00 00 33 33 33 0a 32 32  |..........333.22|
00071400  32 f6 33 33 33 ff 33 33  33 ff 33 33 33 ff 33 33  |2.333.333.333.33|
00071410  33 ff 33 33 33 ff 33 33  33 ff 33 33 33 ff 33 33  |3.333.333.333.33|
00071420  33 ff 33 33 33 ff 33 33  33 ff 32 32 32 ed 55 55  |3.333.333.222.UU|
00071430  55 03 00 00 00 00 00 00  00 00 00 00 00 00 00 00  |U...............|
00071440  00 00 00 00 00 00 00 00  00 00 00 00 00 00 00 00  |................|
*
00071470  00 00 00 00 00 00 00 00  00 00 33 33 33 da 33 33  |..........333.33|
00071480  33 ff 33 33 33 ff 33 33  33 ff 33 33 33 ff 33 33  |3.333.333.333.33|
00071490  33 ff 00 00 00 01 00 00  00 00 00 00 00 00 00 00  |3...............|
000714a0  00 00 00 00 00 00 00 00  00 00 00 00 00 00 00 00  |................|
*
000714f0  00 00 33 33 33 ff 33 33  33 ff 33 33 33 ff 33 33  |..333.333.333.33|
00071500  33 ff 33 33 33 ff 33 33  33 ff 33 33 33 ff 33 33  |3.333.333.333.33|
*
00071540  33 ff 00 00 00 00 00 00  00 00 00 00 00 00 00 00  |3...............|
00071550  00 00 00 00 00 00 00 00  00 00 00 00 00 00 00 00  |................|
*
00071640  00 00 00 00 00 00 00 00  00 01 32 32 32 c0 33 33  |..........222.33|
00071650  33 ff 33 33 33 ff 33 33  33 ff 33 33 33 ff 33 33  |3.333.333.333.33|
*
000716d0  33 ff 33 33 33 ff 33 33  33 ff 00 00 00 00 00 00  |3.333.333.......|
000716e0  00 00 00 00 00 00 00 00  00 00 00 00 00 00 00 00  |................|
*
00071790  00 00 00 00 00 00 00 00  00 00 33 33 33 ff 33 33  |..........333.33|
000717a0  33 ff 33 33 33 ff 33 33  33 ff 33 33 33 ff 33 33  |3.333.333.333.33|
*
000717d0  33 ff 33 33 33 ff 33 33  33 ff 00 00 00 00 00 00  |3.333.333.......|
000717e0  00 00 00 00 00 00 00 00  00 00 00 00 00 00 00 00  |................|
*
00071930  00 00 00 00 00 00 00 00  00 00 33 33 33 ff 33 33  |..........333.33|
00071940  33 ff 33 33 33 ff 33 33  33 ff 33 33 33 ff 33 33  |3.333.333.333.33|
*
000719c0  33 ff 33 33 33 ff 33 33  33 ff 33 33 33 ff 00 00  |3.333.333.333...|
000719d0  00 00 00 00 00 00 00 00  00 00 00 00 00 00 00 00  |................|
*
00071ac0  00 00 32 32 32 3d 33 33  33 af 33 33 33 fd 33 33  |..222=333.333.33|
00071ad0  33 ff 33 33 33 ff 33 33  33 ff 33 33 33 ff 33 33  |3.333.333.333.33|
*
00071b30  33 ff 33 33 33 ff 33 33  33 ff 00 00 00 00 00 00  |3.333.333.......|
00071b40  00 00 00 00 00 00 00 00  00 00 00 00 00 00 00 00  |................|
*
00071b90  00 00 35 35 35 30 33 33  33 ff 33 33 33 ff 33 33  |..5550333.333.33|
00071ba0  33 ff 33 33 33 ff 33 33  33 ff 31 31 31 1f 00 00  |3.333.333.111...|
00071bb0  00 00 00 00 00 00 00 00  00 00 00 00 00 00 00 00  |................|
*
00071bf0  00 00 00 00 00 00 00 00  00 00 32 32 32 4c 33 33  |..........222L33|
00071c00  33 ff 33 33 33 ff 33 33  33 ff 33 33 33 ff 33 33  |3.333.333.333.33|
*
00071c30  33 3b 00 00 00 00 00 00  00 00 00 00 00 00 00 00  |3;..............|
00071c40  00 00 00 00 00 00 00 00  00 00 00 00 00 00 00 00  |................|
*
00071c70  00 00 00 00 00 00 00 00  00 00 32 32 32 92 33 33  |..........222.33|
00071c80  33 ff 33 33 33 ff 33 33  33 ff 33 33 33 ff 33 33  |3.333.333.333.33|
00071c90  33 ff 00 00 00 01 00 00  00 00 00 00 00 00 00 00  |3...............|
00071ca0  00 00 00 00 00 00 00 00  00 00 00 00 00 00 00 00  |................|
*
00071cf0  00 00 33 33 33 ff 33 33  33 ff 33 33 33 ff 33 33  |..333.333.333.33|
00071d00  33 ff 33 33 33 ff 33 33  33 ff 33 33 33 ff 33 33  |3.333.333.333.33|
*
00071d40  33 ff 00 00 00 00 00 00  00 00 00 00 00 00 00 00  |3...............|
00071d50  00 00 00 00 00 00 00 00  00 00 00 00 00 00 00 00  |................|
*
00071e40  00 00 00 00 00 00 00 00  00 00 32 32 32 33 33 33  |..........222333|
00071e50  33 ff 33 33 33 ff 33 33  33 ff 33 33 33 ff 33 33  |3.333.333.333.33|
*
00071ed0  33 ff 33 33 33 ff 33 33  33 ff 00 00 00 00 00 00  |3.333.333.......|
00071ee0  00 00 00 00 00 00 00 00  00 00 00 00 00 00 00 00  |................|
*
00071f90  00 00 00 00 00 00 00 00  00 00 33 33 33 ff 33 33  |..........333.33|
00071fa0  33 ff 33 33 33 ff 33 33  33 ff 33 33 33 ff 33 33  |3.333.333.333.33|
*
00071fd0  33 ff 33 33 33 ff 33 33  33 ff 00 00 00 00 00 00  |3.333.333.......|
00071fe0  00 00 00 00 00 00 00 00  00 00 00 00 00 00 00 00  |................|
*
00072130  00 00 00 00 00 00 00 00  00 00 33 33 33 ff 33 33  |..........333.33|
00072140  33 ff 33 33 33 ff 33 33  33 ff 33 33 33 ff 33 33  |3.333.333.333.33|
*
000721c0  33 ff 33 33 33 ff 33 33  33 ff 33 33 33 ff 00 00  |3.333.333.333...|
000721d0  00 00 00 00 00 00 00 00  00 00 00 00 00 00 00 00  |................|
*
000722b0  00 00 00 00 00 01 33 33  33 37 33 33 33 8b 32 32  |......3337333.22|
000722c0  32 de 33 33 33 ff 33 33  33 ff 33 33 33 ff 33 33  |2.333.333.333.33|
000722d0  33 ff 33 33 33 ff 33 33  33 ff 33 33 33 ff 33 33  |3.333.333.333.33|
*
00072330  33 ff 33 33 33 ff 33 33  33 ff 00 00 00 00 00 00  |3.333.333.......|
00072340  00 00 00 00 00 00 00 00  00 00 00 00 00 00 00 00  |................|
*
00072390  00 00 33 33 33 37 33 33  33 ff 33 33 33 ff 33 33  |..3337333.333.33|
000723a0  33 ff 33 33 33 ff 33 33  33 d5 00 00 00 00 00 00  |3.333.333.......|
000723b0  00 00 00 00 00 00 00 00  00 00 00 00 00 00 00 00  |................|
*
000723f0  00 00 00 00 00 00 00 00  00 00 32 32 32 97 33 33  |..........222.33|
00072400  33 ff 33 33 33 ff 33 33  33 ff 33 33 33 ff 33 33  |3.333.333.333.33|
*
00072420  33 ff 33 33 33 ff 33 33  33 ff 33 33 33 ff 32 32  |3.333.333.333.22|
00072430  32 84 00 00 00 00 00 00  00 00 00 00 00 00 00 00  |2...............|
00072440  00 00 00 00 00 00 00 00  00 00 00 00 00 00 00 00  |................|
*
00072470  00 00 00 00 00 00 00 00  00 00 33 33 33 4b 33 33  |..........333K33|
00072480  33 ff 33 33 33 ff 33 33  33 ff 33 33 33 ff 33 33  |3.333.333.333.33|
00072490  33 ff 55 55 55 03 00 00  00 00 00 00 00 00 00 00  |3.UUU...........|
000724a0  00 00 00 00 00 00 00 00  00 00 00 00 00 00 00 00  |................|
*
000724f0  00 00 33 33 33 ff 33 33  33 ff 33 33 33 ff 33 33  |..333.333.333.33|
00072500  33 ff 33 33 33 ff 33 33  33 ff 33 33 33 ff 33 33  |3.333.333.333.33|
*
00072540  33 ff 00 00 00 00 00 00  00 00 00 00 00 00 00 00  |3...............|
00072550  00 00 00 00 00 00 00 00  00 00 00 00 00 00 00 00  |................|
*
00072640  00 00 00 00 00 00 00 00  00 00 00 00 00 00 33 33  |..............33|
00072650  33 be 33 33 33 ff 33 33  33 ff 33 33 33 ff 33 33  |3.333.333.333.33|
00072660  33 ff 33 33 33 ff 33 33  33 ff 33 33 33 ff 33 33  |3.333.333.333.33|
*
000726d0  33 ff 33 33 33 ff 33 33  33 ff 00 00 00 00 00 00  |3.333.333.......|
000726e0  00 00 00 00 00 00 00 00  00 00 00 00 00 00 00 00  |................|
*
00072790  00 00 00 00 00 00 00 00  00 00 33 33 33 ff 33 33  |..........333.33|
000727a0  33 ff 33 33 33 ff 33 33  33 ff 33 33 33 ff 33 33  |3.333.333.333.33|
*
000727d0  33 ff 33 33 33 ff 33 33  33 ff 00 00 00 00 00 00  |3.333.333.......|
000727e0  00 00 00 00 00 00 00 00  00 00 00 00 00 00 00 00  |................|
*
00072930  00 00 00 00 00 00 00 00  00 00 33 33 33 ff 33 33  |..........333.33|
00072940  33 ff 33 33 33 ff 33 33  33 ff 33 33 33 ff 33 33  |3.333.333.333.33|
*
000729c0  33 ff 33 33 33 ff 33 33  33 ff 33 33 33 ff 00 00  |3.333.333.333...|
000729d0  00 00 00 00 00 00 00 00  00 00 00 00 00 00 00 00  |................|
*
00072ab0  00 00 33 33 33 df 33 33  33 ff 33 33 33 ff 33 33  |..333.333.333.33|
00072ac0  33 ff 33 33 33 ff 33 33  33 ff 33 33 33 ff 33 33  |3.333.333.333.33|
*
00072b30  33 ff 33 33 33 ff 33 33  33 ff 00 00 00 00 00 00  |3.333.333.......|
00072b40  00 00 00 00 00 00 00 00  00 00 00 00 00 00 00 00  |................|
*
00072b90  00 00 31 31 31 3e 33 33  33 ff 33 33 33 ff 33 33  |..111>333.333.33|
00072ba0  33 ff 33 33 33 ff 33 33  33 8c 00 00 00 00 00 00  |3.333.333.......|
00072bb0  00 00 00 00 00 00 00 00  00 00 00 00 00 00 00 00  |................|
*
00072bf0  00 00 00 00 00 00 00 00  00 01 32 32 32 e2 33 33  |..........222.33|
00072c00  33 ff 33 33 33 ff 33 33  33 ff 33 33 33 ff 33 33  |3.333.333.333.33|
*
00072c20  33 ff 33 33 33 ff 33 33  33 ff 33 33 33 ff 32 32  |3.333.333.333.22|
00072c30  32 ce 00 00 00 00 00 00  00 00 00 00 00 00 00 00  |2...............|
00072c40  00 00 00 00 00 00 00 00  00 00 00 00 00 00 00 00  |................|
*
00072c70  00 00 00 00 00 00 00 00  00 00 33 33 33 0a 32 32  |..........333.22|
00072c80  32 f7 33 33 33 ff 33 33  33 ff 33 33 33 ff 33 33  |2.333.333.333.33|
00072c90  33 ff 33 33 33 0a 00 00  00 00 00 00 00 00 00 00  |3.333...........|
00072ca0  00 00 00 00 00 00 00 00  00 00 00 00 00 00 00 00  |................|
*
00072cf0  00 00 33 33 33 ff 33 33  33 ff 33 33 33 ff 33 33  |..333.333.333.33|
00072d00  33 ff 33 33 33 ff 33 33  33 ff 33 33 33 ff 33 33  |3.333.333.333.33|
*
00072d40  33 ff 00 00 00 00 00 00  00 00 00 00 00 00 00 00  |3...............|
00072d50  00 00 00 00 00 00 00 00  00 00 00 00 00 00 00 00  |................|
*
00072e40  00 00 00 00 00 00 00 00  00 00 00 00 00 00 32 32  |..............22|
00072e50  32 4c 33 33 33 ff 33 33  33 ff 33 33 33 ff 33 33  |2L333.333.333.33|
00072e60  33 ff 33 33 33 ff 33 33  33 ff 33 33 33 ff 33 33  |3.333.333.333.33|
*
00072ed0  33 ff 33 33 33 ff 33 33  33 ff 00 00 00 00 00 00  |3.333.333.......|
00072ee0  00 00 00 00 00 00 00 00  00 00 00 00 00 00 00 00  |................|
*
00072f90  00 00 00 00 00 00 00 00  00 00 33 33 33 ff 33 33  |..........333.33|
00072fa0  33 ff 33 33 33 ff 33 33  33 ff 33 33 33 ff 33 33  |3.333.333.333.33|
*
00072fd0  33 ff 33 33 33 ff 33 33  33 ff 00 00 00 00 00 00  |3.333.333.......|
00072fe0  00 00 00 00 00 00 00 00  00 00 00 00 00 00 00 00  |................|
*
00073130  00 00 00 00 00 00 00 00  00 00 33 33 33 ff 33 33  |..........333.33|
00073140  33 ff 33 33 33 ff 33 33  33 ff 33 33 33 ff 33 33  |3.333.333.333.33|
*
000731c0  33 ff 33 33 33 ff 33 33  33 ff 33 33 33 ff 00 00  |3.333.333.333...|
000731d0  00 00 00 00 00 00 00 00  00 00 00 00 00 00 00 00  |................|
*
000732b0  00 00 35 35 35 13 32 32  32 56 32 32 32 ab 32 32  |..555.222V222.22|
000732c0  32 f7 33 33 33 ff 33 33  33 ff 33 33 33 ff 33 33  |2.333.333.333.33|
000732d0  33 ff 33 33 33 ff 33 33  33 ff 33 33 33 ff 33 33  |3.333.333.333.33|
*
00073330  33 ff 33 33 33 ff 33 33  33 ff 00 00 00 00 00 00  |3.333.333.......|
00073340  00 00 00 00 00 00 00 00  00 00 00 00 00 00 00 00  |................|
*
00073390  00 00 33 33 33 45 33 33  33 ff 33 33 33 ff 33 33  |..333E333.333.33|
000733a0  33 ff 33 33 33 ff 34 34  34 44 00 00 00 00 00 00  |3.333.444D......|
000733b0  00 00 00 00 00 00 00 00  00 00 00 00 00 00 00 00  |................|
*
000733f0  00 00 00 00 00 00 30 30  30 2f 33 33 33 ff 33 33  |......000/333.33|
00073400  33 ff 33 33 33 ff 33 33  33 ff 33 33 33 ff 33 33  |3.333.333.333.33|
*
00073430  33 fe 31 31 31 1a 00 00  00 00 00 00 00 00 00 00  |3.111...........|
00073440  00 00 00 00 00 00 00 00  00 00 00 00 00 00 00 00  |................|
*
00073470  00 00 00 00 00 00 00 00  00 00 00 00 00 00 32 32  |..............22|
00073480  32 ba 33 33 33 ff 33 33  33 ff 33 33 33 ff 33 33  |2.333.333.333.33|
00073490  33 ff 38 38 38 12 00 00  00 00 00 00 00 00 00 00  |3.888...........|
000734a0  00 00 00 00 00 00 00 00  00 00 00 00 00 00 00 00  |................|
*
000734f0  00 00 33 33 33 ff 33 33  33 ff 33 33 33 ff 33 33  |..333.333.333.33|
00073500  33 ff 33 33 33 ff 33 33  33 ff 33 33 33 ff 33 33  |3.333.333.333.33|
*
00073540  33 ff 00 00 00 00 00 00  00 00 00 00 00 00 00 00  |3...............|
00073550  00 00 00 00 00 00 00 00  00 00 00 00 00 00 00 00  |................|
*
00073650  00 01 33 33 33 e0 33 33  33 ff 33 33 33 ff 33 33  |..333.333.333.33|
00073660  33 ff 33 33 33 ff 33 33  33 ff 33 33 33 ff 33 33  |3.333.333.333.33|
*
000736d0  33 ff 33 33 33 ff 33 33  33 ff 00 00 00 00 00 00  |3.333.333.......|
000736e0  00 00 00 00 00 00 00 00  00 00 00 00 00 00 00 00  |................|
*
00073790  00 00 00 00 00 00 00 00  00 00 33 33 33 ff 33 33  |..........333.33|
000737a0  33 ff 33 33 33 ff 33 33  33 ff 33 33 33 ff 33 33  |3.333.333.333.33|
*
000737d0  33 ff 33 33 33 ff 33 33  33 ff 00 00 00 00 00 00  |3.333.333.......|
000737e0  00 00 00 00 00 00 00 00  00 00 00 00 00 00 00 00  |................|
*
00073930  00 00 00 00 00 00 00 00  00 00 33 33 33 ff 33 33  |..........333.33|
00073940  33 ff 33 33 33 ff 33 33  33 ff 33 33 33 ff 33 33  |3.333.333.333.33|
*
000739c0  33 ff 33 33 33 ff 33 33  33 ff 33 33 33 ff 00 00  |3.333.333.333...|
000739d0  00 00 00 00 00 00 00 00  00 00 00 00 00 00 00 00  |................|
*
00073ab0  00 00 00 00 00 00 00 00  00 00 00 00 00 00 30 30  |..............00|
00073ac0  30 15 33 33 33 85 33 33  33 f4 33 33 33 ff 33 33  |0.333.333.333.33|
00073ad0  33 ff 33 33 33 ff 33 33  33 ff 33 33 33 ff 33 33  |3.333.333.333.33|
*
00073b30  33 ff 33 33 33 ff 33 33  33 ff 00 00 00 00 00 00  |3.333.333.......|
00073b40  00 00 00 00 00 00 00 00  00 00 00 00 00 00 00 00  |................|
*
00073b90  00 00 32 32 32 4c 33 33  33 ff 33 33 33 ff 33 33  |..222L333.333.33|
00073ba0  33 ff 33 33 33 f3 24 24  24 07 00 00 00 00 00 00  |3.333.$$$.......|
00073bb0  00 00 00 00 00 00 00 00  00 00 00 00 00 00 00 00  |................|
*
00073bf0  00 00 00 00 00 00 33 33  33 7b 33 33 33 ff 33 33  |......333{333.33|
00073c00  33 ff 33 33 33 ff 33 33  33 ff 33 33 33 ff 33 33  |3.333.333.333.33|
*
00073c30  33 ff 33 33 33 63 00 00  00 00 00 00 00 00 00 00  |3.333c..........|
00073c40  00 00 00 00 00 00 00 00  00 00 00 00 00 00 00 00  |................|
*
00073c70  00 00 00 00 00 00 00 00  00 00 00 00 00 00 33 33  |..............33|
00073c80  33 72 33 33 33 ff 33 33  33 ff 33 33 33 ff 33 33  |3r333.333.333.33|
00073c90  33 ff 31 31 31 1a 00 00  00 00 00 00 00 00 00 00  |3.111...........|
00073ca0  00 00 00 00 00 00 00 00  00 00 00 00 00 00 00 00  |................|
*
00073cf0  00 00 33 33 33 ff 33 33  33 ff 33 33 33 ff 33 33  |..333.333.333.33|
00073d00  33 ff 33 33 33 ff 33 33  33 ff 33 33 33 ff 33 33  |3.333.333.333.33|
*
00073d40  33 ff 00 00 00 00 00 00  00 00 00 00 00 00 00 00  |3...............|
00073d50  00 00 00 00 00 00 00 00  00 00 00 00 00 00 00 00  |................|
*
00073e50  00 00 32 32 32 8d 33 33  33 ff 33 33 33 ff 33 33  |..222.333.333.33|
00073e60  33 ff 33 33 33 ff 33 33  33 ff 33 33 33 ff 33 33  |3.333.333.333.33|
*
00073ed0  33 ff 33 33 33 ff 33 33  33 ff 00 00 00 00 00 00  |3.333.333.......|
00073ee0  00 00 00 00 00 00 00 00  00 00 00 00 00 00 00 00  |................|
*
00073f90  00 00 00 00 00 00 00 00  00 00 33 33 33 ff 33 33  |..........333.33|
00073fa0  33 ff 33 33 33 ff 33 33  33 ff 33 33 33 ff 33 33  |3.333.333.333.33|
*
00073fd0  33 ff 33 33 33 ff 33 33  33 ff 00 00 00 00 00 00  |3.333.333.......|
00073fe0  00 00 00 00 00 00 00 00  00 00 00 00 00 00 00 00  |................|
*
00074130  00 00 00 00 00 00 00 00  00 00 33 33 33 ff 33 33  |..........333.33|
00074140  33 ff 33 33 33 ff 33 33  33 ff 33 33 33 ff 33 33  |3.333.333.333.33|
*
000741c0  33 ff 33 33 33 ff 33 33  33 ff 33 33 33 ff 00 00  |3.333.333.333...|
000741d0  00 00 00 00 00 00 00 00  00 00 00 00 00 00 00 00  |................|
*
000742c0  00 00 00 00 00 00 33 33  33 1e 32 32 32 b5 33 33  |......333.222.33|
000742d0  33 ff 33 33 33 ff 33 33  33 ff 33 33 33 ff 33 33  |3.333.333.333.33|
*
00074330  33 ff 33 33 33 ff 33 33  33 ff 00 00 00 00 00 00  |3.333.333.......|
00074340  00 00 00 00 00 00 00 00  00 00 00 00 00 00 00 00  |................|
*
00074390  00 00 32 32 32 56 33 33  33 ff 33 33 33 ff 33 33  |..222V333.333.33|
000743a0  33 ff 32 32 32 b1 00 00  00 00 00 00 00 00 00 00  |3.222...........|
000743b0  00 00 00 00 00 00 00 00  00 00 00 00 00 00 00 00  |................|
*
000743f0  00 00 00 00 00 00 33 33  33 c6 33 33 33 ff 33 33  |......333.333.33|
00074400  33 ff 33 33 33 ff 33 33  33 ff 33 33 33 ff 33 33  |3.333.333.333.33|
*
00074430  33 ff 33 33 33 ad 00 00  00 00 00 00 00 00 00 00  |3.333...........|
00074440  00 00 00 00 00 00 00 00  00 00 00 00 00 00 00 00  |................|
*
00074470  00 00 00 00 00 00 00 00  00 00 00 00 00 00 30 30  |..............00|
00074480  30 2a 33 33 33 ff 33 33  33 ff 33 33 33 ff 33 33  |0*333.333.333.33|
00074490  33 ff 34 34 34 22 00 00  00 00 00 00 00 00 00 00  |3.444"..........|
000744a0  00 00 00 00 00 00 00 00  00 00 00 00 00 00 00 00  |................|
*
000744f0  00 00 33 33 33 ff 33 33  33 ff 33 33 33 ff 33 33  |..333.333.333.33|
00074500  33 ff 33 33 33 ff 33 33  33 ff 33 33 33 ff 33 33  |3.333.333.333.33|
*
00074540  33 ff 00 00 00 00 00 00  00 00 00 00 00 00 00 00  |3...............|
00074550  00 00 00 00 00 00 00 00  00 00 00 00 00 00 00 00  |................|
*
000745a0  00 00 00 00 00 00 00 00  00 00 00 00 00 00 33 33  |..............33|
000745b0  33 ff 33 33 33 ff 33 33  33 ff 33 33 33 ff 33 33  |3.333.333.333.33|
000745c0  33 fa 32 32 32 e7 33 33  33 d5 33 33 33 af 32 32  |3.222.333.333.22|
000745d0  32 6f 30 30 30 2a 00 00  00 00 00 00 00 00 00 00  |2o000*..........|
000745e0  00 00 00 00 00 00 00 00  00 00 00 00 00 00 00 00  |................|
*
00074650  00 00 33 33 33 3b 33 33  33 ff 33 33 33 ff 33 33  |..333;333.333.33|
00074660  33 ff 33 33 33 ff 33 33  33 ff 33 33 33 ff 33 33  |3.333.333.333.33|
*
000746d0  33 ff 33 33 33 ff 33 33  33 ff 00 00 00 00 00 00  |3.333.333.......|
000746e0  00 00 00 00 00 00 00 00  00 00 00 00 00 00 00 00  |................|
*
00074790  00 00 00 00 00 00 00 00  00 00 33 33 33 ff 33 33  |..........333.33|
000747a0  33 ff 33 33 33 ff 33 33  33 ff 33 33 33 ff 33 33  |3.333.333.333.33|
*
000747d0  33 ff 33 33 33 ff 33 33  33 ff 00 00 00 00 00 00  |3.333.333.......|
000747e0  00 00 00 00 00 00 00 00  00 00 00 00 00 00 00 00  |................|
*
00074930  00 00 00 00 00 00 00 00  00 00 33 33 33 ff 33 33  |..........333.33|
00074940  33 ff 33 33 33 ff 33 33  33 ff 33 33 33 ff 33 33  |3.333.333.333.33|
*
000749c0  33 ff 33 33 33 ff 33 33  33 ff 33 33 33 ff 00 00  |3.333.333.333...|
000749d0  00 00 00 00 00 00 00 00  00 00 00 00 00 00 00 00  |................|
*
00074ac0  00 00 00 00 00 00 00 00  00 00 00 00 00 01 32 32  |..............22|
00074ad0  32 79 33 33 33 fe 33 33  33 ff 33 33 33 ff 33 33  |2y333.333.333.33|
00074ae0  33 ff 33 33 33 ff 33 33  33 ff 33 33 33 ff 33 33  |3.333.333.333.33|
*
00074b30  33 ff 33 33 33 ff 33 33  33 ff 00 00 00 00 00 00  |3.333.333.......|
00074b40  00 00 00 00 00 00 00 00  00 00 00 00 00 00 00 00  |................|
*
00074b90  00 00 32 32 32 66 33 33  33 ff 33 33 33 ff 33 33  |..222f333.333.33|
00074ba0  33 ff 33 33 33 68 00 00  00 00 00 00 00 00 00 00  |3.333h..........|
00074bb0  00 00 00 00 00 00 00 00  00 00 00 00 00 00 00 00  |................|
*
00074bf0  00 00 30 30 30 15 32 32  32 fc 33 33 33 ff 33 33  |..000.222.333.33|
00074c00  33 ff 33 33 33 ff 33 33  33 ff 33 33 33 ff 33 33  |3.333.333.333.33|
*
00074c30  33 ff 32 32 32 f1 2a 2a  2a 06 00 00 00 00 00 00  |3.222.***.......|
00074c40  00 00 00 00 00 00 00 00  00 00 00 00 00 00 00 00  |................|
*
00074c80  00 00 33 33 33 e1 33 33  33 ff 33 33 33 ff 33 33  |..333.333.333.33|
00074c90  33 ff 30 30 30 2a 00 00  00 00 00 00 00 00 00 00  |3.000*..........|
00074ca0  00 00 00 00 00 00 00 00  00 00 00 00 00 00 00 00  |................|
*
00074cf0  00 00 33 33 33 ff 33 33  33 ff 33 33 33 ff 33 33  |..333.333.333.33|
00074d00  33 ff 33 33 33 ff 33 33  33 ff 33 33 33 ff 33 33  |3.333.333.333.33|
*
00074d40  33 ff 00 00 00 00 00 00  00 00 00 00 00 00 00 00  |3...............|
00074d50  00 00 00 00 00 00 00 00  00 00 00 00 00 00 00 00  |................|
*
00074da0  00 00 00 00 00 00 00 00  00 00 00 00 00 00 33 33  |..............33|
00074db0  33 ff 33 33 33 ff 33 33  33 ff 33 33 33 ff 33 33  |3.333.333.333.33|
*
00074dd0  33 ff 33 33 33 ff 33 33  33 b9 34 34 34 3f 00 00  |3.333.333.444?..|
00074de0  00 00 00 00 00 00 00 00  00 00 00 00 00 00 00 00  |................|
*
00074e50  00 00 00 00 00 02 33 33  33 e9 33 33 33 ff 33 33  |......333.333.33|
00074e60  33 ff 33 33 33 ff 33 33  33 ff 33 33 33 ff 33 33  |3.333.333.333.33|
*
00074ed0  33 ff 33 33 33 ff 33 33  33 ff 00 00 00 00 00 00  |3.333.333.......|
00074ee0  00 00 00 00 00 00 00 00  00 00 00 00 00 00 00 00  |................|
*
00074f90  00 00 00 00 00 00 00 00  00 00 33 33 33 ff 33 33  |..........333.33|
00074fa0  33 ff 33 33 33 ff 33 33  33 ff 33 33 33 ff 33 33  |3.333.333.333.33|
*
00074fd0  33 ff 33 33 33 ff 33 33  33 ff 00 00 00 00 00 00  |3.333.333.......|
00074fe0  00 00 00 00 00 00 00 00  00 00 00 00 00 00 00 00  |................|
*
00075130  00 00 00 00 00 00 00 00  00 00 33 33 33 ff 33 33  |..........333.33|
00075140  33 ff 33 33 33 ff 33 33  33 ff 33 33 33 ff 33 33  |3.333.333.333.33|
*
000751c0  33 ff 33 33 33 ff 33 33  33 ff 33 33 33 ff 00 00  |3.333.333.333...|
000751d0  00 00 00 00 00 00 00 00  00 00 00 00 00 00 00 00  |................|
*
000752d0  00 00 33 33 33 5e 33 33  33 fd 33 33 33 ff 33 33  |..333^333.333.33|
000752e0  33 ff 33 33 33 ff 33 33  33 ff 33 33 33 ff 33 33  |3.333.333.333.33|
*
00075330  33 ff 33 33 33 ff 33 33  33 ff 00 00 00 00 00 00  |3.333.333.......|
00075340  00 00 00 00 00 00 00 00  00 00 00 00 00 00 00 00  |................|
*
00075390  00 00 33 33 33 76 33 33  33 ff 33 33 33 ff 33 33  |..333v333.333.33|
000753a0  33 ff 31 31 31 1f 00 00  00 00 00 00 00 00 00 00  |3.111...........|
000753b0  00 00 00 00 00 00 00 00  00 00 00 00 00 00 00 00  |................|
*
000753f0  00 00 33 33 33 5e 33 33  33 ff 33 33 33 ff 33 33  |..333^333.333.33|
00075400  33 ff 33 33 33 ff 33 33  33 ff 33 33 33 ff 33 33  |3.333.333.333.33|
*
00075430  33 ff 33 33 33 ff 32 32  32 42 00 00 00 00 00 00  |3.333.222B......|
00075440  00 00 00 00 00 00 00 00  00 00 00 00 00 00 00 00  |................|
*
00075480  00 00 33 33 33 99 33 33  33 ff 33 33 33 ff 33 33  |..333.333.333.33|
00075490  33 ff 33 33 33 32 00 00  00 00 00 00 00 00 00 00  |3.3332..........|
000754a0  00 00 00 00 00 00 00 00  00 00 00 00 00 00 00 00  |................|
*
000754f0  00 00 33 33 33 ff 33 33  33 ff 33 33 33 ff 33 33  |..333.333.333.33|
00075500  33 ff 33 33 33 ff 33 33  33 ff 33 33 33 ff 33 33  |3.333.333.333.33|
*
00075540  33 ff 00 00 00 00 00 00  00 00 00 00 00 00 00 00  |3...............|
00075550  00 00 00 00 00 00 00 00  00 00 00 00 00 00 00 00  |................|
*
000755a0  00 00 00 00 00 00 00 00  00 00 00 00 00 00 33 33  |..............33|
000755b0  33 ff 33 33 33 ff 33 33  33 ff 33 33 33 ff 33 33  |3.333.333.333.33|
*
000755e0  33 99 2a 2a 2a 06 00 00  00 00 00 00 00 00 00 00  |3.***...........|
000755f0  00 00 00 00 00 00 00 00  00 00 00 00 00 00 00 00  |................|
*
00075650  00 00 00 00 00 00 32 32  32 b1 33 33 33 ff 33 33  |......222.333.33|
00075660  33 ff 33 33 33 ff 33 33  33 ff 33 33 33 ff 33 33  |3.333.333.333.33|
*
000756d0  33 ff 33 33 33 ff 33 33  33 ff 00 00 00 00 00 00  |3.333.333.......|
000756e0  00 00 00 00 00 00 00 00  00 00 00 00 00 00 00 00  |................|
*
00075790  00 00 00 00 00 00 00 00  00 00 33 33 33 ff 33 33  |..........333.33|
000757a0  33 ff 33 33 33 ff 33 33  33 ff 33 33 33 ff 33 33  |3.333.333.333.33|
*
000757d0  33 ff 33 33 33 ff 33 33  33 ff 00 00 00 00 00 00  |3.333.333.......|
000757e0  00 00 00 00 00 00 00 00  00 00 00 00 00 00 00 00  |................|
*
00075930  00 00 00 00 00 00 00 00  00 00 33 33 33 ff 33 33  |..........333.33|
00075940  33 ff 33 33 33 ff 33 33  33 ff 33 33 33 ff 33 33  |3.333.333.333.33|
*
000759c0  33 ff 33 33 33 ff 33 33  33 ff 33 33 33 ff 00 00  |3.333.333.333...|
000759d0  00 00 00 00 00 00 00 00  00 00 00 00 00 00 00 00  |................|
*
00075ad0  00 00 00 00 00 00 32 32  32 75 33 33 33 ff 33 33  |......222u333.33|
00075ae0  33 ff 33 33 33 ff 33 33  33 ff 33 33 33 ff 33 33  |3.333.333.333.33|
*
00075b30  33 ff 33 33 33 ff 33 33  33 ff 00 00 00 00 00 00  |3.333.333.......|
00075b40  00 00 00 00 00 00 00 00  00 00 00 00 00 00 00 00  |................|
*
00075b90  00 00 33 33 33 86 33 33  33 ff 33 33 33 ff 33 33  |..333.333.333.33|
00075ba0  33 d5 00 00 00 00 00 00  00 00 00 00 00 00 00 00  |3...............|
00075bb0  00 00 00 00 00 00 00 00  00 00 00 00 00 00 00 00  |................|
*
00075bf0  00 00 33 33 33 a9 33 33  33 ff 33 33 33 ff 33 33  |..333.333.333.33|
00075c00  33 ff 33 33 33 ff 33 33  33 ff 33 33 33 ff 33 33  |3.333.333.333.33|
*
00075c30  33 ff 33 33 33 ff 33 33  33 8c 00 00 00 00 00 00  |3.333.333.......|
00075c40  00 00 00 00 00 00 00 00  00 00 00 00 00 00 00 00  |................|
*
00075c80  00 00 32 32 32 51 33 33  33 ff 33 33 33 ff 33 33  |..222Q333.333.33|
00075c90  33 ff 34 34 34 3a 00 00  00 00 00 00 00 00 00 00  |3.444:..........|
00075ca0  00 00 00 00 00 00 00 00  00 00 00 00 00 00 00 00  |................|
*
00075cf0  00 00 33 33 33 ff 33 33  33 ff 33 33 33 ff 33 33  |..333.333.333.33|
00075d00  33 ff 33 33 33 ff 33 33  33 ff 33 33 33 ff 33 33  |3.333.333.333.33|
*
00075d40  33 ff 00 00 00 00 00 00  00 00 00 00 00 00 00 00  |3...............|
00075d50  00 00 00 00 00 00 00 00  00 00 00 00 00 00 00 00  |................|
*
00075da0  00 00 00 00 00 00 00 00  00 00 00 00 00 00 33 33  |..............33|
00075db0  33 ff 33 33 33 ff 33 33  33 ff 33 33 33 ff 33 33  |3.333.333.333.33|
*
00075de0  33 ff 33 33 33 bd 2a 2a  2a 06 00 00 00 00 00 00  |3.333.***.......|
00075df0  00 00 00 00 00 00 00 00  00 00 00 00 00 00 00 00  |................|
*
00075e50  00 00 00 00 00 00 32 32  32 79 33 33 33 ff 33 33  |......222y333.33|
00075e60  33 ff 33 33 33 ff 33 33  33 ff 33 33 33 ff 33 33  |3.333.333.333.33|
*
00075ed0  33 ff 33 33 33 ff 33 33  33 ff 00 00 00 00 00 00  |3.333.333.......|
00075ee0  00 00 00 00 00 00 00 00  00 00 00 00 00 00 00 00  |................|
*
00075f90  00 00 00 00 00 00 00 00  00 00 33 33 33 ff 33 33  |..........333.33|
00075fa0  33 ff 33 33 33 ff 33 33  33 ff 33 33 33 ff 33 33  |3.333.333.333.33|
*
00075fd0  33 ff 33 33 33 ff 33 33  33 ff 00 00 00 00 00 00  |3.333.333.......|
00075fe0  00 00 00 00 00 00 00 00  00 00 00 00 00 00 00 00  |................|
*
00076130  00 00 00 00 00 00 00 00  00 00 33 33 33 ff 33 33  |..........333.33|
00076140  33 ff 33 33 33 ff 33 33  33 ff 33 33 33 ff 33 33  |3.333.333.333.33|
*
000761c0  33 ff 33 33 33 ff 33 33  33 ff 33 33 33 ff 00 00  |3.333.333.333...|
000761d0  00 00 00 00 00 00 00 00  00 00 00 00 00 00 00 00  |................|
*
000762d0  00 00 00 00 00 00 00 00  00 00 32 32 32 9c 33 33  |..........222.33|
000762e0  33 ff 33 33 33 ff 33 33  33 ff 33 33 33 ff 33 33  |3.333.333.333.33|
*
00076330  33 ff 33 33 33 ff 33 33  33 ff 00 00 00 00 00 00  |3.333.333.......|
00076340  00 00 00 00 00 00 00 00  00 00 00 00 00 00 00 00  |................|
*
00076390  00 00 33 33 33 96 33 33  33 ff 33 33 33 ff 33 33  |..333.333.333.33|
000763a0  33 8c 00 00 00 00 00 00  00 00 00 00 00 00 00 00  |3...............|
000763b0  00 00 00 00 00 00 00 00  00 00 00 00 00 00 00 00  |................|
*
000763e0  00 00 00 00 00 00 00 00  00 00 00 00 00 00 33 33  |..............33|
000763f0  33 05 33 33 33 f0 33 33  33 ff 33 33 33 ff 33 33  |3.333.333.333.33|
00076400  33 ff 33 33 33 ff 33 33  33 ff 33 33 33 ff 33 33  |3.333.333.333.33|
*
00076430  33 ff 33 33 33 ff 33 33  33 d6 00 00 00 00 00 00  |3.333.333.......|
00076440  00 00 00 00 00 00 00 00  00 00 00 00 00 00 00 00  |................|
*
00076480  00 00 36 36 36 0e 33 33  33 fa 33 33 33 ff 33 33  |..666.333.333.33|
00076490  33 ff 33 33 33 45 00 00  00 00 00 00 00 00 00 00  |3.333E..........|
000764a0  00 00 00 00 00 00 00 00  00 00 00 00 00 00 00 00  |................|
*
000764f0  00 00 33 33 33 ff 33 33  33 ff 33 33 33 ff 33 33  |..333.333.333.33|
00076500  33 ff 33 33 33 ff 33 33  33 ff 33 33 33 ff 33 33  |3.333.333.333.33|
*
00076540  33 ff 00 00 00 00 00 00  00 00 00 00 00 00 00 00  |3...............|
00076550  00 00 00 00 00 00 00 00  00 00 00 00 00 00 00 00  |................|
*
000765a0  00 00 00 00 00 00 00 00  00 00 00 00 00 00 33 33  |..............33|
000765b0  33 ff 33 33 33 ff 33 33  33 ff 33 33 33 ff 33 33  |3.333.333.333.33|
*
000765e0  33 ff 33 33 33 ff 33 33  33 a0 00 00 00 00 00 00  |3.333.333.......|
000765f0  00 00 00 00 00 00 00 00  00 00 00 00 00 00 00 00  |................|
*
00076650  00 00 00 00 00 00 32 32  32 42 33 33 33 ff 33 33  |......222B333.33|
00076660  33 ff 33 33 33 ff 33 33  33 ff 33 33 33 ff 33 33  |3.333.333.333.33|
*
000766d0  33 ff 33 33 33 ff 33 33  33 ff 00 00 00 00 00 00  |3.333.333.......|
000766e0  00 00 00 00 00 00 00 00  00 00 00 00 00 00 00 00  |................|
*
00076790  00 00 00 00 00 00 00 00  00 00 33 33 33 ff 33 33  |..........333.33|
000767a0  33 ff 33 33 33 ff 33 33  33 ff 33 33 33 ff 33 33  |3.333.333.333.33|
*
000767d0  33 ff 33 33 33 ff 33 33  33 ff 00 00 00 00 00 00  |3.333.333.......|
000767e0  00 00 00 00 00 00 00 00  00 00 00 00 00 00 00 00  |................|
*
00076930  00 00 00 00 00 00 00 00  00 00 33 33 33 ff 33 33  |..........333.33|
00076940  33 ff 33 33 33 ff 33 33  33 ff 33 33 33 ff 33 33  |3.333.333.333.33|
*
000769c0  33 ff 33 33 33 ff 33 33  33 ff 33 33 33 ff 00 00  |3.333.333.333...|
000769d0  00 00 00 00 00 00 00 00  00 00 00 00 00 00 00 00  |................|
*
00076ad0  00 00 00 00 00 00 00 00  00 00 33 33 33 05 32 32  |..........333.22|
00076ae0  32 ce 33 33 33 ff 33 33  33 ff 33 33 33 ff 33 33  |2.333.333.333.33|
00076af0  33 ff 33 33 33 ff 33 33  33 ff 33 33 33 ff 33 33  |3.333.333.333.33|
*
00076b30  33 ff 33 33 33 ff 33 33  33 ff 00 00 00 00 00 00  |3.333.333.......|
00076b40  00 00 00 00 00 00 00 00  00 00 00 00 00 00 00 00  |................|
*
00076b90  00 00 32 32 32 a7 33 33  33 ff 33 33 33 ff 34 34  |..222.333.333.44|
00076ba0  34 44 00 00 00 00 00 00  00 00 00 00 00 00 00 00  |4D..............|
00076bb0  00 00 00 00 00 00 00 00  00 00 00 00 00 00 00 00  |................|
*
00076be0  00 00 00 00 00 00 00 00  00 00 00 00 00 00 33 33  |..............33|
00076bf0  33 41 33 33 33 ff 33 33  33 ff 33 33 33 ff 33 33  |3A333.333.333.33|
00076c00  33 ff 33 33 33 ff 33 33  33 ff 33 33 33 ff 33 33  |3.333.333.333.33|
*
00076c30  33 ff 33 33 33 ff 33 33  33 ff 36 36 36 21 00 00  |3.333.333.666!..|
00076c40  00 00 00 00 00 00 00 00  00 00 00 00 00 00 00 00  |................|
*
00076c80  00 00 00 00 00 00 33 33  33 c1 33 33 33 ff 33 33  |......333.333.33|
00076c90  33 ff 32 32 32 51 00 00  00 00 00 00 00 00 00 00  |3.222Q..........|
00076ca0  00 00 00 00 00 00 00 00  00 00 00 00 00 00 00 00  |................|
*
00076cf0  00 00 33 33 33 ff 33 33  33 ff 33 33 33 ff 33 33  |..333.333.333.33|
00076d00  33 ff 33 33 33 ff 33 33  33 ff 33 33 33 ff 33 33  |3.333.333.333.33|
*
00076d40  33 ff 00 00 00 00 00 00  00 00 00 00 00 00 00 00  |3...............|
00076d50  00 00 00 00 00 00 00 00  00 00 00 00 00 00 00 00  |................|
*
00076da0  00 00 00 00 00 00 00 00  00 00 00 00 00 00 33 33  |..............33|
00076db0  33 ff 33 33 33 ff 33 33  33 ff 33 33 33 ff 33 33  |3.333.333.333.33|
*
00076de0  33 ff 33 33 33 ff 33 33  33 ff 33 33 33 54 00 00  |3.333.333.333T..|
00076df0  00 00 00 00 00 00 00 00  00 00 00 00 00 00 00 00  |................|
*
00076e50  00 00 00 00 00 00 35 35  35 18 33 33 33 ff 33 33  |......555.333.33|
00076e60  33 ff 33 33 33 ff 33 33  33 ff 33 33 33 ff 33 33  |3.333.333.333.33|
*
00076ed0  33 ff 33 33 33 ff 33 33  33 ff 00 00 00 00 00 00  |3.333.333.......|
00076ee0  00 00 00 00 00 00 00 00  00 00 00 00 00 00 00 00  |................|
*
00076f90  00 00 00 00 00 00 00 00  00 00 33 33 33 ff 33 33  |..........333.33|
00076fa0  33 ff 33 33 33 ff 33 33  33 ff 33 33 33 ff 33 33  |3.333.333.333.33|
*
00076fd0  33 ff 33 33 33 ff 33 33  33 ff 00 00 00 00 00 00  |3.333.333.......|
00076fe0  00 00 00 00 00 00 00 00  00 00 00 00 00 00 00 00  |................|
*
00077130  00 00 00 00 00 00 00 00  00 00 33 33 33 ff 33 33  |..........333.33|
00077140  33 ff 33 33 33 ff 33 33  33 ff 33 33 33 ff 33 33  |3.333.333.333.33|
*
000771c0  33 ff 33 33 33 ff 33 33  33 ff 33 33 33 ff 00 00  |3.333.333.333...|
000771d0  00 00 00 00 00 00 00 00  00 00 00 00 00 00 00 00  |................|
*
00077230  00 00 00 00 00 00 33 33  33 ff 33 33 33 ff 33 33  |......333.333.33|
00077240  33 ff 33 33 33 ff 33 33  33 ff 33 33 33 ff 33 33  |3.333.333.333.33|
00077250  33 ff 33 33 33 ff 32 32  32 f6 33 33 33 e6 32 32  |3.333.222.333.22|
00077260  32 d4 32 32 32 a6 33 33  33 73 30 30 30 25 00 00  |2.222.333s000%..|
00077270  00 00 00 00 00 00 00 00  00 00 00 00 00 00 00 00  |................|
*
000772d0  00 00 00 00 00 00 00 00  00 00 00 00 00 00 34 34  |..............44|
000772e0  34 35 33 33 33 fd 33 33  33 ff 33 33 33 ff 33 33  |45333.333.333.33|
000772f0  33 ff 33 33 33 ff 33 33  33 ff 33 33 33 ff 33 33  |3.333.333.333.33|
*
00077330  33 ff 33 33 33 ff 33 33  33 ff 00 00 00 00 00 00  |3.333.333.......|
00077340  00 00 00 00 00 00 00 00  00 00 00 00 00 00 00 00  |................|
*
00077390  00 00 33 33 33 b7 33 33  33 ff 33 33 33 f4 24 24  |..333.333.333.$$|
000773a0  24 07 00 00 00 00 00 00  00 00 00 00 00 00 00 00  |$...............|
000773b0  00 00 00 00 00 00 00 00  00 00 00 00 00 00 00 00  |................|
*
000773e0  00 00 00 00 00 00 00 00  00 00 00 00 00 00 33 33  |..............33|
000773f0  33 8c 33 33 33 ff 33 33  33 ff 33 33 33 ff 33 33  |3.333.333.333.33|
00077400  33 ff 33 33 33 ff 33 33  33 ff 33 33 33 ff 33 33  |3.333.333.333.33|
*
00077430  33 ff 33 33 33 ff 33 33  33 ff 32 32 32 6a 00 00  |3.333.333.222j..|
00077440  00 00 00 00 00 00 00 00  00 00 00 00 00 00 00 00  |................|
*
00077480  00 00 00 00 00 00 32 32  32 7a 33 33 33 ff 33 33  |......222z333.33|
00077490  33 ff 31 31 31 5c 00 00  00 00 00 00 00 00 00 00  |3.111\..........|
000774a0  00 00 00 00 00 00 00 00  00 00 00 00 00 00 00 00  |................|
*
000774f0  00 00 33 33 33 ff 33 33  33 ff 33 33 33 ff 33 33  |..333.333.333.33|
00077500  33 ff 33 33 33 ff 33 33  33 ff 33 33 33 ff 33 33  |3.333.333.333.33|
*
00077540  33 ff 00 00 00 00 00 00  00 00 00 00 00 00 00 00  |3...............|
00077550  00 00 00 00 00 00 00 00  00 00 00 00 00 00 00 00  |................|
*
000775a0  00 00 00 00 00 00 00 00  00 00 00 00 00 00 33 33  |..............33|
000775b0  33 ff 33 33 33 ff 33 33  33 ff 33 33 33 ff 33 33  |3.333.333.333.33|
*
000775e0  33 ff 33 33 33 ff 33 33  33 ff 32 32 32 d8 3f 3f  |3.333.333.222.??|
000775f0  3f 04 00 00 00 00 00 00  00 00 00 00 00 00 00 00  |?...............|
00077600  00 00 00 00 00 00 00 00  00 00 00 00 00 00 00 00  |................|
*
00077650  00 00 00 00 00 00 00 00  00 01 32 32 32 f7 33 33  |..........222.33|
00077660  33 ff 33 33 33 ff 33 33  33 ff 33 33 33 ff 33 33  |3.333.333.333.33|
*
000776d0  33 ff 33 33 33 ff 33 33  33 ff 00 00 00 00 00 00  |3.333.333.......|
000776e0  00 00 00 00 00 00 00 00  00 00 00 00 00 00 00 00  |................|
*
00077790  00 00 00 00 00 00 00 00  00 00 33 33 33 ff 33 33  |..........333.33|
000777a0  33 ff 33 33 33 ff 33 33  33 ff 33 33 33 ff 33 33  |3.333.333.333.33|
*
000777d0  33 ff 33 33 33 ff 33 33  33 ff 00 00 00 00 00 00  |3.333.333.......|
000777e0  00 00 00 00 00 00 00 00  00 00 00 00 00 00 00 00  |................|
*
00077930  00 00 00 00 00 00 00 00  00 00 33 33 33 ff 33 33  |..........333.33|
00077940  33 ff 33 33 33 ff 33 33  33 ff 33 33 33 ff 33 33  |3.333.333.333.33|
*
000779c0  33 ff 33 33 33 ff 33 33  33 ff 33 33 33 ff 00 00  |3.333.333.333...|
000779d0  00 00 00 00 00 00 00 00  00 00 00 00 00 00 00 00  |................|
*
00077a30  00 00 00 00 00 00 33 33  33 ff 33 33 33 ff 33 33  |......333.333.33|
00077a40  33 ff 33 33 33 ff 33 33  33 ff 33 33 33 ff 33 33  |3.333.333.333.33|
*
00077a60  33 ff 33 33 33 ff 33 33  33 ff 33 33 33 fe 33 33  |3.333.333.333.33|
00077a70  33 c3 33 33 33 41 00 00  00 00 00 00 00 00 00 00  |3.333A..........|
00077a80  00 00 00 00 00 00 00 00  00 00 00 00 00 00 00 00  |................|
*
00077ae0  00 00 33 33 33 9b 33 33  33 ff 33 33 33 ff 33 33  |..333.333.333.33|
00077af0  33 ff 33 33 33 ff 33 33  33 ff 33 33 33 ff 33 33  |3.333.333.333.33|
*
00077b30  33 ff 33 33 33 ff 33 33  33 ff 00 00 00 00 00 00  |3.333.333.......|
00077b40  00 00 00 00 00 00 00 00  00 00 00 00 00 00 00 00  |................|
*
00077b90  00 00 33 33 33 c7 33 33  33 ff 32 32 32 b1 00 00  |..333.333.222...|
00077ba0  00 00 00 00 00 00 00 00  00 00 00 00 00 00 00 00  |................|
*
00077be0  00 00 00 00 00 00 00 00  00 00 00 00 00 00 32 32  |..............22|
00077bf0  32 d8 33 33 33 ff 33 33  33 ff 33 33 33 ff 33 33  |2.333.333.333.33|
00077c00  33 ff 33 33 33 ff 33 33  33 ff 33 33 33 ff 33 33  |3.333.333.333.33|
*
00077c30  33 ff 33 33 33 ff 33 33  33 ff 33 33 33 b4 00 00  |3.333.333.333...|
00077c40  00 00 00 00 00 00 00 00  00 00 00 00 00 00 00 00  |................|
*
00077c80  00 00 00 00 00 00 33 33  33 32 33 33 33 ff 33 33  |......3332333.33|
00077c90  33 ff 33 33 33 68 00 00  00 00 00 00 00 00 00 00  |3.333h..........|
00077ca0  00 00 00 00 00 00 00 00  00 00 00 00 00 00 00 00  |................|
*
00077cf0  00 00 33 33 33 ff 33 33  33 ff 33 33 33 ff 33 33  |..333.333.333.33|
00077d00  33 ff 33 33 33 ff 33 33  33 ff 33 33 33 ff 33 33  |3.333.333.333.33|
*
00077d40  33 ff 00 00 00 00 00 00  00 00 00 00 00 00 00 00  |3...............|
00077d50  00 00 00 00 00 00 00 00  00 00 00 00 00 00 00 00  |................|
*
00077da0  00 00 00 00 00 00 00 00  00 00 00 00 00 00 33 33  |..............33|
00077db0  33 ff 33 33 33 ff 33 33  33 ff 33 33 33 ff 33 33  |3.333.333.333.33|
*
00077de0  33 ff 33 33 33 ff 33 33  33 ff 33 33 33 ff 31 31  |3.333.333.333.11|
00077df0  31 48 00 00 00 00 00 00  00 00 00 00 00 00 00 00  |1H..............|
00077e00  00 00 00 00 00 00 00 00  00 00 00 00 00 00 00 00  |................|
*
00077e50  00 00 00 00 00 00 00 00  00 00 33 33 33 da 33 33  |..........333.33|
00077e60  33 ff 33 33 33 ff 33 33  33 ff 33 33 33 ff 33 33  |3.333.333.333.33|
*
00077ed0  33 ff 33 33 33 ff 33 33  33 ff 00 00 00 00 00 00  |3.333.333.......|
00077ee0  00 00 00 00 00 00 00 00  00 00 00 00 00 00 00 00  |................|
*
00077f90  00 00 00 00 00 00 00 00  00 00 33 33 33 ff 33 33  |..........333.33|
00077fa0  33 ff 33 33 33 ff 33 33  33 ff 33 33 33 ff 33 33  |3.333.333.333.33|
*
00077fd0  33 ff 33 33 33 ff 33 33  33 ff 00 00 00 00 00 00  |3.333.333.......|
00077fe0  00 00 00 00 00 00 00 00  00 00 00 00 00 00 00 00  |................|
*
00078130  00 00 00 00 00 00 00 00  00 00 33 33 33 ff 33 33  |..........333.33|
00078140  33 ff 33 33 33 ff 33 33  33 ff 33 33 33 ff 33 33  |3.333.333.333.33|
*
000781c0  33 ff 33 33 33 ff 33 33  33 ff 33 33 33 ff 00 00  |3.333.333.333...|
000781d0  00 00 00 00 00 00 00 00  00 00 00 00 00 00 00 00  |................|
*
00078230  00 00 00 00 00 00 33 33  33 ff 33 33 33 ff 33 33  |......333.333.33|
00078240  33 ff 33 33 33 ff 33 33  33 ff 33 33 33 ff 33 33  |3.333.333.333.33|
*
00078270  33 ff 33 33 33 ff 33 33  33 9e 33 33 33 05 00 00  |3.333.333.333...|
00078280  00 00 00 00 00 00 00 00  00 00 00 00 00 00 00 00  |................|
*
000782e0  00 00 33 33 33 14 32 32  32 f6 33 33 33 ff 33 33  |..333.222.333.33|
000782f0  33 ff 33 33 33 ff 33 33  33 ff 33 33 33 ff 33 33  |3.333.333.333.33|
*
00078330  33 ff 33 33 33 ff 33 33  33 ff 00 00 00 00 00 00  |3.333.333.......|
00078340  00 00 00 00 00 00 00 00  00 00 00 00 00 00 00 00  |................|
*
00078390  00 00 32 32 32 d8 33 33  33 ff 33 33 33 68 00 00  |..222.333.333h..|
000783a0  00 00 00 00 00 00 00 00  00 00 00 00 00 00 00 00  |................|
*
000783e0  00 00 00 00 00 00 00 00  00 00 31 31 31 24 33 33  |..........111$33|
000783f0  33 ff 33 33 33 ff 33 33  33 ff 33 33 33 ff 33 33  |3.333.333.333.33|
*
00078430  33 ff 33 33 33 ff 33 33  33 ff 32 32 32 f6 38 38  |3.333.333.222.88|
00078440  38 09 00 00 00 00 00 00  00 00 00 00 00 00 00 00  |8...............|
00078450  00 00 00 00 00 00 00 00  00 00 00 00 00 00 00 00  |................|
*
00078480  00 00 00 00 00 00 00 00  00 01 32 32 32 e7 33 33  |..........222.33|
00078490  33 ff 32 32 32 74 00 00  00 00 00 00 00 00 00 00  |3.222t..........|
000784a0  00 00 00 00 00 00 00 00  00 00 00 00 00 00 00 00  |................|
*
000784f0  00 00 33 33 33 ff 33 33  33 ff 33 33 33 ff 33 33  |..333.333.333.33|
00078500  33 ff 33 33 33 ff 33 33  33 ff 33 33 33 ff 33 33  |3.333.333.333.33|
*
00078540  33 ff 00 00 00 00 00 00  00 00 00 00 00 00 00 00  |3...............|
00078550  00 00 00 00 00 00 00 00  00 00 00 00 00 00 00 00  |................|
*
000785a0  00 00 00 00 00 00 00 00  00 00 00 00 00 00 33 33  |..............33|
000785b0  33 ff 33 33 33 ff 33 33  33 ff 33 33 33 ff 33 33  |3.333.333.333.33|
*
000785e0  33 ff 33 33 33 ff 33 33  33 ff 33 33 33 ff 32 32  |3.333.333.333.22|
000785f0  32 8d 00 00 00 00 00 00  00 00 00 00 00 00 00 00  |2...............|
00078600  00 00 00 00 00 00 00 00  00 00 00 00 00 00 00 00  |................|
*
00078650  00 00 00 00 00 00 00 00  00 00 33 33 33 bc 33 33  |..........333.33|
00078660  33 ff 33 33 33 ff 33 33  33 ff 33 33 33 ff 33 33  |3.333.333.333.33|
*
000786d0  33 ff 33 33 33 ff 33 33  33 ff 00 00 00 00 00 00  |3.333.333.......|
000786e0  00 00 00 00 00 00 00 00  00 00 00 00 00 00 00 00  |................|
*
00078790  00 00 00 00 00 00 00 00  00 00 33 33 33 ff 33 33  |..........333.33|
000787a0  33 ff 33 33 33 ff 33 33  33 ff 33 33 33 ff 33 33  |3.333.333.333.33|
*
000787d0  33 ff 33 33 33 ff 33 33  33 ff 00 00 00 00 00 00  |3.333.333.......|
000787e0  00 00 00 00 00 00 00 00  00 00 00 00 00 00 00 00  |................|
*
00078930  00 00 00 00 00 00 00 00  00 00 33 33 33 ff 33 33  |..........333.33|
00078940  33 ff 33 33 33 ff 33 33  33 ff 33 33 33 ff 33 33  |3.333.333.333.33|
*
000789c0  33 ff 33 33 33 ff 33 33  33 ff 33 33 33 ff 00 00  |3.333.333.333...|
000789d0  00 00 00 00 00 00 00 00  00 00 00 00 00 00 00 00  |................|
*
00078a30  00 00 00 00 00 00 33 33  33 ff 33 33 33 ff 33 33  |......333.333.33|
00078a40  33 ff 33 33 33 ff 33 33  33 ff 33 33 33 ff 33 33  |3.333.333.333.33|
*
00078a70  33 ff 33 33 33 ff 33 33  33 ff 33 33 33 b3 55 55  |3.333.333.333.UU|
00078a80  55 03 00 00 00 00 00 00  00 00 00 00 00 00 00 00  |U...............|
00078a90  00 00 00 00 00 00 00 00  00 00 00 00 00 00 00 00  |................|
*
00078ae0  00 00 00 00 00 00 33 33  33 a0 33 33 33 ff 33 33  |......333.333.33|
00078af0  33 ff 33 33 33 ff 33 33  33 ff 33 33 33 ff 33 33  |3.333.333.333.33|
*
00078b30  33 ff 33 33 33 ff 33 33  33 ff 00 00 00 00 00 00  |3.333.333.......|
00078b40  00 00 00 00 00 00 00 00  00 00 00 00 00 00 00 00  |................|
*
00078b90  00 00 32 32 32 e8 33 33  33 ff 31 31 31 1f 00 00  |..222.333.111...|
00078ba0  00 00 00 00 00 00 00 00  00 00 00 00 00 00 00 00  |................|
*
00078be0  00 00 00 00 00 00 00 00  00 00 32 32 32 70 33 33  |..........222p33|
00078bf0  33 ff 33 33 33 ff 33 33  33 ff 33 33 33 ff 33 33  |3.333.333.333.33|
*
00078c30  33 ff 33 33 33 ff 33 33  33 ff 33 33 33 ff 34 34  |3.333.333.333.44|
00078c40  34 49 00 00 00 00 00 00  00 00 00 00 00 00 00 00  |4I..............|
00078c50  00 00 00 00 00 00 00 00  00 00 00 00 00 00 00 00  |................|
*
00078c80  00 00 00 00 00 00 00 00  00 00 32 32 32 a1 33 33  |..........222.33|
00078c90  33 ff 32 32 32 7f 00 00  00 00 00 00 00 00 00 00  |3.222...........|
00078ca0  00 00 00 00 00 00 00 00  00 00 00 00 00 00 00 00  |................|
*
00078cf0  00 00 33 33 33 ff 33 33  33 ff 33 33 33 ff 33 33  |..333.333.333.33|
00078d00  33 ff 33 33 33 ff 33 33  33 ff 33 33 33 ff 33 33  |3.333.333.333.33|
*
00078d40  33 ff 00 00 00 00 00 00  00 00 00 00 00 00 00 00  |3...............|
00078d50  00 00 00 00 00 00 00 00  00 00 00 00 00 00 00 00  |................|
*
00078da0  00 00 00 00 00 00 00 00  00 00 00 00 00 00 33 33  |..............33|
00078db0  33 ff 33 33 33 ff 33 33  33 ff 33 33 33 ff 33 33  |3.333.333.333.33|
*
00078de0  33 ff 33 33 33 ff 33 33  33 ff 33 33 33 ff 32 32  |3.333.333.333.22|
00078df0  32 ce 00 00 00 00 00 00  00 00 00 00 00 00 00 00  |2...............|
00078e00  00 00 00 00 00 00 00 00  00 00 00 00 00 00 00 00  |................|
*
00078e50  00 00 00 00 00 00 00 00  00 00 33 33 33 af 33 33  |..........333.33|
00078e60  33 ff 33 33 33 ff 33 33  33 ff 33 33 33 ff 33 33  |3.333.333.333.33|
*
00078ed0  33 ff 33 33 33 ff 33 33  33 ff 00 00 00 00 00 00  |3.333.333.......|
00078ee0  00 00 00 00 00 00 00 00  00 00 00 00 00 00 00 00  |................|
*
00078f90  00 00 00 00 00 00 00 00  00 00 33 33 33 ff 33 33  |..........333.33|
00078fa0  33 ff 33 33 33 ff 33 33  33 ff 33 33 33 ff 33 33  |3.333.333.333.33|
*
00078fd0  33 ff 33 33 33 ff 33 33  33 ff 00 00 00 00 00 00  |3.333.333.......|
00078fe0  00 00 00 00 00 00 00 00  00 00 00 00 00 00 00 00  |................|
*
00079130  00 00 00 00 00 00 00 00  00 00 33 33 33 ff 33 33  |..........333.33|
00079140  33 ff 33 33 33 ff 33 33  33 ff 33 33 33 ff 33 33  |3.333.333.333.33|
*
000791c0  33 ff 33 33 33 ff 33 33  33 ff 33 33 33 ff 00 00  |3.333.333.333...|
000791d0  00 00 00 00 00 00 00 00  00 00 00 00 00 00 00 00  |................|
*
00079230  00 00 00 00 00 00 33 33  33 ff 33 33 33 ff 33 33  |......333.333.33|
00079240  33 ff 33 33 33 ff 33 33  33 ff 33 33 33 ff 33 33  |3.333.333.333.33|
*
00079270  33 ff 33 33 33 ff 33 33  33 ff 33 33 33 ff 32 32  |3.333.333.333.22|
00079280  32 70 00 00 00 00 00 00  00 00 00 00 00 00 00 00  |2p..............|
00079290  00 00 00 00 00 00 00 00  00 00 00 00 00 00 00 00  |................|
*
000792e0  00 00 00 00 00 00 31 31  31 39 33 33 33 ff 33 33  |......1119333.33|
000792f0  33 ff 33 33 33 ff 33 33  33 ff 33 33 33 ff 33 33  |3.333.333.333.33|
*
00079330  33 ff 33 33 33 ff 33 33  33 ff 00 00 00 00 00 00  |3.333.333.......|
00079340  00 00 00 00 00 00 00 00  00 00 00 00 00 00 00 00  |................|
*
00079390  00 00 33 33 33 f8 33 33  33 d5 00 00 00 00 00 00  |..333.333.......|
000793a0  00 00 00 00 00 00 00 00  00 00 00 00 00 00 00 00  |................|
*
000793e0  00 00 00 00 00 00 00 00  00 00 32 32 32 bb 33 33  |..........222.33|
000793f0  33 ff 33 33 33 ff 33 33  33 ff 33 33 33 ff 33 33  |3.333.333.333.33|
*
00079430  33 ff 33 33 33 ff 33 33  33 ff 33 33 33 ff 32 32  |3.333.333.333.22|
00079440  32 92 00 00 00 00 00 00  00 00 00 00 00 00 00 00  |2...............|
00079450  00 00 00 00 00 00 00 00  00 00 00 00 00 00 00 00  |................|
*
00079480  00 00 00 00 00 00 00 00  00 00 33 33 33 59 33 33  |..........333Y33|
00079490  33 ff 33 33 33 8a 00 00  00 00 00 00 00 00 00 00  |3.333...........|
000794a0  00 00 00 00 00 00 00 00  00 00 00 00 00 00 00 00  |................|
*
000794f0  00 00 33 33 33 ff 33 33  33 ff 33 33 33 ff 33 33  |..333.333.333.33|
00079500  33 ff 33 33 33 ff 33 33  33 ff 33 33 33 ff 33 33  |3.333.333.333.33|
*
00079540  33 ff 00 00 00 00 00 00  00 00 00 00 00 00 00 00  |3...............|
00079550  00 00 00 00 00 00 00 00  00 00 00 00 00 00 00 00  |................|
*
000795a0  00 00 00 00 00 00 00 00  00 00 00 00 00 00 33 33  |..............33|
000795b0  33 ff 33 33 33 ff 33 33  33 ff 33 33 33 ff 33 33  |3.333.333.333.33|
*
000795f0  33 ea 00 00 00 00 00 00  00 00 00 00 00 00 00 00  |3...............|
00079600  00 00 00 00 00 00 00 00  00 00 00 00 00 00 00 00  |................|
*
00079650  00 00 00 00 00 00 00 00  00 00 33 33 33 a5 33 33  |..........333.33|
00079660  33 ff 33 33 33 ff 33 33  33 ff 33 33 33 ff 33 33  |3.333.333.333.33|
*
000796d0  33 ff 33 33 33 ff 33 33  33 ff 00 00 00 00 00 00  |3.333.333.......|
000796e0  00 00 00 00 00 00 00 00  00 00 00 00 00 00 00 00  |................|
*
00079790  00 00 00 00 00 00 00 00  00 00 33 33 33 ff 33 33  |..........333.33|
000797a0  33 ff 33 33 33 ff 33 33  33 ff 33 33 33 ff 33 33  |3.333.333.333.33|
*
000797d0  33 ff 33 33 33 ff 33 33  33 ff 00 00 00 00 00 00  |3.333.333.......|
000797e0  00 00 00 00 00 00 00 00  00 00 00 00 00 00 00 00  |................|
*
00079930  00 00 00 00 00 00 00 00  00 00 33 33 33 ff 33 33  |..........333.33|
00079940  33 ff 33 33 33 ff 33 33  33 ff 33 33 33 ff 33 33  |3.333.333.333.33|
*
000799c0  33 ff 33 33 33 ff 33 33  33 ff 33 33 33 ff 00 00  |3.333.333.333...|
000799d0  00 00 00 00 00 00 00 00  00 00 00 00 00 00 00 00  |................|
*
00079a30  00 00 00 00 00 00 33 33  33 ff 33 33 33 ff 33 33  |......333.333.33|
00079a40  33 ff 33 33 33 ff 33 33  33 ff 33 33 33 ff 33 33  |3.333.333.333.33|
*
00079a80  33 f0 24 24 24 07 00 00  00 00 00 00 00 00 00 00  |3.$$$...........|
00079a90  00 00 00 00 00 00 00 00  00 00 00 00 00 00 00 00  |................|
*
00079ae0  00 00 00 00 00 00 00 00  00 00 32 32 32 d3 33 33  |..........222.33|
00079af0  33 ff 33 33 33 ff 33 33  33 ff 33 33 33 ff 33 33  |3.333.333.333.33|
*
00079b30  33 ff 33 33 33 ff 33 33  33 ff 00 00 00 00 00 00  |3.333.333.......|
00079b40  00 00 00 00 00 00 00 00  00 00 00 00 00 00 00 00  |................|
*
00079b80  00 00 00 00 00 00 00 00  00 00 00 00 00 00 38 38  |..............88|
00079b90  38 09 33 33 33 ff 32 32  32 8d 00 00 00 00 00 00  |8.333.222.......|
00079ba0  00 00 00 00 00 00 00 00  00 00 00 00 00 00 00 00  |................|
*
00079be0  00 00 00 00 00 00 3a 3a  3a 0d 33 33 33 f9 33 33  |......:::.333.33|
00079bf0  33 ff 33 33 33 ff 33 33  33 ff 33 33 33 ff 33 33  |3.333.333.333.33|
*
00079c30  33 ff 33 33 33 ff 33 33  33 ff 33 33 33 ff 32 32  |3.333.333.333.22|
00079c40  32 dd 00 00 00 00 00 00  00 00 00 00 00 00 00 00  |2...............|
00079c50  00 00 00 00 00 00 00 00  00 00 00 00 00 00 00 00  |................|
*
00079c80  00 00 00 00 00 00 00 00  00 00 35 35 35 13 32 32  |..........555.22|
00079c90  32 fc 32 32 32 97 00 00  00 00 00 00 00 00 00 00  |2.222...........|
00079ca0  00 00 00 00 00 00 00 00  00 00 00 00 00 00 00 00  |................|
*
00079cf0  00 00 33 33 33 ff 33 33  33 ff 33 33 33 ff 33 33  |..333.333.333.33|
00079d00  33 ff 33 33 33 ff 33 33  33 ff 33 33 33 ff 33 33  |3.333.333.333.33|
*
00079d40  33 ff 00 00 00 00 00 00  00 00 00 00 00 00 00 00  |3...............|
00079d50  00 00 00 00 00 00 00 00  00 00 00 00 00 00 00 00  |................|
*
00079da0  00 00 00 00 00 00 00 00  00 00 00 00 00 00 33 33  |..............33|
00079db0  33 ff 33 33 33 ff 33 33  33 ff 33 33 33 ff 33 33  |3.333.333.333.33|
*
00079de0  33 ff 33 33 33 ff 33 33  33 ff 33 33 33 ff 32 32  |3.333.333.333.22|
00079df0  32 fc 55 55 55 03 00 00  00 00 00 00 00 00 00 00  |2.UUU...........|
00079e00  00 00 00 00 00 00 00 00  00 00 00 00 00 00 00 00  |................|
*
00079e50  00 00 00 00 00 00 00 00  00 00 33 33 33 9b 33 33  |..........333.33|
00079e60  33 ff 33 33 33 ff 33 33  33 ff 33 33 33 ff 33 33  |3.333.333.333.33|
*
00079ed0  33 ff 33 33 33 ff 33 33  33 ff 00 00 00 00 00 00  |3.333.333.......|
00079ee0  00 00 00 00 00 00 00 00  00 00 00 00 00 00 00 00  |................|
*
00079f90  00 00 00 00 00 00 00 00  00 00 33 33 33 ff 33 33  |..........333.33|
00079fa0  33 ff 33 33 33 ff 33 33  33 ff 33 33 33 ff 33 33  |3.333.333.333.33|
*
00079fd0  33 ff 33 33 33 ff 33 33  33 ff 00 00 00 00 00 00  |3.333.333.......|
00079fe0  00 00 00 00 00 00 00 00  00 00 00 00 00 00 00 00  |................|
*
0007a130  00 00 00 00 00 00 00 00  00 00 33 33 33 ff 33 33  |..........333.33|
0007a140  33 ff 33 33 33 ff 33 33  33 ff 33 33 33 ff 33 33  |3.333.333.333.33|
*
0007a1c0  33 ff 33 33 33 ff 33 33  33 ff 33 33 33 ff 00 00  |3.333.333.333...|
0007a1d0  00 00 00 00 00 00 00 00  00 00 00 00 00 00 00 00  |................|
*
0007a230  00 00 00 00 00 00 33 33  33 ff 33 33 33 ff 33 33  |......333.333.33|
0007a240  33 ff 33 33 33 ff 33 33  33 ff 33 33 33 ff 33 33  |3.333.333.333.33|
*
0007a280  33 ff 33 33 33 4b 00 00  00 00 00 00 00 00 00 00  |3.333K..........|
0007a290  00 00 00 00 00 00 00 00  00 00 00 00 00 00 00 00  |................|
*
0007a2e0  00 00 00 00 00 00 00 00  00 00 33 33 33 90 33 33  |..........333.33|
0007a2f0  33 ff 33 33 33 ff 33 33  33 ff 33 33 33 ff 33 33  |3.333.333.333.33|
*
0007a330  33 ff 33 33 33 ff 33 33  33 ff 00 00 00 00 00 00  |3.333.333.......|
0007a340  00 00 00 00 00 00 00 00  00 00 00 00 00 00 00 00  |................|
*
0007a380  00 00 00 00 00 00 00 00  00 00 00 00 00 00 31 31  |..............11|
0007a390  31 1a 33 33 33 ff 34 34  34 44 00 00 00 00 00 00  |1.333.444D......|
0007a3a0  00 00 00 00 00 00 00 00  00 00 00 00 00 00 00 00  |................|
*
0007a3e0  00 00 00 00 00 00 34 34  34 53 33 33 33 ff 33 33  |......444S333.33|
0007a3f0  33 ff 33 33 33 ff 33 33  33 ff 33 33 33 ff 33 33  |3.333.333.333.33|
*
0007a440  33 ff 33 33 33 28 00 00  00 00 00 00 00 00 00 00  |3.333(..........|
0007a450  00 00 00 00 00 00 00 00  00 00 00 00 00 00 00 00  |................|
*
0007a480  00 00 00 00 00 00 00 00  00 00 00 00 00 00 33 33  |..............33|
0007a490  33 c8 32 32 32 a2 00 00  00 00 00 00 00 00 00 00  |3.222...........|
0007a4a0  00 00 00 00 00 00 00 00  00 00 00 00 00 00 00 00  |................|
*
0007a4f0  00 00 33 33 33 ff 33 33  33 ff 33 33 33 ff 33 33  |..333.333.333.33|
0007a500  33 ff 33 33 33 ff 33 33  33 ff 33 33 33 ff 33 33  |3.333.333.333.33|
*
0007a540  33 ff 00 00 00 00 00 00  00 00 00 00 00 00 00 00  |3...............|
0007a550  00 00 00 00 00 00 00 00  00 00 00 00 00 00 00 00  |................|
*
0007a5a0  00 00 00 00 00 00 00 00  00 00 00 00 00 00 33 33  |..............33|
0007a5b0  33 ff 33 33 33 ff 33 33  33 ff 33 33 33 ff 33 33  |3.333.333.333.33|
*
0007a5f0  33 ff 2e 2e 2e 0b 00 00  00 00 00 00 00 00 00 00  |3...............|
0007a600  00 00 00 00 00 00 00 00  00 00 00 00 00 00 00 00  |................|
*
0007a650  00 00 00 00 00 00 00 00  00 00 32 32 32 93 33 33  |..........222.33|
0007a660  33 ff 33 33 33 ff 33 33  33 ff 33 33 33 ff 33 33  |3.333.333.333.33|
*
0007a6d0  33 ff 33 33 33 ff 33 33  33 ff 00 00 00 00 00 00  |3.333.333.......|
0007a6e0  00 00 00 00 00 00 00 00  00 00 00 00 00 00 00 00  |................|
*
0007a790  00 00 00 00 00 00 00 00  00 00 33 33 33 ff 33 33  |..........333.33|
0007a7a0  33 ff 33 33 33 ff 33 33  33 ff 33 33 33 ff 33 33  |3.333.333.333.33|
*
0007a7d0  33 ff 33 33 33 ff 33 33  33 ff 00 00 00 00 00 00  |3.333.333.......|
0007a7e0  00 00 00 00 00 00 00 00  00 00 00 00 00 00 00 00  |................|
*
0007a930  00 00 00 00 00 00 00 00  00 00 33 33 33 ff 33 33  |..........333.33|
0007a940  33 ff 33 33 33 ff 33 33  33 ff 33 33 33 ff 33 33  |3.333.333.333.33|
*
0007a9c0  33 ff 33 33 33 ff 33 33  33 ff 33 33 33 ff 00 00  |3.333.333.333...|
0007a9d0  00 00 00 00 00 00 00 00  00 00 00 00 00 00 00 00  |................|
*
0007aa30  00 00 00 00 00 00 33 33  33 ff 33 33 33 ff 33 33  |......333.333.33|
0007aa40  33 ff 33 33 33 ff 33 33  33 ff 33 33 33 ff 33 33  |3.333.333.333.33|
*
0007aa80  33 ff 32 32 32 7e 00 00  00 00 00 00 00 00 00 00  |3.222~..........|
0007aa90  00 00 00 00 00 00 00 00  00 00 00 00 00 00 00 00  |................|
*
0007aae0  00 00 00 00 00 00 00 00  00 00 34 34 34 58 33 33  |..........444X33|
0007aaf0  33 ff 33 33 33 ff 33 33  33 ff 33 33 33 ff 33 33  |3.333.333.333.33|
*
0007ab30  33 ff 33 33 33 ff 33 33  33 ff 00 00 00 00 00 00  |3.333.333.......|
0007ab40  00 00 00 00 00 00 00 00  00 00 00 00 00 00 00 00  |................|
*
0007ab80  00 00 00 00 00 00 00 00  00 00 00 00 00 00 30 30  |..............00|
0007ab90  30 2a 33 33 33 f4 24 24  24 07 00 00 00 00 00 00  |0*333.$$$.......|
0007aba0  00 00 00 00 00 00 00 00  00 00 00 00 00 00 00 00  |................|
*
0007abe0  00 00 00 00 00 00 33 33  33 9e 33 33 33 ff 33 33  |......333.333.33|
0007abf0  33 ff 33 33 33 ff 33 33  33 ff 33 33 33 ff 33 33  |3.333.333.333.33|
*
0007ac40  33 ff 33 33 33 72 00 00  00 00 00 00 00 00 00 00  |3.333r..........|
0007ac50  00 00 00 00 00 00 00 00  00 00 00 00 00 00 00 00  |................|
*
0007ac80  00 00 00 00 00 00 00 00  00 00 00 00 00 00 33 33  |..............33|
0007ac90  33 80 33 33 33 ad 00 00  00 00 00 00 00 00 00 00  |3.333...........|
0007aca0  00 00 00 00 00 00 00 00  00 00 00 00 00 00 00 00  |................|
*
0007acf0  00 00 33 33 33 ff 33 33  33 ff 33 33 33 ff 33 33  |..333.333.333.33|
0007ad00  33 ff 33 33 33 ff 33 33  33 ff 33 33 33 ff 33 33  |3.333.333.333.33|
*
0007ad40  33 ff 00 00 00 00 00 00  00 00 00 00 00 00 00 00  |3...............|
0007ad50  00 00 00 00 00 00 00 00  00 00 00 00 00 00 00 00  |................|
*
0007ada0  00 00 00 00 00 00 00 00  00 00 00 00 00 00 33 33  |..............33|
0007adb0  33 ff 33 33 33 ff 33 33  33 ff 33 33 33 ff 33 33  |3.333.333.333.33|
*
0007adf0  33 fa 00 00 00 01 00 00  00 00 00 00 00 00 00 00  |3...............|
0007ae00  00 00 00 00 00 00 00 00  00 00 00 00 00 00 00 00  |................|
*
0007ae50  00 00 00 00 00 00 00 00  00 00 33 33 33 9b 33 33  |..........333.33|
0007ae60  33 ff 33 33 33 ff 33 33  33 ff 33 33 33 ff 33 33  |3.333.333.333.33|
*
0007aed0  33 ff 33 33 33 ff 33 33  33 ff 00 00 00 00 00 00  |3.333.333.......|
0007aee0  00 00 00 00 00 00 00 00  00 00 00 00 00 00 00 00  |................|
*
0007af90  00 00 00 00 00 00 00 00  00 00 33 33 33 ff 33 33  |..........333.33|
0007afa0  33 ff 33 33 33 ff 33 33  33 ff 33 33 33 ff 33 33  |3.333.333.333.33|
*
0007afd0  33 ff 33 33 33 ff 33 33  33 ff 00 00 00 00 00 00  |3.333.333.......|
0007afe0  00 00 00 00 00 00 00 00  00 00 00 00 00 00 00 00  |................|
*
0007b130  00 00 00 00 00 00 00 00  00 00 33 33 33 ff 33 33  |..........333.33|
0007b140  33 ff 33 33 33 ff 33 33  33 ff 33 33 33 ff 33 33  |3.333.333.333.33|
*
0007b1c0  33 ff 33 33 33 ff 33 33  33 ff 33 33 33 ff 00 00  |3.333.333.333...|
0007b1d0  00 00 00 00 00 00 00 00  00 00 00 00 00 00 00 00  |................|
*
0007b230  00 00 00 00 00 00 33 33  33 ff 33 33 33 ff 33 33  |......333.333.33|
0007b240  33 ff 33 33 33 ff 33 33  33 ff 33 33 33 ff 33 33  |3.333.333.333.33|
*
0007b280  33 ff 33 33 33 95 00 00  00 00 00 00 00 00 00 00  |3.333...........|
0007b290  00 00 00 00 00 00 00 00  00 00 00 00 00 00 00 00  |................|
*
0007b2e0  00 00 00 00 00 00 00 00  00 00 33 33 33 1e 33 33  |..........333.33|
0007b2f0  33 ff 33 33 33 ff 33 33  33 ff 33 33 33 ff 33 33  |3.333.333.333.33|
*
0007b330  33 ff 33 33 33 ff 33 33  33 ff 00 00 00 00 00 00  |3.333.333.......|
0007b340  00 00 00 00 00 00 00 00  00 00 00 00 00 00 00 00  |................|
*
0007b380  00 00 00 00 00 00 00 00  00 00 00 00 00 00 34 34  |..............44|
0007b390  34 3a 32 32 32 b1 00 00  00 00 00 00 00 00 00 00  |4:222...........|
0007b3a0  00 00 00 00 00 00 00 00  00 00 00 00 00 00 00 00  |................|
*
0007b3e0  00 00 00 00 00 02 32 32  32 e7 33 33 33 ff 33 33  |......222.333.33|
0007b3f0  33 ff 33 33 33 ff 33 33  33 ff 33 33 33 ff 33 33  |3.333.333.333.33|
*
0007b440  33 ff 32 32 32 bb 00 00  00 00 00 00 00 00 00 00  |3.222...........|
0007b450  00 00 00 00 00 00 00 00  00 00 00 00 00 00 00 00  |................|
*
0007b480  00 00 00 00 00 00 00 00  00 00 00 00 00 00 31 31  |..............11|
0007b490  31 39 33 33 33 b9 00 00  00 00 00 00 00 00 00 00  |19333...........|
0007b4a0  00 00 00 00 00 00 00 00  00 00 00 00 00 00 00 00  |................|
*
0007b4f0  00 00 33 33 33 ff 33 33  33 ff 33 33 33 ff 33 33  |..333.333.333.33|
0007b500  33 ff 33 33 33 ff 33 33  33 ff 33 33 33 ff 33 33  |3.333.333.333.33|
*
0007b540  33 ff 00 00 00 00 00 00  00 00 00 00 00 00 00 00  |3...............|
0007b550  00 00 00 00 00 00 00 00  00 00 00 00 00 00 00 00  |................|
*
0007b5a0  00 00 00 00 00 00 00 00  00 00 00 00 00 00 33 33  |..............33|
0007b5b0  33 ff 33 33 33 ff 33 33  33 ff 33 33 33 ff 33 33  |3.333.333.333.33|
*
0007b5e0  33 ff 33 33 33 ff 33 33  33 ff 33 33 33 ff 32 32  |3.333.333.333.22|
0007b5f0  32 e2 00 00 00 00 00 00  00 00 00 00 00 00 00 00  |2...............|
0007b600  00 00 00 00 00 00 00 00  00 00 00 00 00 00 00 00  |................|
*
0007b650  00 00 00 00 00 00 00 00  00 00 32 32 32 a6 33 33  |..........222.33|
0007b660  33 ff 33 33 33 ff 33 33  33 ff 33 33 33 ff 33 33  |3.333.333.333.33|
*
0007b6d0  33 ff 33 33 33 ff 33 33  33 ff 00 00 00 00 00 00  |3.333.333.......|
0007b6e0  00 00 00 00 00 00 00 00  00 00 00 00 00 00 00 00  |................|
*
0007b790  00 00 00 00 00 00 00 00  00 00 33 33 33 ff 33 33  |..........333.33|
0007b7a0  33 ff 33 33 33 ff 33 33  33 ff 33 33 33 ff 33 33  |3.333.333.333.33|
*
0007b7d0  33 ff 33 33 33 ff 33 33  33 ff 00 00 00 00 00 00  |3.333.333.......|
0007b7e0  00 00 00 00 00 00 00 00  00 00 00 00 00 00 00 00  |................|
*
0007b930  00 00 00 00 00 00 00 00  00 00 33 33 33 ff 33 33  |..........333.33|
0007b940  33 ff 33 33 33 ff 33 33  33 ff 33 33 33 ff 33 33  |3.333.333.333.33|
*
0007b9c0  33 ff 33 33 33 ff 33 33  33 ff 33 33 33 ff 00 00  |3.333.333.333...|
0007b9d0  00 00 00 00 00 00 00 00  00 00 00 00 00 00 00 00  |................|
*
0007ba30  00 00 00 00 00 00 33 33  33 ff 33 33 33 ff 33 33  |......333.333.33|
0007ba40  33 ff 33 33 33 ff 33 33  33 ff 33 33 33 ff 33 33  |3.333.333.333.33|
*
0007ba80  33 ff 32 32 32 98 00 00  00 00 00 00 00 00 00 00  |3.222...........|
0007ba90  00 00 00 00 00 00 00 00  00 00 00 00 00 00 00 00  |................|
*
0007bae0  00 00 00 00 00 00 00 00  00 00 00 00 00 00 33 33  |..............33|
0007baf0  33 ee 33 33 33 ff 33 33  33 ff 33 33 33 ff 33 33  |3.333.333.333.33|
0007bb00  33 ff 33 33 33 ff 33 33  33 ff 33 33 33 ff 33 33  |3.333.333.333.33|
*
0007bb30  33 ff 33 33 33 ff 33 33  33 ff 00 00 00 00 00 00  |3.333.333.......|
0007bb40  00 00 00 00 00 00 00 00  00 00 00 00 00 00 00 00  |................|
*
0007bb80  00 00 00 00 00 00 00 00  00 00 00 00 00 00 33 33  |..............33|
0007bb90  33 4a 33 33 33 68 00 00  00 00 00 00 00 00 00 00  |3J333h..........|
0007bba0  00 00 00 00 00 00 00 00  00 00 00 00 00 00 00 00  |................|
*
0007bbe0  00 00 33 33 33 36 33 33  33 ff 33 33 33 ff 33 33  |..3336333.333.33|
0007bbf0  33 ff 33 33 33 ff 33 33  33 ff 33 33 33 ff 33 33  |3.333.333.333.33|
*
0007bc40  33 ff 33 33 33 f9 3a 3a  3a 0d 00 00 00 00 00 00  |3.333.:::.......|
0007bc50  00 00 00 00 00 00 00 00  00 00 00 00 00 00 00 00  |................|
*
0007bc80  00 00 00 00 00 00 00 00  00 00 00 00 00 00 55 55  |..............UU|
0007bc90  55 03 33 33 33 b3 00 00  00 00 00 00 00 00 00 00  |U.333...........|
0007bca0  00 00 00 00 00 00 00 00  00 00 00 00 00 00 00 00  |................|
*
0007bcf0  00 00 33 33 33 ff 33 33  33 ff 33 33 33 ff 33 33  |..333.333.333.33|
0007bd00  33 ff 33 33 33 ff 33 33  33 ff 33 33 33 ff 33 33  |3.333.333.333.33|
*
0007bd40  33 ff 00 00 00 00 00 00  00 00 00 00 00 00 00 00  |3...............|
0007bd50  00 00 00 00 00 00 00 00  00 00 00 00 00 00 00 00  |................|
*
0007bda0  00 00 00 00 00 00 00 00  00 00 00 00 00 00 33 33  |..............33|
0007bdb0  33 ff 33 33 33 ff 33 33  33 ff 33 33 33 ff 33 33  |3.333.333.333.33|
*
0007bdf0  33 a8 00 00 00 00 00 00  00 00 00 00 00 00 00 00  |3...............|
0007be00  00 00 00 00 00 00 00 00  00 00 00 00 00 00 00 00  |................|
*
0007be50  00 00 00 00 00 00 00 00  00 00 32 32 32 b0 33 33  |..........222.33|
0007be60  33 ff 33 33 33 ff 33 33  33 ff 33 33 33 ff 33 33  |3.333.333.333.33|
*
0007bed0  33 ff 33 33 33 ff 33 33  33 ff 00 00 00 00 00 00  |3.333.333.......|
0007bee0  00 00 00 00 00 00 00 00  00 00 00 00 00 00 00 00  |................|
*
0007bf90  00 00 00 00 00 00 00 00  00 00 33 33 33 ff 33 33  |..........333.33|
0007bfa0  33 ff 33 33 33 ff 33 33  33 ff 33 33 33 ff 33 33  |3.333.333.333.33|
*
0007bfd0  33 ff 33 33 33 ff 33 33  33 ff 00 00 00 00 00 00  |3.333.333.......|
0007bfe0  00 00 00 00 00 00 00 00  00 00 00 00 00 00 00 00  |................|
*
0007c130  00 00 00 00 00 00 00 00  00 00 33 33 33 ff 33 33  |..........333.33|
0007c140  33 ff 33 33 33 ff 33 33  33 ff 33 33 33 ff 33 33  |3.333.333.333.33|
*
0007c1c0  33 ff 33 33 33 ff 33 33  33 ff 33 33 33 ff 00 00  |3.333.333.333...|
0007c1d0  00 00 00 00 00 00 00 00  00 00 00 00 00 00 00 00  |................|
*
0007c230  00 00 00 00 00 00 33 33  33 ff 33 33 33 ff 33 33  |......333.333.33|
0007c240  33 ff 33 33 33 ff 33 33  33 ff 33 33 33 ff 33 33  |3.333.333.333.33|
*
0007c280  33 ff 32 32 32 7e 00 00  00 00 00 00 00 00 00 00  |3.222~..........|
0007c290  00 00 00 00 00 00 00 00  00 00 00 00 00 00 00 00  |................|
*
0007c2e0  00 00 00 00 00 00 00 00  00 00 00 00 00 00 33 33  |..............33|
0007c2f0  33 da 33 33 33 ff 33 33  33 ff 33 33 33 ff 33 33  |3.333.333.333.33|
0007c300  33 ff 33 33 33 ff 33 33  33 ff 33 33 33 ff 33 33  |3.333.333.333.33|
*
0007c330  33 ff 33 33 33 ff 33 33  33 ff 00 00 00 00 00 00  |3.333.333.......|
0007c340  00 00 00 00 00 00 00 00  00 00 00 00 00 00 00 00  |................|
*
0007c3e0  00 00 33 33 33 81 33 33  33 ff 33 33 33 ff 33 33  |..333.333.333.33|
0007c3f0  33 ff 33 33 33 ff 33 33  33 ff 33 33 33 ff 33 33  |3.333.333.333.33|
*
0007c440  33 ff 33 33 33 ff 32 32  32 51 00 00 00 00 00 00  |3.333.222Q......|
0007c450  00 00 00 00 00 00 00 00  00 00 00 00 00 00 00 00  |................|
*
0007c4f0  00 00 33 33 33 ff 33 33  33 ff 33 33 33 ff 33 33  |..333.333.333.33|
0007c500  33 ff 33 33 33 ff 33 33  33 ff 33 33 33 ff 33 33  |3.333.333.333.33|
*
0007c540  33 ff 00 00 00 00 00 00  00 00 00 00 00 00 00 00  |3...............|
0007c550  00 00 00 00 00 00 00 00  00 00 00 00 00 00 00 00  |................|
*
0007c5a0  00 00 00 00 00 00 00 00  00 00 00 00 00 00 33 33  |..............33|
0007c5b0  33 ff 33 33 33 ff 33 33  33 ff 33 33 33 ff 33 33  |3.333.333.333.33|
*
0007c5e0  33 ff 33 33 33 ff 33 33  33 ff 33 33 33 ff 34 34  |3.333.333.333.44|
0007c5f0  34 62 00 00 00 00 00 00  00 00 00 00 00 00 00 00  |4b..............|
0007c600  00 00 00 00 00 00 00 00  00 00 00 00 00 00 00 00  |................|
*
0007c650  00 00 00 00 00 00 00 00  00 00 32 32 32 c4 33 33  |..........222.33|
0007c660  33 ff 33 33 33 ff 33 33  33 ff 33 33 33 ff 33 33  |3.333.333.333.33|
*
0007c6d0  33 ff 33 33 33 ff 33 33  33 ff 00 00 00 00 00 00  |3.333.333.......|
0007c6e0  00 00 00 00 00 00 00 00  00 00 00 00 00 00 00 00  |................|
*
0007c790  00 00 00 00 00 00 00 00  00 00 33 33 33 ff 33 33  |..........333.33|
0007c7a0  33 ff 33 33 33 ff 33 33  33 ff 33 33 33 ff 33 33  |3.333.333.333.33|
*
0007c7d0  33 ff 33 33 33 ff 33 33  33 ff 00 00 00 00 00 00  |3.333.333.......|
0007c7e0  00 00 00 00 00 00 00 00  00 00 00 00 00 00 00 00  |................|
*
0007c930  00 00 00 00 00 00 00 00  00 00 33 33 33 ff 33 33  |..........333.33|
0007c940  33 ff 33 33 33 ff 33 33  33 ff 33 33 33 ff 33 33  |3.333.333.333.33|
*
0007c9c0  33 ff 33 33 33 ff 33 33  33 ff 33 33 33 ff 00 00  |3.333.333.333...|
0007c9d0  00 00 00 00 00 00 00 00  00 00 00 00 00 00 00 00  |................|
*
0007ca30  00 00 00 00 00 00 33 33  33 ff 33 33 33 ff 33 33  |......333.333.33|
0007ca40  33 ff 33 33 33 ff 33 33  33 ff 33 33 33 ff 33 33  |3.333.333.333.33|
*
0007ca80  33 ff 33 33 33 41 00 00  00 00 00 00 00 00 00 00  |3.333A..........|
0007ca90  00 00 00 00 00 00 00 00  00 00 00 00 00 00 00 00  |................|
*
0007cae0  00 00 00 00 00 00 00 00  00 00 00 00 00 00 32 32  |..............22|
0007caf0  32 c9 33 33 33 ff 33 33  33 ff 33 33 33 ff 33 33  |2.333.333.333.33|
0007cb00  33 ff 33 33 33 ff 33 33  33 ff 33 33 33 ff 33 33  |3.333.333.333.33|
*
0007cb30  33 ff 33 33 33 ff 33 33  33 ff 00 00 00 00 00 00  |3.333.333.......|
0007cb40  00 00 00 00 00 00 00 00  00 00 00 00 00 00 00 00  |................|
*
0007cbe0  00 00 33 33 33 cc 33 33  33 ff 33 33 33 ff 33 33  |..333.333.333.33|
0007cbf0  33 ff 33 33 33 ff 33 33  33 ff 33 33 33 ff 33 33  |3.333.333.333.33|
*
0007cc40  33 ff 33 33 33 ff 33 33  33 9a 00 00 00 00 00 00  |3.333.333.......|
0007cc50  00 00 00 00 00 00 00 00  00 00 00 00 00 00 00 00  |................|
*
0007ccf0  00 00 33 33 33 ff 33 33  33 ff 33 33 33 ff 33 33  |..333.333.333.33|
0007cd00  33 ff 33 33 33 ff 33 33  33 ff 33 33 33 ff 33 33  |3.333.333.333.33|
*
0007cd40  33 ff 00 00 00 00 00 00  00 00 00 00 00 00 00 00  |3...............|
0007cd50  00 00 00 00 00 00 00 00  00 00 00 00 00 00 00 00  |................|
*
0007cda0  00 00 00 00 00 00 00 00  00 00 00 00 00 00 33 33  |..............33|
0007cdb0  33 ff 33 33 33 ff 33 33  33 ff 33 33 33 ff 33 33  |3.333.333.333.33|
*
0007cde0  33 ff 33 33 33 ff 33 33  33 ff 33 33 33 e5 38 38  |3.333.333.333.88|
0007cdf0  38 09 00 00 00 00 00 00  00 00 00 00 00 00 00 00  |8...............|
0007ce00  00 00 00 00 00 00 00 00  00 00 00 00 00 00 00 00  |................|
*
0007ce50  00 00 00 00 00 00 00 00  00 00 33 33 33 e4 33 33  |..........333.33|
0007ce60  33 ff 33 33 33 ff 33 33  33 ff 33 33 33 ff 33 33  |3.333.333.333.33|
*
0007ced0  33 ff 33 33 33 ff 33 33  33 ff 00 00 00 00 00 00  |3.333.333.......|
0007cee0  00 00 00 00 00 00 00 00  00 00 00 00 00 00 00 00  |................|
*
0007cf90  00 00 00 00 00 00 00 00  00 00 33 33 33 ff 33 33  |..........333.33|
0007cfa0  33 ff 33 33 33 ff 33 33  33 ff 33 33 33 ff 33 33  |3.333.333.333.33|
*
0007cfd0  33 ff 33 33 33 ff 33 33  33 ff 00 00 00 00 00 00  |3.333.333.......|
0007cfe0  00 00 00 00 00 00 00 00  00 00 00 00 00 00 00 00  |................|
*
0007d130  00 00 00 00 00 00 00 00  00 00 33 33 33 ff 33 33  |..........333.33|
0007d140  33 ff 33 33 33 ff 33 33  33 ff 33 33 33 ff 33 33  |3.333.333.333.33|
*
0007d1c0  33 ff 33 33 33 ff 33 33  33 ff 33 33 33 ff 00 00  |3.333.333.333...|
0007d1d0  00 00 00 00 00 00 00 00  00 00 00 00 00 00 00 00  |................|
*
0007d230  00 00 00 00 00 00 33 33  33 ff 33 33 33 ff 33 33  |......333.333.33|
0007d240  33 ff 33 33 33 ff 33 33  33 ff 33 33 33 ff 33 33  |3.333.333.333.33|
*
0007d270  33 ff 33 33 33 ff 33 33  33 ff 33 33 33 ff 32 32  |3.333.333.333.22|
0007d280  32 dd 00 00 00 02 00 00  00 00 00 00 00 00 00 00  |2...............|
0007d290  00 00 00 00 00 00 00 00  00 00 00 00 00 00 00 00  |................|
*
0007d2e0  00 00 00 00 00 00 00 00  00 00 00 00 00 00 32 32  |..............22|
0007d2f0  32 b6 33 33 33 ff 33 33  33 ff 33 33 33 ff 33 33  |2.333.333.333.33|
0007d300  33 ff 33 33 33 ff 33 33  33 ff 33 33 33 ff 33 33  |3.333.333.333.33|
*
0007d330  33 ff 33 33 33 ff 33 33  33 ff 00 00 00 00 00 00  |3.333.333.......|
0007d340  00 00 00 00 00 00 00 00  00 00 00 00 00 00 00 00  |................|
*
0007d3d0  00 00 00 00 00 00 00 00  00 00 00 00 00 00 33 33  |..............33|
0007d3e0  33 19 33 33 33 fe 33 33  33 ff 33 33 33 ff 33 33  |3.333.333.333.33|
0007d3f0  33 ff 33 33 33 ff 33 33  33 ff 33 33 33 ff 33 33  |3.333.333.333.33|
*
0007d440  33 ff 33 33 33 ff 33 33  33 e6 00 00 00 01 00 00  |3.333.333.......|
0007d450  00 00 00 00 00 00 00 00  00 00 00 00 00 00 00 00  |................|
*
0007d4f0  00 00 33 33 33 ff 33 33  33 ff 33 33 33 ff 33 33  |..333.333.333.33|
0007d500  33 ff 33 33 33 ff 33 33  33 ff 33 33 33 ff 33 33  |3.333.333.333.33|
*
0007d540  33 ff 00 00 00 00 00 00  00 00 00 00 00 00 00 00  |3...............|
0007d550  00 00 00 00 00 00 00 00  00 00 00 00 00 00 00 00  |................|
*
0007d5a0  00 00 00 00 00 00 00 00  00 00 00 00 00 00 33 33  |..............33|
0007d5b0  33 ff 33 33 33 ff 33 33  33 ff 33 33 33 ff 33 33  |3.333.333.333.33|
*
0007d5e0  33 ff 33 33 33 ff 33 33  33 fd 33 33 33 4f 00 00  |3.333.333.333O..|
0007d5f0  00 00 00 00 00 00 00 00  00 00 00 00 00 00 00 00  |................|
*
0007d650  00 00 00 00 00 00 24 24  24 07 33 33 33 fd 33 33  |......$$$.333.33|
0007d660  33 ff 33 33 33 ff 33 33  33 ff 33 33 33 ff 33 33  |3.333.333.333.33|
*
0007d6d0  33 ff 33 33 33 ff 33 33  33 ff 00 00 00 00 00 00  |3.333.333.......|
0007d6e0  00 00 00 00 00 00 00 00  00 00 00 00 00 00 00 00  |................|
*
0007d790  00 00 00 00 00 00 00 00  00 00 33 33 33 ff 33 33  |..........333.33|
0007d7a0  33 ff 33 33 33 ff 33 33  33 ff 33 33 33 ff 33 33  |3.333.333.333.33|
*
0007d7d0  33 ff 33 33 33 ff 33 33  33 ff 00 00 00 00 00 00  |3.333.333.......|
0007d7e0  00 00 00 00 00 00 00 00  00 00 00 00 00 00 00 00  |................|
*
0007d930  00 00 00 00 00 00 00 00  00 00 33 33 33 ff 33 33  |..........333.33|
0007d940  33 ff 33 33 33 ff 33 33  33 ff 33 33 33 ff 33 33  |3.333.333.333.33|
*
0007d9c0  33 ff 33 33 33 ff 33 33  33 ff 33 33 33 ff 00 00  |3.333.333.333...|
0007d9d0  00 00 00 00 00 00 00 00  00 00 00 00 00 00 00 00  |................|
*
0007da30  00 00 00 00 00 00 33 33  33 ff 33 33 33 ff 33 33  |......333.333.33|
0007da40  33 ff 33 33 33 ff 33 33  33 ff 33 33 33 ff 33 33  |3.333.333.333.33|
*
0007da70  33 ff 33 33 33 ff 33 33  33 ff 33 33 33 fd 31 31  |3.333.333.333.11|
0007da80  31 3e 00 00 00 00 00 00  00 00 00 00 00 00 00 00  |1>..............|
0007da90  00 00 00 00 00 00 00 00  00 00 00 00 00 00 00 00  |................|
*
0007dae0  00 00 00 00 00 00 00 00  00 00 00 00 00 00 33 33  |..............33|
0007daf0  33 ae 33 33 33 ff 33 33  33 ff 33 33 33 ff 33 33  |3.333.333.333.33|
0007db00  33 ff 33 33 33 ff 33 33  33 ff 33 33 33 ff 33 33  |3.333.333.333.33|
*
0007db30  33 ff 33 33 33 ff 33 33  33 ff 00 00 00 00 00 00  |3.333.333.......|
0007db40  00 00 00 00 00 00 00 00  00 00 00 00 00 00 00 00  |................|
*
0007dbd0  00 00 00 00 00 00 00 00  00 00 00 00 00 00 33 33  |..............33|
0007dbe0  33 64 33 33 33 ff 33 33  33 ff 33 33 33 ff 33 33  |3d333.333.333.33|
0007dbf0  33 ff 33 33 33 ff 33 33  33 ff 33 33 33 ff 33 33  |3.333.333.333.33|
*
0007dc40  33 ff 33 33 33 ff 33 33  33 ff 30 30 30 2f 00 00  |3.333.333.000/..|
0007dc50  00 00 00 00 00 00 00 00  00 00 00 00 00 00 00 00  |................|
*
0007dcf0  00 00 33 33 33 ff 33 33  33 ff 33 33 33 ff 33 33  |..333.333.333.33|
0007dd00  33 ff 33 33 33 ff 33 33  33 ff 33 33 33 ff 33 33  |3.333.333.333.33|
*
0007dd40  33 ff 00 00 00 00 00 00  00 00 00 00 00 00 00 00  |3...............|
0007dd50  00 00 00 00 00 00 00 00  00 00 00 00 00 00 00 00  |................|
*
0007dda0  00 00 00 00 00 00 00 00  00 00 00 00 00 00 33 33  |..............33|
0007ddb0  33 ff 33 33 33 ff 33 33  33 ff 33 33 33 ff 33 33  |3.333.333.333.33|
*
0007dde0  33 ff 32 32 32 fb 32 32  32 6a 00 00 00 00 00 00  |3.222.222j......|
0007ddf0  00 00 00 00 00 00 00 00  00 00 00 00 00 00 00 00  |................|
*
0007de50  00 00 00 00 00 00 30 30  30 2a 33 33 33 ff 33 33  |......000*333.33|
0007de60  33 ff 33 33 33 ff 33 33  33 ff 33 33 33 ff 33 33  |3.333.333.333.33|
*
0007ded0  33 ff 33 33 33 ff 33 33  33 ff 00 00 00 00 00 00  |3.333.333.......|
0007dee0  00 00 00 00 00 00 00 00  00 00 00 00 00 00 00 00  |................|
*
0007df90  00 00 00 00 00 00 00 00  00 00 33 33 33 ff 33 33  |..........333.33|
0007dfa0  33 ff 33 33 33 ff 33 33  33 ff 33 33 33 ff 33 33  |3.333.333.333.33|
*
0007dfd0  33 ff 33 33 33 ff 33 33  33 ff 00 00 00 00 00 00  |3.333.333.......|
0007dfe0  00 00 00 00 00 00 00 00  00 00 00 00 00 00 00 00  |................|
*
0007e130  00 00 00 00 00 00 00 00  00 00 33 33 33 ff 33 33  |..........333.33|
0007e140  33 ff 33 33 33 ff 33 33  33 ff 33 33 33 ff 33 33  |3.333.333.333.33|
*
0007e1c0  33 ff 33 33 33 ff 33 33  33 ff 33 33 33 ff 00 00  |3.333.333.333...|
0007e1d0  00 00 00 00 00 00 00 00  00 00 00 00 00 00 00 00  |................|
*
0007e230  00 00 00 00 00 00 33 33  33 ff 33 33 33 ff 33 33  |......333.333.33|
0007e240  33 ff 33 33 33 ff 33 33  33 ff 33 33 33 ff 33 33  |3.333.333.333.33|
*
0007e270  33 ff 33 33 33 ff 33 33  33 f3 32 32 32 51 00 00  |3.333.333.222Q..|
0007e280  00 00 00 00 00 00 00 00  00 00 00 00 00 00 00 00  |................|
*
0007e2e0  00 00 00 00 00 00 00 00  00 00 00 00 00 00 33 33  |..............33|
0007e2f0  33 bc 33 33 33 ff 33 33  33 ff 33 33 33 ff 33 33  |3.333.333.333.33|
0007e300  33 ff 33 33 33 ff 33 33  33 ff 33 33 33 ff 33 33  |3.333.333.333.33|
*
0007e330  33 ff 33 33 33 ff 33 33  33 ff 00 00 00 00 00 00  |3.333.333.......|
0007e340  00 00 00 00 00 00 00 00  00 00 00 00 00 00 00 00  |................|
*
0007e3d0  00 00 00 00 00 00 00 00  00 00 00 00 00 00 33 33  |..............33|
0007e3e0  33 af 33 33 33 ff 33 33  33 ff 33 33 33 ff 33 33  |3.333.333.333.33|
0007e3f0  33 ff 33 33 33 ff 33 33  33 ff 33 33 33 ff 33 33  |3.333.333.333.33|
*
0007e440  33 ff 33 33 33 ff 33 33  33 ff 32 32 32 79 00 00  |3.333.333.222y..|
0007e450  00 00 00 00 00 00 00 00  00 00 00 00 00 00 00 00  |................|
*
0007e4f0  00 00 33 33 33 ff 33 33  33 ff 33 33 33 ff 33 33  |..333.333.333.33|
0007e500  33 ff 33 33 33 ff 33 33  33 ff 33 33 33 ff 33 33  |3.333.333.333.33|
*
0007e540  33 ff 00 00 00 00 00 00  00 00 00 00 00 00 00 00  |3...............|
0007e550  00 00 00 00 00 00 00 00  00 00 00 00 00 00 00 00  |................|
*
0007e5a0  00 00 00 00 00 00 00 00  00 00 00 00 00 00 33 33  |..............33|
0007e5b0  33 ff 33 33 33 ff 33 33  33 ff 33 33 33 ff 33 33  |3.333.333.333.33|
*
0007e5d0  33 ff 33 33 33 ff 33 33  33 ff 33 33 33 ff 32 32  |3.333.333.333.22|
0007e5e0  32 c9 33 33 33 36 00 00  00 00 00 00 00 00 00 00  |2.3336..........|
0007e5f0  00 00 00 00 00 00 00 00  00 00 00 00 00 00 00 00  |................|
*
0007e650  00 00 00 00 00 00 34 34  34 62 33 33 33 ff 33 33  |......444b333.33|
0007e660  33 ff 33 33 33 ff 33 33  33 ff 33 33 33 ff 33 33  |3.333.333.333.33|
*
0007e6d0  33 ff 33 33 33 ff 33 33  33 ff 00 00 00 00 00 00  |3.333.333.......|
0007e6e0  00 00 00 00 00 00 00 00  00 00 00 00 00 00 00 00  |................|
*
0007e790  00 00 00 00 00 00 00 00  00 00 33 33 33 ff 33 33  |..........333.33|
0007e7a0  33 ff 33 33 33 ff 33 33  33 ff 33 33 33 ff 33 33  |3.333.333.333.33|
*
0007e7d0  33 ff 33 33 33 ff 33 33  33 ff 00 00 00 00 00 00  |3.333.333.......|
0007e7e0  00 00 00 00 00 00 00 00  00 00 00 00 00 00 00 00  |................|
*
0007e930  00 00 00 00 00 00 00 00  00 00 33 33 33 ff 33 33  |..........333.33|
0007e940  33 ff 33 33 33 ff 33 33  33 ff 33 33 33 ff 33 33  |3.333.333.333.33|
*
0007e9c0  33 ff 33 33 33 ff 33 33  33 ff 33 33 33 ff 00 00  |3.333.333.333...|
0007e9d0  00 00 00 00 00 00 00 00  00 00 00 00 00 00 00 00  |................|
*
0007ea30  00 00 00 00 00 00 33 33  33 ff 33 33 33 ff 33 33  |......333.333.33|
0007ea40  33 ff 33 33 33 ff 33 33  33 ff 33 33 33 ff 33 33  |3.333.333.333.33|
*
0007ea70  33 f8 32 32 32 98 31 31  31 1f 00 00 00 00 00 00  |3.222.111.......|
0007ea80  00 00 00 00 00 00 00 00  00 00 00 00 00 00 00 00  |................|
*
0007eae0  00 00 00 00 00 00 00 00  00 00 00 00 00 00 32 32  |..............22|
0007eaf0  32 c9 33 33 33 ff 33 33  33 ff 33 33 33 ff 33 33  |2.333.333.333.33|
0007eb00  33 ff 33 33 33 ff 33 33  33 ff 33 33 33 ff 33 33  |3.333.333.333.33|
*
0007eb30  33 ff 33 33 33 ff 33 33  33 ff 00 00 00 00 00 00  |3.333.333.......|
0007eb40  00 00 00 00 00 00 00 00  00 00 00 00 00 00 00 00  |................|
*
0007ebd0  00 00 00 00 00 00 00 00  00 00 24 24 24 07 32 32  |..........$$$.22|
0007ebe0  32 f2 33 33 33 ff 33 33  33 ff 33 33 33 ff 33 33  |2.333.333.333.33|
0007ebf0  33 ff 33 33 33 ff 33 33  33 ff 33 33 33 ff 33 33  |3.333.333.333.33|
*
0007ec40  33 ff 33 33 33 ff 33 33  33 ff 33 33 33 c2 00 00  |3.333.333.333...|
0007ec50  00 00 00 00 00 00 00 00  00 00 00 00 00 00 00 00  |................|
*
0007ecf0  00 00 33 33 33 ff 33 33  33 ff 33 33 33 ff 33 33  |..333.333.333.33|
0007ed00  33 ff 33 33 33 ff 33 33  33 ff 33 33 33 ff 33 33  |3.333.333.333.33|
*
0007ed40  33 ff 00 00 00 00 00 00  00 00 00 00 00 00 00 00  |3...............|
0007ed50  00 00 00 00 00 00 00 00  00 00 00 00 00 00 00 00  |................|
*
0007eda0  00 00 00 00 00 00 00 00  00 00 00 00 00 00 33 33  |..............33|
0007edb0  33 ff 33 33 33 ff 33 33  33 ff 33 33 33 ff 33 33  |3.333.333.333.33|
0007edc0  33 ff 33 33 33 ff 32 32  32 fc 33 33 33 ee 33 33  |3.333.222.333.33|
0007edd0  33 db 32 32 32 b5 33 33  33 81 33 33 33 32 00 00  |3.222.333.3332..|
0007ede0  00 00 00 00 00 00 00 00  00 00 00 00 00 00 00 00  |................|
*
0007ee50  00 00 00 00 00 00 32 32  32 9d 33 33 33 ff 33 33  |......222.333.33|
0007ee60  33 ff 33 33 33 ff 33 33  33 ff 33 33 33 ff 33 33  |3.333.333.333.33|
*
0007eed0  33 ff 33 33 33 ff 33 33  33 ff 00 00 00 00 00 00  |3.333.333.......|
0007eee0  00 00 00 00 00 00 00 00  00 00 00 00 00 00 00 00  |................|
*
0007ef90  00 00 00 00 00 00 00 00  00 00 33 33 33 ff 33 33  |..........333.33|
0007efa0  33 ff 33 33 33 ff 33 33  33 ff 33 33 33 ff 33 33  |3.333.333.333.33|
*
0007efd0  33 ff 33 33 33 ff 33 33  33 ff 00 00 00 00 00 00  |3.333.333.......|
0007efe0  00 00 00 00 00 00 00 00  00 00 00 00 00 00 00 00  |................|
*
0007f130  00 00 00 00 00 00 00 00  00 00 33 33 33 ff 33 33  |..........333.33|
0007f140  33 ff 33 33 33 ff 33 33  33 ff 33 33 33 ff 33 33  |3.333.333.333.33|
*
0007f1c0  33 ff 33 33 33 ff 33 33  33 ff 33 33 33 ff 00 00  |3.333.333.333...|
0007f1d0  00 00 00 00 00 00 00 00  00 00 00 00 00 00 00 00  |................|
*
0007f230  00 00 00 00 00 00 33 33  33 ff 33 33 33 ff 33 33  |......333.333.33|
0007f240  33 ff 33 33 33 ff 33 33  33 ff 33 33 33 ff 33 33  |3.333.333.333.33|
0007f250  33 ff 33 33 33 ff 32 32  32 f1 33 33 33 eb 33 33  |3.333.222.333.33|
0007f260  33 d6 33 33 33 b3 33 33  33 8c 34 34 34 4e 2e 2e  |3.333.333.444N..|
0007f270  2e 0b 00 00 00 00 00 00  00 00 00 00 00 00 00 00  |................|
0007f280  00 00 00 00 00 00 00 00  00 00 00 00 00 00 00 00  |................|
*
0007f2e0  00 00 00 00 00 00 00 00  00 00 00 00 00 00 33 33  |..............33|
0007f2f0  33 e0 33 33 33 ff 33 33  33 ff 33 33 33 ff 33 33  |3.333.333.333.33|
0007f300  33 ff 33 33 33 ff 33 33  33 ff 33 33 33 ff 33 33  |3.333.333.333.33|
*
0007f330  33 ff 33 33 33 ff 33 33  33 ff 00 00 00 00 00 00  |3.333.333.......|
0007f340  00 00 00 00 00 00 00 00  00 00 00 00 00 00 00 00  |................|
*
0007f3d0  00 00 00 00 00 00 00 00  00 00 32 32 32 47 33 33  |..........222G33|
0007f3e0  33 ff 33 33 33 ff 33 33  33 ff 33 33 33 ff 33 33  |3.333.333.333.33|
*
0007f440  33 ff 33 33 33 ff 33 33  33 ff 32 32 32 fb 38 38  |3.333.333.222.88|
0007f450  38 12 00 00 00 00 00 00  00 00 00 00 00 00 00 00  |8...............|
0007f460  00 00 00 00 00 00 00 00  00 00 00 00 00 00 00 00  |................|
*
0007f4f0  00 00 33 33 33 ff 33 33  33 ff 33 33 33 ff 33 33  |..333.333.333.33|
0007f500  33 ff 33 33 33 ff 33 33  33 ff 33 33 33 ff 33 33  |3.333.333.333.33|
*
0007f540  33 ff 00 00 00 00 00 00  00 00 00 00 00 00 00 00  |3...............|
0007f550  00 00 00 00 00 00 00 00  00 00 00 00 00 00 00 00  |................|
*
0007f650  00 00 00 00 00 00 33 33  33 da 33 33 33 ff 33 33  |......333.333.33|
0007f660  33 ff 33 33 33 ff 33 33  33 ff 33 33 33 ff 33 33  |3.333.333.333.33|
*
0007f6d0  33 ff 33 33 33 ff 33 33  33 ff 00 00 00 00 00 00  |3.333.333.......|
0007f6e0  00 00 00 00 00 00 00 00  00 00 00 00 00 00 00 00  |................|
*
0007f790  00 00 00 00 00 00 00 00  00 00 33 33 33 ff 33 33  |..........333.33|
0007f7a0  33 ff 33 33 33 ff 33 33  33 ff 33 33 33 ff 33 33  |3.333.333.333.33|
*
0007f7d0  33 ff 33 33 33 ff 33 33  33 ff 00 00 00 00 00 00  |3.333.333.......|
0007f7e0  00 00 00 00 00 00 00 00  00 00 00 00 00 00 00 00  |................|
*
0007f930  00 00 00 00 00 00 00 00  00 00 33 33 33 ff 33 33  |..........333.33|
0007f940  33 ff 33 33 33 ff 33 33  33 ff 33 33 33 ff 33 33  |3.333.333.333.33|
*
0007f9c0  33 ff 33 33 33 ff 33 33  33 ff 33 33 33 ff 00 00  |3.333.333.333...|
0007f9d0  00 00 00 00 00 00 00 00  00 00 00 00 00 00 00 00  |................|
*
0007fae0  00 00 00 00 00 00 00 00  00 00 2e 2e 2e 0b 33 33  |..............33|
0007faf0  33 fe 33 33 33 ff 33 33  33 ff 33 33 33 ff 33 33  |3.333.333.333.33|
0007fb00  33 ff 33 33 33 ff 33 33  33 ff 33 33 33 ff 33 33  |3.333.333.333.33|
*
0007fb30  33 ff 33 33 33 ff 33 33  33 ff 00 00 00 00 00 00  |3.333.333.......|
0007fb40  00 00 00 00 00 00 00 00  00 00 00 00 00 00 00 00  |................|
*
0007fbd0  00 00 00 00 00 00 00 00  00 00 32 32 32 92 33 33  |..........222.33|
0007fbe0  33 ff 33 33 33 ff 33 33  33 ff 33 33 33 ff 33 33  |3.333.333.333.33|
*
0007fc40  33 ff 33 33 33 ff 33 33  33 ff 33 33 33 ff 34 34  |3.333.333.333.44|
0007fc50  34 58 00 00 00 00 00 00  00 00 00 00 00 00 00 00  |4X..............|
0007fc60  00 00 00 00 00 00 00 00  00 00 00 00 00 00 00 00  |................|
*
0007fcf0  00 00 33 33 33 ff 33 33  33 ff 33 33 33 ff 33 33  |..333.333.333.33|
0007fd00  33 ff 33 33 33 ff 33 33  33 ff 33 33 33 ff 33 33  |3.333.333.333.33|
*
0007fd40  33 ff 00 00 00 00 00 00  00 00 00 00 00 00 00 00  |3...............|
0007fd50  00 00 00 00 00 00 00 00  00 00 00 00 00 00 00 00  |................|
*
0007fe50  00 00 33 33 33 2d 33 33  33 ff 33 33 33 ff 33 33  |..333-333.333.33|
0007fe60  33 ff 33 33 33 ff 33 33  33 ff 33 33 33 ff 33 33  |3.333.333.333.33|
*
0007fed0  33 ff 33 33 33 ff 33 33  33 ff 00 00 00 00 00 00  |3.333.333.......|
0007fee0  00 00 00 00 00 00 00 00  00 00 00 00 00 00 00 00  |................|
*
0007ff90  00 00 00 00 00 00 00 00  00 00 33 33 33 ff 33 33  |..........333.33|
0007ffa0  33 ff 33 33 33 ff 33 33  33 ff 33 33 33 ff 33 33  |3.333.333.333.33|
*
0007ffd0  33 ff 33 33 33 ff 33 33  33 ff 00 00 00 00 00 00  |3.333.333.......|
0007ffe0  00 00 00 00 00 00 00 00  00 00 00 00 00 00 00 00  |................|
*
00080130  00 00 00 00 00 00 00 00  00 00 33 33 33 ff 33 33  |..........333.33|
00080140  33 ff 33 33 33 ff 33 33  33 ff 33 33 33 ff 33 33  |3.333.333.333.33|
*
000801c0  33 ff 33 33 33 ff 33 33  33 ff 33 33 33 ff 00 00  |3.333.333.333...|
000801d0  00 00 00 00 00 00 00 00  00 00 00 00 00 00 00 00  |................|
*
000802e0  00 00 00 00 00 00 00 00  00 00 31 31 31 34 33 33  |..........111433|
000802f0  33 ff 33 33 33 ff 33 33  33 ff 33 33 33 ff 33 33  |3.333.333.333.33|
*
00080330  33 ff 33 33 33 ff 33 33  33 ff 00 00 00 00 00 00  |3.333.333.......|
00080340  00 00 00 00 00 00 00 00  00 00 00 00 00 00 00 00  |................|
*
000803d0  00 00 00 00 00 00 00 00  00 00 32 32 32 de 33 33  |..........222.33|
000803e0  33 ff 33 33 33 ff 33 33  33 ff 33 33 33 ff 33 33  |3.333.333.333.33|
*
00080440  33 ff 33 33 33 ff 33 33  33 ff 33 33 33 ff 32 32  |3.333.333.333.22|
00080450  32 a2 00 00 00 00 00 00  00 00 00 00 00 00 00 00  |2...............|
00080460  00 00 00 00 00 00 00 00  00 00 00 00 00 00 00 00  |................|
*
000804f0  00 00 33 33 33 ff 33 33  33 ff 33 33 33 ff 33 33  |..333.333.333.33|
00080500  33 ff 33 33 33 ff 33 33  33 ff 33 33 33 ff 33 33  |3.333.333.333.33|
*
00080540  33 ff 00 00 00 00 00 00  00 00 00 00 00 00 00 00  |3...............|
00080550  00 00 00 00 00 00 00 00  00 00 00 00 00 00 00 00  |................|
*
00080650  00 00 32 32 32 84 33 33  33 ff 33 33 33 ff 33 33  |..222.333.333.33|
00080660  33 ff 33 33 33 ff 33 33  33 ff 33 33 33 ff 33 33  |3.333.333.333.33|
*
000806d0  33 ff 33 33 33 ff 33 33  33 ff 00 00 00 00 00 00  |3.333.333.......|
000806e0  00 00 00 00 00 00 00 00  00 00 00 00 00 00 00 00  |................|
*
00080790  00 00 00 00 00 00 00 00  00 00 33 33 33 ff 33 33  |..........333.33|
000807a0  33 ff 33 33 33 ff 33 33  33 ff 33 33 33 ff 33 33  |3.333.333.333.33|
*
000807d0  33 ff 33 33 33 ff 33 33  33 ff 00 00 00 00 00 00  |3.333.333.......|
000807e0  00 00 00 00 00 00 00 00  00 00 00 00 00 00 00 00  |................|
*
00080930  00 00 00 00 00 00 00 00  00 00 33 33 33 ff 33 33  |..........333.33|
00080940  33 ff 33 33 33 ff 33 33  33 ff 33 33 33 ff 33 33  |3.333.333.333.33|
*
000809c0  33 ff 33 33 33 ff 33 33  33 ff 33 33 33 ff 00 00  |3.333.333.333...|
000809d0  00 00 00 00 00 00 00 00  00 00 00 00 00 00 00 00  |................|
*
00080ae0  00 00 00 00 00 00 00 00  00 00 33 33 33 71 33 33  |..........333q33|
00080af0  33 ff 33 33 33 ff 33 33  33 ff 33 33 33 ff 33 33  |3.333.333.333.33|
*
00080b30  33 ff 33 33 33 ff 33 33  33 ff 00 00 00 00 00 00  |3.333.333.......|
00080b40  00 00 00 00 00 00 00 00  00 00 00 00 00 00 00 00  |................|
*
00080bd0  00 00 00 00 00 00 35 35  35 2b 33 33 33 ff 33 33  |......555+333.33|
00080be0  33 ff 33 33 33 ff 33 33  33 ff 33 33 33 ff 33 33  |3.333.333.333.33|
*
00080c50  33 ea 00 00 00 02 00 00  00 00 00 00 00 00 00 00  |3...............|
00080c60  00 00 00 00 00 00 00 00  00 00 00 00 00 00 00 00  |................|
*
00080cf0  00 00 33 33 33 ff 33 33  33 ff 33 33 33 ff 33 33  |..333.333.333.33|
00080d00  33 ff 33 33 33 ff 33 33  33 ff 33 33 33 ff 33 33  |3.333.333.333.33|
*
00080d40  33 ff 00 00 00 00 00 00  00 00 00 00 00 00 00 00  |3...............|
00080d50  00 00 00 00 00 00 00 00  00 00 00 00 00 00 00 00  |................|
*
00080e40  00 00 00 00 00 00 00 00  00 00 00 00 00 00 55 55  |..............UU|
00080e50  55 03 32 32 32 dd 33 33  33 ff 33 33 33 ff 33 33  |U.222.333.333.33|
00080e60  33 ff 33 33 33 ff 33 33  33 ff 33 33 33 ff 33 33  |3.333.333.333.33|
*
00080ed0  33 ff 33 33 33 ff 33 33  33 ff 00 00 00 00 00 00  |3.333.333.......|
00080ee0  00 00 00 00 00 00 00 00  00 00 00 00 00 00 00 00  |................|
*
00080f90  00 00 00 00 00 00 00 00  00 00 33 33 33 ff 33 33  |..........333.33|
00080fa0  33 ff 33 33 33 ff 33 33  33 ff 33 33 33 ff 33 33  |3.333.333.333.33|
*
00080fd0  33 ff 33 33 33 ff 33 33  33 ff 00 00 00 00 00 00  |3.333.333.......|
00080fe0  00 00 00 00 00 00 00 00  00 00 00 00 00 00 00 00  |................|
*
00081130  00 00 00 00 00 00 00 00  00 00 33 33 33 ff 33 33  |..........333.33|
00081140  33 ff 33 33 33 ff 33 33  33 ff 33 33 33 ff 33 33  |3.333.333.333.33|
*
000811c0  33 ff 33 33 33 ff 33 33  33 ff 33 33 33 ff 00 00  |3.333.333.333...|
000811d0  00 00 00 00 00 00 00 00  00 00 00 00 00 00 00 00  |................|
*
000812e0  00 00 00 00 00 00 00 00  00 00 33 33 33 bc 33 33  |..........333.33|
000812f0  33 ff 33 33 33 ff 33 33  33 ff 33 33 33 ff 33 33  |3.333.333.333.33|
*
00081330  33 ff 33 33 33 ff 33 33  33 ff 00 00 00 00 00 00  |3.333.333.......|
00081340  00 00 00 00 00 00 00 00  00 00 00 00 00 00 00 00  |................|
*
000813d0  00 00 00 00 00 00 33 33  33 76 33 33 33 ff 33 33  |......333v333.33|
000813e0  33 ff 33 33 33 ff 33 33  33 ff 33 33 33 ff 33 33  |3.333.333.333.33|
*
00081450  33 ff 33 33 33 36 00 00  00 00 00 00 00 00 00 00  |3.3336..........|
00081460  00 00 00 00 00 00 00 00  00 00 00 00 00 00 00 00  |................|
*
000814f0  00 00 33 33 33 ff 33 33  33 ff 33 33 33 ff 33 33  |..333.333.333.33|
00081500  33 ff 33 33 33 ff 33 33  33 ff 33 33 33 ff 33 33  |3.333.333.333.33|
*
00081540  33 ff 00 00 00 00 00 00  00 00 00 00 00 00 00 00  |3...............|
00081550  00 00 00 00 00 00 00 00  00 00 00 00 00 00 00 00  |................|
*
00081640  00 00 00 00 00 00 00 00  00 00 00 00 00 00 31 31  |..............11|
00081650  31 57 33 33 33 ff 33 33  33 ff 33 33 33 ff 33 33  |1W333.333.333.33|
00081660  33 ff 33 33 33 ff 33 33  33 ff 33 33 33 ff 33 33  |3.333.333.333.33|
*
000816d0  33 ff 33 33 33 ff 33 33  33 ff 00 00 00 00 00 00  |3.333.333.......|
000816e0  00 00 00 00 00 00 00 00  00 00 00 00 00 00 00 00  |................|
*
00081790  00 00 00 00 00 00 00 00  00 00 33 33 33 ff 33 33  |..........333.33|
000817a0  33 ff 33 33 33 ff 33 33  33 ff 33 33 33 ff 33 33  |3.333.333.333.33|
*
000817d0  33 ff 33 33 33 ff 33 33  33 ff 00 00 00 00 00 00  |3.333.333.......|
000817e0  00 00 00 00 00 00 00 00  00 00 00 00 00 00 00 00  |................|
*
00081930  00 00 00 00 00 00 00 00  00 00 33 33 33 ff 33 33  |..........333.33|
00081940  33 ff 33 33 33 ff 33 33  33 ff 33 33 33 ff 33 33  |3.333.333.333.33|
*
000819c0  33 ff 33 33 33 ff 33 33  33 ff 33 33 33 ff 00 00  |3.333.333.333...|
000819d0  00 00 00 00 00 00 00 00  00 00 00 00 00 00 00 00  |................|
*
00081ae0  00 00 00 00 00 00 35 35  35 13 33 33 33 f9 33 33  |......555.333.33|
00081af0  33 ff 33 33 33 ff 33 33  33 ff 33 33 33 ff 33 33  |3.333.333.333.33|
*
00081b30  33 ff 33 33 33 ff 33 33  33 ff 00 00 00 00 00 00  |3.333.333.......|
00081b40  00 00 00 00 00 00 00 00  00 00 00 00 00 00 00 00  |................|
*
00081bd0  00 00 00 00 00 00 33 33  33 c1 33 33 33 ff 33 33  |......333.333.33|
00081be0  33 ff 33 33 33 ff 33 33  33 ff 33 33 33 ff 33 33  |3.333.333.333.33|
*
00081c50  33 ff 33 33 33 80 00 00  00 00 00 00 00 00 00 00  |3.333...........|
00081c60  00 00 00 00 00 00 00 00  00 00 00 00 00 00 00 00  |................|
*
00081cf0  00 00 33 33 33 ff 33 33  33 ff 33 33 33 ff 33 33  |..333.333.333.33|
00081d00  33 ff 33 33 33 ff 33 33  33 ff 33 33 33 ff 33 33  |3.333.333.333.33|
*
00081d40  33 ff 00 00 00 00 00 00  00 00 00 00 00 00 00 00  |3...............|
00081d50  00 00 00 00 00 00 00 00  00 00 00 00 00 00 00 00  |................|
*
00081e40  00 00 00 00 00 00 00 00  00 00 00 00 00 01 32 32  |..............22|
00081e50  32 cf 33 33 33 ff 33 33  33 ff 33 33 33 ff 33 33  |2.333.333.333.33|
00081e60  33 ff 33 33 33 ff 33 33  33 ff 33 33 33 ff 33 33  |3.333.333.333.33|
*
00081ed0  33 ff 33 33 33 ff 33 33  33 ff 00 00 00 00 00 00  |3.333.333.......|
00081ee0  00 00 00 00 00 00 00 00  00 00 00 00 00 00 00 00  |................|
*
00081f90  00 00 00 00 00 00 00 00  00 00 33 33 33 ff 33 33  |..........333.33|
00081fa0  33 ff 33 33 33 ff 33 33  33 ff 33 33 33 ff 33 33  |3.333.333.333.33|
*
00081fd0  33 ff 33 33 33 ff 33 33  33 ff 00 00 00 00 00 00  |3.333.333.......|
00081fe0  00 00 00 00 00 00 00 00  00 00 00 00 00 00 00 00  |................|
*
00082130  00 00 00 00 00 00 00 00  00 00 33 33 33 ff 33 33  |..........333.33|
00082140  33 ff 33 33 33 ff 33 33  33 ff 33 33 33 ff 33 33  |3.333.333.333.33|
*
000821c0  33 ff 33 33 33 ff 33 33  33 ff 33 33 33 ff 00 00  |3.333.333.333...|
000821d0  00 00 00 00 00 00 00 00  00 00 00 00 00 00 00 00  |................|
*
000822e0  00 00 00 00 00 00 32 32  32 79 33 33 33 ff 33 33  |......222y333.33|
000822f0  33 ff 33 33 33 ff 33 33  33 ff 33 33 33 ff 33 33  |3.333.333.333.33|
*
00082330  33 ff 33 33 33 ff 33 33  33 ff 00 00 00 00 00 00  |3.333.333.......|
00082340  00 00 00 00 00 00 00 00  00 00 00 00 00 00 00 00  |................|
*
000823d0  00 00 38 38 38 12 32 32  32 fb 33 33 33 ff 33 33  |..888.222.333.33|
000823e0  33 ff 33 33 33 ff 33 33  33 ff 33 33 33 ff 33 33  |3.333.333.333.33|
*
00082450  33 ff 32 32 32 ca 00 00  00 00 00 00 00 00 00 00  |3.222...........|
00082460  00 00 00 00 00 00 00 00  00 00 00 00 00 00 00 00  |................|
*
000824f0  00 00 33 33 33 ff 33 33  33 ff 33 33 33 ff 33 33  |..333.333.333.33|
00082500  33 ff 33 33 33 ff 33 33  33 ff 33 33 33 ff 33 33  |3.333.333.333.33|
*
00082540  33 ff 00 00 00 00 00 00  00 00 00 00 00 00 00 00  |3...............|
00082550  00 00 00 00 00 00 00 00  00 00 00 00 00 00 00 00  |................|
*
00082640  00 00 00 00 00 00 00 00  00 00 33 33 33 55 33 33  |..........333U33|
00082650  33 ff 33 33 33 ff 33 33  33 ff 33 33 33 ff 33 33  |3.333.333.333.33|
*
000826d0  33 ff 33 33 33 ff 33 33  33 ff 00 00 00 00 00 00  |3.333.333.......|
000826e0  00 00 00 00 00 00 00 00  00 00 00 00 00 00 00 00  |................|
*
00082790  00 00 00 00 00 00 00 00  00 00 33 33 33 ff 33 33  |..........333.33|
000827a0  33 ff 33 33 33 ff 33 33  33 ff 33 33 33 ff 33 33  |3.333.333.333.33|
*
000827d0  33 ff 33 33 33 ff 33 33  33 ff 00 00 00 00 00 00  |3.333.333.......|
000827e0  00 00 00 00 00 00 00 00  00 00 00 00 00 00 00 00  |................|
*
00082930  00 00 00 00 00 00 00 00  00 00 33 33 33 ff 33 33  |..........333.33|
00082940  33 ff 33 33 33 ff 33 33  33 ff 33 33 33 ff 33 33  |3.333.333.333.33|
*
000829c0  33 ff 33 33 33 ff 33 33  33 ff 33 33 33 ff 00 00  |3.333.333.333...|
000829d0  00 00 00 00 00 00 00 00  00 00 00 00 00 00 00 00  |................|
*
00082ae0  00 00 2a 2a 2a 06 33 33  33 e4 33 33 33 ff 33 33  |..***.333.333.33|
00082af0  33 ff 33 33 33 ff 33 33  33 ff 33 33 33 ff 33 33  |3.333.333.333.33|
*
00082b30  33 ff 33 33 33 ff 33 33  33 ff 00 00 00 00 00 00  |3.333.333.......|
00082b40  00 00 00 00 00 00 00 00  00 00 00 00 00 00 00 00  |................|
*
00082bd0  00 00 33 33 33 59 33 33  33 ff 33 33 33 ff 33 33  |..333Y333.333.33|
00082be0  33 ff 33 33 33 ff 33 33  33 ff 33 33 33 ff 33 33  |3.333.333.333.33|
*
00082c50  33 ff 33 33 33 fd 37 37  37 17 00 00 00 00 00 00  |3.333.777.......|
00082c60  00 00 00 00 00 00 00 00  00 00 00 00 00 00 00 00  |................|
*
00082cf0  00 00 33 33 33 ff 33 33  33 ff 33 33 33 ff 33 33  |..333.333.333.33|
00082d00  33 ff 33 33 33 ff 33 33  33 ff 33 33 33 ff 33 33  |3.333.333.333.33|
*
00082d40  33 ff 00 00 00 00 00 00  00 00 00 00 00 00 00 00  |3...............|
00082d50  00 00 00 00 00 00 00 00  00 00 00 00 00 00 00 00  |................|
*
00082e40  00 00 00 00 00 00 33 33  33 0f 33 33 33 e6 33 33  |......333.333.33|
00082e50  33 ff 33 33 33 ff 33 33  33 ff 33 33 33 ff 33 33  |3.333.333.333.33|
*
00082ed0  33 ff 33 33 33 ff 33 33  33 ff 00 00 00 00 00 00  |3.333.333.......|
00082ee0  00 00 00 00 00 00 00 00  00 00 00 00 00 00 00 00  |................|
*
00082f90  00 00 00 00 00 00 00 00  00 00 33 33 33 ff 33 33  |..........333.33|
00082fa0  33 ff 33 33 33 ff 33 33  33 ff 33 33 33 ff 33 33  |3.333.333.333.33|
*
00082fd0  33 ff 33 33 33 ff 33 33  33 ff 00 00 00 00 00 00  |3.333.333.......|
00082fe0  00 00 00 00 00 00 00 00  00 00 00 00 00 00 00 00  |................|
*
00083130  00 00 00 00 00 00 00 00  00 00 33 33 33 ff 33 33  |..........333.33|
00083140  33 ff 33 33 33 ff 33 33  33 ff 33 33 33 ff 33 33  |3.333.333.333.33|
*
000831c0  33 ff 33 33 33 ff 33 33  33 ff 33 33 33 ff 00 00  |3.333.333.333...|
000831d0  00 00 00 00 00 00 00 00  00 00 00 00 00 00 00 00  |................|
*
000832e0  00 00 32 32 32 7a 33 33  33 ff 33 33 33 ff 33 33  |..222z333.333.33|
000832f0  33 ff 33 33 33 ff 33 33  33 ff 33 33 33 ff 33 33  |3.333.333.333.33|
*
00083330  33 ff 33 33 33 ff 33 33  33 ff 00 00 00 00 00 00  |3.333.333.......|
00083340  00 00 00 00 00 00 00 00  00 00 00 00 00 00 00 00  |................|
*
000833d0  00 00 33 33 33 a4 33 33  33 ff 33 33 33 ff 33 33  |..333.333.333.33|
000833e0  33 ff 33 33 33 ff 33 33  33 ff 33 33 33 ff 33 33  |3.333.333.333.33|
*
00083450  33 ff 33 33 33 ff 33 33  33 5f 00 00 00 00 00 00  |3.333.333_......|
00083460  00 00 00 00 00 00 00 00  00 00 00 00 00 00 00 00  |................|
*
000834f0  00 00 33 33 33 ff 33 33  33 ff 33 33 33 ff 33 33  |..333.333.333.33|
00083500  33 ff 33 33 33 ff 33 33  33 ff 33 33 33 ff 33 33  |3.333.333.333.33|
*
00083540  33 ff 00 00 00 00 00 00  00 00 00 00 00 00 00 00  |3...............|
00083550  00 00 00 00 00 00 00 00  00 00 00 00 00 00 00 00  |................|
*
00083640  00 00 00 00 00 00 32 32  32 98 33 33 33 ff 33 33  |......222.333.33|
00083650  33 ff 33 33 33 ff 33 33  33 ff 33 33 33 ff 33 33  |3.333.333.333.33|
*
000836d0  33 ff 33 33 33 ff 33 33  33 ff 00 00 00 00 00 00  |3.333.333.......|
000836e0  00 00 00 00 00 00 00 00  00 00 00 00 00 00 00 00  |................|
*
00083790  00 00 00 00 00 00 00 00  00 00 33 33 33 ff 33 33  |..........333.33|
000837a0  33 ff 33 33 33 ff 33 33  33 ff 33 33 33 ff 33 33  |3.333.333.333.33|
*
000837d0  33 ff 33 33 33 ff 33 33  33 ff 00 00 00 00 00 00  |3.333.333.......|
000837e0  00 00 00 00 00 00 00 00  00 00 00 00 00 00 00 00  |................|
*
00083930  00 00 00 00 00 00 00 00  00 00 33 33 33 ff 33 33  |..........333.33|
00083940  33 ff 33 33 33 ff 33 33  33 ff 33 33 33 ff 33 33  |3.333.333.333.33|
*
000839c0  33 ff 33 33 33 ff 33 33  33 ff 33 33 33 ff 00 00  |3.333.333.333...|
000839d0  00 00 00 00 00 00 00 00  00 00 00 00 00 00 00 00  |................|
*
00083ad0  00 00 00 00 00 00 00 00  00 00 00 00 00 00 31 31  |..............11|
00083ae0  31 1f 33 33 33 f4 33 33  33 ff 33 33 33 ff 33 33  |1.333.333.333.33|
00083af0  33 ff 33 33 33 ff 33 33  33 ff 33 33 33 ff 33 33  |3.333.333.333.33|
*
00083b30  33 ff 33 33 33 ff 33 33  33 ff 00 00 00 00 00 00  |3.333.333.......|
00083b40  00 00 00 00 00 00 00 00  00 00 00 00 00 00 00 00  |................|
*
00083bc0  00 00 00 00 00 00 00 00  00 00 00 00 00 00 55 55  |..............UU|
00083bd0  55 03 32 32 32 ec 33 33  33 ff 33 33 33 ff 33 33  |U.222.333.333.33|
00083be0  33 ff 33 33 33 ff 33 33  33 ff 33 33 33 ff 33 33  |3.333.333.333.33|
*
00083c50  33 ff 33 33 33 ff 33 33  33 a8 00 00 00 00 00 00  |3.333.333.......|
00083c60  00 00 00 00 00 00 00 00  00 00 00 00 00 00 00 00  |................|
*
00083cf0  00 00 33 33 33 ff 33 33  33 ff 33 33 33 ff 33 33  |..333.333.333.33|
00083d00  33 ff 33 33 33 ff 33 33  33 ff 33 33 33 ff 33 33  |3.333.333.333.33|
*
00083d40  33 ff 00 00 00 00 00 00  00 00 00 00 00 00 00 00  |3...............|
00083d50  00 00 00 00 00 00 00 00  00 00 00 00 00 00 00 00  |................|
*
00083e40  00 00 32 32 32 5b 33 33  33 ff 33 33 33 ff 33 33  |..222[333.333.33|
00083e50  33 ff 33 33 33 ff 33 33  33 ff 33 33 33 ff 33 33  |3.333.333.333.33|
*
00083ed0  33 ff 33 33 33 ff 33 33  33 ff 00 00 00 00 00 00  |3.333.333.......|
00083ee0  00 00 00 00 00 00 00 00  00 00 00 00 00 00 00 00  |................|
*
00083f90  00 00 00 00 00 00 00 00  00 00 33 33 33 ff 33 33  |..........333.33|
00083fa0  33 ff 33 33 33 ff 33 33  33 ff 33 33 33 ff 33 33  |3.333.333.333.33|
*
00083fd0  33 ff 33 33 33 ff 33 33  33 ff 00 00 00 00 00 00  |3.333.333.......|
00083fe0  00 00 00 00 00 00 00 00  00 00 00 00 00 00 00 00  |................|
*
00084130  00 00 00 00 00 00 00 00  00 00 33 33 33 ff 33 33  |..........333.33|
00084140  33 ff 33 33 33 ff 33 33  33 ff 33 33 33 ff 33 33  |3.333.333.333.33|
*
000841c0  33 ff 33 33 33 ff 33 33  33 ff 33 33 33 ff 00 00  |3.333.333.333...|
000841d0  00 00 00 00 00 00 00 00  00 00 00 00 00 00 00 00  |................|
*
000842d0  00 00 00 00 00 00 00 00  00 00 38 38 38 09 33 33  |..........888.33|
000842e0  33 c8 33 33 33 ff 33 33  33 ff 33 33 33 ff 33 33  |3.333.333.333.33|
000842f0  33 ff 33 33 33 ff 33 33  33 ff 33 33 33 ff 33 33  |3.333.333.333.33|
*
00084330  33 ff 33 33 33 ff 33 33  33 ff 00 00 00 00 00 00  |3.333.333.......|
00084340  00 00 00 00 00 00 00 00  00 00 00 00 00 00 00 00  |................|
*
000843c0  00 00 00 00 00 00 00 00  00 00 00 00 00 00 33 33  |..............33|
000843d0  33 3c 33 33 33 ff 33 33  33 ff 33 33 33 ff 33 33  |3<333.333.333.33|
000843e0  33 ff 33 33 33 ff 33 33  33 ff 33 33 33 ff 33 33  |3.333.333.333.33|
*
00084450  33 ff 33 33 33 ff 33 33  33 f0 33 33 33 05 00 00  |3.333.333.333...|
00084460  00 00 00 00 00 00 00 00  00 00 00 00 00 00 00 00  |................|
*
000844f0  00 00 33 33 33 ff 33 33  33 ff 33 33 33 ff 33 33  |..333.333.333.33|
00084500  33 ff 33 33 33 ff 33 33  33 ff 33 33 33 ff 33 33  |3.333.333.333.33|
*
00084540  33 ff 00 00 00 00 00 00  00 00 00 00 00 00 00 00  |3...............|
00084550  00 00 00 00 00 00 00 00  00 00 00 00 00 00 00 00  |................|
*
00084630  00 00 00 00 00 00 00 00  00 00 00 00 00 00 34 34  |..............44|
00084640  34 31 33 33 33 f5 33 33  33 ff 33 33 33 ff 33 33  |41333.333.333.33|
00084650  33 ff 33 33 33 ff 33 33  33 ff 33 33 33 ff 33 33  |3.333.333.333.33|
*
000846d0  33 ff 33 33 33 ff 33 33  33 ff 00 00 00 00 00 00  |3.333.333.......|
000846e0  00 00 00 00 00 00 00 00  00 00 00 00 00 00 00 00  |................|
*
00084790  00 00 00 00 00 00 00 00  00 00 33 33 33 ff 33 33  |..........333.33|
000847a0  33 ff 33 33 33 ff 33 33  33 ff 33 33 33 ff 33 33  |3.333.333.333.33|
*
000847d0  33 ff 33 33 33 ff 33 33  33 ff 00 00 00 00 00 00  |3.333.333.......|
000847e0  00 00 00 00 00 00 00 00  00 00 00 00 00 00 00 00  |................|
*
00084930  00 00 00 00 00 00 00 00  00 00 33 33 33 ff 33 33  |..........333.33|
00084940  33 ff 33 33 33 ff 33 33  33 ff 33 33 33 ff 33 33  |3.333.333.333.33|
*
000849c0  33 ff 33 33 33 ff 33 33  33 ff 33 33 33 ff 00 00  |3.333.333.333...|
000849d0  00 00 00 00 00 00 00 00  00 00 00 00 00 00 00 00  |................|
*
00084ad0  00 00 00 00 00 00 00 00  00 01 33 33 33 a9 33 33  |..........333.33|
00084ae0  33 ff 33 33 33 ff 33 33  33 ff 33 33 33 ff 33 33  |3.333.333.333.33|
*
00084b30  33 ff 33 33 33 ff 33 33  33 ff 00 00 00 00 00 00  |3.333.333.......|
00084b40  00 00 00 00 00 00 00 00  00 00 00 00 00 00 00 00  |................|
*
00084bc0  00 00 00 00 00 00 00 00  00 00 00 00 00 00 33 33  |..............33|
00084bd0  33 87 33 33 33 ff 33 33  33 ff 33 33 33 ff 33 33  |3.333.333.333.33|
00084be0  33 ff 33 33 33 ff 33 33  33 ff 33 33 33 ff 33 33  |3.333.333.333.33|
*
00084c50  33 ff 33 33 33 ff 33 33  33 ff 31 31 31 3e 00 00  |3.333.333.111>..|
00084c60  00 00 00 00 00 00 00 00  00 00 00 00 00 00 00 00  |................|
*
00084cf0  00 00 33 33 33 ff 33 33  33 ff 33 33 33 ff 33 33  |..333.333.333.33|
00084d00  33 ff 33 33 33 ff 33 33  33 ff 33 33 33 ff 33 33  |3.333.333.333.33|
*
00084d40  33 ff 00 00 00 00 00 00  00 00 00 00 00 00 00 00  |3...............|
00084d50  00 00 00 00 00 00 00 00  00 00 00 00 00 00 00 00  |................|
*
00084e30  00 00 00 00 00 00 00 00  00 00 33 33 33 2d 32 32  |..........333-22|
00084e40  32 e8 33 33 33 ff 33 33  33 ff 33 33 33 ff 33 33  |2.333.333.333.33|
00084e50  33 ff 33 33 33 ff 33 33  33 ff 33 33 33 ff 33 33  |3.333.333.333.33|
*
00084ed0  33 ff 33 33 33 ff 33 33  33 ff 00 00 00 00 00 00  |3.333.333.......|
00084ee0  00 00 00 00 00 00 00 00  00 00 00 00 00 00 00 00  |................|
*
00084f90  00 00 00 00 00 00 00 00  00 00 33 33 33 ff 33 33  |..........333.33|
00084fa0  33 ff 33 33 33 ff 33 33  33 ff 33 33 33 ff 33 33  |3.333.333.333.33|
*
00084fd0  33 ff 33 33 33 ff 33 33  33 ff 00 00 00 00 00 00  |3.333.333.......|
00084fe0  00 00 00 00 00 00 00 00  00 00 00 00 00 00 00 00  |................|
*
00085130  00 00 00 00 00 00 00 00  00 00 33 33 33 ff 33 33  |..........333.33|
00085140  33 ff 33 33 33 ff 33 33  33 ff 33 33 33 ff 33 33  |3.333.333.333.33|
*
000851c0  33 ff 33 33 33 ff 33 33  33 ff 33 33 33 ff 00 00  |3.333.333.333...|
000851d0  00 00 00 00 00 00 00 00  00 00 00 00 00 00 00 00  |................|
*
000852d0  00 00 55 55 55 03 32 32  32 9c 33 33 33 ff 33 33  |..UUU.222.333.33|
000852e0  33 ff 33 33 33 ff 33 33  33 ff 33 33 33 ff 33 33  |3.333.333.333.33|
*
00085330  33 ff 33 33 33 ff 33 33  33 ff 00 00 00 00 00 00  |3.333.333.......|
00085340  00 00 00 00 00 00 00 00  00 00 00 00 00 00 00 00  |................|
*
000853c0  00 00 00 00 00 00 00 00  00 00 00 00 00 00 32 32  |..............22|
000853d0  32 d3 33 33 33 ff 33 33  33 ff 33 33 33 ff 33 33  |2.333.333.333.33|
000853e0  33 ff 33 33 33 ff 33 33  33 ff 33 33 33 ff 33 33  |3.333.333.333.33|
*
00085450  33 ff 33 33 33 ff 33 33  33 ff 33 33 33 87 00 00  |3.333.333.333...|
00085460  00 00 00 00 00 00 00 00  00 00 00 00 00 00 00 00  |................|
*
000854f0  00 00 33 33 33 ff 33 33  33 ff 33 33 33 ff 33 33  |..333.333.333.33|
00085500  33 ff 33 33 33 ff 33 33  33 ff 33 33 33 ff 33 33  |3.333.333.333.33|
*
00085540  33 ff 00 00 00 00 00 00  00 00 00 00 00 00 00 00  |3...............|
00085550  00 00 00 00 00 00 00 00  00 00 00 00 00 00 00 00  |................|
*
00085630  00 00 00 00 00 00 35 35  35 30 33 33 33 eb 33 33  |......5550333.33|
00085640  33 ff 33 33 33 ff 33 33  33 ff 33 33 33 ff 33 33  |3.333.333.333.33|
*
000856d0  33 ff 33 33 33 ff 33 33  33 ff 00 00 00 00 00 00  |3.333.333.......|
000856e0  00 00 00 00 00 00 00 00  00 00 00 00 00 00 00 00  |................|
*
00085790  00 00 00 00 00 00 00 00  00 00 33 33 33 ff 33 33  |..........333.33|
000857a0  33 ff 33 33 33 ff 33 33  33 ff 33 33 33 ff 33 33  |3.333.333.333.33|
*
000857d0  33 ff 33 33 33 ff 33 33  33 ff 00 00 00 00 00 00  |3.333.333.......|
000857e0  00 00 00 00 00 00 00 00  00 00 00 00 00 00 00 00  |................|
*
00085930  00 00 00 00 00 00 00 00  00 00 33 33 33 ff 33 33  |..........333.33|
00085940  33 ff 33 33 33 ff 33 33  33 ff 33 33 33 ff 33 33  |3.333.333.333.33|
*
000859c0  33 ff 33 33 33 ff 33 33  33 ff 33 33 33 ff 00 00  |3.333.333.333...|
000859d0  00 00 00 00 00 00 00 00  00 00 00 00 00 00 00 00  |................|
*
00085ac0  00 00 00 00 00 00 00 00  00 00 00 00 00 00 36 36  |..............66|
00085ad0  36 0e 32 32 32 b5 33 33  33 ff 33 33 33 ff 33 33  |6.222.333.333.33|
00085ae0  33 ff 33 33 33 ff 33 33  33 ff 33 33 33 ff 33 33  |3.333.333.333.33|
*
00085b30  33 ff 33 33 33 ff 33 33  33 ff 00 00 00 00 00 00  |3.333.333.......|
00085b40  00 00 00 00 00 00 00 00  00 00 00 00 00 00 00 00  |................|
*
00085bc0  00 00 00 00 00 00 00 00  00 00 2f 2f 2f 20 33 33  |........../// 33|
00085bd0  33 ff 33 33 33 ff 33 33  33 ff 33 33 33 ff 33 33  |3.333.333.333.33|
*
00085c50  33 ff 33 33 33 ff 33 33  33 ff 33 33 33 d2 00 00  |3.333.333.333...|
00085c60  00 00 00 00 00 00 00 00  00 00 00 00 00 00 00 00  |................|
*
00085cf0  00 00 33 33 33 ff 33 33  33 ff 33 33 33 ff 33 33  |..333.333.333.33|
00085d00  33 ff 33 33 33 ff 33 33  33 ff 33 33 33 ff 33 33  |3.333.333.333.33|
*
00085d40  33 ff 00 00 00 00 00 00  00 00 00 00 00 00 00 00  |3...............|
00085d50  00 00 00 00 00 00 00 00  00 00 00 00 00 00 00 00  |................|
*
00085e30  00 00 33 33 33 4f 33 33  33 f0 33 33 33 ff 33 33  |..333O333.333.33|
00085e40  33 ff 33 33 33 ff 33 33  33 ff 33 33 33 ff 33 33  |3.333.333.333.33|
*
00085ed0  33 ff 33 33 33 ff 33 33  33 ff 00 00 00 00 00 00  |3.333.333.......|
00085ee0  00 00 00 00 00 00 00 00  00 00 00 00 00 00 00 00  |................|
*
00085f90  00 00 00 00 00 00 00 00  00 00 33 33 33 ff 33 33  |..........333.33|
00085fa0  33 ff 33 33 33 ff 33 33  33 ff 33 33 33 ff 33 33  |3.333.333.333.33|
*
00085fd0  33 ff 33 33 33 ff 33 33  33 ff 00 00 00 00 00 00  |3.333.333.......|
00085fe0  00 00 00 00 00 00 00 00  00 00 00 00 00 00 00 00  |................|
*
00086130  00 00 00 00 00 00 00 00  00 00 33 33 33 ff 33 33  |..........333.33|
00086140  33 ff 33 33 33 ff 33 33  33 ff 33 33 33 ff 33 33  |3.333.333.333.33|
*
000861c0  33 ff 33 33 33 ff 33 33  33 ff 33 33 33 ff 00 00  |3.333.333.333...|
000861d0  00 00 00 00 00 00 00 00  00 00 00 00 00 00 00 00  |................|
*
000862c0  00 00 00 00 00 00 00 00  00 00 31 31 31 39 33 33  |..........111933|
000862d0  33 dc 33 33 33 ff 33 33  33 ff 33 33 33 ff 33 33  |3.333.333.333.33|
000862e0  33 ff 33 33 33 ff 33 33  33 ff 33 33 33 ff 33 33  |3.333.333.333.33|
*
00086330  33 ff 33 33 33 ff 33 33  33 ff 00 00 00 00 00 00  |3.333.333.......|
00086340  00 00 00 00 00 00 00 00  00 00 00 00 00 00 00 00  |................|
*
000863c0  00 00 00 00 00 00 00 00  00 00 32 32 32 6b 33 33  |..........222k33|
000863d0  33 ff 33 33 33 ff 33 33  33 ff 33 33 33 ff 33 33  |3.333.333.333.33|
*
00086460  33 1e 00 00 00 00 00 00  00 00 00 00 00 00 00 00  |3...............|
00086470  00 00 00 00 00 00 00 00  00 00 00 00 00 00 00 00  |................|
*
000864f0  00 00 33 33 33 ff 33 33  33 ff 33 33 33 ff 33 33  |..333.333.333.33|
00086500  33 ff 33 33 33 ff 33 33  33 ff 33 33 33 ff 33 33  |3.333.333.333.33|
*
00086540  33 ff 00 00 00 00 00 00  00 00 00 00 00 00 00 00  |3...............|
00086550  00 00 00 00 00 00 00 00  00 00 00 00 00 00 00 00  |................|
*
00086620  00 00 00 00 00 00 00 00  00 00 55 55 55 03 33 33  |..........UUU.33|
00086630  33 80 33 33 33 fd 33 33  33 ff 33 33 33 ff 33 33  |3.333.333.333.33|
00086640  33 ff 33 33 33 ff 33 33  33 ff 33 33 33 ff 33 33  |3.333.333.333.33|
*
000866d0  33 ff 33 33 33 ff 33 33  33 ff 00 00 00 00 00 00  |3.333.333.......|
000866e0  00 00 00 00 00 00 00 00  00 00 00 00 00 00 00 00  |................|
*
00086790  00 00 00 00 00 00 00 00  00 00 33 33 33 ff 33 33  |..........333.33|
000867a0  33 ff 33 33 33 ff 33 33  33 ff 33 33 33 ff 33 33  |3.333.333.333.33|
*
000867d0  33 ff 33 33 33 ff 33 33  33 ff 00 00 00 00 00 00  |3.333.333.......|
000867e0  00 00 00 00 00 00 00 00  00 00 00 00 00 00 00 00  |................|
*
00086930  00 00 00 00 00 00 00 00  00 00 33 33 33 ff 33 33  |..........333.33|
00086940  33 ff 33 33 33 ff 33 33  33 ff 33 33 33 ff 33 33  |3.333.333.333.33|
*
000869c0  33 ff 33 33 33 ff 33 33  33 ff 33 33 33 ff 00 00  |3.333.333.333...|
000869d0  00 00 00 00 00 00 00 00  00 00 00 00 00 00 00 00  |................|
*
00086ac0  00 00 35 35 35 18 32 32  32 97 33 33 33 fd 33 33  |..555.222.333.33|
00086ad0  33 ff 33 33 33 ff 33 33  33 ff 33 33 33 ff 33 33  |3.333.333.333.33|
*
00086b30  33 ff 33 33 33 ff 33 33  33 ff 00 00 00 00 00 00  |3.333.333.......|
00086b40  00 00 00 00 00 00 00 00  00 00 00 00 00 00 00 00  |................|
*
00086bc0  00 00 00 00 00 00 00 00  00 00 32 32 32 b6 33 33  |..........222.33|
00086bd0  33 ff 33 33 33 ff 33 33  33 ff 33 33 33 ff 33 33  |3.333.333.333.33|
*
00086c60  33 67 00 00 00 00 00 00  00 00 00 00 00 00 00 00  |3g..............|
00086c70  00 00 00 00 00 00 00 00  00 00 00 00 00 00 00 00  |................|
*
00086cf0  00 00 33 33 33 ff 33 33  33 ff 33 33 33 ff 33 33  |..333.333.333.33|
00086d00  33 ff 33 33 33 ff 33 33  33 ff 33 33 33 ff 33 33  |3.333.333.333.33|
*
00086d40  33 ff 00 00 00 00 00 00  00 00 00 00 00 00 00 00  |3...............|
00086d50  00 00 00 00 00 00 00 00  00 00 00 00 00 00 00 00  |................|
*
00086e20  00 00 00 00 00 00 33 33  33 3c 33 33 33 d0 33 33  |......333<333.33|
00086e30  33 ff 33 33 33 ff 33 33  33 ff 33 33 33 ff 33 33  |3.333.333.333.33|
*
00086ed0  33 ff 33 33 33 ff 33 33  33 ff 00 00 00 00 00 00  |3.333.333.......|
00086ee0  00 00 00 00 00 00 00 00  00 00 00 00 00 00 00 00  |................|
*
00086f90  00 00 00 00 00 00 00 00  00 00 33 33 33 ff 33 33  |..........333.33|
00086fa0  33 ff 33 33 33 ff 33 33  33 ff 33 33 33 ff 33 33  |3.333.333.333.33|
*
00086fd0  33 ff 33 33 33 ff 33 33  33 ff 00 00 00 00 00 00  |3.333.333.......|
00086fe0  00 00 00 00 00 00 00 00  00 00 00 00 00 00 00 00  |................|
*
00087130  00 00 00 00 00 00 00 00  00 00 33 33 33 ff 33 33  |..........333.33|
00087140  33 ff 33 33 33 ff 33 33  33 ff 33 33 33 ff 33 33  |3.333.333.333.33|
*
000871c0  33 ff 33 33 33 ff 33 33  33 ff 33 33 33 ff 00 00  |3.333.333.333...|
000871d0  00 00 00 00 00 00 00 00  00 00 00 00 00 00 00 00  |................|
*
000872b0  00 00 00 00 00 00 00 00  00 00 35 35 35 18 32 32  |..........555.22|
000872c0  32 84 33 33 33 f4 33 33  33 ff 33 33 33 ff 33 33  |2.333.333.333.33|
000872d0  33 ff 33 33 33 ff 33 33  33 ff 33 33 33 ff 33 33  |3.333.333.333.33|
*
00087330  33 ff 33 33 33 ff 33 33  33 ff 00 00 00 00 00 00  |3.333.333.......|
00087340  00 00 00 00 00 00 00 00  00 00 00 00 00 00 00 00  |................|
*
000873c0  00 00 00 00 00 00 2e 2e  2e 0b 32 32 32 f7 33 33  |..........222.33|
000873d0  33 ff 33 33 33 ff 33 33  33 ff 33 33 33 ff 33 33  |3.333.333.333.33|
*
00087450  33 ff 33 33 33 ff 33 33  33 ff 33 33 33 ff 32 32  |3.333.333.333.22|
00087460  32 b0 00 00 00 00 00 00  00 00 00 00 00 00 00 00  |2...............|
00087470  00 00 00 00 00 00 00 00  00 00 00 00 00 00 00 00  |................|
*
000874f0  00 00 33 33 33 ff 33 33  33 ff 33 33 33 ff 33 33  |..333.333.333.33|
00087500  33 ff 33 33 33 ff 33 33  33 ff 33 33 33 ff 33 33  |3.333.333.333.33|
*
00087540  33 ff 00 00 00 00 00 00  00 00 00 00 00 00 00 00  |3...............|
00087550  00 00 00 00 00 00 00 00  00 00 00 00 00 00 00 00  |................|
*
00087610  00 00 00 00 00 00 00 00  00 00 00 00 00 00 30 30  |..............00|
00087620  30 25 33 33 33 a4 33 33  33 fe 33 33 33 ff 33 33  |0%333.333.333.33|
00087630  33 ff 33 33 33 ff 33 33  33 ff 33 33 33 ff 33 33  |3.333.333.333.33|
*
000876d0  33 ff 33 33 33 ff 33 33  33 ff 00 00 00 00 00 00  |3.333.333.......|
000876e0  00 00 00 00 00 00 00 00  00 00 00 00 00 00 00 00  |................|
*
00087790  00 00 00 00 00 00 00 00  00 00 33 33 33 ff 33 33  |..........333.33|
000877a0  33 ff 33 33 33 ff 33 33  33 ff 33 33 33 ff 33 33  |3.333.333.333.33|
*
000877d0  33 ff 33 33 33 ff 33 33  33 ff 00 00 00 00 00 00  |3.333.333.......|
000877e0  00 00 00 00 00 00 00 00  00 00 00 00 00 00 00 00  |................|
*
00087930  00 00 00 00 00 00 00 00  00 00 33 33 33 ff 33 33  |..........333.33|
00087940  33 ff 33 33 33 ff 33 33  33 ff 33 33 33 ff 33 33  |3.333.333.333.33|
*
000879c0  33 ff 33 33 33 ff 33 33  33 ff 33 33 33 ff 00 00  |3.333.333.333...|
000879d0  00 00 00 00 00 00 00 00  00 00 00 00 00 00 00 00  |................|
*
00087aa0  00 00 00 00 00 00 00 00  00 00 00 00 00 00 55 55  |..............UU|
00087ab0  55 03 32 32 32 42 33 33  33 a9 33 33 33 fa 33 33  |U.222B333.333.33|
00087ac0  33 ff 33 33 33 ff 33 33  33 ff 33 33 33 ff 33 33  |3.333.333.333.33|
*
00087b30  33 ff 33 33 33 ff 33 33  33 ff 00 00 00 00 00 00  |3.333.333.......|
00087b40  00 00 00 00 00 00 00 00  00 00 00 00 00 00 00 00  |................|
*
00087bc0  00 00 00 00 00 00 34 34  34 4e 33 33 33 ff 33 33  |......444N333.33|
00087bd0  33 ff 33 33 33 ff 33 33  33 ff 33 33 33 ff 33 33  |3.333.333.333.33|
*
00087c60  33 f3 24 24 24 07 00 00  00 00 00 00 00 00 00 00  |3.$$$...........|
00087c70  00 00 00 00 00 00 00 00  00 00 00 00 00 00 00 00  |................|
*
00087cf0  00 00 33 33 33 ff 33 33  33 ff 33 33 33 ff 33 33  |..333.333.333.33|
00087d00  33 ff 33 33 33 ff 33 33  33 ff 33 33 33 ff 33 33  |3.333.333.333.33|
*
00087d40  33 ff 00 00 00 00 00 00  00 00 00 00 00 00 00 00  |3...............|
00087d50  00 00 00 00 00 00 00 00  00 00 00 00 00 00 00 00  |................|
*
00087e10  00 00 00 00 00 00 33 33  33 3b 33 33 33 ae 33 33  |......333;333.33|
00087e20  33 fd 33 33 33 ff 33 33  33 ff 33 33 33 ff 33 33  |3.333.333.333.33|
00087e30  33 ff 33 33 33 ff 33 33  33 ff 33 33 33 ff 33 33  |3.333.333.333.33|
*
00087ed0  33 ff 33 33 33 ff 33 33  33 ff 00 00 00 00 00 00  |3.333.333.......|
00087ee0  00 00 00 00 00 00 00 00  00 00 00 00 00 00 00 00  |................|
*
00087f90  00 00 00 00 00 00 00 00  00 00 33 33 33 ff 33 33  |..........333.33|
00087fa0  33 ff 33 33 33 ff 33 33  33 ff 33 33 33 ff 33 33  |3.333.333.333.33|
*
00087fd0  33 ff 33 33 33 ff 33 33  33 ff 00 00 00 00 00 00  |3.333.333.......|
00087fe0  00 00 00 00 00 00 00 00  00 00 00 00 00 00 00 00  |................|
*
00088130  00 00 00 00 00 00 00 00  00 00 33 33 33 ff 33 33  |..........333.33|
00088140  33 ff 33 33 33 ff 33 33  33 ff 33 33 33 ff 33 33  |3.333.333.333.33|
*
000881c0  33 ff 33 33 33 ff 33 33  33 ff 33 33 33 ff 00 00  |3.333.333.333...|
000881d0  00 00 00 00 00 00 00 00  00 00 00 00 00 00 00 00  |................|
*
000882a0  00 00 36 36 36 0e 34 34  34 4e 32 32 32 9d 33 33  |..666.444N222.33|
000882b0  33 ea 33 33 33 ff 33 33  33 ff 33 33 33 ff 33 33  |3.333.333.333.33|
000882c0  33 ff 33 33 33 ff 33 33  33 ff 33 33 33 ff 33 33  |3.333.333.333.33|
*
00088330  33 ff 33 33 33 ff 33 33  33 ff 00 00 00 00 00 00  |3.333.333.......|
00088340  00 00 00 00 00 00 00 00  00 00 00 00 00 00 00 00  |................|
*
000883c0  00 00 00 00 00 00 33 33  33 99 33 33 33 ff 33 33  |......333.333.33|
000883d0  33 ff 33 33 33 ff 33 33  33 ff 33 33 33 ff 33 33  |3.333.333.333.33|
*
00088460  33 ff 33 33 33 45 00 00  00 00 00 00 00 00 00 00  |3.333E..........|
00088470  00 00 00 00 00 00 00 00  00 00 00 00 00 00 00 00  |................|
*
000884f0  00 00 33 33 33 ff 33 33  33 ff 33 33 33 ff 33 33  |..333.333.333.33|
00088500  33 ff 33 33 33 ff 33 33  33 ff 33 33 33 ff 33 33  |3.333.333.333.33|
*
00088540  33 ff 00 00 00 00 00 00  00 00 00 00 00 00 00 00  |3...............|
00088550  00 00 00 00 00 00 00 00  00 00 00 00 00 00 00 00  |................|
*
00088600  00 00 00 00 00 00 00 00  00 00 33 33 33 2d 32 32  |..........333-22|
00088610  32 83 32 32 32 d8 33 33  33 ff 33 33 33 ff 33 33  |2.222.333.333.33|
00088620  33 ff 33 33 33 ff 33 33  33 ff 33 33 33 ff 33 33  |3.333.333.333.33|
*
000886d0  33 ff 33 33 33 ff 33 33  33 ff 00 00 00 00 00 00  |3.333.333.......|
000886e0  00 00 00 00 00 00 00 00  00 00 00 00 00 00 00 00  |................|
*
00088790  00 00 00 00 00 00 00 00  00 00 33 33 33 ff 33 33  |..........333.33|
000887a0  33 ff 33 33 33 ff 33 33  33 ff 33 33 33 ff 33 33  |3.333.333.333.33|
*
000887d0  33 ff 33 33 33 ff 33 33  33 ff 00 00 00 00 00 00  |3.333.333.......|
000887e0  00 00 00 00 00 00 00 00  00 00 00 00 00 00 00 00  |................|
*
00088930  00 00 00 00 00 00 00 00  00 00 33 33 33 ff 33 33  |..........333.33|
00088940  33 ff 33 33 33 ff 33 33  33 ff 33 33 33 ff 33 33  |3.333.333.333.33|
*
000889c0  33 ff 33 33 33 ff 33 33  33 ff 33 33 33 ff 00 00  |3.333.333.333...|
000889d0  00 00 00 00 00 00 00 00  00 00 00 00 00 00 00 00  |................|
*
00088a80  00 00 00 00 00 00 00 00  00 00 00 00 00 00 3a 3a  |..............::|
00088a90  3a 0d 34 34 34 35 31 31  31 61 33 33 33 96 33 33  |:.4445111a333.33|
00088aa0  33 d1 33 33 33 fd 33 33  33 ff 33 33 33 ff 33 33  |3.333.333.333.33|
00088ab0  33 ff 33 33 33 ff 33 33  33 ff 33 33 33 ff 33 33  |3.333.333.333.33|
*
00088b30  33 ff 33 33 33 ff 33 33  33 ff 00 00 00 00 00 00  |3.333.333.......|
00088b40  00 00 00 00 00 00 00 00  00 00 00 00 00 00 00 00  |................|
*
00088bc0  00 00 00 00 00 01 33 33  33 e4 33 33 33 ff 33 33  |......333.333.33|
00088bd0  33 ff 33 33 33 ff 33 33  33 ff 33 33 33 ff 33 33  |3.333.333.333.33|
*
00088c60  33 ff 33 33 33 8f 00 00  00 00 00 00 00 00 00 00  |3.333...........|
00088c70  00 00 00 00 00 00 00 00  00 00 00 00 00 00 00 00  |................|
*
00088cf0  00 00 33 33 33 ff 33 33  33 ff 33 33 33 ff 33 33  |..333.333.333.33|
00088d00  33 ff 33 33 33 ff 33 33  33 ff 33 33 33 ff 33 33  |3.333.333.333.33|
*
00088d40  33 ff 00 00 00 00 00 00  00 00 00 00 00 00 00 00  |3...............|
00088d50  00 00 00 00 00 00 00 00  00 00 00 00 00 00 00 00  |................|
*
00088df0  00 00 00 00 00 00 00 00  00 02 34 34 34 27 33 33  |..........444'33|
00088e00  33 63 32 32 32 a1 33 33  33 df 33 33 33 ff 33 33  |3c222.333.333.33|
00088e10  33 ff 33 33 33 ff 33 33  33 ff 33 33 33 ff 33 33  |3.333.333.333.33|
*
00088ed0  33 ff 33 33 33 ff 33 33  33 ff 00 00 00 00 00 00  |3.333.333.......|
00088ee0  00 00 00 00 00 00 00 00  00 00 00 00 00 00 00 00  |................|
*
00088f90  00 00 00 00 00 00 00 00  00 00 33 33 33 ff 33 33  |..........333.33|
00088fa0  33 ff 33 33 33 ff 33 33  33 ff 33 33 33 ff 33 33  |3.333.333.333.33|
*
00088fd0  33 ff 33 33 33 ff 33 33  33 ff 00 00 00 00 00 00  |3.333.333.......|
00088fe0  00 00 00 00 00 00 00 00  00 00 00 00 00 00 00 00  |................|
*
00089130  00 00 00 00 00 00 00 00  00 00 33 33 33 ff 33 33  |..........333.33|
00089140  33 ff 33 33 33 ff 33 33  33 ff 33 33 33 ff 33 33  |3.333.333.333.33|
*
000891c0  33 ff 33 33 33 ff 33 33  33 ff 33 33 33 ff 00 00  |3.333.333.333...|
000891d0  00 00 00 00 00 00 00 00  00 00 00 00 00 00 00 00  |................|
*
00089250  00 00 00 00 00 00 00 00  00 00 24 24 24 07 2d 2d  |..........$$$.--|
00089260  2d 11 2d 2d 2d 11 2e 2e  2e 16 30 30 30 25 31 31  |-.---.....000%11|
00089270  31 34 34 34 34 44 33 33  33 54 33 33 33 6c 33 33  |14444D333T333l33|
00089280  33 86 32 32 32 a2 33 33  33 bd 33 33 33 e0 33 33  |3.222.333.333.33|
00089290  33 ff 33 33 33 ff 33 33  33 ff 33 33 33 ff 33 33  |3.333.333.333.33|
*
00089330  33 ff 33 33 33 ff 33 33  33 ff 00 00 00 00 00 00  |3.333.333.......|
00089340  00 00 00 00 00 00 00 00  00 00 00 00 00 00 00 00  |................|
*
000893c0  00 00 34 34 34 31 33 33  33 ff 33 33 33 ff 33 33  |..4441333.333.33|
000893d0  33 ff 33 33 33 ff 33 33  33 ff 33 33 33 ff 33 33  |3.333.333.333.33|
*
00089460  33 ff 32 32 32 d9 00 00  00 00 00 00 00 00 00 00  |3.222...........|
00089470  00 00 00 00 00 00 00 00  00 00 00 00 00 00 00 00  |................|
*
000894f0  00 00 33 33 33 ff 33 33  33 ff 33 33 33 ff 33 33  |..333.333.333.33|
00089500  33 ff 33 33 33 ff 33 33  33 ff 33 33 33 ff 33 33  |3.333.333.333.33|
*
00089540  33 ff 00 00 00 00 00 00  00 00 00 00 00 00 00 00  |3...............|
00089550  00 00 00 00 00 00 00 00  00 00 00 00 00 00 00 00  |................|
*
000895c0  00 00 00 00 00 00 00 00  00 00 00 00 00 00 33 33  |..............33|
000895d0  33 0f 2d 2d 2d 11 37 37  37 17 30 30 30 25 34 34  |3.---.777.000%44|
000895e0  34 3a 33 33 33 4f 33 33  33 67 33 33 33 81 33 33  |4:333O333g333.33|
000895f0  33 a8 32 32 32 cf 32 32  32 f6 33 33 33 ff 33 33  |3.222.222.333.33|
00089600  33 ff 33 33 33 ff 33 33  33 ff 33 33 33 ff 33 33  |3.333.333.333.33|
*
000896d0  33 ff 33 33 33 ff 33 33  33 ff 00 00 00 00 00 00  |3.333.333.......|
000896e0  00 00 00 00 00 00 00 00  00 00 00 00 00 00 00 00  |................|
*
00089790  00 00 00 00 00 00 00 00  00 00 33 33 33 ff 33 33  |..........333.33|
000897a0  33 ff 33 33 33 ff 33 33  33 ff 33 33 33 ff 33 33  |3.333.333.333.33|
*
000897d0  33 ff 33 33 33 ff 33 33  33 ff 00 00 00 00 00 00  |3.333.333.......|
000897e0  00 00 00 00 00 00 00 00  00 00 00 00 00 00 00 00  |................|
*
00089930  00 00 00 00 00 00 00 00  00 00 33 33 33 ff 33 33  |..........333.33|
00089940  33 ff 33 33 33 ff 33 33  33 ff 33 33 33 ff 33 33  |3.333.333.333.33|
*
00089ed0  33 ff 33 33 33 ff 33 33  33 ff 00 00 00 00 00 00  |3.333.333.......|
00089ee0  00 00 00 00 00 00 00 00  00 00 00 00 00 00 00 00  |................|
*
00089f90  00 00 00 00 00 00 00 00  00 00 33 33 33 ff 33 33  |..........333.33|
00089fa0  33 ff 33 33 33 ff 33 33  33 ff 33 33 33 ff 33 33  |3.333.333.333.33|
*
00089fd0  33 ff 33 33 33 ff 33 33  33 ff 00 00 00 00 00 00  |3.333.333.......|
00089fe0  00 00 00 00 00 00 00 00  00 00 00 00 00 00 00 00  |................|
*
0008a130  00 00 00 00 00 00 00 00  00 00 33 33 33 ff 33 33  |..........333.33|
0008a140  33 ff 33 33 33 ff 33 33  33 ff 33 33 33 ff 33 33  |3.333.333.333.33|
*
0008a6d0  33 ff 33 33 33 ff 33 33  33 ff 00 00 00 00 00 00  |3.333.333.......|
0008a6e0  00 00 00 00 00 00 00 00  00 00 00 00 00 00 00 00  |................|
*
0008a790  00 00 00 00 00 00 00 00  00 00 33 33 33 ff 33 33  |..........333.33|
0008a7a0  33 ff 33 33 33 ff 33 33  33 ff 33 33 33 ff 33 33  |3.333.333.333.33|
*
0008a7d0  33 ff 33 33 33 ff 33 33  33 ff 00 00 00 00 00 00  |3.333.333.......|
0008a7e0  00 00 00 00 00 00 00 00  00 00 00 00 00 00 00 00  |................|
*
0008a930  00 00 00 00 00 00 00 00  00 00 33 33 33 ff 33 33  |..........333.33|
0008a940  33 ff 33 33 33 ff 33 33  33 ff 33 33 33 ff 33 33  |3.333.333.333.33|
*
0008aed0  33 ff 33 33 33 ff 33 33  33 ff 00 00 00 00 00 00  |3.333.333.......|
0008aee0  00 00 00 00 00 00 00 00  00 00 00 00 00 00 00 00  |................|
*
0008af90  00 00 00 00 00 00 00 00  00 00 33 33 33 ff 33 33  |..........333.33|
0008afa0  33 ff 33 33 33 ff 33 33  33 ff 33 33 33 ff 33 33  |3.333.333.333.33|
*
0008afd0  33 ff 33 33 33 ff 33 33  33 ff 00 00 00 00 00 00  |3.333.333.......|
0008afe0  00 00 00 00 00 00 00 00  00 00 00 00 00 00 00 00  |................|
*
0008b130  00 00 00 00 00 00 00 00  00 00 33 33 33 ff 33 33  |..........333.33|
0008b140  33 ff 33 33 33 ff 33 33  33 ff 33 33 33 ff 33 33  |3.333.333.333.33|
*
0008b6d0  33 ff 33 33 33 ff 33 33  33 ff 00 00 00 00 00 00  |3.333.333.......|
0008b6e0  00 00 00 00 00 00 00 00  00 00 00 00 00 00 00 00  |................|
*
0008b790  00 00 00 00 00 00 00 00  00 00 33 33 33 ff 33 33  |..........333.33|
0008b7a0  33 ff 33 33 33 ff 33 33  33 ff 33 33 33 ff 33 33  |3.333.333.333.33|
*
0008b7d0  33 ff 33 33 33 ff 33 33  33 ff 00 00 00 00 00 00  |3.333.333.......|
0008b7e0  00 00 00 00 00 00 00 00  00 00 00 00 00 00 00 00  |................|
*
0008b930  00 00 00 00 00 00 00 00  00 00 33 33 33 ff 33 33  |..........333.33|
0008b940  33 ff 33 33 33 ff 33 33  33 ff 33 33 33 ff 33 33  |3.333.333.333.33|
*
0008bed0  33 ff 33 33 33 ff 33 33  33 ff 00 00 00 00 00 00  |3.333.333.......|
0008bee0  00 00 00 00 00 00 00 00  00 00 00 00 00 00 00 00  |................|
*
0008bf90  00 00 00 00 00 00 00 00  00 00 33 33 33 ff 33 33  |..........333.33|
0008bfa0  33 ff 33 33 33 ff 33 33  33 ff 33 33 33 ff 33 33  |3.333.333.333.33|
*
0008bfd0  33 ff 33 33 33 ff 33 33  33 ff 00 00 00 00 00 00  |3.333.333.......|
0008bfe0  00 00 00 00 00 00 00 00  00 00 00 00 00 00 00 00  |................|
*
0008c130  00 00 00 00 00 00 00 00  00 00 33 33 33 ff 33 33  |..........333.33|
0008c140  33 ff 33 33 33 ff 33 33  33 ff 33 33 33 ff 33 33  |3.333.333.333.33|
*
0008c6d0  33 ff 33 33 33 ff 33 33  33 ff 00 00 00 00 00 00  |3.333.333.......|
0008c6e0  00 00 00 00 00 00 00 00  00 00 00 00 00 00 00 00  |................|
*
0008c790  00 00 00 00 00 00 00 00  00 00 33 33 33 ff 33 33  |..........333.33|
0008c7a0  33 ff 33 33 33 ff 33 33  33 ff 33 33 33 ff 33 33  |3.333.333.333.33|
*
0008c7d0  33 ff 33 33 33 ff 33 33  33 ff 00 00 00 00 00 00  |3.333.333.......|
0008c7e0  00 00 00 00 00 00 00 00  00 00 00 00 00 00 00 00  |................|
*
0008c930  00 00 00 00 00 00 00 00  00 00 33 33 33 ff 33 33  |..........333.33|
0008c940  33 ff 33 33 33 ff 33 33  33 ff 33 33 33 ff 33 33  |3.333.333.333.33|
*
0008ced0  33 ff 33 33 33 ff 33 33  33 ff 00 00 00 00 00 00  |3.333.333.......|
0008cee0  00 00 00 00 00 00 00 00  00 00 00 00 00 00 00 00  |................|
*
0008cf90  00 00 00 00 00 00 00 00  00 00 33 33 33 ff 33 33  |..........333.33|
0008cfa0  33 ff 33 33 33 ff 33 33  33 ff 33 33 33 ff 33 33  |3.333.333.333.33|
*
0008cfd0  33 ff 33 33 33 ff 33 33  33 ff 00 00 00 00 00 00  |3.333.333.......|
0008cfe0  00 00 00 00 00 00 00 00  00 00 00 00 00 00 00 00  |................|
*
0008d130  00 00 00 00 00 00 00 00  00 00 33 33 33 ff 33 33  |..........333.33|
0008d140  33 ff 33 33 33 ff 33 33  33 ff 33 33 33 ff 33 33  |3.333.333.333.33|
*
0008d6d0  33 ff 33 33 33 ff 33 33  33 ff 00 00 00 00 00 00  |3.333.333.......|
0008d6e0  00 00 00 00 00 00 00 00  00 00 00 00 00 00 00 00  |................|
*
0008d790  00 00 00 00 00 00 00 00  00 00 33 33 33 ff 33 33  |..........333.33|
0008d7a0  33 ff 33 33 33 ff 33 33  33 ff 33 33 33 ff 33 33  |3.333.333.333.33|
*
0008d7d0  33 ff 33 33 33 ff 33 33  33 ff 00 00 00 00 00 00  |3.333.333.......|
0008d7e0  00 00 00 00 00 00 00 00  00 00 00 00 00 00 00 00  |................|
*
0008d930  00 00 00 00 00 00 00 00  00 00 33 33 33 ff 33 33  |..........333.33|
0008d940  33 ff 33 33 33 ff 33 33  33 ff 33 33 33 ff 33 33  |3.333.333.333.33|
*
0008ded0  33 ff 33 33 33 ff 33 33  33 ff 00 00 00 00 00 00  |3.333.333.......|
0008dee0  00 00 00 00 00 00 00 00  00 00 00 00 00 00 00 00  |................|
*
0008df90  00 00 00 00 00 00 00 00  00 00 33 33 33 ff 33 33  |..........333.33|
0008dfa0  33 ff 33 33 33 ff 33 33  33 ff 33 33 33 ff 33 33  |3.333.333.333.33|
*
0008dfd0  33 ff 33 33 33 ff 33 33  33 ff 00 00 00 00 00 00  |3.333.333.......|
0008dfe0  00 00 00 00 00 00 00 00  00 00 00 00 00 00 00 00  |................|
*
0008e130  00 00 00 00 00 00 00 00  00 00 33 33 33 ff 33 33  |..........333.33|
0008e140  33 ff 33 33 33 ff 33 33  33 ff 33 33 33 ff 33 33  |3.333.333.333.33|
*
0008e6d0  33 ff 33 33 33 ff 33 33  33 ff 00 00 00 00 00 00  |3.333.333.......|
0008e6e0  00 00 00 00 00 00 00 00  00 00 00 00 00 00 00 00  |................|
*
0008e790  00 00 00 00 00 00 00 00  00 00 33 33 33 ff 33 33  |..........333.33|
0008e7a0  33 ff 33 33 33 ff 33 33  33 ff 33 33 33 ff 33 33  |3.333.333.333.33|
*
0008e7d0  33 ff 33 33 33 ff 33 33  33 ff 00 00 00 00 00 00  |3.333.333.......|
0008e7e0  00 00 00 00 00 00 00 00  00 00 00 00 00 00 00 00  |................|
*
0008e930  00 00 00 00 00 00 00 00  00 00 33 33 33 ff 33 33  |..........333.33|
0008e940  33 ff 33 33 33 ff 33 33  33 ff 33 33 33 ff 33 33  |3.333.333.333.33|
*
0008eed0  33 ff 33 33 33 ff 33 33  33 ff 00 00 00 00 00 00  |3.333.333.......|
0008eee0  00 00 00 00 00 00 00 00  00 00 00 00 00 00 00 00  |................|
*
0008ef90  00 00 00 00 00 00 00 00  00 00 33 33 33 ff 33 33  |..........333.33|
0008efa0  33 ff 33 33 33 ff 33 33  33 ff 33 33 33 ff 33 33  |3.333.333.333.33|
*
0008efd0  33 ff 33 33 33 ff 33 33  33 ff 00 00 00 00 00 00  |3.333.333.......|
0008efe0  00 00 00 00 00 00 00 00  00 00 00 00 00 00 00 00  |................|
*
0008f130  00 00 00 00 00 00 00 00  00 00 33 33 33 ff 33 33  |..........333.33|
0008f140  33 ff 33 33 33 ff 33 33  33 ff 33 33 33 ff 33 33  |3.333.333.333.33|
*
0008f6d0  33 ff 33 33 33 ff 33 33  33 ff 00 00 00 00 00 00  |3.333.333.......|
0008f6e0  00 00 00 00 00 00 00 00  00 00 00 00 00 00 00 00  |................|
*
0008f790  00 00 00 00 00 00 00 00  00 00 33 33 33 ff 33 33  |..........333.33|
0008f7a0  33 ff 33 33 33 ff 33 33  33 ff 33 33 33 ff 33 33  |3.333.333.333.33|
*
0008f7d0  33 ff 33 33 33 ff 33 33  33 ff 00 00 00 00 00 00  |3.333.333.......|
0008f7e0  00 00 00 00 00 00 00 00  00 00 00 00 00 00 00 00  |................|
*
0008f930  00 00 00 00 00 00 00 00  00 00 33 33 33 ff 33 33  |..........333.33|
0008f940  33 ff 33 33 33 ff 33 33  33 ff 33 33 33 ff 33 33  |3.333.333.333.33|
*
0008fed0  33 ff 33 33 33 ff 33 33  33 ff 00 00 00 00 00 00  |3.333.333.......|
0008fee0  00 00 00 00 00 00 00 00  00 00 00 00 00 00 00 00  |................|
*
0008ff90  00 00 00 00 00 00 00 00  00 00 33 33 33 ff 33 33  |..........333.33|
0008ffa0  33 ff 33 33 33 ff 33 33  33 ff 33 33 33 ff 33 33  |3.333.333.333.33|
*
0008ffd0  33 ff 33 33 33 ff 33 33  33 ff 00 00 00 00 00 00  |3.333.333.......|
0008ffe0  00 00 00 00 00 00 00 00  00 00 00 00 00 00 00 00  |................|
*
00090130  00 00 00 00 00 00 00 00  00 00 33 33 33 ff 33 33  |..........333.33|
00090140  33 ff 33 33 33 ff 33 33  33 ff 33 33 33 ff 33 33  |3.333.333.333.33|
*
000906d0  33 ff 33 33 33 ff 33 33  33 ff 00 00 00 00 00 00  |3.333.333.......|
000906e0  00 00 00 00 00 00 00 00  00 00 00 00 00 00 00 00  |................|
*
00090790  00 00 00 00 00 00 00 00  00 00 33 33 33 ff 33 33  |..........333.33|
000907a0  33 ff 33 33 33 ff 33 33  33 ff 33 33 33 ff 33 33  |3.333.333.333.33|
*
000907d0  33 ff 33 33 33 ff 33 33  33 ff 00 00 00 00 00 00  |3.333.333.......|
000907e0  00 00 00 00 00 00 00 00  00 00 00 00 00 00 00 00  |................|
*
00090930  00 00 00 00 00 00 00 00  00 00 33 33 33 ff 33 33  |..........333.33|
00090940  33 ff 33 33 33 ff 33 33  33 ff 33 33 33 ff 33 33  |3.333.333.333.33|
*
00090ed0  33 ff 33 33 33 ff 33 33  33 ff 00 00 00 00 00 00  |3.333.333.......|
00090ee0  00 00 00 00 00 00 00 00  00 00 00 00 00 00 00 00  |................|
*
00090f90  00 00 00 00 00 00 00 00  00 00 33 33 33 ff 33 33  |..........333.33|
00090fa0  33 ff 33 33 33 ff 33 33  33 ff 33 33 33 ff 33 33  |3.333.333.333.33|
*
00090fd0  33 ff 33 33 33 ff 33 33  33 ff 00 00 00 00 00 00  |3.333.333.......|
00090fe0  00 00 00 00 00 00 00 00  00 00 00 00 00 00 00 00  |................|
*
00091130  00 00 00 00 00 00 00 00  00 00 33 33 33 ff 33 33  |..........333.33|
00091140  33 ff 33 33 33 ff 33 33  33 ff 33 33 33 ff 33 33  |3.333.333.333.33|
*
000916d0  33 ff 33 33 33 ff 33 33  33 ff 00 00 00 00 00 00  |3.333.333.......|
000916e0  00 00 00 00 00 00 00 00  00 00 00 00 00 00 00 00  |................|
*
00091790  00 00 00 00 00 00 00 00  00 00 33 33 33 ff 33 33  |..........333.33|
000917a0  33 ff 33 33 33 ff 33 33  33 ff 33 33 33 ff 33 33  |3.333.333.333.33|
*
000917d0  33 ff 33 33 33 ff 33 33  33 ff 00 00 00 00 00 00  |3.333.333.......|
000917e0  00 00 00 00 00 00 00 00  00 00 00 00 00 00 00 00  |................|
*
00091930  00 00 00 00 00 00 00 00  00 00 33 33 33 ff 33 33  |..........333.33|
00091940  33 ff 33 33 33 ff 33 33  33 ff 33 33 33 ff 33 33  |3.333.333.333.33|
*
00091ed0  33 ff 33 33 33 ff 33 33  33 ff 00 00 00 00 00 00  |3.333.333.......|
00091ee0  00 00 00 00 00 00 00 00  00 00 00 00 00 00 00 00  |................|
*
00091f90  00 00 00 00 00 00 00 00  00 00 33 33 33 ff 33 33  |..........333.33|
00091fa0  33 ff 33 33 33 ff 33 33  33 ff 33 33 33 ff 33 33  |3.333.333.333.33|
*
00091fd0  33 ff 33 33 33 ff 33 33  33 ff 00 00 00 00 00 00  |3.333.333.......|
00091fe0  00 00 00 00 00 00 00 00  00 00 00 00 00 00 00 00  |................|
*
00092130  00 00 00 00 00 00 00 00  00 00 33 33 33 fe 33 33  |..........333.33|
00092140  33 ff 33 33 33 ff 33 33  33 ff 33 33 33 ff 33 33  |3.333.333.333.33|
*
000926d0  33 ff 33 33 33 ff 33 33  33 fe 00 00 00 00 00 00  |3.333.333.......|
000926e0  00 00 00 00 00 00 00 00  00 00 00 00 00 00 00 00  |................|
*
00092790  00 00 00 00 00 00 00 00  00 00 33 33 33 ff 33 33  |..........333.33|
000927a0  33 ff 33 33 33 ff 33 33  33 ff 33 33 33 ff 33 33  |3.333.333.333.33|
*
000927d0  33 ff 33 33 33 ff 33 33  33 ff 00 00 00 00 00 00  |3.333.333.......|
000927e0  00 00 00 00 00 00 00 00  00 00 00 00 00 00 00 00  |................|
*
00092930  00 00 00 00 00 00 00 00  00 00 33 33 33 f5 33 33  |..........333.33|
00092940  33 ff 33 33 33 ff 33 33  33 ff 33 33 33 ff 33 33  |3.333.333.333.33|
*
00092ed0  33 ff 33 33 33 ff 33 33  33 f3 00 00 00 00 00 00  |3.333.333.......|
00092ee0  00 00 00 00 00 00 00 00  00 00 00 00 00 00 00 00  |................|
*
00092f90  00 00 00 00 00 00 00 00  00 00 33 33 33 ff 33 33  |..........333.33|
00092fa0  33 ff 33 33 33 ff 33 33  33 ff 33 33 33 ff 33 33  |3.333.333.333.33|
*
00092fd0  33 ff 33 33 33 ff 33 33  33 ff 00 00 00 00 00 00  |3.333.333.......|
00092fe0  00 00 00 00 00 00 00 00  00 00 00 00 00 00 00 00  |................|
*
00093130  00 00 00 00 00 00 00 00  00 00 32 32 32 e8 33 33  |..........222.33|
00093140  33 ff 33 33 33 ff 33 33  33 ff 33 33 33 ff 33 33  |3.333.333.333.33|
*
000936d0  33 ff 33 33 33 ff 33 33  33 e6 00 00 00 00 00 00  |3.333.333.......|
000936e0  00 00 00 00 00 00 00 00  00 00 00 00 00 00 00 00  |................|
*
00093790  00 00 00 00 00 00 00 00  00 00 33 33 33 ff 33 33  |..........333.33|
000937a0  33 ff 33 33 33 ff 33 33  33 ff 33 33 33 ff 33 33  |3.333.333.333.33|
*
000937d0  33 ff 33 33 33 ff 33 33  33 ff 00 00 00 00 00 00  |3.333.333.......|
000937e0  00 00 00 00 00 00 00 00  00 00 00 00 00 00 00 00  |................|
*
00093930  00 00 00 00 00 00 00 00  00 00 33 33 33 da 33 33  |..........333.33|
00093940  33 ff 33 33 33 ff 33 33  33 ff 33 33 33 ff 33 33  |3.333.333.333.33|
*
00093ed0  33 ff 33 33 33 ff 32 32  32 d8 00 00 00 00 00 00  |3.333.222.......|
00093ee0  00 00 00 00 00 00 00 00  00 00 00 00 00 00 00 00  |................|
*
00093f90  00 00 00 00 00 00 00 00  00 00 33 33 33 ff 33 33  |..........333.33|
00093fa0  33 ff 33 33 33 ff 33 33  33 ff 33 33 33 ff 33 33  |3.333.333.333.33|
*
00093fd0  33 ff 33 33 33 ff 33 33  33 ff 00 00 00 00 00 00  |3.333.333.......|
00093fe0  00 00 00 00 00 00 00 00  00 00 00 00 00 00 00 00  |................|
*
00094130  00 00 00 00 00 00 00 00  00 00 32 32 32 ba 33 33  |..........222.33|
00094140  33 ff 33 33 33 ff 33 33  33 ff 33 33 33 ff 33 33  |3.333.333.333.33|
*
000946d0  33 ff 33 33 33 ff 33 33  33 b7 00 00 00 00 00 00  |3.333.333.......|
000946e0  00 00 00 00 00 00 00 00  00 00 00 00 00 00 00 00  |................|
*
00094790  00 00 00 00 00 00 00 00  00 00 33 33 33 ff 33 33  |..........333.33|
000947a0  33 ff 33 33 33 ff 33 33  33 ff 33 33 33 ff 33 33  |3.333.333.333.33|
*
000947d0  33 ff 33 33 33 ff 33 33  33 ff 00 00 00 00 00 00  |3.333.333.......|
000947e0  00 00 00 00 00 00 00 00  00 00 00 00 00 00 00 00  |................|
*
00094930  00 00 00 00 00 00 00 00  00 00 32 32 32 93 33 33  |..........222.33|
00094940  33 ff 33 33 33 ff 33 33  33 ff 33 33 33 ff 33 33  |3.333.333.333.33|
*
00094ed0  33 ff 33 33 33 ff 33 33  33 90 00 00 00 00 00 00  |3.333.333.......|
00094ee0  00 00 00 00 00 00 00 00  00 00 00 00 00 00 00 00  |................|
*
00094f90  00 00 00 00 00 00 00 00  00 00 33 33 33 ff 33 33  |..........333.33|
00094fa0  33 ff 33 33 33 ff 33 33  33 ff 33 33 33 ff 33 33  |3.333.333.333.33|
*
00094fd0  33 ff 33 33 33 ff 33 33  33 ff 00 00 00 00 00 00  |3.333.333.......|
00094fe0  00 00 00 00 00 00 00 00  00 00 00 00 00 00 00 00  |................|
*
00095130  00 00 00 00 00 00 00 00  00 00 32 32 32 6b 33 33  |..........222k33|
00095140  33 ff 33 33 33 ff 33 33  33 ff 33 33 33 ff 33 33  |3.333.333.333.33|
*
000956d0  33 ff 33 33 33 ff 33 33  33 69 00 00 00 00 00 00  |3.333.333i......|
000956e0  00 00 00 00 00 00 00 00  00 00 00 00 00 00 00 00  |................|
*
00095790  00 00 00 00 00 00 00 00  00 00 33 33 33 ff 33 33  |..........333.33|
000957a0  33 ff 33 33 33 ff 33 33  33 ff 33 33 33 ff 33 33  |3.333.333.333.33|
*
000957d0  33 ff 33 33 33 ff 33 33  33 ff 00 00 00 00 00 00  |3.333.333.......|
000957e0  00 00 00 00 00 00 00 00  00 00 00 00 00 00 00 00  |................|
*
00095930  00 00 00 00 00 00 00 00  00 00 34 34 34 31 33 33  |..........444133|
00095940  33 ff 33 33 33 ff 33 33  33 ff 33 33 33 ff 33 33  |3.333.333.333.33|
*
00095ed0  33 ff 33 33 33 ff 31 31  31 2e 00 00 00 00 00 00  |3.333.111.......|
00095ee0  00 00 00 00 00 00 00 00  00 00 00 00 00 00 00 00  |................|
*
00095f90  00 00 00 00 00 00 00 00  00 00 33 33 33 ff 33 33  |..........333.33|
00095fa0  33 ff 33 33 33 ff 33 33  33 ff 33 33 33 ff 33 33  |3.333.333.333.33|
*
00095fd0  33 ff 33 33 33 ff 33 33  33 ff 00 00 00 00 00 00  |3.333.333.......|
00095fe0  00 00 00 00 00 00 00 00  00 00 00 00 00 00 00 00  |................|
*
00096130  00 00 00 00 00 00 00 00  00 00 00 00 00 02 33 33  |..............33|
00096140  33 eb 33 33 33 ff 33 33  33 ff 33 33 33 ff 33 33  |3.333.333.333.33|
00096150  33 ff 33 33 33 ff 33 33  33 ff 33 33 33 ff 33 33  |3.333.333.333.33|
*
000966d0  33 ff 32 32 32 ec 00 00  00 02 00 00 00 00 00 00  |3.222...........|
000966e0  00 00 00 00 00 00 00 00  00 00 00 00 00 00 00 00  |................|
*
00096790  00 00 00 00 00 00 00 00  00 00 33 33 33 ff 33 33  |..........333.33|
000967a0  33 ff 33 33 33 ff 33 33  33 ff 33 33 33 ff 33 33  |3.333.333.333.33|
*
000967d0  33 ff 33 33 33 ff 33 33  33 ff 00 00 00 00 00 00  |3.333.333.......|
000967e0  00 00 00 00 00 00 00 00  00 00 00 00 00 00 00 00  |................|
*
00096930  00 00 00 00 00 00 00 00  00 00 00 00 00 00 32 32  |..............22|
00096940  32 ab 33 33 33 ff 33 33  33 ff 33 33 33 ff 33 33  |2.333.333.333.33|
00096950  33 ff 33 33 33 ff 33 33  33 ff 33 33 33 ff 33 33  |3.333.333.333.33|
*
00096ed0  33 ff 33 33 33 a8 00 00  00 00 00 00 00 00 00 00  |3.333...........|
00096ee0  00 00 00 00 00 00 00 00  00 00 00 00 00 00 00 00  |................|
*
00096f90  00 00 00 00 00 00 00 00  00 00 33 33 33 ff 33 33  |..........333.33|
00096fa0  33 ff 33 33 33 ff 33 33  33 ff 33 33 33 ff 33 33  |3.333.333.333.33|
*
00096fd0  33 ff 33 33 33 ff 33 33  33 ff 00 00 00 00 00 00  |3.333.333.......|
00096fe0  00 00 00 00 00 00 00 00  00 00 00 00 00 00 00 00  |................|
*
00097130  00 00 00 00 00 00 00 00  00 00 00 00 00 00 33 33  |..............33|
00097140  33 54 33 33 33 ff 33 33  33 ff 33 33 33 ff 33 33  |3T333.333.333.33|
00097150  33 ff 33 33 33 ff 33 33  33 ff 33 33 33 ff 33 33  |3.333.333.333.33|
*
000976d0  33 ff 32 32 32 51 00 00  00 00 00 00 00 00 00 00  |3.222Q..........|
000976e0  00 00 00 00 00 00 00 00  00 00 00 00 00 00 00 00  |................|
*
00097790  00 00 00 00 00 00 00 00  00 00 33 33 33 ff 33 33  |..........333.33|
000977a0  33 ff 33 33 33 ff 33 33  33 ff 33 33 33 ff 33 33  |3.333.333.333.33|
*
000977d0  33 ff 33 33 33 ff 33 33  33 ff 00 00 00 00 00 00  |3.333.333.......|
000977e0  00 00 00 00 00 00 00 00  00 00 00 00 00 00 00 00  |................|
*
00097930  00 00 00 00 00 00 00 00  00 00 00 00 00 00 2a 2a  |..............**|
00097940  2a 06 32 32 32 ec 33 33  33 ff 33 33 33 ff 33 33  |*.222.333.333.33|
00097950  33 ff 33 33 33 ff 33 33  33 ff 33 33 33 ff 33 33  |3.333.333.333.33|
*
00097ec0  33 ff 33 33 33 ff 33 33  33 ff 33 33 33 ff 32 32  |3.333.333.333.22|
00097ed0  32 ed 24 24 24 07 00 00  00 00 00 00 00 00 00 00  |2.$$$...........|
00097ee0  00 00 00 00 00 00 00 00  00 00 00 00 00 00 00 00  |................|
*
00097f90  00 00 00 00 00 00 00 00  00 00 33 33 33 ff 33 33  |..........333.33|
00097fa0  33 ff 33 33 33 ff 33 33  33 ff 33 33 33 ff 33 33  |3.333.333.333.33|
*
00097fd0  33 ff 33 33 33 ff 33 33  33 ff 00 00 00 00 00 00  |3.333.333.......|
00097fe0  00 00 00 00 00 00 00 00  00 00 00 00 00 00 00 00  |................|
*
00098140  00 00 32 32 32 92 33 33  33 ff 33 33 33 ff 33 33  |..222.333.333.33|
00098150  33 ff 33 33 33 ff 33 33  33 ff 33 33 33 ff 33 33  |3.333.333.333.33|
*
000986d0  33 91 00 00 00 00 00 00  00 00 00 00 00 00 00 00  |3...............|
000986e0  00 00 00 00 00 00 00 00  00 00 00 00 00 00 00 00  |................|
*
00098790  00 00 00 00 00 00 00 00  00 00 33 33 33 ff 33 33  |..........333.33|
000987a0  33 ff 33 33 33 ff 33 33  33 ff 33 33 33 ff 33 33  |3.333.333.333.33|
*
000987d0  33 ff 33 33 33 ff 33 33  33 ff 00 00 00 00 00 00  |3.333.333.......|
000987e0  00 00 00 00 00 00 00 00  00 00 00 00 00 00 00 00  |................|
*
00098940  00 00 34 34 34 1d 33 33  33 f9 33 33 33 ff 33 33  |..444.333.333.33|
00098950  33 ff 33 33 33 ff 33 33  33 ff 33 33 33 ff 33 33  |3.333.333.333.33|
*
00098ec0  33 ff 33 33 33 ff 33 33  33 ff 33 33 33 fa 31 31  |3.333.333.333.11|
00098ed0  31 1f 00 00 00 00 00 00  00 00 00 00 00 00 00 00  |1...............|
00098ee0  00 00 00 00 00 00 00 00  00 00 00 00 00 00 00 00  |................|
*
00098f90  00 00 00 00 00 00 00 00  00 00 33 33 33 ff 33 33  |..........333.33|
00098fa0  33 ff 33 33 33 ff 33 33  33 ff 33 33 33 ff 33 33  |3.333.333.333.33|
*
00098fd0  33 ff 33 33 33 ff 33 33  33 ff 00 00 00 00 00 00  |3.333.333.......|
00098fe0  00 00 00 00 00 00 00 00  00 00 00 00 00 00 00 00  |................|
*
00099140  00 00 00 00 00 00 33 33  33 9f 33 33 33 ff 33 33  |......333.333.33|
00099150  33 ff 33 33 33 ff 33 33  33 ff 33 33 33 ff 33 33  |3.333.333.333.33|
*
000996c0  33 ff 33 33 33 ff 33 33  33 ff 32 32 32 9c 00 00  |3.333.333.222...|
000996d0  00 00 00 00 00 00 00 00  00 00 00 00 00 00 00 00  |................|
*
00099790  00 00 00 00 00 00 00 00  00 00 33 33 33 ff 33 33  |..........333.33|
000997a0  33 ff 33 33 33 ff 33 33  33 ff 33 33 33 ff 33 33  |3.333.333.333.33|
*
000997d0  33 ff 33 33 33 ff 33 33  33 ff 00 00 00 00 00 00  |3.333.333.......|
000997e0  00 00 00 00 00 00 00 00  00 00 00 00 00 00 00 00  |................|
*
00099940  00 00 00 00 00 00 36 36  36 21 32 32 32 f6 33 33  |......666!222.33|
00099950  33 ff 33 33 33 ff 33 33  33 ff 33 33 33 ff 33 33  |3.333.333.333.33|
*
00099ec0  33 ff 33 33 33 ff 33 33  33 f5 31 31 31 1f 00 00  |3.333.333.111...|
00099ed0  00 00 00 00 00 00 00 00  00 00 00 00 00 00 00 00  |................|
*
00099f90  00 00 00 00 00 00 00 00  00 00 33 33 33 ff 33 33  |..........333.33|
00099fa0  33 ff 33 33 33 ff 33 33  33 ff 33 33 33 ff 33 33  |3.333.333.333.33|
*
00099fd0  33 ff 33 33 33 ff 33 33  33 ff 00 00 00 00 00 00  |3.333.333.......|
00099fe0  00 00 00 00 00 00 00 00  00 00 00 00 00 00 00 00  |................|
*
0009a140  00 00 00 00 00 00 00 00  00 00 33 33 33 7c 33 33  |..........333|33|
0009a150  33 ff 33 33 33 ff 33 33  33 ff 33 33 33 ff 33 33  |3.333.333.333.33|
*
0009a6c0  33 ff 33 33 33 ff 33 33  33 78 00 00 00 00 00 00  |3.333.333x......|
0009a6d0  00 00 00 00 00 00 00 00  00 00 00 00 00 00 00 00  |................|
*
0009a790  00 00 00 00 00 00 00 00  00 00 33 33 33 ff 33 33  |..........333.33|
0009a7a0  33 ff 33 33 33 ff 33 33  33 ff 33 33 33 ff 33 33  |3.333.333.333.33|
*
0009a7d0  33 ff 33 33 33 ff 33 33  33 ff 00 00 00 00 00 00  |3.333.333.......|
0009a7e0  00 00 00 00 00 00 00 00  00 00 00 00 00 00 00 00  |................|
*
0009a940  00 00 00 00 00 00 00 00  00 00 24 24 24 07 33 33  |..........$$$.33|
0009a950  33 d5 33 33 33 ff 33 33  33 ff 33 33 33 ff 33 33  |3.333.333.333.33|
0009a960  33 ff 33 33 33 ff 33 33  33 ff 33 33 33 ff 33 33  |3.333.333.333.33|
*
0009aec0  33 ff 32 32 32 d4 2a 2a  2a 06 00 00 00 00 00 00  |3.222.***.......|
0009aed0  00 00 00 00 00 00 00 00  00 00 00 00 00 00 00 00  |................|
*
0009af90  00 00 00 00 00 00 00 00  00 00 33 33 33 ff 33 33  |..........333.33|
0009afa0  33 ff 33 33 33 ff 33 33  33 ff 33 33 33 ff 33 33  |3.333.333.333.33|
*
0009afd0  33 ff 33 33 33 ff 33 33  33 ff 00 00 00 00 00 00  |3.333.333.......|
0009afe0  00 00 00 00 00 00 00 00  00 00 00 00 00 00 00 00  |................|
*
0009b140  00 00 00 00 00 00 00 00  00 00 00 00 00 00 34 34  |..............44|
0009b150  34 2c 33 33 33 f5 33 33  33 ff 33 33 33 ff 33 33  |4,333.333.333.33|
0009b160  33 ff 33 33 33 ff 33 33  33 ff 33 33 33 ff 33 33  |3.333.333.333.33|
*
0009b6b0  33 ff 33 33 33 ff 33 33  33 ff 33 33 33 ff 32 32  |3.333.333.333.22|
0009b6c0  32 f7 30 30 30 2f 00 00  00 00 00 00 00 00 00 00  |2.000/..........|
0009b6d0  00 00 00 00 00 00 00 00  00 00 00 00 00 00 00 00  |................|
*
0009b790  00 00 00 00 00 00 00 00  00 00 33 33 33 ff 33 33  |..........333.33|
0009b7a0  33 ff 33 33 33 ff 33 33  33 ff 33 33 33 ff 33 33  |3.333.333.333.33|
*
0009b7d0  33 ff 33 33 33 ff 33 33  33 ff 00 00 00 00 00 00  |3.333.333.......|
0009b7e0  00 00 00 00 00 00 00 00  00 00 00 00 00 00 00 00  |................|
*
0009b950  00 00 33 33 33 64 33 33  33 ff 33 33 33 ff 33 33  |..333d333.333.33|
0009b960  33 ff 33 33 33 ff 33 33  33 ff 33 33 33 ff 33 33  |3.333.333.333.33|
*
0009beb0  33 ff 33 33 33 ff 33 33  33 ff 33 33 33 ff 31 31  |3.333.333.333.11|
0009bec0  31 61 00 00 00 00 00 00  00 00 00 00 00 00 00 00  |1a..............|
0009bed0  00 00 00 00 00 00 00 00  00 00 00 00 00 00 00 00  |................|
*
0009bf90  00 00 00 00 00 00 00 00  00 00 33 33 33 ff 33 33  |..........333.33|
0009bfa0  33 ff 33 33 33 ff 33 33  33 ff 33 33 33 ff 33 33  |3.333.333.333.33|
*
0009bfd0  33 ff 33 33 33 ff 33 33  33 ff 00 00 00 00 00 00  |3.333.333.......|
0009bfe0  00 00 00 00 00 00 00 00  00 00 00 00 00 00 00 00  |................|
*
0009c150  00 00 00 00 00 00 33 33  33 8c 33 33 33 ff 33 33  |......333.333.33|
0009c160  33 ff 33 33 33 ff 33 33  33 ff 33 33 33 ff 33 33  |3.333.333.333.33|
*
0009c6b0  33 ff 33 33 33 ff 33 33  33 ff 33 33 33 8a 00 00  |3.333.333.333...|
0009c6c0  00 00 00 00 00 00 00 00  00 00 00 00 00 00 00 00  |................|
*
0009c790  00 00 00 00 00 00 00 00  00 00 33 33 33 ff 33 33  |..........333.33|
0009c7a0  33 ff 33 33 33 ff 33 33  33 ff 33 33 33 ff 33 33  |3.333.333.333.33|
*
0009c7d0  33 ff 33 33 33 ff 33 33  33 ff 00 00 00 00 00 00  |3.333.333.......|
0009c7e0  00 00 00 00 00 00 00 00  00 00 00 00 00 00 00 00  |................|
*
0009c950  00 00 00 00 00 00 00 00  00 01 33 33 33 9f 33 33  |..........333.33|
0009c960  33 ff 33 33 33 ff 33 33  33 ff 33 33 33 ff 33 33  |3.333.333.333.33|
*
0009ceb0  33 ff 33 33 33 ff 33 33  33 a5 00 00 00 02 00 00  |3.333.333.......|
0009cec0  00 00 00 00 00 00 00 00  00 00 00 00 00 00 00 00  |................|
*
0009cf90  00 00 00 00 00 00 00 00  00 00 33 33 33 ff 33 33  |..........333.33|
0009cfa0  33 ff 33 33 33 ff 33 33  33 ff 33 33 33 ff 33 33  |3.333.333.333.33|
*
0009cfd0  33 ff 33 33 33 ff 33 33  33 ff 00 00 00 00 00 00  |3.333.333.......|
0009cfe0  00 00 00 00 00 00 00 00  00 00 00 00 00 00 00 00  |................|
*
0009d150  00 00 00 00 00 00 00 00  00 00 33 33 33 05 32 32  |..........333.22|
0009d160  32 a2 33 33 33 ff 33 33  33 ff 33 33 33 ff 33 33  |2.333.333.333.33|
0009d170  33 ff 33 33 33 ff 33 33  33 ff 33 33 33 ff 33 33  |3.333.333.333.33|
*
0009d6b0  33 ff 32 32 32 a1 3f 3f  3f 04 00 00 00 00 00 00  |3.222.???.......|
0009d6c0  00 00 00 00 00 00 00 00  00 00 00 00 00 00 00 00  |................|
*
0009d790  00 00 00 00 00 00 00 00  00 00 33 33 33 ff 33 33  |..........333.33|
0009d7a0  33 ff 33 33 33 ff 33 33  33 ff 33 33 33 ff 33 33  |3.333.333.333.33|
*
0009d7d0  33 ff 33 33 33 ff 33 33  33 ff 00 00 00 00 00 00  |3.333.333.......|
0009d7e0  00 00 00 00 00 00 00 00  00 00 00 00 00 00 00 00  |................|
*
0009d960  00 01 32 32 32 89 33 33  33 ff 33 33 33 ff 33 33  |..222.333.333.33|
0009d970  33 ff 33 33 33 ff 33 33  33 ff 33 33 33 ff 33 33  |3.333.333.333.33|
*
0009deb0  33 91 00 00 00 02 00 00  00 00 00 00 00 00 00 00  |3...............|
0009dec0  00 00 00 00 00 00 00 00  00 00 00 00 00 00 00 00  |................|
*
0009df90  00 00 00 00 00 00 00 00  00 00 33 33 33 ff 33 33  |..........333.33|
0009dfa0  33 ff 33 33 33 ff 33 33  33 ff 33 33 33 ff 33 33  |3.333.333.333.33|
*
0009dfd0  33 ff 33 33 33 ff 33 33  33 ff 00 00 00 00 00 00  |3.333.333.......|
0009dfe0  00 00 00 00 00 00 00 00  00 00 00 00 00 00 00 00  |................|
*
0009e160  00 00 00 00 00 00 33 33  33 64 32 32 32 f6 33 33  |......333d222.33|
0009e170  33 ff 33 33 33 ff 33 33  33 ff 33 33 33 ff 33 33  |3.333.333.333.33|
*
0009e6a0  33 ff 33 33 33 ff 33 33  33 f5 34 34 34 62 00 00  |3.333.333.444b..|
0009e6b0  00 00 00 00 00 00 00 00  00 00 00 00 00 00 00 00  |................|
*
0009e790  00 00 00 00 00 00 00 00  00 00 33 33 33 ff 33 33  |..........333.33|
0009e7a0  33 ff 33 33 33 ff 33 33  33 ff 33 33 33 ff 33 33  |3.333.333.333.33|
*
0009e7d0  33 ff 33 33 33 ff 33 33  33 ff 00 00 00 00 00 00  |3.333.333.......|
0009e7e0  00 00 00 00 00 00 00 00  00 00 00 00 00 00 00 00  |................|
*
0009e960  00 00 00 00 00 00 00 00  00 00 33 33 33 2d 33 33  |..........333-33|
0009e970  33 d5 33 33 33 ff 33 33  33 ff 33 33 33 ff 33 33  |3.333.333.333.33|
0009e980  33 ff 33 33 33 ff 33 33  33 ff 33 33 33 ff 33 33  |3.333.333.333.33|
*
0009eea0  33 ff 32 32 32 d4 35 35  35 2b 00 00 00 00 00 00  |3.222.555+......|
0009eeb0  00 00 00 00 00 00 00 00  00 00 00 00 00 00 00 00  |................|
*
0009ef90  00 00 00 00 00 00 00 00  00 00 33 33 33 ff 33 33  |..........333.33|
0009efa0  33 ff 33 33 33 ff 33 33  33 ff 33 33 33 ff 33 33  |3.333.333.333.33|
*
0009efd0  33 ff 33 33 33 ff 33 33  33 ff 00 00 00 00 00 00  |3.333.333.......|
0009efe0  00 00 00 00 00 00 00 00  00 00 00 00 00 00 00 00  |................|
*
0009f160  00 00 00 00 00 00 00 00  00 00 00 00 00 00 33 33  |..............33|
0009f170  33 05 32 32 32 6f 33 33  33 f3 33 33 33 ff 33 33  |3.222o333.333.33|
0009f180  33 ff 33 33 33 ff 33 33  33 ff 33 33 33 ff 33 33  |3.333.333.333.33|
*
0009f690  33 ff 33 33 33 ff 33 33  33 ff 32 32 32 f6 33 33  |3.333.333.222.33|
0009f6a0  33 80 24 24 24 07 00 00  00 00 00 00 00 00 00 00  |3.$$$...........|
0009f6b0  00 00 00 00 00 00 00 00  00 00 00 00 00 00 00 00  |................|
*
0009f790  00 00 00 00 00 00 00 00  00 00 33 33 33 ff 33 33  |..........333.33|
0009f7a0  33 ff 33 33 33 ff 33 33  33 ff 33 33 33 ff 33 33  |3.333.333.333.33|
*
0009f7d0  33 ff 33 33 33 ff 33 33  33 ff 00 00 00 00 00 00  |3.333.333.......|
0009f7e0  00 00 00 00 00 00 00 00  00 00 00 00 00 00 00 00  |................|
*
0009f970  00 00 00 00 00 00 2f 2f  2f 20 33 33 33 9f 33 33  |....../// 333.33|
0009f980  33 fa 33 33 33 ff 33 33  33 ff 33 33 33 ff 33 33  |3.333.333.333.33|
0009f990  33 ff 33 33 33 ff 33 33  33 ff 33 33 33 ff 33 33  |3.333.333.333.33|
*
0009fe90  33 ff 33 33 33 fa 32 32  32 9d 31 31 31 1f 00 00  |3.333.222.111...|
0009fea0  00 00 00 00 00 00 00 00  00 00 00 00 00 00 00 00  |................|
*
0009ff90  00 00 00 00 00 00 00 00  00 00 33 33 33 ff 33 33  |..........333.33|
0009ffa0  33 ff 33 33 33 ff 33 33  33 ff 33 33 33 ff 33 33  |3.333.333.333.33|
*
0009ffd0  33 ff 33 33 33 ff 33 33  33 ff 00 00 00 00 00 00  |3.333.333.......|
0009ffe0  00 00 00 00 00 00 00 00  00 00 00 00 00 00 00 00  |................|
*
000a0170  00 00 00 00 00 00 00 00  00 00 00 00 00 00 31 31  |..............11|
000a0180  31 1f 32 32 32 92 33 33  33 ee 33 33 33 ff 33 33  |1.222.333.333.33|
000a0190  33 ff 33 33 33 ff 33 33  33 ff 33 33 33 ff 33 33  |3.333.333.333.33|
*
000a0680  33 ff 33 33 33 ff 33 33  33 ff 32 32 32 ed 33 33  |3.333.333.222.33|
000a0690  33 91 33 33 33 1e 00 00  00 00 00 00 00 00 00 00  |3.333...........|
000a06a0  00 00 00 00 00 00 00 00  00 00 00 00 00 00 00 00  |................|
*
000a0790  00 00 00 00 00 00 00 00  00 00 33 33 33 ff 33 33  |..........333.33|
000a07a0  33 ff 33 33 33 ff 33 33  33 ff 33 33 33 ff 33 33  |3.333.333.333.33|
*
000a07d0  33 ff 33 33 33 ff 33 33  33 ff 00 00 00 00 00 00  |3.333.333.......|
000a07e0  00 00 00 00 00 00 00 00  00 00 00 00 00 00 00 00  |................|
*
000a0980  00 00 00 00 00 00 24 24  24 07 34 34 34 53 32 32  |......$$$.444S22|
000a0990  32 ac 32 32 32 ec 33 33  33 ff 33 33 33 ff 33 33  |2.222.333.333.33|
000a09a0  33 ff 33 33 33 ff 33 33  33 ff 33 33 33 ff 33 33  |3.333.333.333.33|
*
000a0e70  33 ff 33 33 33 ff 33 33  33 ff 33 33 33 ff 32 32  |3.333.333.333.22|
000a0e80  32 ec 32 32 32 ab 31 31  31 52 24 24 24 07 00 00  |2.222.111R$$$...|
000a0e90  00 00 00 00 00 00 00 00  00 00 00 00 00 00 00 00  |................|
*
000a0f90  00 00 00 00 00 00 00 00  00 00 33 33 33 ff 33 33  |..........333.33|
000a0fa0  33 ff 33 33 33 ff 33 33  33 ff 33 33 33 ff 33 33  |3.333.333.333.33|
*
000a0fd0  33 ff 33 33 33 ff 33 33  33 ff 00 00 00 00 00 00  |3.333.333.......|
000a0fe0  00 00 00 00 00 00 00 00  00 00 00 00 00 00 00 00  |................|
*
000a1190  00 00 00 00 00 02 34 34  34 31 32 32 32 6a 32 32  |......4441222j22|
000a11a0  32 93 32 32 32 ba 33 33  33 da 32 32 32 e8 33 33  |2.222.333.222.33|
000a11b0  33 f3 33 33 33 ff 33 33  33 ff 33 33 33 ff 33 33  |3.333.333.333.33|
000a11c0  33 ff 33 33 33 ff 33 33  33 ff 33 33 33 ff 33 33  |3.333.333.333.33|
*
000a1660  33 ff 33 33 33 f3 32 32  32 e8 33 33 33 da 33 33  |3.333.222.333.33|
000a1670  33 b9 32 32 32 93 32 32  32 6a 35 35 35 30 00 00  |3.222.222j5550..|
000a1680  00 02 00 00 00 00 00 00  00 00 00 00 00 00 00 00  |................|
000a1690  00 00 00 00 00 00 00 00  00 00 00 00 00 00 00 00  |................|
*
000a1790  00 00 00 00 00 00 00 00  00 00 33 33 33 ff 33 33  |..........333.33|
000a17a0  33 ff 33 33 33 ff 33 33  33 ff 33 33 33 ff 33 33  |3.333.333.333.33|
*
000a17d0  33 ff 33 33 33 ff 33 33  33 ff 00 00 00 00 00 00  |3.333.333.......|
000a17e0  00 00 00 00 00 00 00 00  00 00 00 00 00 00 00 00  |................|
*
000a1f90  00 00 00 00 00 00 00 00  00 00 33 33 33 ff 33 33  |..........333.33|
000a1fa0  33 ff 33 33 33 ff 33 33  33 ff 33 33 33 ff 33 33  |3.333.333.333.33|
*
000a1fd0  33 ff 33 33 33 ff 33 33  33 ff 00 00 00 00 00 00  |3.333.333.......|
000a1fe0  00 00 00 00 00 00 00 00  00 00 00 00 00 00 00 00  |................|
*
000a2790  00 00 00 00 00 00 00 00  00 00 33 33 33 ff 33 33  |..........333.33|
000a27a0  33 ff 33 33 33 ff 33 33  33 ff 33 33 33 ff 33 33  |3.333.333.333.33|
*
000a27d0  33 ff 33 33 33 ff 33 33  33 ff 00 00 00 00 00 00  |3.333.333.......|
000a27e0  00 00 00 00 00 00 00 00  00 00 00 00 00 00 00 00  |................|
*
000a2f90  00 00 00 00 00 00 00 00  00 00 33 33 33 ff 33 33  |..........333.33|
000a2fa0  33 ff 33 33 33 ff 33 33  33 ff 33 33 33 ff 33 33  |3.333.333.333.33|
*
000a2fd0  33 ff 33 33 33 ff 33 33  33 ff 00 00 00 00 00 00  |3.333.333.......|
000a2fe0  00 00 00 00 00 00 00 00  00 00 00 00 00 00 00 00  |................|
*
000a3790  00 00 00 00 00 00 00 00  00 00 33 33 33 ff 33 33  |..........333.33|
000a37a0  33 ff 33 33 33 ff 33 33  33 ff 33 33 33 ff 33 33  |3.333.333.333.33|
*
000a37d0  33 ff 33 33 33 ff 33 33  33 ff 00 00 00 00 00 00  |3.333.333.......|
000a37e0  00 00 00 00 00 00 00 00  00 00 00 00 00 00 00 00  |................|
*
000a3f90  00 00 00 00 00 00 00 00  00 00 33 33 33 ff 33 33  |..........333.33|
000a3fa0  33 ff 33 33 33 ff 33 33  33 ff 33 33 33 ff 33 33  |3.333.333.333.33|
*
000a3fd0  33 ff 33 33 33 ff 33 33  33 ff 00 00 00 00 00 00  |3.333.333.......|
000a3fe0  00 00 00 00 00 00 00 00  00 00 00 00 00 00 00 00  |................|
*
000a4790  00 00 00 00 00 00 00 00  00 00 33 33 33 ff 33 33  |..........333.33|
000a47a0  33 ff 33 33 33 ff 33 33  33 ff 33 33 33 ff 33 33  |3.333.333.333.33|
*
000a47d0  33 ff 33 33 33 ff 33 33  33 ff 00 00 00 00 00 00  |3.333.333.......|
000a47e0  00 00 00 00 00 00 00 00  00 00 00 00 00 00 00 00  |................|
*
000a4f90  00 00 00 00 00 00 00 00  00 00 33 33 33 ff 33 33  |..........333.33|
000a4fa0  33 ff 33 33 33 ff 33 33  33 ff 33 33 33 ff 33 33  |3.333.333.333.33|
*
000a4fd0  33 ff 33 33 33 ff 33 33  33 ff 00 00 00 00 00 00  |3.333.333.......|
000a4fe0  00 00 00 00 00 00 00 00  00 00 00 00 00 00 00 00  |................|
*
000a5790  00 00 00 00 00 00 00 00  00 00 33 33 33 ff 33 33  |..........333.33|
000a57a0  33 ff 33 33 33 ff 33 33  33 ff 33 33 33 ff 33 33  |3.333.333.333.33|
*
000a57d0  33 ff 33 33 33 ff 33 33  33 ff 00 00 00 00 00 00  |3.333.333.......|
000a57e0  00 00 00 00 00 00 00 00  00 00 00 00 00 00 00 00  |................|
*
000a5f90  00 00 00 00 00 00 00 00  00 00 33 33 33 ff 33 33  |..........333.33|
000a5fa0  33 ff 33 33 33 ff 33 33  33 ff 33 33 33 ff 33 33  |3.333.333.333.33|
*
000a5fd0  33 ff 33 33 33 ff 33 33  33 ff 00 00 00 00 00 00  |3.333.333.......|
000a5fe0  00 00 00 00 00 00 00 00  00 00 00 00 00 00 00 00  |................|
*
000a6790  00 00 00 00 00 00 00 00  00 00 33 33 33 ff 33 33  |..........333.33|
000a67a0  33 ff 33 33 33 ff 33 33  33 ff 33 33 33 ff 33 33  |3.333.333.333.33|
*
000a67d0  33 ff 33 33 33 ff 33 33  33 ff 00 00 00 00 00 00  |3.333.333.......|
000a67e0  00 00 00 00 00 00 00 00  00 00 00 00 00 00 00 00  |................|
*
000a6f90  00 00 00 00 00 00 00 00  00 00 33 33 33 ff 33 33  |..........333.33|
000a6fa0  33 ff 33 33 33 ff 33 33  33 ff 33 33 33 ff 33 33  |3.333.333.333.33|
*
000a6fd0  33 ff 33 33 33 ff 33 33  33 ff 00 00 00 00 00 00  |3.333.333.......|
000a6fe0  00 00 00 00 00 00 00 00  00 00 00 00 00 00 00 00  |................|
*
000a7790  00 00 00 00 00 00 00 00  00 00 33 33 33 ff 33 33  |..........333.33|
000a77a0  33 ff 33 33 33 ff 33 33  33 ff 33 33 33 ff 33 33  |3.333.333.333.33|
*
000a77d0  33 ff 33 33 33 ff 33 33  33 ff 00 00 00 00 00 00  |3.333.333.......|
000a77e0  00 00 00 00 00 00 00 00  00 00 00 00 00 00 00 00  |................|
*
000a7f90  00 00 00 00 00 00 00 00  00 00 33 33 33 ff 33 33  |..........333.33|
000a7fa0  33 ff 33 33 33 ff 33 33  33 ff 33 33 33 ff 33 33  |3.333.333.333.33|
*
000a7fd0  33 ff 33 33 33 ff 33 33  33 ff 00 00 00 00 00 00  |3.333.333.......|
000a7fe0  00 00 00 00 00 00 00 00  00 00 00 00 00 00 00 00  |................|
*
000a8790  00 00 00 00 00 00 00 00  00 00 33 33 33 ff 33 33  |..........333.33|
000a87a0  33 ff 33 33 33 ff 33 33  33 ff 33 33 33 ff 33 33  |3.333.333.333.33|
*
000a87d0  33 ff 33 33 33 ff 33 33  33 ff 00 00 00 00 00 00  |3.333.333.......|
000a87e0  00 00 00 00 00 00 00 00  00 00 00 00 00 00 00 00  |................|
*
000a89d0  00 00 00 00 00 00 00 00  00 00 00 00 00 00 33 33  |..............33|
000a89e0  33 2d 3f 3f 3f 08 00 00  00 00 00 00 00 00 00 00  |3-???...........|
000a89f0  00 00 00 00 00 00 00 00  00 00 00 00 00 00 00 00  |................|
*
000a8f90  00 00 00 00 00 00 00 00  00 00 33 33 33 ff 33 33  |..........333.33|
000a8fa0  33 ff 33 33 33 ff 33 33  33 ff 33 33 33 ff 33 33  |3.333.333.333.33|
*
000a8fd0  33 ff 33 33 33 ff 33 33  33 ff 00 00 00 00 00 00  |3.333.333.......|
000a8fe0  00 00 00 00 00 00 00 00  00 00 00 00 00 00 00 00  |................|
*
000a91d0  00 00 00 00 00 00 00 00  00 00 00 00 00 00 33 33  |..............33|
000a91e0  33 ff 33 33 33 ff 33 33  33 ff 33 33 33 ff 33 33  |3.333.333.333.33|
*
000a9210  33 ff 33 33 33 ff 33 33  33 ff 00 00 00 00 00 00  |3.333.333.......|
000a9220  00 00 00 00 00 00 00 00  00 00 00 00 00 00 00 00  |................|
*
000a9790  00 00 00 00 00 00 00 00  00 00 33 33 33 ff 33 33  |..........333.33|
000a97a0  33 ff 33 33 33 ff 33 33  33 ff 33 33 33 ff 33 33  |3.333.333.333.33|
*
000a97d0  33 ff 33 33 33 ff 33 33  33 ff 00 00 00 00 00 00  |3.333.333.......|
000a97e0  00 00 00 00 00 00 00 00  00 00 00 00 00 00 00 00  |................|
*
000a99d0  00 00 00 00 00 00 00 00  00 00 00 00 00 00 33 33  |..............33|
000a99e0  33 ff 33 33 33 ff 33 33  33 ff 33 33 33 ff 33 33  |3.333.333.333.33|
*
000a9a10  33 ff 33 33 33 ff 33 33  33 ff 00 00 00 00 00 00  |3.333.333.......|
000a9a20  00 00 00 00 00 00 00 00  00 00 00 00 00 00 00 00  |................|
*
000a9f90  00 00 00 00 00 00 00 00  00 00 33 33 33 ff 33 33  |..........333.33|
000a9fa0  33 ff 33 33 33 ff 33 33  33 ff 33 33 33 ff 33 33  |3.333.333.333.33|
*
000a9fd0  33 ff 33 33 33 ff 33 33  33 ff 00 00 00 00 00 00  |3.333.333.......|
000a9fe0  00 00 00 00 00 00 00 00  00 00 00 00 00 00 00 00  |................|
*
000aa1d0  00 00 00 00 00 00 00 00  00 00 00 00 00 00 33 33  |..............33|
000aa1e0  33 ff 33 33 33 ff 33 33  33 ff 33 33 33 ff 33 33  |3.333.333.333.33|
*
000aa210  33 ff 33 33 33 ff 33 33  33 ff 00 00 00 00 00 00  |3.333.333.......|
000aa220  00 00 00 00 00 00 00 00  00 00 00 00 00 00 00 00  |................|
*
000aa790  00 00 00 00 00 00 00 00  00 00 33 33 33 ff 33 33  |..........333.33|
000aa7a0  33 ff 33 33 33 ff 33 33  33 ff 33 33 33 ff 33 33  |3.333.333.333.33|
*
000aa7d0  33 ff 33 33 33 ff 33 33  33 ff 00 00 00 00 00 00  |3.333.333.......|
000aa7e0  00 00 00 00 00 00 00 00  00 00 00 00 00 00 00 00  |................|
*
000aa9d0  00 00 00 00 00 00 00 00  00 00 00 00 00 00 33 33  |..............33|
000aa9e0  33 ff 33 33 33 ff 33 33  33 ff 33 33 33 ff 33 33  |3.333.333.333.33|
*
000aaa10  33 ff 33 33 33 ff 33 33  33 ff 00 00 00 00 00 00  |3.333.333.......|
000aaa20  00 00 00 00 00 00 00 00  00 00 00 00 00 00 00 00  |................|
*
000aaf90  00 00 00 00 00 00 00 00  00 00 33 33 33 ff 33 33  |..........333.33|
000aafa0  33 ff 33 33 33 ff 33 33  33 ff 33 33 33 ff 33 33  |3.333.333.333.33|
*
000aafd0  33 ff 33 33 33 ff 33 33  33 ff 00 00 00 00 00 00  |3.333.333.......|
000aafe0  00 00 00 00 00 00 00 00  00 00 00 00 00 00 00 00  |................|
*
000ab1d0  00 00 00 00 00 00 00 00  00 00 00 00 00 00 33 33  |..............33|
000ab1e0  33 ff 33 33 33 ff 33 33  33 ff 33 33 33 ff 33 33  |3.333.333.333.33|
*
000ab210  33 ff 33 33 33 ff 33 33  33 ff 00 00 00 00 00 00  |3.333.333.......|
000ab220  00 00 00 00 00 00 00 00  00 00 00 00 00 00 00 00  |................|
*
000ab790  00 00 00 00 00 00 00 00  00 00 33 33 33 ff 33 33  |..........333.33|
000ab7a0  33 ff 33 33 33 ff 33 33  33 ff 33 33 33 ff 33 33  |3.333.333.333.33|
*
000ab7d0  33 ff 33 33 33 ff 33 33  33 ff 00 00 00 00 00 00  |3.333.333.......|
000ab7e0  00 00 00 00 00 00 00 00  00 00 00 00 00 00 00 00  |................|
*
000ab9d0  00 00 00 00 00 00 00 00  00 00 00 00 00 00 33 33  |..............33|
000ab9e0  33 ff 33 33 33 ff 33 33  33 ff 33 33 33 ff 33 33  |3.333.333.333.33|
*
000aba10  33 ff 33 33 33 ff 33 33  33 ff 00 00 00 00 00 00  |3.333.333.......|
000aba20  00 00 00 00 00 00 00 00  00 00 00 00 00 00 00 00  |................|
*
000abf90  00 00 00 00 00 00 00 00  00 00 33 33 33 ff 33 33  |..........333.33|
000abfa0  33 ff 33 33 33 ff 33 33  33 ff 33 33 33 ff 33 33  |3.333.333.333.33|
*
000abfd0  33 ff 33 33 33 ff 33 33  33 ff 00 00 00 00 00 00  |3.333.333.......|
000abfe0  00 00 00 00 00 00 00 00  00 00 00 00 00 00 00 00  |................|
*
000ac1d0  00 00 00 00 00 00 00 00  00 00 00 00 00 00 33 33  |..............33|
000ac1e0  33 ff 33 33 33 ff 33 33  33 ff 33 33 33 ff 33 33  |3.333.333.333.33|
*
000ac210  33 ff 33 33 33 ff 33 33  33 ff 00 00 00 00 00 00  |3.333.333.......|
000ac220  00 00 00 00 00 00 00 00  00 00 00 00 00 00 00 00  |................|
*
000ac790  00 00 00 00 00 00 00 00  00 00 33 33 33 ff 33 33  |..........333.33|
000ac7a0  33 ff 33 33 33 ff 33 33  33 ff 33 33 33 ff 33 33  |3.333.333.333.33|
*
000ac7d0  33 ff 33 33 33 ff 33 33  33 ff 00 00 00 00 00 00  |3.333.333.......|
000ac7e0  00 00 00 00 00 00 00 00  00 00 00 00 00 00 00 00  |................|
*
000ac9d0  00 00 00 00 00 00 00 00  00 00 00 00 00 00 33 33  |..............33|
000ac9e0  33 ff 33 33 33 ff 33 33  33 ff 33 33 33 ff 33 33  |3.333.333.333.33|
*
000aca10  33 ff 33 33 33 ff 33 33  33 ff 00 00 00 00 00 00  |3.333.333.......|
000aca20  00 00 00 00 00 00 00 00  00 00 00 00 00 00 00 00  |................|
*
000acf90  00 00 00 00 00 00 00 00  00 00 33 33 33 ff 33 33  |..........333.33|
000acfa0  33 ff 33 33 33 ff 33 33  33 ff 33 33 33 ff 33 33  |3.333.333.333.33|
*
000acfd0  33 ff 33 33 33 ff 33 33  33 ff 00 00 00 00 00 00  |3.333.333.......|
000acfe0  00 00 00 00 00 00 00 00  00 00 00 00 00 00 00 00  |................|
*
000ad1d0  00 00 00 00 00 00 00 00  00 00 00 00 00 00 33 33  |..............33|
000ad1e0  33 ff 33 33 33 ff 33 33  33 ff 33 33 33 ff 33 33  |3.333.333.333.33|
*
000ad210  33 ff 33 33 33 ff 33 33  33 ff 00 00 00 00 00 00  |3.333.333.......|
000ad220  00 00 00 00 00 00 00 00  00 00 00 00 00 00 00 00  |................|
*
000ad790  00 00 00 00 00 00 00 00  00 00 33 33 33 ff 33 33  |..........333.33|
000ad7a0  33 ff 33 33 33 ff 33 33  33 ff 33 33 33 ff 33 33  |3.333.333.333.33|
*
000ad7d0  33 ff 33 33 33 ff 33 33  33 ff 00 00 00 00 00 00  |3.333.333.......|
000ad7e0  00 00 00 00 00 00 00 00  00 00 00 00 00 00 00 00  |................|
*
000ad9d0  00 00 00 00 00 00 00 00  00 00 00 00 00 00 33 33  |..............33|
000ad9e0  33 ff 33 33 33 ff 33 33  33 ff 33 33 33 ff 33 33  |3.333.333.333.33|
*
000ada10  33 ff 33 33 33 ff 33 33  33 ff 00 00 00 00 00 00  |3.333.333.......|
000ada20  00 00 00 00 00 00 00 00  00 00 00 00 00 00 00 00  |................|
*
000adf90  00 00 00 00 00 00 00 00  00 00 33 33 33 ff 33 33  |..........333.33|
000adfa0  33 ff 33 33 33 ff 33 33  33 ff 33 33 33 ff 33 33  |3.333.333.333.33|
*
000adfd0  33 ff 33 33 33 ff 33 33  33 ff 00 00 00 00 00 00  |3.333.333.......|
000adfe0  00 00 00 00 00 00 00 00  00 00 00 00 00 00 00 00  |................|
*
000ae1d0  00 00 00 00 00 00 00 00  00 00 00 00 00 00 33 33  |..............33|
000ae1e0  33 ff 33 33 33 ff 33 33  33 ff 33 33 33 ff 33 33  |3.333.333.333.33|
*
000ae210  33 ff 33 33 33 ff 33 33  33 ff 00 00 00 00 00 00  |3.333.333.......|
000ae220  00 00 00 00 00 00 00 00  00 00 00 00 00 00 00 00  |................|
*
000ae790  00 00 00 00 00 00 00 00  00 00 33 33 33 ff 33 33  |..........333.33|
000ae7a0  33 ff 33 33 33 ff 33 33  33 ff 33 33 33 ff 33 33  |3.333.333.333.33|
*
000ae7d0  33 ff 33 33 33 ff 33 33  33 ff 00 00 00 00 00 00  |3.333.333.......|
000ae7e0  00 00 00 00 00 00 00 00  00 00 00 00 00 00 00 00  |................|
*
000ae9d0  00 00 00 00 00 00 00 00  00 00 00 00 00 00 33 33  |..............33|
000ae9e0  33 ff 33 33 33 ff 33 33  33 ff 33 33 33 ff 33 33  |3.333.333.333.33|
*
000aea10  33 ff 33 33 33 ff 33 33  33 ff 00 00 00 00 00 00  |3.333.333.......|
000aea20  00 00 00 00 00 00 00 00  00 00 00 00 00 00 00 00  |................|
*
000aef90  00 00 00 00 00 00 00 00  00 00 33 33 33 ff 33 33  |..........333.33|
000aefa0  33 ff 33 33 33 ff 33 33  33 ff 33 33 33 ff 33 33  |3.333.333.333.33|
*
000aefd0  33 ff 33 33 33 ff 33 33  33 ff 00 00 00 00 00 00  |3.333.333.......|
000aefe0  00 00 00 00 00 00 00 00  00 00 00 00 00 00 00 00  |................|
*
000af1d0  00 00 00 00 00 00 00 00  00 00 00 00 00 00 33 33  |..............33|
000af1e0  33 ff 33 33 33 ff 33 33  33 ff 33 33 33 ff 33 33  |3.333.333.333.33|
*
000af210  33 ff 33 33 33 ff 33 33  33 ff 00 00 00 00 00 00  |3.333.333.......|
000af220  00 00 00 00 00 00 00 00  00 00 00 00 00 00 00 00  |................|
*
000af790  00 00 00 00 00 00 00 00  00 00 33 33 33 ff 33 33  |..........333.33|
000af7a0  33 ff 33 33 33 ff 33 33  33 ff 33 33 33 ff 33 33  |3.333.333.333.33|
*
000af7d0  33 ff 33 33 33 ff 33 33  33 ff 00 00 00 00 00 00  |3.333.333.......|
000af7e0  00 00 00 00 00 00 00 00  00 00 00 00 00 00 00 00  |................|
*
000af9d0  00 00 00 00 00 00 00 00  00 00 00 00 00 00 33 33  |..............33|
000af9e0  33 ff 33 33 33 ff 33 33  33 ff 33 33 33 ff 33 33  |3.333.333.333.33|
*
000afa10  33 ff 33 33 33 ff 33 33  33 ff 00 00 00 00 00 00  |3.333.333.......|
000afa20  00 00 00 00 00 00 00 00  00 00 00 00 00 00 00 00  |................|
*
000aff90  00 00 00 00 00 00 00 00  00 00 33 33 33 ff 33 33  |..........333.33|
000affa0  33 ff 33 33 33 ff 33 33  33 ff 33 33 33 ff 33 33  |3.333.333.333.33|
*
000affd0  33 ff 33 33 33 ff 33 33  33 ff 00 00 00 00 00 00  |3.333.333.......|
000affe0  00 00 00 00 00 00 00 00  00 00 00 00 00 00 00 00  |................|
*
000b01d0  00 00 00 00 00 00 00 00  00 00 00 00 00 00 33 33  |..............33|
000b01e0  33 ff 33 33 33 ff 33 33  33 ff 33 33 33 ff 33 33  |3.333.333.333.33|
*
000b0210  33 ff 33 33 33 ff 33 33  33 ff 00 00 00 00 00 00  |3.333.333.......|
000b0220  00 00 00 00 00 00 00 00  00 00 00 00 00 00 00 00  |................|
*
000b0790  00 00 00 00 00 00 00 00  00 00 33 33 33 ff 33 33  |..........333.33|
000b07a0  33 ff 33 33 33 ff 33 33  33 ff 33 33 33 ff 33 33  |3.333.333.333.33|
*
000b07d0  33 ff 33 33 33 ff 33 33  33 ff 00 00 00 00 00 00  |3.333.333.......|
000b07e0  00 00 00 00 00 00 00 00  00 00 00 00 00 00 00 00  |................|
*
000b09d0  00 00 00 00 00 00 00 00  00 00 00 00 00 00 33 33  |..............33|
000b09e0  33 ff 33 33 33 ff 33 33  33 ff 33 33 33 ff 33 33  |3.333.333.333.33|
*
000b0a10  33 ff 33 33 33 ff 33 33  33 ff 00 00 00 00 00 00  |3.333.333.......|
000b0a20  00 00 00 00 00 00 00 00  00 00 00 00 00 00 00 00  |................|
*
000b0f90  00 00 00 00 00 00 00 00  00 00 33 33 33 ff 33 33  |..........333.33|
000b0fa0  33 ff 33 33 33 ff 33 33  33 ff 33 33 33 ff 33 33  |3.333.333.333.33|
*
000b0fd0  33 ff 33 33 33 ff 33 33  33 ff 00 00 00 00 00 00  |3.333.333.......|
000b0fe0  00 00 00 00 00 00 00 00  00 00 00 00 00 00 00 00  |................|
*
000b11d0  00 00 00 00 00 00 00 00  00 00 00 00 00 00 33 33  |..............33|
000b11e0  33 ff 33 33 33 ff 33 33  33 ff 33 33 33 ff 33 33  |3.333.333.333.33|
*
000b1210  33 ff 33 33 33 ff 33 33  33 ff 00 00 00 00 00 00  |3.333.333.......|
000b1220  00 00 00 00 00 00 00 00  00 00 00 00 00 00 00 00  |................|
*
000b1790  00 00 00 00 00 00 00 00  00 00 33 33 33 ff 33 33  |..........333.33|
000b17a0  33 ff 33 33 33 ff 33 33  33 ff 33 33 33 ff 33 33  |3.333.333.333.33|
*
000b17d0  33 ff 33 33 33 ff 33 33  33 ff 00 00 00 00 00 00  |3.333.333.......|
000b17e0  00 00 00 00 00 00 00 00  00 00 00 00 00 00 00 00  |................|
*
000b19d0  00 00 00 00 00 00 00 00  00 00 00 00 00 00 33 33  |..............33|
000b19e0  33 ff 33 33 33 ff 33 33  33 ff 33 33 33 ff 33 33  |3.333.333.333.33|
*
000b1a10  33 ff 33 33 33 ff 33 33  33 ff 00 00 00 00 00 00  |3.333.333.......|
000b1a20  00 00 00 00 00 00 00 00  00 00 00 00 00 00 00 00  |................|
*
000b1f90  00 00 00 00 00 00 00 00  00 00 33 33 33 ff 33 33  |..........333.33|
000b1fa0  33 ff 33 33 33 ff 33 33  33 ff 33 33 33 ff 33 33  |3.333.333.333.33|
*
000b1fd0  33 ff 33 33 33 ff 33 33  33 ff 00 00 00 00 00 00  |3.333.333.......|
000b1fe0  00 00 00 00 00 00 00 00  00 00 00 00 00 00 00 00  |................|
*
000b21d0  00 00 00 00 00 00 00 00  00 00 00 00 00 00 33 33  |..............33|
000b21e0  33 ff 33 33 33 ff 33 33  33 ff 33 33 33 ff 33 33  |3.333.333.333.33|
*
000b2210  33 ff 33 33 33 ff 33 33  33 ff 00 00 00 00 00 00  |3.333.333.......|
000b2220  00 00 00 00 00 00 00 00  00 00 00 00 00 00 00 00  |................|
*
000b2790  00 00 00 00 00 00 00 00  00 00 33 33 33 ff 33 33  |..........333.33|
000b27a0  33 ff 33 33 33 ff 33 33  33 ff 33 33 33 ff 33 33  |3.333.333.333.33|
*
000b27d0  33 ff 33 33 33 ff 33 33  33 ff 00 00 00 00 00 00  |3.333.333.......|
000b27e0  00 00 00 00 00 00 00 00  00 00 00 00 00 00 00 00  |................|
*
000b29d0  00 00 00 00 00 00 00 00  00 00 00 00 00 00 33 33  |..............33|
000b29e0  33 ff 33 33 33 ff 33 33  33 ff 33 33 33 ff 33 33  |3.333.333.333.33|
*
000b2a10  33 ff 33 33 33 ff 33 33  33 ff 00 00 00 00 00 00  |3.333.333.......|
000b2a20  00 00 00 00 00 00 00 00  00 00 00 00 00 00 00 00  |................|
*
000b2f90  00 00 00 00 00 00 00 00  00 00 33 33 33 ff 33 33  |..........333.33|
000b2fa0  33 ff 33 33 33 ff 33 33  33 ff 33 33 33 ff 33 33  |3.333.333.333.33|
*
000b2fd0  33 ff 33 33 33 ff 33 33  33 ff 00 00 00 00 00 00  |3.333.333.......|
000b2fe0  00 00 00 00 00 00 00 00  00 00 00 00 00 00 00 00  |................|
*
000b31d0  00 00 00 00 00 00 00 00  00 00 00 00 00 00 33 33  |..............33|
000b31e0  33 ff 33 33 33 ff 33 33  33 ff 33 33 33 ff 33 33  |3.333.333.333.33|
*
000b3210  33 ff 33 33 33 ff 33 33  33 ff 00 00 00 00 00 00  |3.333.333.......|
000b3220  00 00 00 00 00 00 00 00  00 00 00 00 00 00 00 00  |................|
*
000b3790  00 00 00 00 00 00 00 00  00 00 33 33 33 ff 33 33  |..........333.33|
000b37a0  33 ff 33 33 33 ff 33 33  33 ff 33 33 33 ff 33 33  |3.333.333.333.33|
*
000b37d0  33 ff 33 33 33 ff 33 33  33 ff 00 00 00 00 00 00  |3.333.333.......|
000b37e0  00 00 00 00 00 00 00 00  00 00 00 00 00 00 00 00  |................|
*
000b39d0  00 00 00 00 00 00 00 00  00 00 00 00 00 00 33 33  |..............33|
000b39e0  33 ff 33 33 33 ff 33 33  33 ff 33 33 33 ff 33 33  |3.333.333.333.33|
*
000b3a10  33 ff 33 33 33 ff 33 33  33 ff 00 00 00 00 00 00  |3.333.333.......|
000b3a20  00 00 00 00 00 00 00 00  00 00 00 00 00 00 00 00  |................|
*
000b3f90  00 00 00 00 00 00 00 00  00 00 33 33 33 ff 33 33  |..........333.33|
000b3fa0  33 ff 33 33 33 ff 33 33  33 ff 33 33 33 ff 33 33  |3.333.333.333.33|
*
000b3fd0  33 ff 33 33 33 ff 33 33  33 ff 00 00 00 00 00 00  |3.333.333.......|
000b3fe0  00 00 00 00 00 00 00 00  00 00 00 00 00 00 00 00  |................|
*
000b41d0  00 00 00 00 00 00 00 00  00 00 00 00 00 00 33 33  |..............33|
000b41e0  33 ff 33 33 33 ff 33 33  33 ff 33 33 33 ff 33 33  |3.333.333.333.33|
*
000b4210  33 ff 33 33 33 ff 33 33  33 ff 00 00 00 00 00 00  |3.333.333.......|
000b4220  00 00 00 00 00 00 00 00  00 00 00 00 00 00 00 00  |................|
*
000b4790  00 00 00 00 00 00 00 00  00 00 33 33 33 ff 33 33  |..........333.33|
000b47a0  33 ff 33 33 33 ff 33 33  33 ff 33 33 33 ff 33 33  |3.333.333.333.33|
*
000b47d0  33 ff 33 33 33 ff 33 33  33 ff 00 00 00 00 00 00  |3.333.333.......|
000b47e0  00 00 00 00 00 00 00 00  00 00 00 00 00 00 00 00  |................|
*
000b49d0  00 00 00 00 00 00 00 00  00 00 00 00 00 00 33 33  |..............33|
000b49e0  33 ff 33 33 33 ff 33 33  33 ff 33 33 33 ff 33 33  |3.333.333.333.33|
*
000b4a10  33 ff 33 33 33 ff 33 33  33 ff 00 00 00 00 00 00  |3.333.333.......|
000b4a20  00 00 00 00 00 00 00 00  00 00 00 00 00 00 00 00  |................|
*
000b4f90  00 00 00 00 00 00 00 00  00 00 33 33 33 ff 33 33  |..........333.33|
000b4fa0  33 ff 33 33 33 ff 33 33  33 ff 33 33 33 ff 33 33  |3.333.333.333.33|
*
000b4fd0  33 ff 33 33 33 ff 33 33  33 ff 00 00 00 00 00 00  |3.333.333.......|
000b4fe0  00 00 00 00 00 00 00 00  00 00 00 00 00 00 00 00  |................|
*
000b51d0  00 00 00 00 00 00 00 00  00 00 00 00 00 00 33 33  |..............33|
000b51e0  33 ff 33 33 33 ff 33 33  33 ff 33 33 33 ff 33 33  |3.333.333.333.33|
*
000b5210  33 ff 33 33 33 ff 33 33  33 ff 00 00 00 00 00 00  |3.333.333.......|
000b5220  00 00 00 00 00 00 00 00  00 00 00 00 00 00 00 00  |................|
*
000b5790  00 00 00 00 00 00 00 00  00 00 33 33 33 ff 33 33  |..........333.33|
000b57a0  33 ff 33 33 33 ff 33 33  33 ff 33 33 33 ff 33 33  |3.333.333.333.33|
*
000b57d0  33 ff 33 33 33 ff 33 33  33 ff 00 00 00 00 00 00  |3.333.333.......|
000b57e0  00 00 00 00 00 00 00 00  00 00 00 00 00 00 00 00  |................|
*
000b59d0  00 00 00 00 00 00 00 00  00 00 00 00 00 00 33 33  |..............33|
000b59e0  33 ff 33 33 33 ff 33 33  33 ff 33 33 33 ff 33 33  |3.333.333.333.33|
*
000b5a10  33 ff 33 33 33 ff 33 33  33 ff 00 00 00 00 00 00  |3.333.333.......|
000b5a20  00 00 00 00 00 00 00 00  00 00 00 00 00 00 00 00  |................|
*
000b5f90  00 00 00 00 00 00 00 00  00 00 33 33 33 ff 33 33  |..........333.33|
000b5fa0  33 ff 33 33 33 ff 33 33  33 ff 33 33 33 ff 33 33  |3.333.333.333.33|
*
000b5fd0  33 ff 33 33 33 ff 33 33  33 ff 00 00 00 00 00 00  |3.333.333.......|
000b5fe0  00 00 00 00 00 00 00 00  00 00 00 00 00 00 00 00  |................|
*
000b61d0  00 00 00 00 00 00 00 00  00 00 00 00 00 00 33 33  |..............33|
000b61e0  33 ff 33 33 33 ff 33 33  33 ff 33 33 33 ff 33 33  |3.333.333.333.33|
*
000b6210  33 ff 33 33 33 ff 33 33  33 ff 00 00 00 00 00 00  |3.333.333.......|
000b6220  00 00 00 00 00 00 00 00  00 00 00 00 00 00 00 00  |................|
*
000b6790  00 00 00 00 00 00 00 00  00 00 33 33 33 ff 33 33  |..........333.33|
000b67a0  33 ff 33 33 33 ff 33 33  33 ff 33 33 33 ff 33 33  |3.333.333.333.33|
*
000b67d0  33 ff 33 33 33 ff 33 33  33 ff 00 00 00 00 00 00  |3.333.333.......|
000b67e0  00 00 00 00 00 00 00 00  00 00 00 00 00 00 00 00  |................|
*
000b69d0  00 00 00 00 00 00 00 00  00 00 00 00 00 00 33 33  |..............33|
000b69e0  33 ff 33 33 33 ff 33 33  33 ff 33 33 33 ff 33 33  |3.333.333.333.33|
*
000b6a10  33 ff 33 33 33 ff 33 33  33 ff 00 00 00 00 00 00  |3.333.333.......|
000b6a20  00 00 00 00 00 00 00 00  00 00 00 00 00 00 00 00  |................|
*
000b6f90  00 00 00 00 00 00 00 00  00 00 33 33 33 ff 33 33  |..........333.33|
000b6fa0  33 ff 33 33 33 ff 33 33  33 ff 33 33 33 ff 33 33  |3.333.333.333.33|
*
000b6fd0  33 ff 33 33 33 ff 33 33  33 ff 00 00 00 00 00 00  |3.333.333.......|
000b6fe0  00 00 00 00 00 00 00 00  00 00 00 00 00 00 00 00  |................|
*
000b71d0  00 00 00 00 00 00 00 00  00 00 00 00 00 00 33 33  |..............33|
000b71e0  33 ff 33 33 33 ff 33 33  33 ff 33 33 33 ff 33 33  |3.333.333.333.33|
*
000b7210  33 ff 33 33 33 ff 33 33  33 ff 00 00 00 00 00 00  |3.333.333.......|
000b7220  00 00 00 00 00 00 00 00  00 00 00 00 00 00 00 00  |................|
*
000b7790  00 00 00 00 00 00 00 00  00 00 33 33 33 ff 33 33  |..........333.33|
000b77a0  33 ff 33 33 33 ff 33 33  33 ff 33 33 33 ff 33 33  |3.333.333.333.33|
*
000b77d0  33 ff 33 33 33 ff 33 33  33 ff 00 00 00 00 00 00  |3.333.333.......|
000b77e0  00 00 00 00 00 00 00 00  00 00 00 00 00 00 00 00  |................|
*
000b79d0  00 00 00 00 00 00 00 00  00 00 00 00 00 00 33 33  |..............33|
000b79e0  33 ff 33 33 33 ff 33 33  33 ff 33 33 33 ff 33 33  |3.333.333.333.33|
*
000b7a10  33 ff 33 33 33 ff 33 33  33 ff 00 00 00 00 00 00  |3.333.333.......|
000b7a20  00 00 00 00 00 00 00 00  00 00 00 00 00 00 00 00  |................|
*
000b7f90  00 00 00 00 00 00 00 00  00 00 33 33 33 ff 33 33  |..........333.33|
000b7fa0  33 ff 33 33 33 ff 33 33  33 ff 33 33 33 ff 33 33  |3.333.333.333.33|
*
000b7fd0  33 ff 33 33 33 ff 33 33  33 ff 00 00 00 00 00 00  |3.333.333.......|
000b7fe0  00 00 00 00 00 00 00 00  00 00 00 00 00 00 00 00  |................|
*
000b81d0  00 00 00 00 00 00 00 00  00 00 00 00 00 00 33 33  |..............33|
000b81e0  33 ff 33 33 33 ff 33 33  33 ff 33 33 33 ff 33 33  |3.333.333.333.33|
*
000b8210  33 ff 33 33 33 ff 33 33  33 ff 00 00 00 00 00 00  |3.333.333.......|
000b8220  00 00 00 00 00 00 00 00  00 00 00 00 00 00 00 00  |................|
*
000b8790  00 00 00 00 00 00 00 00  00 00 33 33 33 ff 33 33  |..........333.33|
000b87a0  33 ff 33 33 33 ff 33 33  33 ff 33 33 33 ff 33 33  |3.333.333.333.33|
*
000b87d0  33 ff 33 33 33 ff 33 33  33 ff 00 00 00 00 00 00  |3.333.333.......|
000b87e0  00 00 00 00 00 00 00 00  00 00 00 00 00 00 00 00  |................|
*
000b89d0  00 00 00 00 00 00 00 00  00 00 00 00 00 00 33 33  |..............33|
000b89e0  33 ff 33 33 33 ff 33 33  33 ff 33 33 33 ff 33 33  |3.333.333.333.33|
*
000b8a10  33 ff 33 33 33 ff 33 33  33 ff 00 00 00 00 00 00  |3.333.333.......|
000b8a20  00 00 00 00 00 00 00 00  00 00 00 00 00 00 00 00  |................|
*
000b8f90  00 00 00 00 00 00 00 00  00 00 33 33 33 ff 33 33  |..........333.33|
000b8fa0  33 ff 33 33 33 ff 33 33  33 ff 33 33 33 ff 33 33  |3.333.333.333.33|
*
000b8fd0  33 ff 33 33 33 ff 33 33  33 ff 00 00 00 00 00 00  |3.333.333.......|
000b8fe0  00 00 00 00 00 00 00 00  00 00 00 00 00 00 00 00  |................|
*
000b91d0  00 00 00 00 00 00 00 00  00 00 00 00 00 00 33 33  |..............33|
000b91e0  33 ff 33 33 33 ff 33 33  33 ff 33 33 33 ff 33 33  |3.333.333.333.33|
*
000b9210  33 ff 33 33 33 ff 33 33  33 ff 00 00 00 00 00 00  |3.333.333.......|
000b9220  00 00 00 00 00 00 00 00  00 00 00 00 00 00 00 00  |................|
*
000b9790  00 00 00 00 00 00 00 00  00 00 33 33 33 ff 33 33  |..........333.33|
000b97a0  33 ff 33 33 33 ff 33 33  33 ff 33 33 33 ff 33 33  |3.333.333.333.33|
*
000b97d0  33 ff 33 33 33 ff 33 33  33 ff 00 00 00 00 00 00  |3.333.333.......|
000b97e0  00 00 00 00 00 00 00 00  00 00 00 00 00 00 00 00  |................|
*
000b99d0  00 00 00 00 00 00 00 00  00 00 00 00 00 00 33 33  |..............33|
000b99e0  33 ff 33 33 33 ff 33 33  33 ff 33 33 33 ff 33 33  |3.333.333.333.33|
*
000b9a10  33 ff 33 33 33 ff 33 33  33 ff 00 00 00 00 00 00  |3.333.333.......|
000b9a20  00 00 00 00 00 00 00 00  00 00 00 00 00 00 00 00  |................|
*
000b9f90  00 00 00 00 00 00 00 00  00 00 33 33 33 ff 33 33  |..........333.33|
000b9fa0  33 ff 33 33 33 ff 33 33  33 ff 33 33 33 ff 33 33  |3.333.333.333.33|
*
000b9fd0  33 ff 33 33 33 ff 33 33  33 ff 00 00 00 00 00 00  |3.333.333.......|
000b9fe0  00 00 00 00 00 00 00 00  00 00 00 00 00 00 00 00  |................|
*
000ba1d0  00 00 00 00 00 00 00 00  00 00 00 00 00 00 33 33  |..............33|
000ba1e0  33 ff 33 33 33 ff 33 33  33 ff 33 33 33 ff 33 33  |3.333.333.333.33|
*
000ba210  33 ff 33 33 33 ff 33 33  33 ff 00 00 00 00 00 00  |3.333.333.......|
000ba220  00 00 00 00 00 00 00 00  00 00 00 00 00 00 00 00  |................|
*
000ba790  00 00 00 00 00 00 00 00  00 00 33 33 33 ff 33 33  |..........333.33|
000ba7a0  33 ff 33 33 33 ff 33 33  33 ff 33 33 33 ff 33 33  |3.333.333.333.33|
*
000ba7d0  33 ff 33 33 33 ff 33 33  33 ff 00 00 00 00 00 00  |3.333.333.......|
000ba7e0  00 00 00 00 00 00 00 00  00 00 00 00 00 00 00 00  |................|
*
000ba9d0  00 00 00 00 00 00 00 00  00 00 00 00 00 00 33 33  |..............33|
000ba9e0  33 ff 33 33 33 ff 33 33  33 ff 33 33 33 ff 33 33  |3.333.333.333.33|
*
000baa10  33 ff 33 33 33 ff 33 33  33 ff 00 00 00 00 00 00  |3.333.333.......|
000baa20  00 00 00 00 00 00 00 00  00 00 00 00 00 00 00 00  |................|
*
000baf90  00 00 00 00 00 00 00 00  00 00 33 33 33 ff 33 33  |..........333.33|
000bafa0  33 ff 33 33 33 ff 33 33  33 ff 33 33 33 ff 33 33  |3.333.333.333.33|
*
000bafd0  33 ff 33 33 33 ff 33 33  33 ff 00 00 00 00 00 00  |3.333.333.......|
000bafe0  00 00 00 00 00 00 00 00  00 00 00 00 00 00 00 00  |................|
*
000bb1d0  00 00 00 00 00 00 00 00  00 00 00 00 00 00 33 33  |..............33|
000bb1e0  33 ff 33 33 33 ff 33 33  33 ff 33 33 33 ff 33 33  |3.333.333.333.33|
*
000bb210  33 ff 33 33 33 ff 33 33  33 ff 00 00 00 00 00 00  |3.333.333.......|
000bb220  00 00 00 00 00 00 00 00  00 00 00 00 00 00 00 00  |................|
*
000bb790  00 00 00 00 00 00 00 00  00 00 33 33 33 ff 33 33  |..........333.33|
000bb7a0  33 ff 33 33 33 ff 33 33  33 ff 33 33 33 ff 33 33  |3.333.333.333.33|
*
000bb7d0  33 ff 33 33 33 ff 33 33  33 ff 00 00 00 00 00 00  |3.333.333.......|
000bb7e0  00 00 00 00 00 00 00 00  00 00 00 00 00 00 00 00  |................|
*
000bb9d0  00 00 00 00 00 00 00 00  00 00 00 00 00 00 33 33  |..............33|
000bb9e0  33 ff 33 33 33 ff 33 33  33 ff 33 33 33 ff 33 33  |3.333.333.333.33|
*
000bba10  33 ff 33 33 33 ff 33 33  33 ff 00 00 00 00 00 00  |3.333.333.......|
000bba20  00 00 00 00 00 00 00 00  00 00 00 00 00 00 00 00  |................|
*
000bbf90  00 00 00 00 00 00 00 00  00 00 33 33 33 ff 33 33  |..........333.33|
000bbfa0  33 ff 33 33 33 ff 33 33  33 ff 33 33 33 ff 33 33  |3.333.333.333.33|
*
000bbfd0  33 ff 33 33 33 ff 33 33  33 ff 00 00 00 00 00 00  |3.333.333.......|
000bbfe0  00 00 00 00 00 00 00 00  00 00 00 00 00 00 00 00  |................|
*
000bc1d0  00 00 00 00 00 00 00 00  00 00 00 00 00 00 33 33  |..............33|
000bc1e0  33 ff 33 33 33 ff 33 33  33 ff 33 33 33 ff 33 33  |3.333.333.333.33|
*
000bc210  33 ff 33 33 33 ff 33 33  33 ff 00 00 00 00 00 00  |3.333.333.......|
000bc220  00 00 00 00 00 00 00 00  00 00 00 00 00 00 00 00  |................|
*
000bc790  00 00 00 00 00 00 00 00  00 00 33 33 33 ff 33 33  |..........333.33|
000bc7a0  33 ff 33 33 33 ff 33 33  33 ff 33 33 33 ff 33 33  |3.333.333.333.33|
*
000bc7d0  33 ff 33 33 33 ff 33 33  33 ff 00 00 00 00 00 00  |3.333.333.......|
000bc7e0  00 00 00 00 00 00 00 00  00 00 00 00 00 00 00 00  |................|
*
000bc9d0  00 00 00 00 00 00 00 00  00 00 00 00 00 00 33 33  |..............33|
000bc9e0  33 ff 33 33 33 ff 33 33  33 ff 33 33 33 ff 33 33  |3.333.333.333.33|
*
000bca10  33 ff 33 33 33 ff 33 33  33 ff 00 00 00 00 00 00  |3.333.333.......|
000bca20  00 00 00 00 00 00 00 00  00 00 00 00 00 00 00 00  |................|
*
000bcf90  00 00 00 00 00 00 00 00  00 00 33 33 33 ff 33 33  |..........333.33|
000bcfa0  33 ff 33 33 33 ff 33 33  33 ff 33 33 33 ff 33 33  |3.333.333.333.33|
*
000bcfd0  33 ff 33 33 33 ff 33 33  33 ff 00 00 00 00 00 00  |3.333.333.......|
000bcfe0  00 00 00 00 00 00 00 00  00 00 00 00 00 00 00 00  |................|
*
000bd1d0  00 00 00 00 00 00 00 00  00 00 00 00 00 00 33 33  |..............33|
000bd1e0  33 ff 33 33 33 ff 33 33  33 ff 33 33 33 ff 33 33  |3.333.333.333.33|
*
000bd210  33 ff 33 33 33 ff 33 33  33 ff 00 00 00 00 00 00  |3.333.333.......|
000bd220  00 00 00 00 00 00 00 00  00 00 00 00 00 00 00 00  |................|
*
000bd790  00 00 00 00 00 00 00 00  00 00 33 33 33 ff 33 33  |..........333.33|
000bd7a0  33 ff 33 33 33 ff 33 33  33 ff 33 33 33 ff 33 33  |3.333.333.333.33|
*
000bd7d0  33 ff 33 33 33 ff 33 33  33 ff 00 00 00 00 00 00  |3.333.333.......|
000bd7e0  00 00 00 00 00 00 00 00  00 00 00 00 00 00 00 00  |................|
*
000bd9d0  00 00 00 00 00 00 00 00  00 00 00 00 00 00 33 33  |..............33|
000bd9e0  33 ff 33 33 33 ff 33 33  33 ff 33 33 33 ff 33 33  |3.333.333.333.33|
*
000bda10  33 ff 33 33 33 ff 33 33  33 ff 00 00 00 00 00 00  |3.333.333.......|
000bda20  00 00 00 00 00 00 00 00  00 00 00 00 00 00 00 00  |................|
*
000bdf90  00 00 00 00 00 00 00 00  00 00 33 33 33 ff 33 33  |..........333.33|
000bdfa0  33 ff 33 33 33 ff 33 33  33 ff 33 33 33 ff 33 33  |3.333.333.333.33|
*
000bdfd0  33 ff 33 33 33 ff 33 33  33 ff 00 00 00 00 00 00  |3.333.333.......|
000bdfe0  00 00 00 00 00 00 00 00  00 00 00 00 00 00 00 00  |................|
*
000be1d0  00 00 00 00 00 00 00 00  00 00 00 00 00 00 33 33  |..............33|
000be1e0  33 ff 33 33 33 ff 33 33  33 ff 33 33 33 ff 33 33  |3.333.333.333.33|
*
000be210  33 ff 33 33 33 ff 33 33  33 ff 00 00 00 00 00 00  |3.333.333.......|
000be220  00 00 00 00 00 00 00 00  00 00 00 00 00 00 00 00  |................|
*
000be790  00 00 00 00 00 00 00 00  00 00 33 33 33 ff 33 33  |..........333.33|
000be7a0  33 ff 33 33 33 ff 33 33  33 ff 33 33 33 ff 33 33  |3.333.333.333.33|
*
000be7d0  33 ff 33 33 33 ff 33 33  33 ff 00 00 00 00 00 00  |3.333.333.......|
000be7e0  00 00 00 00 00 00 00 00  00 00 00 00 00 00 00 00  |................|
*
000be9d0  00 00 00 00 00 00 00 00  00 00 00 00 00 00 33 33  |..............33|
000be9e0  33 ff 33 33 33 ff 33 33  33 ff 33 33 33 ff 33 33  |3.333.333.333.33|
*
000bea10  33 ff 33 33 33 ff 33 33  33 ff 00 00 00 00 00 00  |3.333.333.......|
000bea20  00 00 00 00 00 00 00 00  00 00 00 00 00 00 00 00  |................|
*
000bef90  00 00 00 00 00 00 00 00  00 00 33 33 33 ff 33 33  |..........333.33|
000befa0  33 ff 33 33 33 ff 33 33  33 ff 33 33 33 ff 33 33  |3.333.333.333.33|
*
000befd0  33 ff 33 33 33 ff 33 33  33 ff 00 00 00 00 00 00  |3.333.333.......|
000befe0  00 00 00 00 00 00 00 00  00 00 00 00 00 00 00 00  |................|
*
000bf1d0  00 00 00 00 00 00 00 00  00 00 00 00 00 00 33 33  |..............33|
000bf1e0  33 ff 33 33 33 ff 33 33  33 ff 33 33 33 ff 33 33  |3.333.333.333.33|
*
000bf210  33 ff 33 33 33 ff 33 33  33 ff 00 00 00 00 00 00  |3.333.333.......|
000bf220  00 00 00 00 00 00 00 00  00 00 00 00 00 00 00 00  |................|
*
000bf790  00 00 00 00 00 00 00 00  00 00 33 33 33 ff 33 33  |..........333.33|
000bf7a0  33 ff 33 33 33 ff 33 33  33 ff 33 33 33 ff 33 33  |3.333.333.333.33|
*
000bf7d0  33 ff 33 33 33 ff 33 33  33 ff 00 00 00 00 00 00  |3.333.333.......|
000bf7e0  00 00 00 00 00 00 00 00  00 00 00 00 00 00 00 00  |................|
*
000bf9d0  00 00 00 00 00 00 00 00  00 00 00 00 00 00 33 33  |..............33|
000bf9e0  33 ff 33 33 33 ff 33 33  33 ff 33 33 33 ff 33 33  |3.333.333.333.33|
*
000bfa10  33 ff 33 33 33 ff 33 33  33 ff 00 00 00 00 00 00  |3.333.333.......|
000bfa20  00 00 00 00 00 00 00 00  00 00 00 00 00 00 00 00  |................|
*
000bff90  00 00 00 00 00 00 00 00  00 00 33 33 33 ff 33 33  |..........333.33|
000bffa0  33 ff 33 33 33 ff 33 33  33 ff 33 33 33 ff 33 33  |3.333.333.333.33|
*
000bffd0  33 ff 33 33 33 ff 33 33  33 ff 00 00 00 00 00 00  |3.333.333.......|
000bffe0  00 00 00 00 00 00 00 00  00 00 00 00 00 00 00 00  |................|
*
000c01d0  00 00 00 00 00 00 00 00  00 00 00 00 00 00 33 33  |..............33|
000c01e0  33 ff 33 33 33 ff 33 33  33 ff 33 33 33 ff 33 33  |3.333.333.333.33|
*
000c0210  33 ff 33 33 33 ff 33 33  33 ff 00 00 00 00 00 00  |3.333.333.......|
000c0220  00 00 00 00 00 00 00 00  00 00 00 00 00 00 00 00  |................|
*
000c0790  00 00 00 00 00 00 00 00  00 00 33 33 33 ff 33 33  |..........333.33|
000c07a0  33 ff 33 33 33 ff 33 33  33 ff 33 33 33 ff 33 33  |3.333.333.333.33|
*
000c07d0  33 ff 33 33 33 ff 33 33  33 ff 00 00 00 00 00 00  |3.333.333.......|
000c07e0  00 00 00 00 00 00 00 00  00 00 00 00 00 00 00 00  |................|
*
000c09d0  00 00 00 00 00 00 00 00  00 00 00 00 00 00 33 33  |..............33|
000c09e0  33 ff 33 33 33 ff 33 33  33 ff 33 33 33 ff 33 33  |3.333.333.333.33|
*
000c0a10  33 ff 33 33 33 ff 33 33  33 ff 00 00 00 00 00 00  |3.333.333.......|
000c0a20  00 00 00 00 00 00 00 00  00 00 00 00 00 00 00 00  |................|
*
000c0f90  00 00 00 00 00 00 00 00  00 00 33 33 33 ff 33 33  |..........333.33|
000c0fa0  33 ff 33 33 33 ff 33 33  33 ff 33 33 33 ff 33 33  |3.333.333.333.33|
*
000c0fd0  33 ff 33 33 33 ff 33 33  33 ff 00 00 00 00 00 00  |3.333.333.......|
000c0fe0  00 00 00 00 00 00 00 00  00 00 00 00 00 00 00 00  |................|
*
000c11d0  00 00 00 00 00 00 00 00  00 00 00 00 00 00 33 33  |..............33|
000c11e0  33 ff 33 33 33 ff 33 33  33 ff 33 33 33 ff 33 33  |3.333.333.333.33|
*
000c1210  33 ff 33 33 33 ff 33 33  33 ff 00 00 00 00 00 00  |3.333.333.......|
000c1220  00 00 00 00 00 00 00 00  00 00 00 00 00 00 00 00  |................|
*
000c1790  00 00 00 00 00 00 00 00  00 00 33 33 33 ff 33 33  |..........333.33|
000c17a0  33 ff 33 33 33 ff 33 33  33 ff 33 33 33 ff 33 33  |3.333.333.333.33|
*
000c17d0  33 ff 33 33 33 ff 33 33  33 ff 00 00 00 00 00 00  |3.333.333.......|
000c17e0  00 00 00 00 00 00 00 00  00 00 00 00 00 00 00 00  |................|
*
000c19d0  00 00 00 00 00 00 00 00  00 00 00 00 00 00 33 33  |..............33|
000c19e0  33 ff 33 33 33 ff 33 33  33 ff 33 33 33 ff 33 33  |3.333.333.333.33|
*
000c1a10  33 ff 33 33 33 ff 33 33  33 ff 00 00 00 00 00 00  |3.333.333.......|
000c1a20  00 00 00 00 00 00 00 00  00 00 00 00 00 00 00 00  |................|
*
000c1f90  00 00 00 00 00 00 00 00  00 00 33 33 33 ff 33 33  |..........333.33|
000c1fa0  33 ff 33 33 33 ff 33 33  33 ff 33 33 33 ff 33 33  |3.333.333.333.33|
*
000c1fd0  33 ff 33 33 33 ff 33 33  33 ff 00 00 00 00 00 00  |3.333.333.......|
000c1fe0  00 00 00 00 00 00 00 00  00 00 00 00 00 00 00 00  |................|
*
000c21d0  00 00 00 00 00 00 00 00  00 00 00 00 00 00 33 33  |..............33|
000c21e0  33 ff 33 33 33 ff 33 33  33 ff 33 33 33 ff 33 33  |3.333.333.333.33|
*
000c2210  33 ff 33 33 33 ff 33 33  33 ff 00 00 00 00 00 00  |3.333.333.......|
000c2220  00 00 00 00 00 00 00 00  00 00 00 00 00 00 00 00  |................|
*
000c2790  00 00 00 00 00 00 00 00  00 00 33 33 33 ff 33 33  |..........333.33|
000c27a0  33 ff 33 33 33 ff 33 33  33 ff 33 33 33 ff 33 33  |3.333.333.333.33|
*
000c27d0  33 ff 33 33 33 ff 33 33  33 ff 00 00 00 00 00 00  |3.333.333.......|
000c27e0  00 00 00 00 00 00 00 00  00 00 00 00 00 00 00 00  |................|
*
000c29d0  00 00 00 00 00 00 00 00  00 00 00 00 00 00 33 33  |..............33|
000c29e0  33 ff 33 33 33 ff 33 33  33 ff 33 33 33 ff 33 33  |3.333.333.333.33|
*
000c2a10  33 ff 33 33 33 ff 33 33  33 ff 00 00 00 00 00 00  |3.333.333.......|
000c2a20  00 00 00 00 00 00 00 00  00 00 00 00 00 00 00 00  |................|
*
000c2f90  00 00 00 00 00 00 00 00  00 00 33 33 33 ff 33 33  |..........333.33|
000c2fa0  33 ff 33 33 33 ff 33 33  33 ff 33 33 33 ff 33 33  |3.333.333.333.33|
*
000c2fd0  33 ff 33 33 33 ff 33 33  33 ff 00 00 00 00 00 00  |3.333.333.......|
000c2fe0  00 00 00 00 00 00 00 00  00 00 00 00 00 00 00 00  |................|
*
000c31d0  00 00 00 00 00 00 00 00  00 00 00 00 00 00 33 33  |..............33|
000c31e0  33 ff 33 33 33 ff 33 33  33 ff 33 33 33 ff 33 33  |3.333.333.333.33|
*
000c3210  33 ff 33 33 33 ff 33 33  33 ff 00 00 00 00 00 00  |3.333.333.......|
000c3220  00 00 00 00 00 00 00 00  00 00 00 00 00 00 00 00  |................|
*
000c3790  00 00 00 00 00 00 00 00  00 00 33 33 33 ff 33 33  |..........333.33|
000c37a0  33 ff 33 33 33 ff 33 33  33 ff 33 33 33 ff 33 33  |3.333.333.333.33|
*
000c37d0  33 ff 33 33 33 ff 33 33  33 ff 00 00 00 00 00 00  |3.333.333.......|
000c37e0  00 00 00 00 00 00 00 00  00 00 00 00 00 00 00 00  |................|
*
000c39d0  00 00 00 00 00 00 00 00  00 00 00 00 00 00 33 33  |..............33|
000c39e0  33 ff 33 33 33 ff 33 33  33 ff 33 33 33 ff 33 33  |3.333.333.333.33|
*
000c3a10  33 ff 33 33 33 ff 33 33  33 ff 00 00 00 00 00 00  |3.333.333.......|
000c3a20  00 00 00 00 00 00 00 00  00 00 00 00 00 00 00 00  |................|
*
000c3f90  00 00 00 00 00 00 00 00  00 00 33 33 33 ff 33 33  |..........333.33|
000c3fa0  33 ff 33 33 33 ff 33 33  33 ff 33 33 33 ff 33 33  |3.333.333.333.33|
*
000c3fd0  33 ff 33 33 33 ff 33 33  33 ff 00 00 00 00 00 00  |3.333.333.......|
000c3fe0  00 00 00 00 00 00 00 00  00 00 00 00 00 00 00 00  |................|
*
000c41d0  00 00 00 00 00 00 00 00  00 00 00 00 00 00 33 33  |..............33|
000c41e0  33 ff 33 33 33 ff 33 33  33 ff 33 33 33 ff 33 33  |3.333.333.333.33|
*
000c4210  33 ff 33 33 33 ff 33 33  33 ff 00 00 00 00 00 00  |3.333.333.......|
000c4220  00 00 00 00 00 00 00 00  00 00 00 00 00 00 00 00  |................|
*
000c4790  00 00 00 00 00 00 00 00  00 00 33 33 33 ff 33 33  |..........333.33|
000c47a0  33 ff 33 33 33 ff 33 33  33 ff 33 33 33 ff 33 33  |3.333.333.333.33|
*
000c47d0  33 ff 33 33 33 ff 33 33  33 ff 00 00 00 00 00 00  |3.333.333.......|
000c47e0  00 00 00 00 00 00 00 00  00 00 00 00 00 00 00 00  |................|
*
000c49d0  00 00 00 00 00 00 00 00  00 00 00 00 00 00 33 33  |..............33|
000c49e0  33 ff 33 33 33 ff 33 33  33 ff 33 33 33 ff 33 33  |3.333.333.333.33|
*
000c4a10  33 ff 33 33 33 ff 33 33  33 ff 00 00 00 00 00 00  |3.333.333.......|
000c4a20  00 00 00 00 00 00 00 00  00 00 00 00 00 00 00 00  |................|
*
000c4f90  00 00 00 00 00 00 00 00  00 00 33 33 33 ff 33 33  |..........333.33|
000c4fa0  33 ff 33 33 33 ff 33 33  33 ff 33 33 33 ff 33 33  |3.333.333.333.33|
*
000c4fd0  33 ff 33 33 33 ff 33 33  33 ff 00 00 00 00 00 00  |3.333.333.......|
000c4fe0  00 00 00 00 00 00 00 00  00 00 00 00 00 00 00 00  |................|
*
000c51d0  00 00 00 00 00 00 00 00  00 00 00 00 00 00 33 33  |..............33|
000c51e0  33 ff 33 33 33 ff 33 33  33 ff 33 33 33 ff 33 33  |3.333.333.333.33|
*
000c5210  33 ff 33 33 33 ff 33 33  33 ff 00 00 00 00 00 00  |3.333.333.......|
000c5220  00 00 00 00 00 00 00 00  00 00 00 00 00 00 00 00  |................|
*
000c5790  00 00 00 00 00 00 00 00  00 00 33 33 33 ff 33 33  |..........333.33|
000c57a0  33 ff 33 33 33 ff 33 33  33 ff 33 33 33 ff 33 33  |3.333.333.333.33|
*
000c57d0  33 ff 33 33 33 ff 33 33  33 ff 00 00 00 00 00 00  |3.333.333.......|
000c57e0  00 00 00 00 00 00 00 00  00 00 00 00 00 00 00 00  |................|
*
000c59d0  00 00 00 00 00 00 00 00  00 00 00 00 00 00 33 33  |..............33|
000c59e0  33 ff 33 33 33 ff 33 33  33 ff 33 33 33 ff 33 33  |3.333.333.333.33|
*
000c5a10  33 ff 33 33 33 ff 33 33  33 ff 00 00 00 00 00 00  |3.333.333.......|
000c5a20  00 00 00 00 00 00 00 00  00 00 00 00 00 00 00 00  |................|
*
000c5f90  00 00 00 00 00 00 00 00  00 00 33 33 33 ff 33 33  |..........333.33|
000c5fa0  33 ff 33 33 33 ff 33 33  33 ff 33 33 33 ff 33 33  |3.333.333.333.33|
*
000c5fd0  33 ff 33 33 33 ff 33 33  33 ff 00 00 00 00 00 00  |3.333.333.......|
000c5fe0  00 00 00 00 00 00 00 00  00 00 00 00 00 00 00 00  |................|
*
000c61d0  00 00 00 00 00 00 00 00  00 00 00 00 00 00 33 33  |..............33|
000c61e0  33 ff 33 33 33 ff 33 33  33 ff 33 33 33 ff 33 33  |3.333.333.333.33|
*
000c6210  33 ff 33 33 33 ff 33 33  33 ff 00 00 00 00 00 00  |3.333.333.......|
000c6220  00 00 00 00 00 00 00 00  00 00 00 00 00 00 00 00  |................|
*
000c6790  00 00 00 00 00 00 00 00  00 00 33 33 33 ff 33 33  |..........333.33|
000c67a0  33 ff 33 33 33 ff 33 33  33 ff 33 33 33 ff 33 33  |3.333.333.333.33|
*
000c67d0  33 ff 33 33 33 ff 33 33  33 ff 00 00 00 00 00 00  |3.333.333.......|
000c67e0  00 00 00 00 00 00 00 00  00 00 00 00 00 00 00 00  |................|
*
000c69d0  00 00 00 00 00 00 00 00  00 00 00 00 00 00 33 33  |..............33|
000c69e0  33 ff 33 33 33 ff 33 33  33 ff 33 33 33 ff 33 33  |3.333.333.333.33|
*
000c6a10  33 ff 33 33 33 ff 33 33  33 ff 00 00 00 00 00 00  |3.333.333.......|
000c6a20  00 00 00 00 00 00 00 00  00 00 00 00 00 00 00 00  |................|
*
000c6f90  00 00 00 00 00 00 00 00  00 00 33 33 33 ff 33 33  |..........333.33|
000c6fa0  33 ff 33 33 33 ff 33 33  33 ff 33 33 33 ff 33 33  |3.333.333.333.33|
*
000c6fd0  33 ff 33 33 33 ff 33 33  33 ff 00 00 00 00 00 00  |3.333.333.......|
000c6fe0  00 00 00 00 00 00 00 00  00 00 00 00 00 00 00 00  |................|
*
000c71d0  00 00 00 00 00 00 00 00  00 00 00 00 00 00 33 33  |..............33|
000c71e0  33 ff 33 33 33 ff 33 33  33 ff 33 33 33 ff 33 33  |3.333.333.333.33|
*
000c7210  33 ff 33 33 33 ff 33 33  33 ff 00 00 00 00 00 00  |3.333.333.......|
000c7220  00 00 00 00 00 00 00 00  00 00 00 00 00 00 00 00  |................|
*
000c7790  00 00 00 00 00 00 00 00  00 00 33 33 33 ff 33 33  |..........333.33|
000c77a0  33 ff 33 33 33 ff 33 33  33 ff 33 33 33 ff 33 33  |3.333.333.333.33|
*
000c77d0  33 ff 33 33 33 ff 33 33  33 ff 00 00 00 00 00 00  |3.333.333.......|
000c77e0  00 00 00 00 00 00 00 00  00 00 00 00 00 00 00 00  |................|
*
000c79d0  00 00 00 00 00 00 00 00  00 00 00 00 00 00 33 33  |..............33|
000c79e0  33 ff 33 33 33 ff 33 33  33 ff 33 33 33 ff 33 33  |3.333.333.333.33|
*
000c7a10  33 ff 33 33 33 ff 33 33  33 ff 00 00 00 00 00 00  |3.333.333.......|
000c7a20  00 00 00 00 00 00 00 00  00 00 00 00 00 00 00 00  |................|
*
000c7f90  00 00 00 00 00 00 00 00  00 00 33 33 33 ff 33 33  |..........333.33|
000c7fa0  33 ff 33 33 33 ff 33 33  33 ff 33 33 33 ff 33 33  |3.333.333.333.33|
*
000c7fd0  33 ff 33 33 33 ff 33 33  33 ff 00 00 00 00 00 00  |3.333.333.......|
000c7fe0  00 00 00 00 00 00 00 00  00 00 00 00 00 00 00 00  |................|
*
000c81d0  00 00 00 00 00 00 00 00  00 00 00 00 00 00 33 33  |..............33|
000c81e0  33 ff 33 33 33 ff 33 33  33 ff 33 33 33 ff 33 33  |3.333.333.333.33|
*
000c8210  33 ff 33 33 33 ff 33 33  33 ff 00 00 00 00 00 00  |3.333.333.......|
000c8220  00 00 00 00 00 00 00 00  00 00 00 00 00 00 00 00  |................|
*
000c8790  00 00 00 00 00 00 00 00  00 00 33 33 33 ff 33 33  |..........333.33|
000c87a0  33 ff 33 33 33 ff 33 33  33 ff 33 33 33 ff 33 33  |3.333.333.333.33|
*
000c87d0  33 ff 33 33 33 ff 33 33  33 ff 00 00 00 00 00 00  |3.333.333.......|
000c87e0  00 00 00 00 00 00 00 00  00 00 00 00 00 00 00 00  |................|
*
000c89d0  00 00 00 00 00 00 00 00  00 00 00 00 00 00 33 33  |..............33|
000c89e0  33 ff 33 33 33 ff 33 33  33 ff 33 33 33 ff 33 33  |3.333.333.333.33|
*
000c8a10  33 ff 33 33 33 ff 33 33  33 ff 00 00 00 00 00 00  |3.333.333.......|
000c8a20  00 00 00 00 00 00 00 00  00 00 00 00 00 00 00 00  |................|
*
000c8f90  00 00 00 00 00 00 00 00  00 00 33 33 33 ff 33 33  |..........333.33|
000c8fa0  33 ff 33 33 33 ff 33 33  33 ff 33 33 33 ff 33 33  |3.333.333.333.33|
*
000c8fd0  33 ff 33 33 33 ff 33 33  33 ff 00 00 00 00 00 00  |3.333.333.......|
000c8fe0  00 00 00 00 00 00 00 00  00 00 00 00 00 00 00 00  |................|
*
000c91d0  00 00 00 00 00 00 00 00  00 00 00 00 00 00 33 33  |..............33|
000c91e0  33 ff 33 33 33 ff 33 33  33 ff 33 33 33 ff 33 33  |3.333.333.333.33|
*
000c9210  33 ff 33 33 33 ff 33 33  33 ff 00 00 00 00 00 00  |3.333.333.......|
000c9220  00 00 00 00 00 00 00 00  00 00 00 00 00 00 00 00  |................|
*
000c9790  00 00 00 00 00 00 00 00  00 00 33 33 33 ff 33 33  |..........333.33|
000c97a0  33 ff 33 33 33 ff 33 33  33 ff 33 33 33 ff 33 33  |3.333.333.333.33|
*
000c97d0  33 ff 33 33 33 ff 33 33  33 ff 00 00 00 00 00 00  |3.333.333.......|
000c97e0  00 00 00 00 00 00 00 00  00 00 00 00 00 00 00 00  |................|
*
000c99d0  00 00 00 00 00 00 00 00  00 00 00 00 00 00 33 33  |..............33|
000c99e0  33 ff 33 33 33 ff 33 33  33 ff 33 33 33 ff 33 33  |3.333.333.333.33|
*
000c9a10  33 ff 33 33 33 ff 33 33  33 ff 00 00 00 00 00 00  |3.333.333.......|
000c9a20  00 00 00 00 00 00 00 00  00 00 00 00 00 00 00 00  |................|
*
000c9f90  00 00 00 00 00 00 00 00  00 00 33 33 33 ff 33 33  |..........333.33|
000c9fa0  33 ff 33 33 33 ff 33 33  33 ff 33 33 33 ff 33 33  |3.333.333.333.33|
*
000c9fd0  33 ff 33 33 33 ff 33 33  33 ff 00 00 00 00 00 00  |3.333.333.......|
000c9fe0  00 00 00 00 00 00 00 00  00 00 00 00 00 00 00 00  |................|
*
000ca1d0  00 00 00 00 00 00 00 00  00 00 00 00 00 00 33 33  |..............33|
000ca1e0  33 ff 33 33 33 ff 33 33  33 ff 33 33 33 ff 33 33  |3.333.333.333.33|
*
000ca210  33 ff 33 33 33 ff 33 33  33 ff 00 00 00 00 00 00  |3.333.333.......|
000ca220  00 00 00 00 00 00 00 00  00 00 00 00 00 00 00 00  |................|
*
000ca790  00 00 00 00 00 00 00 00  00 00 33 33 33 ff 33 33  |..........333.33|
000ca7a0  33 ff 33 33 33 ff 33 33  33 ff 33 33 33 ff 33 33  |3.333.333.333.33|
*
000ca7d0  33 ff 33 33 33 ff 33 33  33 ff 00 00 00 00 00 00  |3.333.333.......|
000ca7e0  00 00 00 00 00 00 00 00  00 00 00 00 00 00 00 00  |................|
*
000ca9d0  00 00 00 00 00 00 00 00  00 00 00 00 00 00 33 33  |..............33|
000ca9e0  33 ff 33 33 33 ff 33 33  33 ff 33 33 33 ff 33 33  |3.333.333.333.33|
*
000caa10  33 ff 33 33 33 ff 33 33  33 ff 00 00 00 00 00 00  |3.333.333.......|
000caa20  00 00 00 00 00 00 00 00  00 00 00 00 00 00 00 00  |................|
*
000caf90  00 00 00 00 00 00 00 00  00 00 33 33 33 ff 33 33  |..........333.33|
000cafa0  33 ff 33 33 33 ff 33 33  33 ff 33 33 33 ff 33 33  |3.333.333.333.33|
*
000cafd0  33 ff 33 33 33 ff 33 33  33 ff 00 00 00 00 00 00  |3.333.333.......|
000cafe0  00 00 00 00 00 00 00 00  00 00 00 00 00 00 00 00  |................|
*
000cb1d0  00 00 00 00 00 00 00 00  00 00 00 00 00 00 33 33  |..............33|
000cb1e0  33 ff 33 33 33 ff 33 33  33 ff 33 33 33 ff 33 33  |3.333.333.333.33|
*
000cb210  33 ff 33 33 33 ff 33 33  33 ff 00 00 00 00 00 00  |3.333.333.......|
000cb220  00 00 00 00 00 00 00 00  00 00 00 00 00 00 00 00  |................|
*
000cb790  00 00 00 00 00 00 00 00  00 00 33 33 33 ff 33 33  |..........333.33|
000cb7a0  33 ff 33 33 33 ff 33 33  33 ff 33 33 33 ff 33 33  |3.333.333.333.33|
*
000cb7d0  33 ff 33 33 33 ff 33 33  33 ff 00 00 00 00 00 00  |3.333.333.......|
000cb7e0  00 00 00 00 00 00 00 00  00 00 00 00 00 00 00 00  |................|
*
000cb9d0  00 00 00 00 00 00 00 00  00 00 00 00 00 00 33 33  |..............33|
000cb9e0  33 ff 33 33 33 ff 33 33  33 ff 33 33 33 ff 33 33  |3.333.333.333.33|
*
000cba10  33 ff 33 33 33 ff 33 33  33 ff 00 00 00 00 00 00  |3.333.333.......|
000cba20  00 00 00 00 00 00 00 00  00 00 00 00 00 00 00 00  |................|
*
000cbf90  00 00 00 00 00 00 00 00  00 00 33 33 33 ff 33 33  |..........333.33|
000cbfa0  33 ff 33 33 33 ff 33 33  33 ff 33 33 33 ff 33 33  |3.333.333.333.33|
*
000cbfd0  33 ff 33 33 33 ff 33 33  33 ff 00 00 00 00 00 00  |3.333.333.......|
000cbfe0  00 00 00 00 00 00 00 00  00 00 00 00 00 00 00 00  |................|
*
000cc1d0  00 00 00 00 00 00 00 00  00 00 00 00 00 00 33 33  |..............33|
000cc1e0  33 ff 33 33 33 ff 33 33  33 ff 33 33 33 ff 33 33  |3.333.333.333.33|
*
000cc210  33 ff 33 33 33 ff 33 33  33 ff 00 00 00 00 00 00  |3.333.333.......|
000cc220  00 00 00 00 00 00 00 00  00 00 00 00 00 00 00 00  |................|
*
000cc790  00 00 00 00 00 00 33 33  33 45 33 33 33 ff 33 33  |......333E333.33|
000cc7a0  33 ff 33 33 33 ff 33 33  33 ff 33 33 33 ff 33 33  |3.333.333.333.33|
*
000cc7d0  33 ff 33 33 33 ff 33 33  33 ff 00 00 00 00 00 00  |3.333.333.......|
000cc7e0  00 00 00 00 00 00 00 00  00 00 00 00 00 00 00 00  |................|
*
000cc9d0  00 00 00 00 00 00 00 00  00 00 00 00 00 00 33 33  |..............33|
000cc9e0  33 ff 33 33 33 ff 33 33  33 ff 33 33 33 ff 33 33  |3.333.333.333.33|
*
000cca10  33 ff 33 33 33 ff 33 33  33 ff 00 00 00 00 00 00  |3.333.333.......|
000cca20  00 00 00 00 00 00 00 00  00 00 00 00 00 00 00 00  |................|
*
000ccf90  00 00 31 31 31 29 33 33  33 ef 33 33 33 ff 33 33  |..111)333.333.33|
000ccfa0  33 ff 33 33 33 ff 33 33  33 ff 33 33 33 ff 33 33  |3.333.333.333.33|
*
000ccfd0  33 ff 33 33 33 ff 33 33  33 ff 00 00 00 00 00 00  |3.333.333.......|
000ccfe0  00 00 00 00 00 00 00 00  00 00 00 00 00 00 00 00  |................|
*
000cd1d0  00 00 00 00 00 00 00 00  00 00 00 00 00 00 33 33  |..............33|
000cd1e0  33 ff 33 33 33 ff 33 33  33 ff 33 33 33 ff 33 33  |3.333.333.333.33|
*
000cd210  33 ff 33 33 33 ff 33 33  33 ff 00 00 00 00 00 00  |3.333.333.......|
000cd220  00 00 00 00 00 00 00 00  00 00 00 00 00 00 00 00  |................|
*
000cd780  00 00 00 00 00 00 00 00  00 00 00 00 00 00 33 33  |..............33|
000cd790  33 14 33 33 33 db 33 33  33 ff 33 33 33 ff 33 33  |3.333.333.333.33|
000cd7a0  33 ff 33 33 33 ff 33 33  33 ff 33 33 33 ff 33 33  |3.333.333.333.33|
*
000cd7d0  33 ff 33 33 33 ff 33 33  33 ff 00 00 00 00 00 00  |3.333.333.......|
000cd7e0  00 00 00 00 00 00 00 00  00 00 00 00 00 00 00 00  |................|
*
000cd9d0  00 00 00 00 00 00 00 00  00 00 00 00 00 00 33 33  |..............33|
000cd9e0  33 ff 33 33 33 ff 33 33  33 ff 33 33 33 ff 33 33  |3.333.333.333.33|
*
000cda10  33 ff 33 33 33 ff 33 33  33 ff 00 00 00 00 00 00  |3.333.333.......|
000cda20  00 00 00 00 00 00 00 00  00 00 00 00 00 00 00 00  |................|
*
000cdf80  00 00 00 00 00 00 00 00  00 00 3f 3f 3f 08 33 33  |..........???.33|
000cdf90  33 c6 33 33 33 ff 33 33  33 ff 33 33 33 ff 33 33  |3.333.333.333.33|
000cdfa0  33 ff 33 33 33 ff 33 33  33 ff 33 33 33 ff 33 33  |3.333.333.333.33|
*
000cdfd0  33 ff 33 33 33 ff 33 33  33 ff 00 00 00 00 00 00  |3.333.333.......|
000cdfe0  00 00 00 00 00 00 00 00  00 00 00 00 00 00 00 00  |................|
*
000ce1d0  00 00 00 00 00 00 00 00  00 00 00 00 00 00 33 33  |..............33|
000ce1e0  33 ff 33 33 33 ff 33 33  33 ff 33 33 33 ff 33 33  |3.333.333.333.33|
*
000ce210  33 ff 33 33 33 ff 33 33  33 ff 00 00 00 00 00 00  |3.333.333.......|
000ce220  00 00 00 00 00 00 00 00  00 00 00 00 00 00 00 00  |................|
*
000ce780  00 00 00 00 00 00 00 00  00 01 33 33 33 a5 33 33  |..........333.33|
000ce790  33 ff 33 33 33 ff 33 33  33 ff 33 33 33 ff 33 33  |3.333.333.333.33|
*
000ce7d0  33 ff 33 33 33 ff 33 33  33 ff 00 00 00 00 00 00  |3.333.333.......|
000ce7e0  00 00 00 00 00 00 00 00  00 00 00 00 00 00 00 00  |................|
*
000ce9d0  00 00 00 00 00 00 00 00  00 00 00 00 00 00 33 33  |..............33|
000ce9e0  33 ff 33 33 33 ff 33 33  33 ff 33 33 33 ff 33 33  |3.333.333.333.33|
*
000cea10  33 ff 33 33 33 ff 33 33  33 ff 00 00 00 00 00 00  |3.333.333.......|
000cea20  00 00 00 00 00 00 00 00  00 00 00 00 00 00 00 00  |................|
*
000cee70  00 00 3f 3f 3f 04 31 31  31 39 32 32 32 70 32 32  |..???.1119222p22|
000cee80  32 97 33 33 33 bc 33 33  33 db 32 32 32 e8 33 33  |2.333.333.222.33|
000cee90  33 f4 33 33 33 ff 33 33  33 ff 33 33 33 ff 33 33  |3.333.333.333.33|
000ceea0  33 ff 33 33 33 ff 33 33  33 ff 33 33 33 ff 33 33  |3.333.333.333.33|
*
000cefd0  33 ff 33 33 33 ff 33 33  33 ff 00 00 00 00 00 00  |3.333.333.......|
000cefe0  00 00 00 00 00 00 00 00  00 00 00 00 00 00 00 00  |................|
*
000cf1d0  00 00 00 00 00 00 00 00  00 00 00 00 00 00 33 33  |..............33|
000cf1e0  33 ff 33 33 33 ff 33 33  33 ff 33 33 33 ff 33 33  |3.333.333.333.33|
*
000cf210  33 ff 33 33 33 ff 33 33  33 ff 00 00 00 00 00 00  |3.333.333.......|
000cf220  00 00 00 00 00 00 00 00  00 00 00 00 00 00 00 00  |................|
*
000cf660  00 00 00 00 00 00 33 33  33 0f 31 31 31 61 32 32  |......333.111a22|
000cf670  32 b6 33 33 33 f3 33 33  33 ff 33 33 33 ff 33 33  |2.333.333.333.33|
000cf680  33 ff 33 33 33 ff 33 33  33 ff 33 33 33 ff 33 33  |3.333.333.333.33|
*
000cf7d0  33 ff 33 33 33 ff 33 33  33 df 00 00 00 00 00 00  |3.333.333.......|
000cf7e0  00 00 00 00 00 00 00 00  00 00 00 00 00 00 00 00  |................|
*
000cf9d0  00 00 00 00 00 00 00 00  00 00 00 00 00 00 33 33  |..............33|
000cf9e0  33 ff 33 33 33 ff 33 33  33 ff 33 33 33 ff 33 33  |3.333.333.333.33|
*
000cfa10  33 ff 33 33 33 ff 33 33  33 ff 00 00 00 00 00 00  |3.333.333.......|
000cfa20  00 00 00 00 00 00 00 00  00 00 00 00 00 00 00 00  |................|
*
000cfe50  00 00 00 00 00 00 00 00  00 00 00 00 00 00 32 32  |..............22|
000cfe60  32 33 33 33 33 a8 32 32  32 f7 33 33 33 ff 33 33  |23333.222.333.33|
000cfe70  33 ff 33 33 33 ff 33 33  33 ff 33 33 33 ff 33 33  |3.333.333.333.33|
*
000cffd0  33 ff 32 32 32 de 31 31  31 1f 00 00 00 00 00 00  |3.222.111.......|
000cffe0  00 00 00 00 00 00 00 00  00 00 00 00 00 00 00 00  |................|
*
000d01d0  00 00 00 00 00 00 00 00  00 00 00 00 00 00 33 33  |..............33|
000d01e0  33 ff 33 33 33 ff 33 33  33 ff 33 33 33 ff 33 33  |3.333.333.333.33|
*
000d0210  33 ff 33 33 33 ff 33 33  33 ff 00 00 00 00 00 00  |3.333.333.......|
000d0220  00 00 00 00 00 00 00 00  00 00 00 00 00 00 00 00  |................|
*
000d0650  00 00 00 00 00 00 33 33  33 37 32 32 32 ba 33 33  |......3337222.33|
000d0660  33 ff 33 33 33 ff 33 33  33 ff 33 33 33 ff 33 33  |3.333.333.333.33|
*
000d07c0  33 ff 33 33 33 ff 33 33  33 ff 33 33 33 ff 32 32  |3.333.333.333.22|
000d07d0  32 de 31 31 31 1f 00 00  00 00 00 00 00 00 00 00  |2.111...........|
000d07e0  00 00 00 00 00 00 00 00  00 00 00 00 00 00 00 00  |................|
*
000d09d0  00 00 00 00 00 00 00 00  00 00 00 00 00 00 33 33  |..............33|
000d09e0  33 ff 33 33 33 ff 33 33  33 ff 33 33 33 ff 33 33  |3.333.333.333.33|
*
000d0a10  33 ff 33 33 33 ff 33 33  33 ff 00 00 00 00 00 00  |3.333.333.......|
000d0a20  00 00 00 00 00 00 00 00  00 00 00 00 00 00 00 00  |................|
*
000d0e40  00 00 00 00 00 00 00 00  00 00 00 00 00 00 35 35  |..............55|
000d0e50  35 13 33 33 33 91 33 33  33 fd 33 33 33 ff 33 33  |5.333.333.333.33|
000d0e60  33 ff 33 33 33 ff 33 33  33 ff 33 33 33 ff 33 33  |3.333.333.333.33|
*
000d0fc0  33 ff 33 33 33 ff 33 33  33 ff 33 33 33 e0 36 36  |3.333.333.333.66|
000d0fd0  36 21 00 00 00 00 00 00  00 00 00 00 00 00 00 00  |6!..............|
000d0fe0  00 00 00 00 00 00 00 00  00 00 00 00 00 00 00 00  |................|
*
000d11d0  00 00 00 00 00 00 00 00  00 00 00 00 00 00 33 33  |..............33|
000d11e0  33 ff 33 33 33 ff 33 33  33 ff 33 33 33 ff 33 33  |3.333.333.333.33|
*
000d1210  33 ff 33 33 33 ff 33 33  33 ff 00 00 00 00 00 00  |3.333.333.......|
000d1220  00 00 00 00 00 00 00 00  00 00 00 00 00 00 00 00  |................|
*
000d1640  00 00 00 00 00 00 00 00  00 00 33 33 33 50 32 32  |..........333P22|
000d1650  32 ed 33 33 33 ff 33 33  33 ff 33 33 33 ff 33 33  |2.333.333.333.33|
000d1660  33 ff 33 33 33 ff 33 33  33 ff 33 33 33 ff 33 33  |3.333.333.333.33|
*
000d17c0  33 ff 33 33 33 ff 33 33  33 dc 34 34 34 1d 00 00  |3.333.333.444...|
000d17d0  00 00 00 00 00 00 00 00  00 00 00 00 00 00 00 00  |................|
*
000d19d0  00 00 00 00 00 00 00 00  00 00 00 00 00 00 33 33  |..............33|
000d19e0  33 ff 33 33 33 ff 33 33  33 ff 33 33 33 ff 33 33  |3.333.333.333.33|
*
000d1a10  33 ff 33 33 33 ff 33 33  33 ff 00 00 00 00 00 00  |3.333.333.......|
000d1a20  00 00 00 00 00 00 00 00  00 00 00 00 00 00 00 00  |................|
*
000d1e40  00 00 2a 2a 2a 06 33 33  33 94 33 33 33 ff 33 33  |..***.333.333.33|
000d1e50  33 ff 33 33 33 ff 33 33  33 ff 33 33 33 ff 33 33  |3.333.333.333.33|
*
000d1fc0  33 ff 33 33 33 dc 34 34  34 1d 00 00 00 00 00 00  |3.333.444.......|
000d1fd0  00 00 00 00 00 00 00 00  00 00 00 00 00 00 00 00  |................|
*
000d21d0  00 00 00 00 00 00 00 00  00 00 00 00 00 00 33 33  |..............33|
000d21e0  33 ff 33 33 33 ff 33 33  33 ff 33 33 33 ff 33 33  |3.333.333.333.33|
*
000d2210  33 ff 33 33 33 ff 33 33  33 ff 00 00 00 00 00 00  |3.333.333.......|
000d2220  00 00 00 00 00 00 00 00  00 00 00 00 00 00 00 00  |................|
*
000d2630  00 00 00 00 00 00 00 00  00 00 00 00 00 00 2a 2a  |..............**|
000d2640  2a 0c 33 33 33 b8 33 33  33 ff 33 33 33 ff 33 33  |*.333.333.333.33|
000d2650  33 ff 33 33 33 ff 33 33  33 ff 33 33 33 ff 33 33  |3.333.333.333.33|
*
000d27c0  33 df 2f 2f 2f 20 00 00  00 00 00 00 00 00 00 00  |3./// ..........|
000d27d0  00 00 00 00 00 00 00 00  00 00 00 00 00 00 00 00  |................|
*
000d29d0  00 00 00 00 00 00 00 00  00 00 00 00 00 00 33 33  |..............33|
000d29e0  33 ff 33 33 33 ff 33 33  33 ff 33 33 33 ff 33 33  |3.333.333.333.33|
*
000d2a10  33 ff 33 33 33 ff 33 33  33 ff 00 00 00 00 00 00  |3.333.333.......|
000d2a20  00 00 00 00 00 00 00 00  00 00 00 00 00 00 00 00  |................|
*
000d2e30  00 00 00 00 00 00 00 00  00 00 35 35 35 18 33 33  |..........555.33|
000d2e40  33 d1 33 33 33 ff 33 33  33 ff 33 33 33 ff 33 33  |3.333.333.333.33|
000d2e50  33 ff 33 33 33 ff 33 33  33 ff 33 33 33 ff 33 33  |3.333.333.333.33|
*
000d2fb0  33 ff 33 33 33 ff 33 33  33 ff 33 33 33 da 36 36  |3.333.333.333.66|
000d2fc0  36 1c 00 00 00 00 00 00  00 00 00 00 00 00 00 00  |6...............|
000d2fd0  00 00 00 00 00 00 00 00  00 00 00 00 00 00 00 00  |................|
*
000d31d0  00 00 00 00 00 00 00 00  00 00 00 00 00 00 33 33  |..............33|
000d31e0  33 ff 33 33 33 ff 33 33  33 ff 33 33 33 ff 33 33  |3.333.333.333.33|
*
000d3210  33 ff 33 33 33 ff 33 33  33 ff 00 00 00 00 00 00  |3.333.333.......|
000d3220  00 00 00 00 00 00 00 00  00 00 00 00 00 00 00 00  |................|
*
000d3630  00 00 00 00 00 00 33 33  33 0f 32 32 32 ce 33 33  |......333.222.33|
000d3640  33 ff 33 33 33 ff 33 33  33 ff 33 33 33 ff 33 33  |3.333.333.333.33|
*
000d37b0  33 ff 33 33 33 ff 33 33  33 da 2f 2f 2f 1b 00 00  |3.333.333.///...|
000d37c0  00 00 00 00 00 00 00 00  00 00 00 00 00 00 00 00  |................|
*
000d39d0  00 00 00 00 00 00 00 00  00 00 00 00 00 00 33 33  |..............33|
000d39e0  33 ff 33 33 33 ff 33 33  33 ff 33 33 33 ff 33 33  |3.333.333.333.33|
*
000d3a10  33 ff 33 33 33 ff 33 33  33 ff 00 00 00 00 00 00  |3.333.333.......|
000d3a20  00 00 00 00 00 00 00 00  00 00 00 00 00 00 00 00  |................|
*
000d3e30  00 00 38 38 38 09 32 32  32 c5 33 33 33 ff 33 33  |..888.222.333.33|
000d3e40  33 ff 33 33 33 ff 33 33  33 ff 33 33 33 ff 33 33  |3.333.333.333.33|
*
000d3fb0  33 ff 32 32 32 d9 31 31  31 1a 00 00 00 00 00 00  |3.222.111.......|
000d3fc0  00 00 00 00 00 00 00 00  00 00 00 00 00 00 00 00  |................|
*
000d41d0  00 00 00 00 00 00 00 00  00 00 00 00 00 00 33 33  |..............33|
000d41e0  33 ff 33 33 33 ff 33 33  33 ff 33 33 33 ff 33 33  |3.333.333.333.33|
*
000d4210  33 ff 33 33 33 ff 33 33  33 ff 00 00 00 00 00 00  |3.333.333.......|
000d4220  00 00 00 00 00 00 00 00  00 00 00 00 00 00 00 00  |................|
*
000d4630  00 00 33 33 33 9e 33 33  33 ff 33 33 33 ff 33 33  |..333.333.333.33|
000d4640  33 ff 33 33 33 ff 33 33  33 ff 33 33 33 ff 33 33  |3.333.333.333.33|
*
000d47a0  33 ff 33 33 33 ff 33 33  33 ff 33 33 33 ff 32 32  |3.333.333.333.22|
000d47b0  32 d9 2f 2f 2f 1b 00 00  00 00 00 00 00 00 00 00  |2.///...........|
000d47c0  00 00 00 00 00 00 00 00  00 00 00 00 00 00 00 00  |................|
*
000d49d0  00 00 00 00 00 00 00 00  00 00 00 00 00 00 33 33  |..............33|
000d49e0  33 ff 33 33 33 ff 33 33  33 ff 33 33 33 ff 33 33  |3.333.333.333.33|
*
000d4a10  33 ff 33 33 33 ff 33 33  33 ff 00 00 00 00 00 00  |3.333.333.......|
000d4a20  00 00 00 00 00 00 00 00  00 00 00 00 00 00 00 00  |................|
*
000d4e20  00 00 00 00 00 00 00 00  00 00 00 00 00 00 34 34  |..............44|
000d4e30  34 62 33 33 33 ff 33 33  33 ff 33 33 33 ff 33 33  |4b333.333.333.33|
000d4e40  33 ff 33 33 33 ff 33 33  33 ff 33 33 33 ff 33 33  |3.333.333.333.33|
*
000d4fa0  33 ff 33 33 33 ff 33 33  33 ff 32 32 32 d9 31 31  |3.333.333.222.11|
000d4fb0  31 1a 00 00 00 00 00 00  00 00 00 00 00 00 00 00  |1...............|
000d4fc0  00 00 00 00 00 00 00 00  00 00 00 00 00 00 00 00  |................|
*
000d51d0  00 00 00 00 00 00 00 00  00 00 00 00 00 00 33 33  |..............33|
000d51e0  33 ff 33 33 33 ff 33 33  33 ff 33 33 33 ff 33 33  |3.333.333.333.33|
*
000d5210  33 ff 33 33 33 ff 33 33  33 ff 00 00 00 00 00 00  |3.333.333.......|
000d5220  00 00 00 00 00 00 00 00  00 00 00 00 00 00 00 00  |................|
*
000d5620  00 00 00 00 00 00 00 00  00 00 2f 2f 2f 20 33 33  |........../// 33|
000d5630  33 f5 33 33 33 ff 33 33  33 ff 33 33 33 ff 33 33  |3.333.333.333.33|
000d5640  33 ff 33 33 33 ff 33 33  33 ff 33 33 33 ff 33 33  |3.333.333.333.33|
*
000d57a0  33 ff 33 33 33 ff 33 33  33 d7 33 33 33 19 00 00  |3.333.333.333...|
000d57b0  00 00 00 00 00 00 00 00  00 00 00 00 00 00 00 00  |................|
*
000d59d0  00 00 00 00 00 00 00 00  00 00 00 00 00 00 33 33  |..............33|
000d59e0  33 ff 33 33 33 ff 33 33  33 ff 33 33 33 ff 33 33  |3.333.333.333.33|
*
000d5a10  33 ff 33 33 33 ff 33 33  33 ff 00 00 00 00 00 00  |3.333.333.......|
000d5a20  00 00 00 00 00 00 00 00  00 00 00 00 00 00 00 00  |................|
*
000d5e20  00 00 00 00 00 00 00 00  00 00 33 33 33 b2 33 33  |..........333.33|
000d5e30  33 ff 33 33 33 ff 33 33  33 ff 33 33 33 ff 33 33  |3.333.333.333.33|
*
000d5fa0  33 ff 32 32 32 d8 31 31  31 1a 00 00 00 00 00 00  |3.222.111.......|
000d5fb0  00 00 00 00 00 00 00 00  00 00 00 00 00 00 00 00  |................|
*
000d61d0  00 00 00 00 00 00 00 00  00 00 00 00 00 00 33 33  |..............33|
000d61e0  33 ff 33 33 33 ff 33 33  33 ff 33 33 33 ff 33 33  |3.333.333.333.33|
*
000d6210  33 ff 33 33 33 ff 33 33  33 ff 00 00 00 00 00 00  |3.333.333.......|
000d6220  00 00 00 00 00 00 00 00  00 00 00 00 00 00 00 00  |................|
*
000d6620  00 00 00 00 00 00 34 34  34 4e 33 33 33 ff 33 33  |......444N333.33|
000d6630  33 ff 33 33 33 ff 33 33  33 ff 33 33 33 ff 33 33  |3.333.333.333.33|
*
000d6680  33 d0 33 33 33 85 31 31  31 43 33 33 33 1e 2e 2e  |3.333.111C333...|
000d6690  2e 0b 00 00 00 00 00 00  00 00 00 00 00 00 00 00  |................|
000d66a0  00 00 00 00 00 00 00 00  00 00 00 00 00 00 00 00  |................|
*
000d6740  00 00 2f 2f 2f 20 33 33  33 df 33 33 33 ff 33 33  |../// 333.333.33|
000d6750  33 ff 33 33 33 ff 33 33  33 ff 33 33 33 ff 33 33  |3.333.333.333.33|
*
000d67a0  33 d5 35 35 35 18 00 00  00 00 00 00 00 00 00 00  |3.555...........|
000d67b0  00 00 00 00 00 00 00 00  00 00 00 00 00 00 00 00  |................|
*
000d69d0  00 00 00 00 00 00 00 00  00 00 00 00 00 00 33 33  |..............33|
000d69e0  33 ff 33 33 33 ff 33 33  33 ff 33 33 33 ff 33 33  |3.333.333.333.33|
*
000d6a10  33 ff 33 33 33 ff 33 33  33 ff 00 00 00 00 00 00  |3.333.333.......|
000d6a20  00 00 00 00 00 00 00 00  00 00 00 00 00 00 00 00  |................|
*
000d6e20  00 00 00 00 00 01 32 32  32 ce 33 33 33 ff 33 33  |......222.333.33|
000d6e30  33 ff 33 33 33 ff 33 33  33 ff 33 33 33 ff 33 33  |3.333.333.333.33|
*
000d6e70  33 ff 32 32 32 fb 33 33  33 9b 34 34 34 22 00 00  |3.222.333.444"..|
000d6e80  00 00 00 00 00 00 00 00  00 00 00 00 00 00 00 00  |................|
*
000d6f30  00 00 00 00 00 00 00 00  00 00 00 00 00 00 36 36  |..............66|
000d6f40  36 21 33 33 33 e0 33 33  33 ff 33 33 33 ff 33 33  |6!333.333.333.33|
000d6f50  33 ff 33 33 33 ff 33 33  33 ff 33 33 33 ff 33 33  |3.333.333.333.33|
*
000d6f90  33 ff 33 33 33 ff 33 33  33 ff 33 33 33 d5 37 37  |3.333.333.333.77|
000d6fa0  37 17 00 00 00 00 00 00  00 00 00 00 00 00 00 00  |7...............|
000d6fb0  00 00 00 00 00 00 00 00  00 00 00 00 00 00 00 00  |................|
*
000d71d0  00 00 00 00 00 00 00 00  00 00 00 00 00 00 33 33  |..............33|
000d71e0  33 ff 33 33 33 ff 33 33  33 ff 33 33 33 ff 33 33  |3.333.333.333.33|
*
000d7210  33 ff 33 33 33 ff 33 33  33 ff 00 00 00 00 00 00  |3.333.333.......|
000d7220  00 00 00 00 00 00 00 00  00 00 00 00 00 00 00 00  |................|
*
000d7620  00 00 32 32 32 4c 33 33  33 ff 33 33 33 ff 33 33  |..222L333.333.33|
000d7630  33 ff 33 33 33 ff 33 33  33 ff 33 33 33 ff 33 33  |3.333.333.333.33|
*
000d7670  33 b8 30 30 30 25 00 00  00 00 00 00 00 00 00 00  |3.000%..........|
000d7680  00 00 00 00 00 00 00 00  00 00 00 00 00 00 00 00  |................|
*
000d7730  00 00 00 00 00 00 00 00  00 00 34 34 34 22 33 33  |..........444"33|
000d7740  33 e1 33 33 33 ff 33 33  33 ff 33 33 33 ff 33 33  |3.333.333.333.33|
000d7750  33 ff 33 33 33 ff 33 33  33 ff 33 33 33 ff 33 33  |3.333.333.333.33|
*
000d7790  33 ff 33 33 33 ff 32 32  32 d4 37 37 37 17 00 00  |3.333.222.777...|
000d77a0  00 00 00 00 00 00 00 00  00 00 00 00 00 00 00 00  |................|
*
000d79d0  00 00 00 00 00 00 00 00  00 00 00 00 00 00 33 33  |..............33|
000d79e0  33 ff 33 33 33 ff 33 33  33 ff 33 33 33 ff 33 33  |3.333.333.333.33|
*
000d7a10  33 ff 33 33 33 ff 33 33  33 ff 00 00 00 00 00 00  |3.333.333.......|
000d7a20  00 00 00 00 00 00 00 00  00 00 00 00 00 00 00 00  |................|
*
000d7e20  00 00 33 33 33 be 33 33  33 ff 33 33 33 ff 33 33  |..333.333.333.33|
000d7e30  33 ff 33 33 33 ff 33 33  33 ff 33 33 33 ff 33 33  |3.333.333.333.33|
*
000d7e60  33 ff 33 33 33 ff 33 33  33 fe 32 32 32 83 00 00  |3.333.333.222...|
000d7e70  00 02 00 00 00 00 00 00  00 00 00 00 00 00 00 00  |................|
000d7e80  00 00 00 00 00 00 00 00  00 00 00 00 00 00 00 00  |................|
*
000d7f30  00 00 00 00 00 00 33 33  33 23 32 32 32 e2 33 33  |......333#222.33|
000d7f40  33 ff 33 33 33 ff 33 33  33 ff 33 33 33 ff 33 33  |3.333.333.333.33|
*
000d7f90  33 ff 32 32 32 d3 2e 2e  2e 16 00 00 00 00 00 00  |3.222...........|
000d7fa0  00 00 00 00 00 00 00 00  00 00 00 00 00 00 00 00  |................|
*
000d81d0  00 00 00 00 00 00 00 00  00 00 00 00 00 00 33 33  |..............33|
000d81e0  33 ff 33 33 33 ff 33 33  33 ff 33 33 33 ff 33 33  |3.333.333.333.33|
*
000d8210  33 ff 33 33 33 ff 33 33  33 ff 00 00 00 00 00 00  |3.333.333.......|
000d8220  00 00 00 00 00 00 00 00  00 00 00 00 00 00 00 00  |................|
*
000d8610  00 00 00 00 00 00 00 00  00 00 00 00 00 00 2f 2f  |..............//|
000d8620  2f 20 33 33 33 fd 33 33  33 ff 33 33 33 ff 33 33  |/ 333.333.333.33|
000d8630  33 ff 33 33 33 ff 33 33  33 ff 33 33 33 ff 33 33  |3.333.333.333.33|
*
000d8660  33 ff 33 33 33 fe 31 31  31 5c 00 00 00 00 00 00  |3.333.111\......|
000d8670  00 00 00 00 00 00 00 00  00 00 00 00 00 00 00 00  |................|
*
000d8730  00 00 31 31 31 24 32 32  32 e3 33 33 33 ff 33 33  |..111$222.333.33|
000d8740  33 ff 33 33 33 ff 33 33  33 ff 33 33 33 ff 33 33  |3.333.333.333.33|
*
000d8790  33 d2 30 30 30 15 00 00  00 00 00 00 00 00 00 00  |3.000...........|
000d87a0  00 00 00 00 00 00 00 00  00 00 00 00 00 00 00 00  |................|
*
000d89d0  00 00 00 00 00 00 00 00  00 00 00 00 00 00 33 33  |..............33|
000d89e0  33 ff 33 33 33 ff 33 33  33 ff 33 33 33 ff 33 33  |3.333.333.333.33|
*
000d8a10  33 ff 33 33 33 ff 33 33  33 ff 00 00 00 00 00 00  |3.333.333.......|
000d8a20  00 00 00 00 00 00 00 00  00 00 00 00 00 00 00 00  |................|
*
000d8e10  00 00 00 00 00 00 00 00  00 00 00 00 00 00 33 33  |..............33|
000d8e20  33 7d 33 33 33 ff 33 33  33 ff 33 33 33 ff 33 33  |3}333.333.333.33|
000d8e30  33 ff 33 33 33 ff 33 33  33 ff 33 33 33 ff 33 33  |3.333.333.333.33|
*
000d8e60  33 ff 32 32 32 7a 00 00  00 00 00 00 00 00 00 00  |3.222z..........|
000d8e70  00 00 00 00 00 00 00 00  00 00 00 00 00 00 00 00  |................|
*
000d8f20  00 00 00 00 00 00 00 00  00 00 00 00 00 00 30 30  |..............00|
000d8f30  30 25 32 32 32 e3 33 33  33 ff 33 33 33 ff 33 33  |0%222.333.333.33|
000d8f40  33 ff 33 33 33 ff 33 33  33 ff 33 33 33 ff 33 33  |3.333.333.333.33|
*
000d8f80  33 ff 33 33 33 ff 33 33  33 ff 33 33 33 d2 30 30  |3.333.333.333.00|
000d8f90  30 15 00 00 00 00 00 00  00 00 00 00 00 00 00 00  |0...............|
000d8fa0  00 00 00 00 00 00 00 00  00 00 00 00 00 00 00 00  |................|
*
000d91d0  00 00 00 00 00 00 00 00  00 00 00 00 00 00 33 33  |..............33|
000d91e0  33 ff 33 33 33 ff 33 33  33 ff 33 33 33 ff 33 33  |3.333.333.333.33|
*
000d9210  33 ff 33 33 33 ff 33 33  33 ff 00 00 00 00 00 00  |3.333.333.......|
000d9220  00 00 00 00 00 00 00 00  00 00 00 00 00 00 00 00  |................|
*
000d9610  00 00 00 00 00 00 00 00  00 00 00 00 00 00 33 33  |..............33|
000d9620  33 cb 33 33 33 ff 33 33  33 ff 33 33 33 ff 33 33  |3.333.333.333.33|
000d9630  33 ff 33 33 33 ff 33 33  33 ff 33 33 33 ff 33 33  |3.333.333.333.33|
*
000d9660  33 a8 00 00 00 00 00 00  00 00 00 00 00 00 00 00  |3...............|
000d9670  00 00 00 00 00 00 00 00  00 00 00 00 00 00 00 00  |................|
*
000d9720  00 00 00 00 00 00 00 00  00 00 35 35 35 26 33 33  |..........555&33|
000d9730  33 e4 33 33 33 ff 33 33  33 ff 33 33 33 ff 33 33  |3.333.333.333.33|
000d9740  33 ff 33 33 33 ff 33 33  33 ff 33 33 33 ff 33 33  |3.333.333.333.33|
*
000d9780  33 ff 33 33 33 ff 33 33  33 d1 33 33 33 14 00 00  |3.333.333.333...|
000d9790  00 00 00 00 00 00 00 00  00 00 00 00 00 00 00 00  |................|
*
000d99d0  00 00 00 00 00 00 00 00  00 00 00 00 00 00 33 33  |..............33|
000d99e0  33 ff 33 33 33 ff 33 33  33 ff 33 33 33 ff 33 33  |3.333.333.333.33|
*
000d9a10  33 ff 33 33 33 ff 33 33  33 ff 00 00 00 00 00 00  |3.333.333.......|
000d9a20  00 00 00 00 00 00 00 00  00 00 00 00 00 00 00 00  |................|
*
000d9e10  00 00 00 00 00 00 00 00  00 00 2f 2f 2f 10 32 32  |..........///.22|
000d9e20  32 fc 33 33 33 ff 33 33  33 ff 33 33 33 ff 33 33  |2.333.333.333.33|
000d9e30  33 ff 33 33 33 ff 33 33  33 ff 33 33 33 ff 33 33  |3.333.333.333.33|
*
000d9e50  33 ff 33 33 33 ff 33 33  33 ff 32 32 32 f6 34 34  |3.333.333.222.44|
000d9e60  34 1d 00 00 00 00 00 00  00 00 00 00 00 00 00 00  |4...............|
000d9e70  00 00 00 00 00 00 00 00  00 00 00 00 00 00 00 00  |................|
*
000d9f20  00 00 00 00 00 00 35 35  35 26 33 33 33 e4 33 33  |......555&333.33|
000d9f30  33 ff 33 33 33 ff 33 33  33 ff 33 33 33 ff 33 33  |3.333.333.333.33|
*
000d9f80  33 ff 33 33 33 d0 33 33  33 14 00 00 00 00 00 00  |3.333.333.......|
000d9f90  00 00 00 00 00 00 00 00  00 00 00 00 00 00 00 00  |................|
*
000da1d0  00 00 00 00 00 00 00 00  00 00 00 00 00 00 33 33  |..............33|
000da1e0  33 ff 33 33 33 ff 33 33  33 ff 33 33 33 ff 33 33  |3.333.333.333.33|
*
000da210  33 ff 33 33 33 ff 33 33  33 ff 00 00 00 00 00 00  |3.333.333.......|
000da220  00 00 00 00 00 00 00 00  00 00 00 00 00 00 00 00  |................|
*
000da610  00 00 00 00 00 00 00 00  00 00 33 33 33 4f 33 33  |..........333O33|
000da620  33 ff 33 33 33 ff 33 33  33 ff 33 33 33 ff 33 33  |3.333.333.333.33|
*
000da650  33 ff 33 33 33 ff 33 33  33 ff 33 33 33 80 00 00  |3.333.333.333...|
000da660  00 00 00 00 00 00 00 00  00 00 00 00 00 00 00 00  |................|
*
000da720  00 00 33 33 33 28 33 33  33 e6 33 33 33 ff 33 33  |..333(333.333.33|
000da730  33 ff 33 33 33 ff 33 33  33 ff 33 33 33 ff 33 33  |3.333.333.333.33|
*
000da770  33 ff 33 33 33 ff 33 33  33 ff 33 33 33 ff 32 32  |3.333.333.333.22|
000da780  32 cf 35 35 35 13 00 00  00 00 00 00 00 00 00 00  |2.555...........|
000da790  00 00 00 00 00 00 00 00  00 00 00 00 00 00 00 00  |................|
*
000da9d0  00 00 00 00 00 00 00 00  00 00 00 00 00 00 33 33  |..............33|
000da9e0  33 ff 33 33 33 ff 33 33  33 ff 33 33 33 ff 33 33  |3.333.333.333.33|
*
000daa10  33 ff 33 33 33 ff 33 33  33 ff 00 00 00 00 00 00  |3.333.333.......|
000daa20  00 00 00 00 00 00 00 00  00 00 00 00 00 00 00 00  |................|
*
000dae10  00 00 00 00 00 00 00 00  00 00 32 32 32 7f 33 33  |..........222.33|
000dae20  33 ff 33 33 33 ff 33 33  33 ff 33 33 33 ff 33 33  |3.333.333.333.33|
*
000dae50  33 ff 33 33 33 ff 32 32  32 f7 2f 2f 2f 10 00 00  |3.333.222.///...|
000dae60  00 00 00 00 00 00 00 00  00 00 00 00 00 00 00 00  |................|
*
000daf10  00 00 00 00 00 00 00 00  00 00 00 00 00 00 34 34  |..............44|
000daf20  34 27 33 33 33 e5 33 33  33 ff 33 33 33 ff 33 33  |4'333.333.333.33|
000daf30  33 ff 33 33 33 ff 33 33  33 ff 33 33 33 ff 33 33  |3.333.333.333.33|
*
000daf70  33 ff 33 33 33 ff 33 33  33 ff 33 33 33 d0 33 33  |3.333.333.333.33|
000daf80  33 14 00 00 00 00 00 00  00 00 00 00 00 00 00 00  |3...............|
000daf90  00 00 00 00 00 00 00 00  00 00 00 00 00 00 00 00  |................|
*
000db1d0  00 00 00 00 00 00 00 00  00 00 00 00 00 00 33 33  |..............33|
000db1e0  33 ff 33 33 33 ff 33 33  33 ff 33 33 33 ff 33 33  |3.333.333.333.33|
*
000db210  33 ff 33 33 33 ff 33 33  33 ff 00 00 00 00 00 00  |3.333.333.......|
000db220  00 00 00 00 00 00 00 00  00 00 00 00 00 00 00 00  |................|
*
000db610  00 00 00 00 00 00 00 00  00 00 32 32 32 a6 33 33  |..........222.33|
000db620  33 ff 33 33 33 ff 33 33  33 ff 33 33 33 ff 33 33  |3.333.333.333.33|
*
000db650  33 ff 33 33 33 ff 33 33  33 aa 00 00 00 00 00 00  |3.333.333.......|
000db660  00 00 00 00 00 00 00 00  00 00 00 00 00 00 00 00  |................|
*
000db710  00 00 00 00 00 00 00 00  00 00 30 30 30 2a 32 32  |..........000*22|
000db720  32 e8 33 33 33 ff 33 33  33 ff 33 33 33 ff 33 33  |2.333.333.333.33|
000db730  33 ff 33 33 33 ff 33 33  33 ff 33 33 33 ff 33 33  |3.333.333.333.33|
*
000db770  33 ff 33 33 33 ff 32 32  32 ce 38 38 38 12 00 00  |3.333.222.888...|
000db780  00 00 00 00 00 00 00 00  00 00 00 00 00 00 00 00  |................|
*
000db9d0  00 00 00 00 00 00 00 00  00 00 00 00 00 00 33 33  |..............33|
000db9e0  33 ff 33 33 33 ff 33 33  33 ff 33 33 33 ff 33 33  |3.333.333.333.33|
*
000dba10  33 ff 33 33 33 ff 33 33  33 ff 00 00 00 00 00 00  |3.333.333.......|
000dba20  00 00 00 00 00 00 00 00  00 00 00 00 00 00 00 00  |................|
*
000dbe10  00 00 00 00 00 00 00 00  00 00 33 33 33 cc 33 33  |..........333.33|
000dbe20  33 ff 33 33 33 ff 33 33  33 ff 33 33 33 ff 33 33  |3.333.333.333.33|
*
000dbe50  33 ff 33 33 33 ff 32 32  32 65 00 00 00 00 00 00  |3.333.222e......|
000dbe60  00 00 00 00 00 00 00 00  00 00 00 00 00 00 00 00  |................|
*
000dbf10  00 00 00 00 00 00 35 35  35 2b 32 32 32 e8 33 33  |......555+222.33|
000dbf20  33 ff 33 33 33 ff 33 33  33 ff 33 33 33 ff 33 33  |3.333.333.333.33|
*
000dbf70  33 ff 33 33 33 cd 38 38  38 12 00 00 00 00 00 00  |3.333.888.......|
000dbf80  00 00 00 00 00 00 00 00  00 00 00 00 00 00 00 00  |................|
*
000dc1d0  00 00 00 00 00 00 00 00  00 00 00 00 00 00 33 33  |..............33|
000dc1e0  33 ff 33 33 33 ff 33 33  33 ff 33 33 33 ff 33 33  |3.333.333.333.33|
*
000dc210  33 ff 33 33 33 ff 33 33  33 ff 00 00 00 00 00 00  |3.333.333.......|
000dc220  00 00 00 00 00 00 00 00  00 00 00 00 00 00 00 00  |................|
*
000dc610  00 00 00 00 00 00 00 00  00 00 32 32 32 e2 33 33  |..........222.33|
000dc620  33 ff 33 33 33 ff 33 33  33 ff 33 33 33 ff 33 33  |3.333.333.333.33|
*
000dc650  33 ff 33 33 33 ff 31 31  31 34 00 00 00 00 00 00  |3.333.1114......|
000dc660  00 00 00 00 00 00 00 00  00 00 00 00 00 00 00 00  |................|
*
000dc710  00 00 33 33 33 28 33 33  33 e6 33 33 33 ff 33 33  |..333(333.333.33|
000dc720  33 ff 33 33 33 ff 33 33  33 ff 33 33 33 ff 33 33  |3.333.333.333.33|
*
000dc760  33 ff 33 33 33 ff 33 33  33 ff 33 33 33 ff 32 32  |3.333.333.333.22|
000dc770  32 cf 35 35 35 13 00 00  00 00 00 00 00 00 00 00  |2.555...........|
000dc780  00 00 00 00 00 00 00 00  00 00 00 00 00 00 00 00  |................|
*
000dc9d0  00 00 00 00 00 00 00 00  00 00 00 00 00 00 33 33  |..............33|
000dc9e0  33 ff 33 33 33 ff 33 33  33 ff 33 33 33 ff 33 33  |3.333.333.333.33|
*
000dca10  33 ff 33 33 33 ff 33 33  33 ff 00 00 00 00 00 00  |3.333.333.......|
000dca20  00 00 00 00 00 00 00 00  00 00 00 00 00 00 00 00  |................|
*
000dce10  00 00 00 00 00 00 00 00  00 00 33 33 33 ee 33 33  |..........333.33|
000dce20  33 ff 33 33 33 ff 33 33  33 ff 33 33 33 ff 33 33  |3.333.333.333.33|
*
000dce50  33 ff 33 33 33 ff 38 38  38 12 00 00 00 00 00 00  |3.333.888.......|
000dce60  00 00 00 00 00 00 00 00  00 00 00 00 00 00 00 00  |................|
*
000dcf00  00 00 00 00 00 00 00 00  00 00 00 00 00 00 31 31  |..............11|
000dcf10  31 2e 33 33 33 ea 33 33  33 ff 33 33 33 ff 33 33  |1.333.333.333.33|
000dcf20  33 ff 33 33 33 ff 33 33  33 ff 33 33 33 ff 33 33  |3.333.333.333.33|
*
000dcf60  33 ff 33 33 33 ff 33 33  33 ff 33 33 33 cb 2d 2d  |3.333.333.333.--|
000dcf70  2d 11 00 00 00 00 00 00  00 00 00 00 00 00 00 00  |-...............|
000dcf80  00 00 00 00 00 00 00 00  00 00 00 00 00 00 00 00  |................|
*
000dd1d0  00 00 00 00 00 00 00 00  00 00 00 00 00 00 33 33  |..............33|
000dd1e0  33 ff 33 33 33 ff 33 33  33 ff 33 33 33 ff 33 33  |3.333.333.333.33|
*
000dd210  33 ff 33 33 33 ff 33 33  33 ff 00 00 00 00 00 00  |3.333.333.......|
000dd220  00 00 00 00 00 00 00 00  00 00 00 00 00 00 00 00  |................|
*
000dd610  00 00 00 00 00 00 00 00  00 00 33 33 33 fa 33 33  |..........333.33|
000dd620  33 ff 33 33 33 ff 33 33  33 ff 33 33 33 ff 33 33  |3.333.333.333.33|
*
000dd650  33 ff 33 33 33 ff 33 33  33 05 00 00 00 00 00 00  |3.333.333.......|
000dd660  00 00 00 00 00 00 00 00  00 00 00 00 00 00 00 00  |................|
*
000dd700  00 00 00 00 00 00 00 00  00 00 30 30 30 2f 33 33  |..........000/33|
000dd710  33 eb 33 33 33 ff 33 33  33 ff 33 33 33 ff 33 33  |3.333.333.333.33|
000dd720  33 ff 33 33 33 ff 33 33  33 ff 33 33 33 ff 33 33  |3.333.333.333.33|
*
000dd760  33 ff 33 33 33 ff 32 32  32 ca 2f 2f 2f 10 00 00  |3.333.222.///...|
000dd770  00 00 00 00 00 00 00 00  00 00 00 00 00 00 00 00  |................|
*
000dd9d0  00 00 00 00 00 00 00 00  00 00 00 00 00 00 33 33  |..............33|
000dd9e0  33 ff 33 33 33 ff 33 33  33 ff 33 33 33 ff 33 33  |3.333.333.333.33|
*
000dda10  33 ff 33 33 33 ff 33 33  33 ff 00 00 00 00 00 00  |3.333.333.......|
000dda20  00 00 00 00 00 00 00 00  00 00 00 00 00 00 00 00  |................|
*
000dde10  00 00 00 00 00 00 00 00  00 00 33 33 33 ff 33 33  |..........333.33|
000dde20  33 ff 33 33 33 ff 33 33  33 ff 33 33 33 ff 33 33  |3.333.333.333.33|
*
000dde50  33 ff 33 33 33 ff 00 00  00 00 00 00 00 00 00 00  |3.333...........|
000dde60  00 00 00 00 00 00 00 00  00 00 00 00 00 00 00 00  |................|
*
000ddf00  00 00 00 00 00 00 30 30  30 2f 33 33 33 eb 33 33  |......000/333.33|
000ddf10  33 ff 33 33 33 ff 33 33  33 ff 33 33 33 ff 33 33  |3.333.333.333.33|
*
000ddf60  33 ff 33 33 33 cd 38 38  38 12 00 00 00 00 00 00  |3.333.888.......|
000ddf70  00 00 00 00 00 00 00 00  00 00 00 00 00 00 00 00  |................|
*
000de1d0  00 00 00 00 00 00 00 00  00 00 00 00 00 00 33 33  |..............33|
000de1e0  33 ff 33 33 33 ff 33 33  33 ff 33 33 33 ff 33 33  |3.333.333.333.33|
*
000de210  33 ff 33 33 33 ff 33 33  33 ff 00 00 00 00 00 00  |3.333.333.......|
000de220  00 00 00 00 00 00 00 00  00 00 00 00 00 00 00 00  |................|
*
000de610  00 00 00 00 00 00 00 00  00 00 33 33 33 ff 33 33  |..........333.33|
000de620  33 ff 33 33 33 ff 33 33  33 ff 33 33 33 ff 33 33  |3.333.333.333.33|
*
000de650  33 ff 33 33 33 ff 00 00  00 00 00 00 00 00 00 00  |3.333...........|
000de660  00 00 00 00 00 00 00 00  00 00 00 00 00 00 00 00  |................|
*
000de700  00 00 35 35 35 30 33 33  33 eb 33 33 33 ff 33 33  |..5550333.333.33|
000de710  33 ff 33 33 33 ff 33 33  33 ff 33 33 33 ff 33 33  |3.333.333.333.33|
*
000de760  33 cd 38 38 38 12 00 00  00 00 00 00 00 00 00 00  |3.888...........|
000de770  00 00 00 00 00 00 00 00  00 00 00 00 00 00 00 00  |................|
*
000de9d0  00 00 00 00 00 00 00 00  00 00 00 00 00 00 33 33  |..............33|
000de9e0  33 ff 33 33 33 ff 33 33  33 ff 33 33 33 ff 33 33  |3.333.333.333.33|
*
000dea10  33 ff 33 33 33 ff 33 33  33 ff 00 00 00 00 00 00  |3.333.333.......|
000dea20  00 00 00 00 00 00 00 00  00 00 00 00 00 00 00 00  |................|
*
000dee10  00 00 00 00 00 00 00 00  00 00 33 33 33 ff 33 33  |..........333.33|
000dee20  33 ff 33 33 33 ff 33 33  33 ff 33 33 33 ff 33 33  |3.333.333.333.33|
*
000dee50  33 ff 33 33 33 ff 00 00  00 00 00 00 00 00 00 00  |3.333...........|
000dee60  00 00 00 00 00 00 00 00  00 00 00 00 00 00 00 00  |................|
*
000deef0  00 00 00 00 00 00 00 00  00 00 00 00 00 00 35 35  |..............55|
000def00  35 30 32 32 32 ec 33 33  33 ff 33 33 33 ff 33 33  |50222.333.333.33|
000def10  33 ff 33 33 33 ff 33 33  33 ff 33 33 33 ff 33 33  |3.333.333.333.33|
*
000def50  33 ff 33 33 33 ff 33 33  33 ff 33 33 33 cc 38 38  |3.333.333.333.88|
000def60  38 12 00 00 00 00 00 00  00 00 00 00 00 00 00 00  |8...............|
000def70  00 00 00 00 00 00 00 00  00 00 00 00 00 00 00 00  |................|
*
000df1d0  00 00 00 00 00 00 00 00  00 00 00 00 00 00 33 33  |..............33|
000df1e0  33 ff 33 33 33 ff 33 33  33 ff 33 33 33 ff 33 33  |3.333.333.333.33|
*
000df210  33 ff 33 33 33 ff 33 33  33 ff 00 00 00 00 00 00  |3.333.333.......|
000df220  00 00 00 00 00 00 00 00  00 00 00 00 00 00 00 00  |................|
*
000df610  00 00 00 00 00 00 00 00  00 00 33 33 33 ff 33 33  |..........333.33|
000df620  33 ff 33 33 33 ff 33 33  33 ff 33 33 33 ff 33 33  |3.333.333.333.33|
*
000df650  33 ff 33 33 33 ff 00 00  00 00 00 00 00 00 00 00  |3.333...........|
000df660  00 00 00 00 00 00 00 00  00 00 00 00 00 00 00 00  |................|
*
000df6f0  00 00 00 00 00 00 00 00  00 00 34 34 34 31 32 32  |..........444122|
000df700  32 ec 33 33 33 ff 33 33  33 ff 33 33 33 ff 33 33  |2.333.333.333.33|
000df710  33 ff 33 33 33 ff 33 33  33 ff 33 33 33 ff 33 33  |3.333.333.333.33|
*
000df750  33 ff 33 33 33 ff 33 33  33 cc 2d 2d 2d 11 00 00  |3.333.333.---...|
000df760  00 00 00 00 00 00 00 00  00 00 00 00 00 00 00 00  |................|
*
000df9d0  00 00 00 00 00 00 00 00  00 00 00 00 00 00 33 33  |..............33|
000df9e0  33 ff 33 33 33 ff 33 33  33 ff 33 33 33 ff 33 33  |3.333.333.333.33|
*
000dfa10  33 ff 33 33 33 ff 33 33  33 ff 00 00 00 00 00 00  |3.333.333.......|
000dfa20  00 00 00 00 00 00 00 00  00 00 00 00 00 00 00 00  |................|
*
000dfe10  00 00 00 00 00 00 00 00  00 00 33 33 33 ff 33 33  |..........333.33|
000dfe20  33 ff 33 33 33 ff 33 33  33 ff 33 33 33 ff 33 33  |3.333.333.333.33|
*
000dfe50  33 ff 33 33 33 ff 00 00  00 00 00 00 00 00 00 00  |3.333...........|
000dfe60  00 00 00 00 00 00 00 00  00 00 00 00 00 00 00 00  |................|
*
000dfef0  00 00 00 00 00 00 34 34  34 31 32 32 32 ec 33 33  |......4441222.33|
000dff00  33 ff 33 33 33 ff 33 33  33 ff 33 33 33 ff 33 33  |3.333.333.333.33|
*
000dff50  33 ff 33 33 33 cc 2d 2d  2d 11 00 00 00 00 00 00  |3.333.---.......|
000dff60  00 00 00 00 00 00 00 00  00 00 00 00 00 00 00 00  |................|
*
000e01d0  00 00 00 00 00 00 00 00  00 00 00 00 00 00 33 33  |..............33|
000e01e0  33 ff 33 33 33 ff 33 33  33 ff 33 33 33 ff 33 33  |3.333.333.333.33|
*
000e0210  33 ff 33 33 33 ff 33 33  33 ff 00 00 00 00 00 00  |3.333.333.......|
000e0220  00 00 00 00 00 00 00 00  00 00 00 00 00 00 00 00  |................|
*
000e0610  00 00 00 00 00 00 00 00  00 00 33 33 33 ff 33 33  |..........333.33|
000e0620  33 ff 33 33 33 ff 33 33  33 ff 33 33 33 ff 33 33  |3.333.333.333.33|
*
000e0650  33 ff 33 33 33 ff 00 00  00 00 00 00 00 00 00 00  |3.333...........|
000e0660  00 00 00 00 00 00 00 00  00 00 00 00 00 00 00 00  |................|
*
000e06f0  00 00 33 33 33 32 32 32  32 ed 33 33 33 ff 33 33  |..3332222.333.33|
000e0700  33 ff 33 33 33 ff 33 33  33 ff 33 33 33 ff 33 33  |3.333.333.333.33|
*
000e0750  33 c6 36 36 36 0e 00 00  00 00 00 00 00 00 00 00  |3.666...........|
000e0760  00 00 00 00 00 00 00 00  00 00 00 00 00 00 00 00  |................|
*
000e09d0  00 00 00 00 00 00 00 00  00 00 00 00 00 00 33 33  |..............33|
000e09e0  33 ff 33 33 33 ff 33 33  33 ff 33 33 33 ff 33 33  |3.333.333.333.33|
*
000e0a10  33 ff 33 33 33 ff 33 33  33 ff 00 00 00 00 00 00  |3.333.333.......|
000e0a20  00 00 00 00 00 00 00 00  00 00 00 00 00 00 00 00  |................|
*
000e0e10  00 00 00 00 00 00 00 00  00 00 33 33 33 ff 33 33  |..........333.33|
000e0e20  33 ff 33 33 33 ff 33 33  33 ff 33 33 33 ff 33 33  |3.333.333.333.33|
*
000e0e50  33 ff 33 33 33 ff 00 00  00 00 00 00 00 00 00 00  |3.333...........|
000e0e60  00 00 00 00 00 00 00 00  00 00 00 00 00 00 00 00  |................|
*
000e0ee0  00 00 00 00 00 00 00 00  00 00 00 00 00 00 32 32  |..............22|
000e0ef0  32 33 32 32 32 ed 33 33  33 ff 33 33 33 ff 33 33  |23222.333.333.33|
000e0f00  33 ff 33 33 33 ff 33 33  33 ff 33 33 33 ff 33 33  |3.333.333.333.33|
*
000e0f40  33 ff 33 33 33 ff 33 33  33 ff 32 32 32 c5 36 36  |3.333.333.222.66|
000e0f50  36 0e 00 00 00 00 00 00  00 00 00 00 00 00 00 00  |6...............|
000e0f60  00 00 00 00 00 00 00 00  00 00 00 00 00 00 00 00  |................|
*
000e11d0  00 00 00 00 00 00 00 00  00 00 00 00 00 00 33 33  |..............33|
000e11e0  33 ff 33 33 33 ff 33 33  33 ff 33 33 33 ff 33 33  |3.333.333.333.33|
*
000e1210  33 ff 33 33 33 ff 33 33  33 ff 00 00 00 00 00 00  |3.333.333.......|
000e1220  00 00 00 00 00 00 00 00  00 00 00 00 00 00 00 00  |................|
*
000e1610  00 00 00 00 00 00 00 00  00 00 33 33 33 ff 33 33  |..........333.33|
000e1620  33 ff 33 33 33 ff 33 33  33 ff 33 33 33 ff 33 33  |3.333.333.333.33|
*
000e1650  33 ff 33 33 33 ff 00 00  00 00 00 00 00 00 00 00  |3.333...........|
000e1660  00 00 00 00 00 00 00 00  00 00 00 00 00 00 00 00  |................|
*
000e16e0  00 00 00 00 00 00 00 00  00 00 32 32 32 33 33 33  |..........222333|
000e16f0  33 ee 33 33 33 ff 33 33  33 ff 33 33 33 ff 33 33  |3.333.333.333.33|
000e1700  33 ff 33 33 33 ff 33 33  33 ff 33 33 33 ff 33 33  |3.333.333.333.33|
*
000e1740  33 ff 33 33 33 ff 32 32  32 c5 36 36 36 0e 00 00  |3.333.222.666...|
000e1750  00 00 00 00 00 00 00 00  00 00 00 00 00 00 00 00  |................|
*
000e19d0  00 00 00 00 00 00 00 00  00 00 00 00 00 00 33 33  |..............33|
000e19e0  33 ff 33 33 33 ff 33 33  33 ff 33 33 33 ff 33 33  |3.333.333.333.33|
*
000e1a10  33 ff 33 33 33 ff 33 33  33 ff 00 00 00 00 00 00  |3.333.333.......|
000e1a20  00 00 00 00 00 00 00 00  00 00 00 00 00 00 00 00  |................|
*
000e1e10  00 00 00 00 00 00 00 00  00 00 33 33 33 ff 33 33  |..........333.33|
000e1e20  33 ff 33 33 33 ff 33 33  33 ff 33 33 33 ff 33 33  |3.333.333.333.33|
*
000e1e50  33 ff 33 33 33 ff 00 00  00 00 00 00 00 00 00 00  |3.333...........|
000e1e60  00 00 00 00 00 00 00 00  00 00 00 00 00 00 00 00  |................|
*
000e1ee0  00 00 00 00 00 00 31 31  31 39 32 32 32 f1 33 33  |......1119222.33|
000e1ef0  33 ff 33 33 33 ff 33 33  33 ff 33 33 33 ff 33 33  |3.333.333.333.33|
*
000e1f40  33 ff 32 32 32 c4 3a 3a  3a 0d 00 00 00 00 00 00  |3.222.:::.......|
000e1f50  00 00 00 00 00 00 00 00  00 00 00 00 00 00 00 00  |................|
*
000e21d0  00 00 00 00 00 00 00 00  00 00 00 00 00 00 33 33  |..............33|
000e21e0  33 ff 33 33 33 ff 33 33  33 ff 33 33 33 ff 33 33  |3.333.333.333.33|
*
000e2210  33 ff 33 33 33 ff 33 33  33 ff 00 00 00 00 00 00  |3.333.333.......|
000e2220  00 00 00 00 00 00 00 00  00 00 00 00 00 00 00 00  |................|
*
000e2610  00 00 00 00 00 00 00 00  00 00 33 33 33 ff 33 33  |..........333.33|
000e2620  33 ff 33 33 33 ff 33 33  33 ff 33 33 33 ff 33 33  |3.333.333.333.33|
*
000e2650  33 ff 33 33 33 ff 00 00  00 00 00 00 00 00 00 00  |3.333...........|
000e2660  00 00 00 00 00 00 00 00  00 00 00 00 00 00 00 00  |................|
*
000e26e0  00 00 34 34 34 3a 32 32  32 f1 33 33 33 ff 33 33  |..444:222.333.33|
000e26f0  33 ff 33 33 33 ff 33 33  33 ff 33 33 33 ff 33 33  |3.333.333.333.33|
*
000e2730  33 ff 33 33 33 ff 33 33  33 ff 33 33 33 ff 32 32  |3.333.333.333.22|
000e2740  32 c4 3a 3a 3a 0d 00 00  00 00 00 00 00 00 00 00  |2.:::...........|
000e2750  00 00 00 00 00 00 00 00  00 00 00 00 00 00 00 00  |................|
*
000e29d0  00 00 00 00 00 00 00 00  00 00 00 00 00 00 33 33  |..............33|
000e29e0  33 ff 33 33 33 ff 33 33  33 ff 33 33 33 ff 33 33  |3.333.333.333.33|
*
000e2a10  33 ff 33 33 33 ff 33 33  33 ff 00 00 00 00 00 00  |3.333.333.......|
000e2a20  00 00 00 00 00 00 00 00  00 00 00 00 00 00 00 00  |................|
*
000e2e10  00 00 00 00 00 00 00 00  00 00 33 33 33 ff 33 33  |..........333.33|
000e2e20  33 ff 33 33 33 ff 33 33  33 ff 33 33 33 ff 33 33  |3.333.333.333.33|
*
000e2e50  33 ff 33 33 33 ff 00 00  00 00 00 00 00 00 00 00  |3.333...........|
000e2e60  00 00 00 00 00 00 00 00  00 00 00 00 00 00 00 00  |................|
*
000e2ed0  00 00 00 00 00 00 00 00  00 00 00 00 00 00 34 34  |..............44|
000e2ee0  34 3a 32 32 32 f1 33 33  33 ff 33 33 33 ff 33 33  |4:222.333.333.33|
000e2ef0  33 ff 33 33 33 ff 33 33  33 ff 33 33 33 ff 33 33  |3.333.333.333.33|
*
000e2f30  33 ff 33 33 33 ff 33 33  33 ff 32 32 32 c4 3a 3a  |3.333.333.222.::|
000e2f40  3a 0d 00 00 00 00 00 00  00 00 00 00 00 00 00 00  |:...............|
000e2f50  00 00 00 00 00 00 00 00  00 00 00 00 00 00 00 00  |................|
*
000e31d0  00 00 00 00 00 00 00 00  00 00 00 00 00 00 33 33  |..............33|
000e31e0  33 ff 33 33 33 ff 33 33  33 ff 33 33 33 ff 33 33  |3.333.333.333.33|
*
000e3210  33 ff 33 33 33 ff 33 33  33 ff 00 00 00 00 00 00  |3.333.333.......|
000e3220  00 00 00 00 00 00 00 00  00 00 00 00 00 00 00 00  |................|
*
000e3610  00 00 00 00 00 00 00 00  00 00 33 33 33 ff 33 33  |..........333.33|
000e3620  33 ff 33 33 33 ff 33 33  33 ff 33 33 33 ff 33 33  |3.333.333.333.33|
*
000e3650  33 ff 33 33 33 ff 00 00  00 00 00 00 00 00 00 00  |3.333...........|
000e3660  00 00 00 00 00 00 00 00  00 00 00 00 00 00 00 00  |................|
*
000e36d0  00 00 00 00 00 00 00 00  00 00 33 33 33 3b 32 32  |..........333;22|
000e36e0  32 f2 33 33 33 ff 33 33  33 ff 33 33 33 ff 33 33  |2.333.333.333.33|
000e36f0  33 ff 33 33 33 ff 33 33  33 ff 33 33 33 ff 33 33  |3.333.333.333.33|
*
000e3730  33 ff 33 33 33 ff 33 33  33 c3 3a 3a 3a 0d 00 00  |3.333.333.:::...|
000e3740  00 00 00 00 00 00 00 00  00 00 00 00 00 00 00 00  |................|
*
000e39d0  00 00 00 00 00 00 00 00  00 00 00 00 00 00 33 33  |..............33|
000e39e0  33 ff 33 33 33 ff 33 33  33 ff 33 33 33 ff 33 33  |3.333.333.333.33|
*
000e3a10  33 ff 33 33 33 ff 33 33  33 ff 00 00 00 00 00 00  |3.333.333.......|
000e3a20  00 00 00 00 00 00 00 00  00 00 00 00 00 00 00 00  |................|
*
000e3e10  00 00 00 00 00 00 00 00  00 00 33 33 33 ff 33 33  |..........333.33|
000e3e20  33 ff 33 33 33 ff 33 33  33 ff 33 33 33 ff 33 33  |3.333.333.333.33|
*
000e3e50  33 ff 33 33 33 ff 00 00  00 00 00 00 00 00 00 00  |3.333...........|
000e3e60  00 00 00 00 00 00 00 00  00 00 00 00 00 00 00 00  |................|
*
000e3ed0  00 00 00 00 00 00 33 33  33 3c 32 32 32 f2 33 33  |......333<222.33|
000e3ee0  33 ff 33 33 33 ff 33 33  33 ff 33 33 33 ff 33 33  |3.333.333.333.33|
*
000e3f30  33 ff 33 33 33 c3 2a 2a  2a 0c 00 00 00 00 00 00  |3.333.***.......|
000e3f40  00 00 00 00 00 00 00 00  00 00 00 00 00 00 00 00  |................|
*
000e41d0  00 00 00 00 00 00 00 00  00 00 00 00 00 00 33 33  |..............33|
000e41e0  33 ff 33 33 33 ff 33 33  33 ff 33 33 33 ff 33 33  |3.333.333.333.33|
*
000e4210  33 ff 33 33 33 ff 33 33  33 ff 00 00 00 00 00 00  |3.333.333.......|
000e4220  00 00 00 00 00 00 00 00  00 00 00 00 00 00 00 00  |................|
*
000e4610  00 00 00 00 00 00 00 00  00 00 33 33 33 ff 33 33  |..........333.33|
000e4620  33 ff 33 33 33 ff 33 33  33 ff 33 33 33 ff 33 33  |3.333.333.333.33|
*
000e4650  33 ff 33 33 33 ff 00 00  00 00 00 00 00 00 00 00  |3.333...........|
000e4660  00 00 00 00 00 00 00 00  00 00 00 00 00 00 00 00  |................|
*
000e46d0  00 00 33 33 33 3c 32 32  32 f2 33 33 33 ff 33 33  |..333<222.333.33|
000e46e0  33 ff 33 33 33 ff 33 33  33 ff 33 33 33 ff 33 33  |3.333.333.333.33|
*
000e4730  33 c2 2a 2a 2a 0c 00 00  00 00 00 00 00 00 00 00  |3.***...........|
000e4740  00 00 00 00 00 00 00 00  00 00 00 00 00 00 00 00  |................|
*
000e49d0  00 00 00 00 00 00 00 00  00 00 00 00 00 00 33 33  |..............33|
000e49e0  33 ff 33 33 33 ff 33 33  33 ff 33 33 33 ff 33 33  |3.333.333.333.33|
*
000e4a10  33 ff 33 33 33 ff 33 33  33 ff 00 00 00 00 00 00  |3.333.333.......|
000e4a20  00 00 00 00 00 00 00 00  00 00 00 00 00 00 00 00  |................|
*
000e4e10  00 00 00 00 00 00 00 00  00 00 33 33 33 ff 33 33  |..........333.33|
000e4e20  33 ff 33 33 33 ff 33 33  33 ff 33 33 33 ff 33 33  |3.333.333.333.33|
*
000e4e50  33 ff 33 33 33 ff 00 00  00 00 00 00 00 00 00 00  |3.333...........|
000e4e60  00 00 00 00 00 00 00 00  00 00 00 00 00 00 00 00  |................|
*
000e4ec0  00 00 00 00 00 00 00 00  00 00 00 00 00 00 32 32  |..............22|
000e4ed0  32 3d 33 33 33 f3 33 33  33 ff 33 33 33 ff 33 33  |2=333.333.333.33|
000e4ee0  33 ff 33 33 33 ff 33 33  33 ff 33 33 33 ff 33 33  |3.333.333.333.33|
*
000e4f20  33 ff 33 33 33 ff 33 33  33 ff 33 33 33 c2 2a 2a  |3.333.333.333.**|
000e4f30  2a 0c 00 00 00 00 00 00  00 00 00 00 00 00 00 00  |*...............|
000e4f40  00 00 00 00 00 00 00 00  00 00 00 00 00 00 00 00  |................|
*
000e51d0  00 00 00 00 00 00 00 00  00 00 00 00 00 00 33 33  |..............33|
000e51e0  33 ff 33 33 33 ff 33 33  33 ff 33 33 33 ff 33 33  |3.333.333.333.33|
*
000e5210  33 ff 33 33 33 ff 33 33  33 ff 00 00 00 00 00 00  |3.333.333.......|
000e5220  00 00 00 00 00 00 00 00  00 00 00 00 00 00 00 00  |................|
*
000e5610  00 00 00 00 00 00 00 00  00 00 33 33 33 ff 33 33  |..........333.33|
000e5620  33 ff 33 33 33 ff 33 33  33 ff 33 33 33 ff 33 33  |3.333.333.333.33|
*
000e5650  33 ff 33 33 33 ff 00 00  00 00 00 00 00 00 00 00  |3.333...........|
000e5660  00 00 00 00 00 00 00 00  00 00 00 00 00 00 00 00  |................|
*
000e56c0  00 00 00 00 00 00 00 00  00 00 31 31 31 3e 33 33  |..........111>33|
000e56d0  33 f3 33 33 33 ff 33 33  33 ff 33 33 33 ff 33 33  |3.333.333.333.33|
000e56e0  33 ff 33 33 33 ff 33 33  33 ff 33 33 33 ff 33 33  |3.333.333.333.33|
*
000e5720  33 ff 33 33 33 ff 33 33  33 c1 2a 2a 2a 0c 00 00  |3.333.333.***...|
000e5730  00 00 00 00 00 00 00 00  00 00 00 00 00 00 00 00  |................|
*
000e59d0  00 00 00 00 00 00 00 00  00 00 00 00 00 00 33 33  |..............33|
000e59e0  33 ff 33 33 33 ff 33 33  33 ff 33 33 33 ff 33 33  |3.333.333.333.33|
*
000e5a10  33 ff 33 33 33 ff 33 33  33 ff 00 00 00 00 00 00  |3.333.333.......|
000e5a20  00 00 00 00 00 00 00 00  00 00 00 00 00 00 00 00  |................|
*
000e5e10  00 00 00 00 00 00 00 00  00 00 33 33 33 ff 33 33  |..........333.33|
000e5e20  33 ff 33 33 33 ff 33 33  33 ff 33 33 33 ff 33 33  |3.333.333.333.33|
*
000e5e50  33 ff 33 33 33 ff 00 00  00 00 00 00 00 00 00 00  |3.333...........|
000e5e60  00 00 00 00 00 00 00 00  00 00 00 00 00 00 00 00  |................|
*
000e5ec0  00 00 00 00 00 00 31 31  31 3e 33 33 33 f3 33 33  |......111>333.33|
000e5ed0  33 ff 33 33 33 ff 33 33  33 ff 33 33 33 ff 33 33  |3.333.333.333.33|
*
000e5f20  33 ff 33 33 33 c1 2a 2a  2a 0c 00 00 00 00 00 00  |3.333.***.......|
000e5f30  00 00 00 00 00 00 00 00  00 00 00 00 00 00 00 00  |................|
*
000e61d0  00 00 00 00 00 00 00 00  00 00 00 00 00 00 33 33  |..............33|
000e61e0  33 ff 33 33 33 ff 33 33  33 ff 33 33 33 ff 33 33  |3.333.333.333.33|
*
000e6210  33 ff 33 33 33 ff 33 33  33 ff 00 00 00 00 00 00  |3.333.333.......|
000e6220  00 00 00 00 00 00 00 00  00 00 00 00 00 00 00 00  |................|
*
000e6610  00 00 00 00 00 00 00 00  00 00 33 33 33 ff 33 33  |..........333.33|
000e6620  33 ff 33 33 33 ff 33 33  33 ff 33 33 33 ff 33 33  |3.333.333.333.33|
*
000e6650  33 ff 33 33 33 ff 00 00  00 00 00 00 00 00 00 00  |3.333...........|
000e6660  00 00 00 00 00 00 00 00  00 00 00 00 00 00 00 00  |................|
*
000e66c0  00 00 33 33 33 45 32 32  32 f6 33 33 33 ff 33 33  |..333E222.333.33|
000e66d0  33 ff 33 33 33 ff 33 33  33 ff 33 33 33 ff 33 33  |3.333.333.333.33|
*
000e6720  33 c1 2e 2e 2e 0b 00 00  00 00 00 00 00 00 00 00  |3...............|
000e6730  00 00 00 00 00 00 00 00  00 00 00 00 00 00 00 00  |................|
*
000e69d0  00 00 00 00 00 00 00 00  00 00 00 00 00 00 33 33  |..............33|
000e69e0  33 ff 33 33 33 ff 33 33  33 ff 33 33 33 ff 33 33  |3.333.333.333.33|
*
000e6a10  33 ff 33 33 33 ff 33 33  33 ff 00 00 00 00 00 00  |3.333.333.......|
000e6a20  00 00 00 00 00 00 00 00  00 00 00 00 00 00 00 00  |................|
*
000e6e10  00 00 00 00 00 00 00 00  00 00 33 33 33 ff 33 33  |..........333.33|
000e6e20  33 ff 33 33 33 ff 33 33  33 ff 33 33 33 ff 33 33  |3.333.333.333.33|
*
000e6e50  33 ff 33 33 33 ff 00 00  00 00 00 00 00 00 00 00  |3.333...........|
000e6e60  00 00 00 00 00 00 00 00  00 00 00 00 00 00 00 00  |................|
*
000e6eb0  00 00 00 00 00 00 00 00  00 00 00 00 00 00 33 33  |..............33|
000e6ec0  33 46 32 32 32 f6 33 33  33 ff 33 33 33 ff 33 33  |3F222.333.333.33|
000e6ed0  33 ff 33 33 33 ff 33 33  33 ff 33 33 33 ff 33 33  |3.333.333.333.33|
*
000e6f10  33 ff 33 33 33 ff 33 33  33 ff 32 32 32 ba 38 38  |3.333.333.222.88|
000e6f20  38 09 00 00 00 00 00 00  00 00 00 00 00 00 00 00  |8...............|
000e6f30  00 00 00 00 00 00 00 00  00 00 00 00 00 00 00 00  |................|
*
000e71d0  00 00 00 00 00 00 00 00  00 00 00 00 00 00 33 33  |..............33|
000e71e0  33 ff 33 33 33 ff 33 33  33 ff 33 33 33 ff 33 33  |3.333.333.333.33|
*
000e7210  33 ff 33 33 33 ff 33 33  33 ff 00 00 00 00 00 00  |3.333.333.......|
000e7220  00 00 00 00 00 00 00 00  00 00 00 00 00 00 00 00  |................|
*
000e7610  00 00 00 00 00 00 00 00  00 00 33 33 33 ff 33 33  |..........333.33|
000e7620  33 ff 33 33 33 ff 33 33  33 ff 33 33 33 ff 33 33  |3.333.333.333.33|
*
000e7650  33 ff 33 33 33 ff 00 00  00 00 00 00 00 00 00 00  |3.333...........|
000e7660  00 00 00 00 00 00 00 00  00 00 00 00 00 00 00 00  |................|
*
000e76b0  00 00 00 00 00 00 00 00  00 00 33 33 33 46 32 32  |..........333F22|
000e76c0  32 f7 33 33 33 ff 33 33  33 ff 33 33 33 ff 33 33  |2.333.333.333.33|
000e76d0  33 ff 33 33 33 ff 33 33  33 ff 33 33 33 ff 33 33  |3.333.333.333.33|
*
000e7710  33 ff 33 33 33 ff 33 33  33 b9 38 38 38 09 00 00  |3.333.333.888...|
000e7720  00 00 00 00 00 00 00 00  00 00 00 00 00 00 00 00  |................|
*
000e79d0  00 00 00 00 00 00 00 00  00 00 00 00 00 00 33 33  |..............33|
000e79e0  33 ff 33 33 33 ff 33 33  33 ff 33 33 33 ff 33 33  |3.333.333.333.33|
*
000e7a10  33 ff 33 33 33 ff 33 33  33 ff 00 00 00 00 00 00  |3.333.333.......|
000e7a20  00 00 00 00 00 00 00 00  00 00 00 00 00 00 00 00  |................|
*
000e7e10  00 00 00 00 00 00 00 00  00 00 33 33 33 ff 33 33  |..........333.33|
000e7e20  33 ff 33 33 33 ff 33 33  33 ff 33 33 33 ff 33 33  |3.333.333.333.33|
*
000e7e50  33 ff 33 33 33 ff 00 00  00 00 00 00 00 00 00 00  |3.333...........|
000e7e60  00 00 00 00 00 00 00 00  00 00 00 00 00 00 00 00  |................|
*
000e7eb0  00 00 00 00 00 00 32 32  32 47 32 32 32 f7 33 33  |......222G222.33|
000e7ec0  33 ff 33 33 33 ff 33 33  33 ff 33 33 33 ff 33 33  |3.333.333.333.33|
*
000e7f10  33 ff 33 33 33 b9 38 38  38 09 00 00 00 00 00 00  |3.333.888.......|
000e7f20  00 00 00 00 00 00 00 00  00 00 00 00 00 00 00 00  |................|
*
000e81d0  00 00 00 00 00 00 00 00  00 00 00 00 00 00 33 33  |..............33|
000e81e0  33 ff 33 33 33 ff 33 33  33 ff 33 33 33 ff 33 33  |3.333.333.333.33|
*
000e8210  33 ff 33 33 33 ff 33 33  33 ff 00 00 00 00 00 00  |3.333.333.......|
000e8220  00 00 00 00 00 00 00 00  00 00 00 00 00 00 00 00  |................|
*
000e8610  00 00 00 00 00 00 00 00  00 00 33 33 33 ff 33 33  |..........333.33|
000e8620  33 ff 33 33 33 ff 33 33  33 ff 33 33 33 ff 33 33  |3.333.333.333.33|
*
000e8650  33 ff 33 33 33 ff 00 00  00 00 00 00 00 00 00 00  |3.333...........|
000e8660  00 00 00 00 00 00 00 00  00 00 00 00 00 00 00 00  |................|
*
000e86b0  00 00 31 31 31 48 32 32  32 f7 33 33 33 ff 33 33  |..111H222.333.33|
000e86c0  33 ff 33 33 33 ff 33 33  33 ff 33 33 33 ff 33 33  |3.333.333.333.33|
*
000e8710  33 b9 38 38 38 09 00 00  00 00 00 00 00 00 00 00  |3.888...........|
000e8720  00 00 00 00 00 00 00 00  00 00 00 00 00 00 00 00  |................|
*
000e89d0  00 00 00 00 00 00 00 00  00 00 00 00 00 00 33 33  |..............33|
000e89e0  33 ff 33 33 33 ff 33 33  33 ff 33 33 33 ff 33 33  |3.333.333.333.33|
*
000e8a10  33 ff 33 33 33 ff 33 33  33 ff 00 00 00 00 00 00  |3.333.333.......|
000e8a20  00 00 00 00 00 00 00 00  00 00 00 00 00 00 00 00  |................|
*
000e8e10  00 00 00 00 00 00 00 00  00 00 33 33 33 ff 33 33  |..........333.33|
000e8e20  33 ff 33 33 33 ff 33 33  33 ff 33 33 33 ff 33 33  |3.333.333.333.33|
*
000e8e50  33 ff 33 33 33 ff 00 00  00 00 00 00 00 00 00 00  |3.333...........|
000e8e60  00 00 00 00 00 00 00 00  00 00 00 00 00 00 00 00  |................|
*
000e8ea0  00 00 00 00 00 00 00 00  00 00 00 00 00 00 34 34  |..............44|
000e8eb0  34 49 32 32 32 f7 33 33  33 ff 33 33 33 ff 33 33  |4I222.333.333.33|
000e8ec0  33 ff 33 33 33 ff 33 33  33 ff 33 33 33 ff 33 33  |3.333.333.333.33|
*
000e8f00  33 ff 33 33 33 ff 33 33  33 ff 33 33 33 b8 3f 3f  |3.333.333.333.??|
000e8f10  3f 08 00 00 00 00 00 00  00 00 00 00 00 00 00 00  |?...............|
000e8f20  00 00 00 00 00 00 00 00  00 00 00 00 00 00 00 00  |................|
*
000e91d0  00 00 00 00 00 00 00 00  00 00 00 00 00 00 33 33  |..............33|
000e91e0  33 ff 33 33 33 ff 33 33  33 ff 33 33 33 ff 33 33  |3.333.333.333.33|
*
000e9210  33 ff 33 33 33 ff 33 33  33 ff 00 00 00 00 00 00  |3.333.333.......|
000e9220  00 00 00 00 00 00 00 00  00 00 00 00 00 00 00 00  |................|
*
000e9610  00 00 00 00 00 00 00 00  00 00 33 33 33 ff 33 33  |..........333.33|
000e9620  33 ff 33 33 33 ff 33 33  33 ff 33 33 33 ff 33 33  |3.333.333.333.33|
*
000e9650  33 ff 33 33 33 ff 00 00  00 00 00 00 00 00 00 00  |3.333...........|
000e9660  00 00 00 00 00 00 00 00  00 00 00 00 00 00 00 00  |................|
*
000e96a0  00 00 00 00 00 00 00 00  00 00 34 34 34 49 32 32  |..........444I22|
000e96b0  32 f7 33 33 33 ff 33 33  33 ff 33 33 33 ff 33 33  |2.333.333.333.33|
000e96c0  33 ff 33 33 33 ff 33 33  33 ff 33 33 33 ff 33 33  |3.333.333.333.33|
*
000e9700  33 ff 33 33 33 ff 33 33  33 b7 3f 3f 3f 08 00 00  |3.333.333.???...|
000e9710  00 00 00 00 00 00 00 00  00 00 00 00 00 00 00 00  |................|
*
000e99d0  00 00 00 00 00 00 00 00  00 00 00 00 00 00 33 33  |..............33|
000e99e0  33 ff 33 33 33 ff 33 33  33 ff 33 33 33 ff 33 33  |3.333.333.333.33|
*
000e9a10  33 ff 33 33 33 ff 33 33  33 ff 00 00 00 00 00 00  |3.333.333.......|
000e9a20  00 00 00 00 00 00 00 00  00 00 00 00 00 00 00 00  |................|
*
000e9e10  00 00 00 00 00 00 00 00  00 00 33 33 33 ff 33 33  |..........333.33|
000e9e20  33 ff 33 33 33 ff 33 33  33 ff 33 33 33 ff 33 33  |3.333.333.333.33|
*
000e9e50  33 ff 33 33 33 ff 00 00  00 00 00 00 00 00 00 00  |3.333...........|
000e9e60  00 00 00 00 00 00 00 00  00 00 00 00 00 00 00 00  |................|
*
000e9ea0  00 00 00 00 00 00 33 33  33 4a 33 33 33 f8 33 33  |......333J333.33|
000e9eb0  33 ff 33 33 33 ff 33 33  33 ff 33 33 33 ff 33 33  |3.333.333.333.33|
*
000e9f00  33 ff 33 33 33 b7 3f 3f  3f 08 00 00 00 00 00 00  |3.333.???.......|
000e9f10  00 00 00 00 00 00 00 00  00 00 00 00 00 00 00 00  |................|
*
000ea1d0  00 00 00 00 00 00 00 00  00 00 00 00 00 00 33 33  |..............33|
000ea1e0  33 ff 33 33 33 ff 33 33  33 ff 33 33 33 ff 33 33  |3.333.333.333.33|
*
000ea210  33 ff 33 33 33 ff 33 33  33 ff 00 00 00 00 00 00  |3.333.333.......|
000ea220  00 00 00 00 00 00 00 00  00 00 00 00 00 00 00 00  |................|
*
000ea610  00 00 00 00 00 00 00 00  00 00 33 33 33 ff 33 33  |..........333.33|
000ea620  33 ff 33 33 33 ff 33 33  33 ff 33 33 33 ff 33 33  |3.333.333.333.33|
*
000ea650  33 ff 33 33 33 ff 00 00  00 00 00 00 00 00 00 00  |3.333...........|
000ea660  00 00 00 00 00 00 00 00  00 00 00 00 00 00 00 00  |................|
*
000ea6a0  00 00 33 33 33 4b 33 33  33 f8 33 33 33 ff 33 33  |..333K333.333.33|
000ea6b0  33 ff 33 33 33 ff 33 33  33 ff 33 33 33 ff 33 33  |3.333.333.333.33|
*
000ea6f0  33 ff 33 33 33 ff 33 33  33 ff 33 33 33 ff 32 32  |3.333.333.333.22|
000ea700  32 b6 3f 3f 3f 08 00 00  00 00 00 00 00 00 00 00  |2.???...........|
000ea710  00 00 00 00 00 00 00 00  00 00 00 00 00 00 00 00  |................|
*
000ea9d0  00 00 00 00 00 00 00 00  00 00 00 00 00 00 33 33  |..............33|
000ea9e0  33 ff 33 33 33 ff 33 33  33 ff 33 33 33 ff 33 33  |3.333.333.333.33|
*
000eaa10  33 ff 33 33 33 ff 33 33  33 ff 00 00 00 00 00 00  |3.333.333.......|
000eaa20  00 00 00 00 00 00 00 00  00 00 00 00 00 00 00 00  |................|
*
000eae10  00 00 00 00 00 00 00 00  00 00 33 33 33 ff 33 33  |..........333.33|
000eae20  33 ff 33 33 33 ff 33 33  33 ff 33 33 33 ff 33 33  |3.333.333.333.33|
*
000eae50  33 ff 33 33 33 ff 00 00  00 00 00 00 00 00 00 00  |3.333...........|
000eae60  00 00 00 00 00 00 00 00  00 00 00 00 00 00 00 00  |................|
*
000eae90  00 00 00 00 00 00 00 00  00 00 00 00 00 00 32 32  |..............22|
000eaea0  32 4c 33 33 33 f8 33 33  33 ff 33 33 33 ff 33 33  |2L333.333.333.33|
000eaeb0  33 ff 33 33 33 ff 33 33  33 ff 33 33 33 ff 33 33  |3.333.333.333.33|
*
000eaef0  33 ff 33 33 33 ff 33 33  33 ff 32 32 32 b6 3f 3f  |3.333.333.222.??|
000eaf00  3f 08 00 00 00 00 00 00  00 00 00 00 00 00 00 00  |?...............|
000eaf10  00 00 00 00 00 00 00 00  00 00 00 00 00 00 00 00  |................|
*
000eb1d0  00 00 00 00 00 00 00 00  00 00 00 00 00 00 33 33  |..............33|
000eb1e0  33 ff 33 33 33 ff 33 33  33 ff 33 33 33 ff 33 33  |3.333.333.333.33|
*
000eb210  33 ff 33 33 33 ff 33 33  33 ff 00 00 00 00 00 00  |3.333.333.......|
000eb220  00 00 00 00 00 00 00 00  00 00 00 00 00 00 00 00  |................|
*
000eb610  00 00 00 00 00 00 00 00  00 00 33 33 33 ff 33 33  |..........333.33|
000eb620  33 ff 33 33 33 ff 33 33  33 ff 33 33 33 ff 33 33  |3.333.333.333.33|
*
000eb650  33 ff 33 33 33 ff 00 00  00 00 00 00 00 00 00 00  |3.333...........|
000eb660  00 00 00 00 00 00 00 00  00 00 00 00 00 00 00 00  |................|
*
000eb690  00 00 00 00 00 00 00 00  00 00 34 34 34 53 33 33  |..........444S33|
000eb6a0  33 fa 33 33 33 ff 33 33  33 ff 33 33 33 ff 33 33  |3.333.333.333.33|
000eb6b0  33 ff 33 33 33 ff 33 33  33 ff 33 33 33 ff 33 33  |3.333.333.333.33|
*
000eb6f0  33 ff 33 33 33 ff 32 32  32 b6 24 24 24 07 00 00  |3.333.222.$$$...|
000eb700  00 00 00 00 00 00 00 00  00 00 00 00 00 00 00 00  |................|
*
000eb9d0  00 00 00 00 00 00 00 00  00 00 00 00 00 00 33 33  |..............33|
000eb9e0  33 ff 33 33 33 ff 33 33  33 ff 33 33 33 ff 33 33  |3.333.333.333.33|
*
000eba10  33 ff 33 33 33 ff 33 33  33 ff 00 00 00 00 00 00  |3.333.333.......|
000eba20  00 00 00 00 00 00 00 00  00 00 00 00 00 00 00 00  |................|
*
000ebe10  00 00 00 00 00 00 00 00  00 00 33 33 33 ff 33 33  |..........333.33|
000ebe20  33 ff 33 33 33 ff 33 33  33 ff 33 33 33 ff 33 33  |3.333.333.333.33|
*
000ebe50  33 ff 33 33 33 ff 00 00  00 00 00 00 00 00 00 00  |3.333...........|
000ebe60  00 00 00 00 00 00 00 00  00 00 00 00 00 00 00 00  |................|
*
000ebe90  00 00 00 00 00 00 33 33  33 54 33 33 33 fa 33 33  |......333T333.33|
000ebea0  33 ff 33 33 33 ff 33 33  33 ff 33 33 33 ff 33 33  |3.333.333.333.33|
*
000ebef0  33 ff 32 32 32 b5 24 24  24 07 00 00 00 00 00 00  |3.222.$$$.......|
000ebf00  00 00 00 00 00 00 00 00  00 00 00 00 00 00 00 00  |................|
*
000ec1d0  00 00 00 00 00 00 00 00  00 00 00 00 00 00 33 33  |..............33|
000ec1e0  33 ff 33 33 33 ff 33 33  33 ff 33 33 33 ff 33 33  |3.333.333.333.33|
*
000ec210  33 ff 33 33 33 ff 33 33  33 ff 00 00 00 00 00 00  |3.333.333.......|
000ec220  00 00 00 00 00 00 00 00  00 00 00 00 00 00 00 00  |................|
*
000ec610  00 00 00 00 00 00 00 00  00 00 33 33 33 ff 33 33  |..........333.33|
000ec620  33 ff 33 33 33 ff 33 33  33 ff 33 33 33 ff 33 33  |3.333.333.333.33|
*
000ec650  33 ff 33 33 33 ff 00 00  00 00 00 00 00 00 00 00  |3.333...........|
000ec660  00 00 00 00 00 00 00 00  00 00 00 00 00 00 00 00  |................|
*
000ec690  00 00 33 33 33 54 32 32  32 fb 33 33 33 ff 33 33  |..333T222.333.33|
000ec6a0  33 ff 33 33 33 ff 33 33  33 ff 33 33 33 ff 33 33  |3.333.333.333.33|
*
000ec6f0  33 b4 24 24 24 07 00 00  00 00 00 00 00 00 00 00  |3.$$$...........|
000ec700  00 00 00 00 00 00 00 00  00 00 00 00 00 00 00 00  |................|
*
000ec9d0  00 00 00 00 00 00 00 00  00 00 00 00 00 00 33 33  |..............33|
000ec9e0  33 ff 33 33 33 ff 33 33  33 ff 33 33 33 ff 33 33  |3.333.333.333.33|
*
000eca10  33 ff 33 33 33 ff 33 33  33 ff 00 00 00 00 00 00  |3.333.333.......|
000eca20  00 00 00 00 00 00 00 00  00 00 00 00 00 00 00 00  |................|
*
000ece10  00 00 00 00 00 00 00 00  00 00 33 33 33 ff 33 33  |..........333.33|
000ece20  33 ff 33 33 33 ff 33 33  33 ff 33 33 33 ff 33 33  |3.333.333.333.33|
*
000ece50  33 ff 33 33 33 ff 00 00  00 00 00 00 00 00 00 00  |3.333...........|
000ece60  00 00 00 00 00 00 00 00  00 00 00 00 00 00 00 00  |................|
*
000ece80  00 00 00 00 00 00 00 00  00 00 00 00 00 00 33 33  |..............33|
000ece90  33 55 32 32 32 fb 33 33  33 ff 33 33 33 ff 33 33  |3U222.333.333.33|
000ecea0  33 ff 33 33 33 ff 33 33  33 ff 33 33 33 ff 33 33  |3.333.333.333.33|
*
000ecee0  33 ff 33 33 33 ff 33 33  33 ff 33 33 33 b4 24 24  |3.333.333.333.$$|
000ecef0  24 07 00 00 00 00 00 00  00 00 00 00 00 00 00 00  |$...............|
000ecf00  00 00 00 00 00 00 00 00  00 00 00 00 00 00 00 00  |................|
*
000ed1d0  00 00 00 00 00 00 00 00  00 00 00 00 00 00 33 33  |..............33|
000ed1e0  33 ff 33 33 33 ff 33 33  33 ff 33 33 33 ff 33 33  |3.333.333.333.33|
*
000ed210  33 ff 33 33 33 ff 33 33  33 ff 00 00 00 00 00 00  |3.333.333.......|
000ed220  00 00 00 00 00 00 00 00  00 00 00 00 00 00 00 00  |................|
*
000ed610  00 00 00 00 00 00 00 00  00 00 33 33 33 ff 33 33  |..........333.33|
000ed620  33 ff 33 33 33 ff 33 33  33 ff 33 33 33 ff 33 33  |3.333.333.333.33|
*
000ed650  33 ff 33 33 33 ff 00 00  00 00 00 00 00 00 00 00  |3.333...........|
000ed660  00 00 00 00 00 00 00 00  00 00 00 00 00 00 00 00  |................|
*
000ed680  00 00 00 00 00 00 00 00  00 00 32 32 32 56 32 32  |..........222V22|
000ed690  32 fb 33 33 33 ff 33 33  33 ff 33 33 33 ff 33 33  |2.333.333.333.33|
000ed6a0  33 ff 33 33 33 ff 33 33  33 ff 33 33 33 ff 33 33  |3.333.333.333.33|
*
000ed6e0  33 ff 33 33 33 ff 33 33  33 ad 33 33 33 05 00 00  |3.333.333.333...|
000ed6f0  00 00 00 00 00 00 00 00  00 00 00 00 00 00 00 00  |................|
*
000ed9d0  00 00 00 00 00 00 00 00  00 00 00 00 00 00 33 33  |..............33|
000ed9e0  33 ff 33 33 33 ff 33 33  33 ff 33 33 33 ff 33 33  |3.333.333.333.33|
*
000eda10  33 ff 33 33 33 ff 33 33  33 ff 00 00 00 00 00 00  |3.333.333.......|
000eda20  00 00 00 00 00 00 00 00  00 00 00 00 00 00 00 00  |................|
*
000ede10  00 00 00 00 00 00 00 00  00 00 33 33 33 ff 33 33  |..........333.33|
000ede20  33 ff 33 33 33 ff 33 33  33 ff 33 33 33 ff 33 33  |3.333.333.333.33|
*
000ede50  33 ff 33 33 33 ff 00 00  00 00 00 00 00 00 00 00  |3.333...........|
000ede60  00 00 00 00 00 00 00 00  00 00 00 00 00 00 00 00  |................|
*
000ede80  00 00 00 00 00 00 31 31  31 57 32 32 32 fb 33 33  |......111W222.33|
000ede90  33 ff 33 33 33 ff 33 33  33 ff 33 33 33 ff 33 33  |3.333.333.333.33|
*
000edee0  33 ff 32 32 32 ac 33 33  33 05 00 00 00 00 00 00  |3.222.333.......|
000edef0  00 00 00 00 00 00 00 00  00 00 00 00 00 00 00 00  |................|
*
000ee1d0  00 00 00 00 00 00 00 00  00 00 00 00 00 00 33 33  |..............33|
000ee1e0  33 ff 33 33 33 ff 33 33  33 ff 33 33 33 ff 33 33  |3.333.333.333.33|
*
000ee210  33 ff 33 33 33 ff 33 33  33 ff 00 00 00 00 00 00  |3.333.333.......|
000ee220  00 00 00 00 00 00 00 00  00 00 00 00 00 00 00 00  |................|
*
000ee610  00 00 00 00 00 00 00 00  00 00 33 33 33 ff 33 33  |..........333.33|
000ee620  33 ff 33 33 33 ff 33 33  33 ff 33 33 33 ff 33 33  |3.333.333.333.33|
*
000ee650  33 ff 33 33 33 ff 00 00  00 00 00 00 00 00 00 00  |3.333...........|
000ee660  00 00 00 00 00 00 00 00  00 00 00 00 00 00 00 00  |................|
*
000ee680  00 00 34 34 34 58 32 32  32 fb 33 33 33 ff 33 33  |..444X222.333.33|
000ee690  33 ff 33 33 33 ff 33 33  33 ff 33 33 33 ff 33 33  |3.333.333.333.33|
*
000ee6d0  33 ff 33 33 33 ff 33 33  33 ff 33 33 33 ff 32 32  |3.333.333.333.22|
000ee6e0  32 ac 33 33 33 05 00 00  00 00 00 00 00 00 00 00  |2.333...........|
000ee6f0  00 00 00 00 00 00 00 00  00 00 00 00 00 00 00 00  |................|
*
000ee9d0  00 00 00 00 00 00 00 00  00 00 00 00 00 00 33 33  |..............33|
000ee9e0  33 ff 33 33 33 ff 33 33  33 ff 33 33 33 ff 33 33  |3.333.333.333.33|
*
000eea10  33 ff 33 33 33 ff 33 33  33 ff 00 00 00 00 00 00  |3.333.333.......|
000eea20  00 00 00 00 00 00 00 00  00 00 00 00 00 00 00 00  |................|
*
000eee10  00 00 00 00 00 00 00 00  00 00 33 33 33 ff 33 33  |..........333.33|
000eee20  33 ff 33 33 33 ff 33 33  33 ff 33 33 33 ff 33 33  |3.333.333.333.33|
*
000eee50  33 ff 33 33 33 ff 00 00  00 00 00 00 00 00 00 00  |3.333...........|
000eee60  00 00 00 00 00 00 00 00  00 00 00 00 00 00 00 00  |................|
000eee70  00 00 00 00 00 00 00 00  00 00 00 00 00 00 34 34  |..............44|
000eee80  34 58 32 32 32 fb 33 33  33 ff 33 33 33 ff 33 33  |4X222.333.333.33|
000eee90  33 ff 33 33 33 ff 33 33  33 ff 33 33 33 ff 33 33  |3.333.333.333.33|
*
000eeed0  33 ff 33 33 33 ff 33 33  33 ff 32 32 32 ab 33 33  |3.333.333.222.33|
000eeee0  33 05 00 00 00 00 00 00  00 00 00 00 00 00 00 00  |3...............|
000eeef0  00 00 00 00 00 00 00 00  00 00 00 00 00 00 00 00  |................|
*
000ef1d0  00 00 00 00 00 00 00 00  00 00 00 00 00 00 33 33  |..............33|
000ef1e0  33 ff 33 33 33 ff 33 33  33 ff 33 33 33 ff 33 33  |3.333.333.333.33|
*
000ef210  33 ff 33 33 33 ff 33 33  33 ff 00 00 00 00 00 00  |3.333.333.......|
000ef220  00 00 00 00 00 00 00 00  00 00 00 00 00 00 00 00  |................|
*
000ef610  00 00 00 00 00 00 00 00  00 00 33 33 33 ff 33 33  |..........333.33|
000ef620  33 ff 33 33 33 ff 33 33  33 ff 33 33 33 ff 33 33  |3.333.333.333.33|
*
000ef650  33 ff 33 33 33 ff 00 00  00 00 00 00 00 00 00 00  |3.333...........|
000ef660  00 00 00 00 00 00 00 00  00 00 00 00 00 00 00 00  |................|
000ef670  00 00 00 00 00 00 00 00  00 00 33 33 33 59 32 32  |..........333Y22|
000ef680  32 fc 33 33 33 ff 33 33  33 ff 33 33 33 ff 33 33  |2.333.333.333.33|
000ef690  33 ff 33 33 33 ff 33 33  33 ff 33 33 33 ff 33 33  |3.333.333.333.33|
*
000ef6d0  33 ff 33 33 33 ff 32 32  32 ab 33 33 33 05 00 00  |3.333.222.333...|
000ef6e0  00 00 00 00 00 00 00 00  00 00 00 00 00 00 00 00  |................|
*
000ef9d0  00 00 00 00 00 00 00 00  00 00 00 00 00 00 33 33  |..............33|
000ef9e0  33 ff 33 33 33 ff 33 33  33 ff 33 33 33 ff 33 33  |3.333.333.333.33|
*
000efa10  33 ff 33 33 33 ff 33 33  33 ff 00 00 00 00 00 00  |3.333.333.......|
000efa20  00 00 00 00 00 00 00 00  00 00 00 00 00 00 00 00  |................|
*
000efe10  00 00 00 00 00 00 00 00  00 00 33 33 33 ff 33 33  |..........333.33|
000efe20  33 ff 33 33 33 ff 33 33  33 ff 33 33 33 ff 33 33  |3.333.333.333.33|
*
000efe50  33 ff 33 33 33 ff 00 00  00 00 00 00 00 00 00 00  |3.333...........|
000efe60  00 00 00 00 00 00 00 00  00 00 00 00 00 00 00 00  |................|
000efe70  00 00 00 00 00 00 34 34  34 62 33 33 33 fd 33 33  |......444b333.33|
000efe80  33 ff 33 33 33 ff 33 33  33 ff 33 33 33 ff 33 33  |3.333.333.333.33|
*
000efed0  33 ff 33 33 33 aa 3f 3f  3f 04 00 00 00 00 00 00  |3.333.???.......|
000efee0  00 00 00 00 00 00 00 00  00 00 00 00 00 00 00 00  |................|
*
000f01d0  00 00 00 00 00 00 00 00  00 00 00 00 00 00 33 33  |..............33|
000f01e0  33 ff 33 33 33 ff 33 33  33 ff 33 33 33 ff 33 33  |3.333.333.333.33|
*
000f0210  33 ff 33 33 33 ff 33 33  33 ff 00 00 00 00 00 00  |3.333.333.......|
000f0220  00 00 00 00 00 00 00 00  00 00 00 00 00 00 00 00  |................|
*
000f0610  00 00 00 00 00 00 00 00  00 00 33 33 33 ff 33 33  |..........333.33|
000f0620  33 ff 33 33 33 ff 33 33  33 ff 33 33 33 ff 33 33  |3.333.333.333.33|
*
000f0650  33 ff 33 33 33 ff 00 00  00 00 00 00 00 00 00 00  |3.333...........|
000f0660  00 00 00 00 00 00 00 00  00 00 00 00 00 00 00 00  |................|
000f0670  00 00 34 34 34 62 33 33  33 fd 33 33 33 ff 33 33  |..444b333.333.33|
000f0680  33 ff 33 33 33 ff 33 33  33 ff 33 33 33 ff 33 33  |3.333.333.333.33|
*
000f06d0  33 aa 3f 3f 3f 04 00 00  00 00 00 00 00 00 00 00  |3.???...........|
000f06e0  00 00 00 00 00 00 00 00  00 00 00 00 00 00 00 00  |................|
*
000f09d0  00 00 00 00 00 00 00 00  00 00 00 00 00 00 33 33  |..............33|
000f09e0  33 ff 33 33 33 ff 33 33  33 ff 33 33 33 ff 33 33  |3.333.333.333.33|
*
000f0a10  33 ff 33 33 33 ff 33 33  33 ff 00 00 00 00 00 00  |3.333.333.......|
000f0a20  00 00 00 00 00 00 00 00  00 00 00 00 00 00 00 00  |................|
*
000f0e10  00 00 00 00 00 00 00 00  00 00 33 33 33 ff 33 33  |..........333.33|
000f0e20  33 ff 33 33 33 ff 33 33  33 ff 33 33 33 ff 33 33  |3.333.333.333.33|
*
000f0e50  33 ff 33 33 33 ff 00 00  00 00 00 00 00 00 00 00  |3.333...........|
000f0e60  00 00 00 00 00 00 00 00  00 00 00 00 00 00 33 33  |..............33|
000f0e70  33 63 33 33 33 fd 33 33  33 ff 33 33 33 ff 33 33  |3c333.333.333.33|
000f0e80  33 ff 33 33 33 ff 33 33  33 ff 33 33 33 ff 33 33  |3.333.333.333.33|
*
000f0ec0  33 ff 33 33 33 ff 33 33  33 ff 33 33 33 a9 3f 3f  |3.333.333.333.??|
000f0ed0  3f 04 00 00 00 00 00 00  00 00 00 00 00 00 00 00  |?...............|
000f0ee0  00 00 00 00 00 00 00 00  00 00 00 00 00 00 00 00  |................|
*
000f11d0  00 00 00 00 00 00 00 00  00 00 00 00 00 00 33 33  |..............33|
000f11e0  33 ff 33 33 33 ff 33 33  33 ff 33 33 33 ff 33 33  |3.333.333.333.33|
*
000f1210  33 ff 33 33 33 ff 33 33  33 ff 00 00 00 00 00 00  |3.333.333.......|
000f1220  00 00 00 00 00 00 00 00  00 00 00 00 00 00 00 00  |................|
*
000f1610  00 00 00 00 00 00 00 00  00 00 33 33 33 ff 33 33  |..........333.33|
000f1620  33 ff 33 33 33 ff 33 33  33 ff 33 33 33 ff 33 33  |3.333.333.333.33|
*
000f1650  33 ff 33 33 33 ff 00 00  00 00 00 00 00 00 00 00  |3.333...........|
000f1660  00 00 00 00 00 00 00 00  00 00 33 33 33 64 33 33  |..........333d33|
000f1670  33 fd 33 33 33 ff 33 33  33 ff 33 33 33 ff 33 33  |3.333.333.333.33|
000f1680  33 ff 33 33 33 ff 33 33  33 ff 33 33 33 ff 33 33  |3.333.333.333.33|
*
000f16c0  33 ff 33 33 33 ff 33 33  33 a9 3f 3f 3f 04 00 00  |3.333.333.???...|
000f16d0  00 00 00 00 00 00 00 00  00 00 00 00 00 00 00 00  |................|
*
000f19d0  00 00 00 00 00 00 00 00  00 00 00 00 00 00 33 33  |..............33|
000f19e0  33 ff 33 33 33 ff 33 33  33 ff 33 33 33 ff 33 33  |3.333.333.333.33|
*
000f1a10  33 ff 33 33 33 ff 33 33  33 ff 00 00 00 00 00 00  |3.333.333.......|
000f1a20  00 00 00 00 00 00 00 00  00 00 00 00 00 00 00 00  |................|
*
000f1e10  00 00 00 00 00 00 00 00  00 00 33 33 33 ff 33 33  |..........333.33|
000f1e20  33 ff 33 33 33 ff 33 33  33 ff 33 33 33 ff 33 33  |3.333.333.333.33|
*
000f1e50  33 ff 33 33 33 ff 00 00  00 00 00 00 00 00 00 00  |3.333...........|
000f1e60  00 00 00 00 00 00 32 32  32 65 33 33 33 fd 33 33  |......222e333.33|
000f1e70  33 ff 33 33 33 ff 33 33  33 ff 33 33 33 ff 33 33  |3.333.333.333.33|
*
000f1ec0  33 ff 33 33 33 a8 3f 3f  3f 04 00 00 00 00 00 00  |3.333.???.......|
000f1ed0  00 00 00 00 00 00 00 00  00 00 00 00 00 00 00 00  |................|
*
000f21d0  00 00 00 00 00 00 00 00  00 00 00 00 00 00 33 33  |..............33|
000f21e0  33 ff 33 33 33 ff 33 33  33 ff 33 33 33 ff 33 33  |3.333.333.333.33|
*
000f2210  33 ff 33 33 33 ff 33 33  33 ff 00 00 00 00 00 00  |3.333.333.......|
000f2220  00 00 00 00 00 00 00 00  00 00 00 00 00 00 00 00  |................|
*
000f2610  00 00 00 00 00 00 00 00  00 00 33 33 33 ff 33 33  |..........333.33|
000f2620  33 ff 33 33 33 ff 33 33  33 ff 33 33 33 ff 33 33  |3.333.333.333.33|
*
000f2650  33 ff 33 33 33 ff 00 00  00 00 00 00 00 00 00 00  |3.333...........|
000f2660  00 00 32 32 32 65 33 33  33 fd 33 33 33 ff 33 33  |..222e333.333.33|
000f2670  33 ff 33 33 33 ff 33 33  33 ff 33 33 33 ff 33 33  |3.333.333.333.33|
*
000f26c0  33 a8 3f 3f 3f 04 00 00  00 00 00 00 00 00 00 00  |3.???...........|
000f26d0  00 00 00 00 00 00 00 00  00 00 00 00 00 00 00 00  |................|
*
000f29d0  00 00 00 00 00 00 00 00  00 00 00 00 00 00 33 33  |..............33|
000f29e0  33 ff 33 33 33 ff 33 33  33 ff 33 33 33 ff 33 33  |3.333.333.333.33|
*
000f2a10  33 ff 33 33 33 ff 33 33  33 ff 00 00 00 00 00 00  |3.333.333.......|
000f2a20  00 00 00 00 00 00 00 00  00 00 00 00 00 00 00 00  |................|
*
000f2e10  00 00 00 00 00 00 00 00  00 00 33 33 33 ff 33 33  |..........333.33|
000f2e20  33 ff 33 33 33 ff 33 33  33 ff 33 33 33 ff 33 33  |3.333.333.333.33|
*
000f2e50  33 ff 33 33 33 ff 00 00  00 00 00 00 00 00 32 32  |3.333.........22|
000f2e60  32 66 33 33 33 fe 33 33  33 ff 33 33 33 ff 33 33  |2f333.333.333.33|
000f2e70  33 ff 33 33 33 ff 33 33  33 ff 33 33 33 ff 33 33  |3.333.333.333.33|
*
000f2eb0  33 ff 33 33 33 ff 33 33  33 ff 32 32 32 a7 3f 3f  |3.333.333.222.??|
000f2ec0  3f 04 00 00 00 00 00 00  00 00 00 00 00 00 00 00  |?...............|
000f2ed0  00 00 00 00 00 00 00 00  00 00 00 00 00 00 00 00  |................|
*
000f31d0  00 00 00 00 00 00 00 00  00 00 00 00 00 00 33 33  |..............33|
000f31e0  33 ff 33 33 33 ff 33 33  33 ff 33 33 33 ff 33 33  |3.333.333.333.33|
*
000f3210  33 ff 33 33 33 ff 33 33  33 ff 00 00 00 00 00 00  |3.333.333.......|
000f3220  00 00 00 00 00 00 00 00  00 00 00 00 00 00 00 00  |................|
*
000f3610  00 00 00 00 00 00 00 00  00 00 33 33 33 ff 33 33  |..........333.33|
000f3620  33 ff 33 33 33 ff 33 33  33 ff 33 33 33 ff 33 33  |3.333.333.333.33|
*
000f3650  33 ff 33 33 33 ff 00 00  00 00 33 33 33 67 33 33  |3.333.....333g33|
000f3660  33 fe 33 33 33 ff 33 33  33 ff 33 33 33 ff 33 33  |3.333.333.333.33|
000f3670  33 ff 33 33 33 ff 33 33  33 ff 33 33 33 ff 33 33  |3.333.333.333.33|
*
000f36b0  33 ff 33 33 33 ff 32 32  32 a7 55 55 55 03 00 00  |3.333.222.UUU...|
000f36c0  00 00 00 00 00 00 00 00  00 00 00 00 00 00 00 00  |................|
*
000f39d0  00 00 00 00 00 00 00 00  00 00 00 00 00 00 33 33  |..............33|
000f39e0  33 ff 33 33 33 ff 33 33  33 ff 33 33 33 ff 33 33  |3.333.333.333.33|
*
000f3a10  33 ff 33 33 33 ff 33 33  33 ff 00 00 00 00 00 00  |3.333.333.......|
000f3a20  00 00 00 00 00 00 00 00  00 00 00 00 00 00 00 00  |................|
*
000f3e10  00 00 00 00 00 00 00 00  00 00 33 33 33 ff 33 33  |..........333.33|
000f3e20  33 ff 33 33 33 ff 33 33  33 ff 33 33 33 ff 33 33  |3.333.333.333.33|
*
000f3e50  33 ff 33 33 33 ff 33 33  33 68 33 33 33 fe 33 33  |3.333.333h333.33|
000f3e60  33 ff 33 33 33 ff 33 33  33 ff 33 33 33 ff 33 33  |3.333.333.333.33|
*
000f3eb0  33 ff 32 32 32 a6 55 55  55 03 00 00 00 00 00 00  |3.222.UUU.......|
000f3ec0  00 00 00 00 00 00 00 00  00 00 00 00 00 00 00 00  |................|
*
000f41d0  00 00 00 00 00 00 00 00  00 00 00 00 00 00 33 33  |..............33|
000f41e0  33 ff 33 33 33 ff 33 33  33 ff 33 33 33 ff 33 33  |3.333.333.333.33|
*
000f4210  33 ff 33 33 33 ff 33 33  33 ff 00 00 00 00 00 00  |3.333.333.......|
000f4220  00 00 00 00 00 00 00 00  00 00 00 00 00 00 00 00  |................|
*
000f4610  00 00 00 00 00 00 00 00  00 00 33 33 33 ff 33 33  |..........333.33|
000f4620  33 ff 33 33 33 ff 33 33  33 ff 33 33 33 ff 33 33  |3.333.333.333.33|
*
000f46a0  33 ff 33 33 33 ff 33 33  33 ff 33 33 33 ff 32 32  |3.333.333.333.22|
000f46b0  32 9d 00 00 00 02 00 00  00 00 00 00 00 00 00 00  |2...............|
000f46c0  00 00 00 00 00 00 00 00  00 00 00 00 00 00 00 00  |................|
*
000f49d0  00 00 00 00 00 00 00 00  00 00 00 00 00 00 33 33  |..............33|
000f49e0  33 ff 33 33 33 ff 33 33  33 ff 33 33 33 ff 33 33  |3.333.333.333.33|
*
000f4a10  33 ff 33 33 33 ff 33 33  33 ff 00 00 00 00 00 00  |3.333.333.......|
000f4a20  00 00 00 00 00 00 00 00  00 00 00 00 00 00 00 00  |................|
*
000f4e10  00 00 00 00 00 00 00 00  00 00 33 33 33 ff 33 33  |..........333.33|
000f4e20  33 ff 33 33 33 ff 33 33  33 ff 33 33 33 ff 33 33  |3.333.333.333.33|
*
000f4ea0  33 ff 33 33 33 ff 33 33  33 ff 32 32 32 9d 00 00  |3.333.333.222...|
000f4eb0  00 02 00 00 00 00 00 00  00 00 00 00 00 00 00 00  |................|
000f4ec0  00 00 00 00 00 00 00 00  00 00 00 00 00 00 00 00  |................|
*
000f51d0  00 00 00 00 00 00 00 00  00 00 00 00 00 00 33 33  |..............33|
000f51e0  33 ff 33 33 33 ff 33 33  33 ff 33 33 33 ff 33 33  |3.333.333.333.33|
*
000f5210  33 ff 33 33 33 ff 33 33  33 ff 00 00 00 00 00 00  |3.333.333.......|
000f5220  00 00 00 00 00 00 00 00  00 00 00 00 00 00 00 00  |................|
*
000f5610  00 00 00 00 00 00 00 00  00 00 33 33 33 ff 33 33  |..........333.33|
000f5620  33 ff 33 33 33 ff 33 33  33 ff 33 33 33 ff 33 33  |3.333.333.333.33|
*
000f56a0  33 ff 33 33 33 ff 32 32  32 9d 00 00 00 02 00 00  |3.333.222.......|
000f56b0  00 00 00 00 00 00 00 00  00 00 00 00 00 00 00 00  |................|
*
000f59d0  00 00 00 00 00 00 00 00  00 00 00 00 00 00 33 33  |..............33|
000f59e0  33 ff 33 33 33 ff 33 33  33 ff 33 33 33 ff 33 33  |3.333.333.333.33|
*
000f5a10  33 ff 33 33 33 ff 33 33  33 ff 00 00 00 00 00 00  |3.333.333.......|
000f5a20  00 00 00 00 00 00 00 00  00 00 00 00 00 00 00 00  |................|
*
000f5e10  00 00 00 00 00 00 00 00  00 00 33 33 33 ff 33 33  |..........333.33|
000f5e20  33 ff 33 33 33 ff 33 33  33 ff 33 33 33 ff 33 33  |3.333.333.333.33|
*
000f5ea0  33 ff 32 32 32 9c 00 00  00 02 00 00 00 00 00 00  |3.222...........|
000f5eb0  00 00 00 00 00 00 00 00  00 00 00 00 00 00 00 00  |................|
*
000f61d0  00 00 00 00 00 00 00 00  00 00 00 00 00 00 33 33  |..............33|
000f61e0  33 ff 33 33 33 ff 33 33  33 ff 33 33 33 ff 33 33  |3.333.333.333.33|
*
000f6210  33 ff 33 33 33 ff 33 33  33 ff 00 00 00 00 00 00  |3.333.333.......|
000f6220  00 00 00 00 00 00 00 00  00 00 00 00 00 00 00 00  |................|
*
000f6610  00 00 00 00 00 00 00 00  00 00 33 33 33 ff 33 33  |..........333.33|
000f6620  33 ff 33 33 33 ff 33 33  33 ff 33 33 33 ff 33 33  |3.333.333.333.33|
*
000f6690  33 ff 33 33 33 ff 33 33  33 ff 33 33 33 ff 32 32  |3.333.333.333.22|
000f66a0  32 9c 00 00 00 02 00 00  00 00 00 00 00 00 00 00  |2...............|
000f66b0  00 00 00 00 00 00 00 00  00 00 00 00 00 00 00 00  |................|
*
000f69d0  00 00 00 00 00 00 00 00  00 00 00 00 00 00 33 33  |..............33|
000f69e0  33 ff 33 33 33 ff 33 33  33 ff 33 33 33 ff 33 33  |3.333.333.333.33|
*
000f6a10  33 ff 33 33 33 ff 33 33  33 ff 00 00 00 00 00 00  |3.333.333.......|
000f6a20  00 00 00 00 00 00 00 00  00 00 00 00 00 00 00 00  |................|
*
000f6e10  00 00 00 00 00 00 00 00  00 00 33 33 33 ff 33 33  |..........333.33|
000f6e20  33 ff 33 33 33 ff 33 33  33 ff 33 33 33 ff 33 33  |3.333.333.333.33|
*
000f6e90  33 ff 33 33 33 ff 33 33  33 ff 33 33 33 9b 00 00  |3.333.333.333...|
000f6ea0  00 02 00 00 00 00 00 00  00 00 00 00 00 00 00 00  |................|
000f6eb0  00 00 00 00 00 00 00 00  00 00 00 00 00 00 00 00  |................|
*
000f71d0  00 00 00 00 00 00 00 00  00 00 00 00 00 00 32 32  |..............22|
000f71e0  32 fc 33 33 33 ff 33 33  33 ff 33 33 33 ff 33 33  |2.333.333.333.33|
000f71f0  33 ff 33 33 33 ff 33 33  33 ff 33 33 33 ff 33 33  |3.333.333.333.33|
*
000f7210  33 ff 33 33 33 ff 33 33  33 ff 55 55 55 03 00 00  |3.333.333.UUU...|
000f7220  00 00 00 00 00 00 00 00  00 00 00 00 00 00 00 00  |................|
*
000f7610  00 00 00 00 00 00 00 00  00 00 33 33 33 ff 33 33  |..........333.33|
000f7620  33 ff 33 33 33 ff 33 33  33 ff 33 33 33 ff 33 33  |3.333.333.333.33|
*
000f7690  33 ff 33 33 33 ff 32 32  32 97 00 00 00 01 00 00  |3.333.222.......|
000f76a0  00 00 00 00 00 00 00 00  00 00 00 00 00 00 00 00  |................|
*
000f79d0  00 00 00 00 00 00 00 00  00 00 00 00 00 00 33 33  |..............33|
000f79e0  33 f0 33 33 33 ff 33 33  33 ff 33 33 33 ff 33 33  |3.333.333.333.33|
000f79f0  33 ff 33 33 33 ff 33 33  33 ff 33 33 33 ff 33 33  |3.333.333.333.33|
*
000f7a10  33 ff 33 33 33 ff 33 33  33 ff 33 33 33 0f 00 00  |3.333.333.333...|
000f7a20  00 00 00 00 00 00 00 00  00 00 00 00 00 00 00 00  |................|
*
000f7e10  00 00 00 00 00 00 00 00  00 00 33 33 33 ff 33 33  |..........333.33|
000f7e20  33 ff 33 33 33 ff 33 33  33 ff 33 33 33 ff 33 33  |3.333.333.333.33|
*
000f7e90  33 ff 33 33 33 95 00 00  00 01 00 00 00 00 00 00  |3.333...........|
000f7ea0  00 00 00 00 00 00 00 00  00 00 00 00 00 00 00 00  |................|
*
000f81d0  00 00 00 00 00 00 00 00  00 00 00 00 00 00 33 33  |..............33|
000f81e0  33 e4 33 33 33 ff 33 33  33 ff 33 33 33 ff 33 33  |3.333.333.333.33|
000f81f0  33 ff 33 33 33 ff 33 33  33 ff 33 33 33 ff 33 33  |3.333.333.333.33|
*
000f8210  33 ff 33 33 33 ff 33 33  33 ff 34 34 34 2c 00 00  |3.333.333.444,..|
000f8220  00 00 00 00 00 00 00 00  00 00 00 00 00 00 00 00  |................|
*
000f8610  00 00 00 00 00 00 00 00  00 00 33 33 33 ff 33 33  |..........333.33|
000f8620  33 ff 33 33 33 ff 33 33  33 ff 33 33 33 ff 33 33  |3.333.333.333.33|
*
000f8690  33 9a 00 00 00 01 00 00  00 00 00 00 00 00 00 00  |3...............|
000f86a0  00 00 00 00 00 00 00 00  00 00 00 00 00 00 00 00  |................|
*
000f89d0  00 00 00 00 00 00 00 00  00 00 00 00 00 00 32 32  |..............22|
000f89e0  32 d3 33 33 33 ff 33 33  33 ff 33 33 33 ff 33 33  |2.333.333.333.33|
000f89f0  33 ff 33 33 33 ff 33 33  33 ff 33 33 33 ff 33 33  |3.333.333.333.33|
*
000f8a10  33 ff 33 33 33 ff 33 33  33 ff 32 32 32 5b 00 00  |3.333.333.222[..|
000f8a20  00 00 00 00 00 00 00 00  00 00 00 00 00 00 00 00  |................|
*
000f8e10  00 00 00 00 00 00 00 00  00 00 33 33 33 ff 33 33  |..........333.33|
000f8e20  33 ff 33 33 33 ff 33 33  33 ff 33 33 33 ff 33 33  |3.333.333.333.33|
*
000f8e80  33 ff 33 33 33 ff 33 33  33 ff 32 32 32 93 00 00  |3.333.333.222...|
000f8e90  00 01 00 00 00 00 00 00  00 00 00 00 00 00 00 00  |................|
000f8ea0  00 00 00 00 00 00 00 00  00 00 00 00 00 00 00 00  |................|
*
000f91d0  00 00 00 00 00 00 00 00  00 00 00 00 00 00 33 33  |..............33|
000f91e0  33 ae 33 33 33 ff 33 33  33 ff 33 33 33 ff 33 33  |3.333.333.333.33|
000f91f0  33 ff 33 33 33 ff 33 33  33 ff 33 33 33 ff 33 33  |3.333.333.333.33|
*
000f9210  33 ff 33 33 33 ff 33 33  33 ff 33 33 33 a0 00 00  |3.333.333.333...|
000f9220  00 00 00 00 00 00 00 00  00 00 00 00 00 00 00 00  |................|
*
000f9610  00 00 00 00 00 00 00 00  00 00 33 33 33 ff 33 33  |..........333.33|
000f9620  33 ff 33 33 33 ff 33 33  33 ff 33 33 33 ff 33 33  |3.333.333.333.33|
*
000f9680  33 ff 33 33 33 ff 32 32  32 92 00 00 00 01 00 00  |3.333.222.......|
000f9690  00 00 00 00 00 00 00 00  00 00 00 00 00 00 00 00  |................|
*
000f99d0  00 00 00 00 00 00 00 00  00 00 00 00 00 00 33 33  |..............33|
000f99e0  33 87 33 33 33 ff 33 33  33 ff 33 33 33 ff 33 33  |3.333.333.333.33|
000f99f0  33 ff 33 33 33 ff 33 33  33 ff 33 33 33 ff 33 33  |3.333.333.333.33|
*
000f9a10  33 ff 33 33 33 ff 33 33  33 ff 33 33 33 f0 2e 2e  |3.333.333.333...|
000f9a20  2e 0b 00 00 00 00 00 00  00 00 00 00 00 00 00 00  |................|
000f9a30  00 00 00 00 00 00 00 00  00 00 00 00 00 00 00 00  |................|
*
000f9e10  00 00 00 00 00 00 00 00  00 00 33 33 33 ff 33 33  |..........333.33|
000f9e20  33 ff 33 33 33 ff 33 33  33 ff 33 33 33 ff 33 33  |3.333.333.333.33|
*
000f9e80  33 ff 32 32 32 98 00 00  00 01 00 00 00 00 00 00  |3.222...........|
000f9e90  00 00 00 00 00 00 00 00  00 00 00 00 00 00 00 00  |................|
*
000fa1d0  00 00 00 00 00 00 00 00  00 00 00 00 00 00 32 32  |..............22|
000fa1e0  32 5b 33 33 33 ff 33 33  33 ff 33 33 33 ff 33 33  |2[333.333.333.33|
000fa1f0  33 ff 33 33 33 ff 33 33  33 ff 33 33 33 ff 33 33  |3.333.333.333.33|
*
000fa210  33 ff 33 33 33 ff 33 33  33 ff 33 33 33 ff 32 32  |3.333.333.333.22|
000fa220  32 70 00 00 00 00 00 00  00 00 00 00 00 00 00 00  |2p..............|
000fa230  00 00 00 00 00 00 00 00  00 00 00 00 00 00 00 00  |................|
*
000fa610  00 00 00 00 00 00 00 00  00 00 33 33 33 ff 33 33  |..........333.33|
000fa620  33 ff 33 33 33 ff 33 33  33 ff 33 33 33 ff 33 33  |3.333.333.333.33|
*
000fa680  33 8f 00 00 00 01 00 00  00 00 00 00 00 00 00 00  |3...............|
000fa690  00 00 00 00 00 00 00 00  00 00 00 00 00 00 00 00  |................|
*
000fa9d0  00 00 00 00 00 00 00 00  00 00 00 00 00 00 31 31  |..............11|
000fa9e0  31 1a 33 33 33 ff 33 33  33 ff 33 33 33 ff 33 33  |1.333.333.333.33|
000fa9f0  33 ff 33 33 33 ff 33 33  33 ff 33 33 33 ff 33 33  |3.333.333.333.33|
*
000faa10  33 ff 33 33 33 ff 33 33  33 ff 33 33 33 ff 32 32  |3.333.333.333.22|
000faa20  32 f1 35 35 35 18 00 00  00 00 00 00 00 00 00 00  |2.555...........|
000faa30  00 00 00 00 00 00 00 00  00 00 00 00 00 00 00 00  |................|
*
000fae10  00 00 00 00 00 00 00 00  00 00 33 33 33 ff 33 33  |..........333.33|
000fae20  33 ff 33 33 33 ff 33 33  33 ff 33 33 33 ff 33 33  |3.333.333.333.33|
*
000fae70  33 ff 33 33 33 ff 33 33  33 ff 33 33 33 8f 00 00  |3.333.333.333...|
000fae80  00 01 00 00 00 00 00 00  00 00 00 00 00 00 00 00  |................|
000fae90  00 00 00 00 00 00 00 00  00 00 00 00 00 00 00 00  |................|
*
000fb1e0  00 00 33 33 33 d7 33 33  33 ff 33 33 33 ff 33 33  |..333.333.333.33|
000fb1f0  33 ff 33 33 33 ff 33 33  33 ff 33 33 33 ff 33 33  |3.333.333.333.33|
*
000fb220  33 ff 33 33 33 9f 00 00  00 00 00 00 00 00 00 00  |3.333...........|
000fb230  00 00 00 00 00 00 00 00  00 00 00 00 00 00 00 00  |................|
*
000fb610  00 00 00 00 00 00 00 00  00 00 33 33 33 ff 33 33  |..........333.33|
000fb620  33 ff 33 33 33 ff 33 33  33 ff 33 33 33 ff 33 33  |3.333.333.333.33|
*
000fb670  33 ff 33 33 33 ff 32 32  32 8d 00 00 00 00 00 00  |3.333.222.......|
000fb680  00 00 00 00 00 00 00 00  00 00 00 00 00 00 00 00  |................|
*
000fb9e0  00 00 32 32 32 8e 33 33  33 ff 33 33 33 ff 33 33  |..222.333.333.33|
000fb9f0  33 ff 33 33 33 ff 33 33  33 ff 33 33 33 ff 33 33  |3.333.333.333.33|
*
000fba20  33 ff 33 33 33 ff 33 33  33 73 00 00 00 00 00 00  |3.333.333s......|
000fba30  00 00 00 00 00 00 00 00  00 00 00 00 00 00 00 00  |................|
*
000fbe10  00 00 00 00 00 00 00 00  00 00 33 33 33 ff 33 33  |..........333.33|
000fbe20  33 ff 33 33 33 ff 33 33  33 ff 33 33 33 ff 33 33  |3.333.333.333.33|
*
000fbe70  33 ff 33 33 33 8c 00 00  00 00 00 00 00 00 00 00  |3.333...........|
000fbe80  00 00 00 00 00 00 00 00  00 00 00 00 00 00 00 00  |................|
*
000fc1e0  00 00 30 30 30 2f 33 33  33 ff 33 33 33 ff 33 33  |..000/333.333.33|
000fc1f0  33 ff 33 33 33 ff 33 33  33 ff 33 33 33 ff 33 33  |3.333.333.333.33|
*
000fc220  33 ff 33 33 33 ff 33 33  33 fe 33 33 33 5e 00 00  |3.333.333.333^..|
000fc230  00 00 00 00 00 00 00 00  00 00 00 00 00 00 00 00  |................|
*
000fc610  00 00 00 00 00 00 34 34  34 27 33 33 33 ff 33 33  |......444'333.33|
000fc620  33 ff 33 33 33 ff 33 33  33 ff 33 33 33 ff 33 33  |3.333.333.333.33|
*
000fc670  33 8b 00 00 00 00 00 00  00 00 00 00 00 00 00 00  |3...............|
000fc680  00 00 00 00 00 00 00 00  00 00 00 00 00 00 00 00  |................|
*
000fc9e0  00 00 00 00 00 00 32 32  32 ce 33 33 33 ff 33 33  |......222.333.33|
000fc9f0  33 ff 33 33 33 ff 33 33  33 ff 33 33 33 ff 33 33  |3.333.333.333.33|
*
000fca20  33 ff 33 33 33 ff 33 33  33 ff 33 33 33 fe 33 33  |3.333.333.333.33|
000fca30  33 91 33 33 33 05 00 00  00 00 00 00 00 00 00 00  |3.333...........|
000fca40  00 00 00 00 00 00 00 00  00 00 00 00 00 00 00 00  |................|
*
000fce10  00 00 34 34 34 2c 33 33  33 e6 33 33 33 ff 33 33  |..444,333.333.33|
000fce20  33 ff 33 33 33 ff 33 33  33 ff 33 33 33 ff 33 33  |3.333.333.333.33|
*
000fce60  33 ff 33 33 33 ff 33 33  33 ff 33 33 33 8c 00 00  |3.333.333.333...|
000fce70  00 00 00 00 00 00 00 00  00 00 00 00 00 00 00 00  |................|
*
000fd1e0  00 00 00 00 00 00 32 32  32 60 33 33 33 ff 33 33  |......222`333.33|
000fd1f0  33 ff 33 33 33 ff 33 33  33 ff 33 33 33 ff 33 33  |3.333.333.333.33|
*
000fd230  33 ff 32 32 32 c0 31 31  31 29 00 00 00 00 00 00  |3.222.111)......|
000fd240  00 00 00 00 00 00 00 00  00 00 00 00 00 00 00 00  |................|
*
000fd600  00 00 00 00 00 00 00 00  00 00 00 00 00 00 33 33  |..............33|
000fd610  33 3b 33 33 33 ef 33 33  33 ff 33 33 33 ff 33 33  |3;333.333.333.33|
000fd620  33 ff 33 33 33 ff 33 33  33 ff 33 33 33 ff 33 33  |3.333.333.333.33|
*
000fd660  33 ff 33 33 33 ff 32 32  32 88 00 00 00 00 00 00  |3.333.222.......|
000fd670  00 00 00 00 00 00 00 00  00 00 00 00 00 00 00 00  |................|
*
000fd9e0  00 00 00 00 00 00 3f 3f  3f 04 33 33 33 dc 33 33  |......???.333.33|
000fd9f0  33 ff 33 33 33 ff 33 33  33 ff 33 33 33 ff 33 33  |3.333.333.333.33|
*
000fda30  33 ff 33 33 33 ff 33 33  33 fd 32 32 32 a7 34 34  |3.333.333.222.44|
000fda40  34 2c 00 00 00 00 00 00  00 00 00 00 00 00 00 00  |4,..............|
000fda50  00 00 00 00 00 00 00 00  00 00 00 00 00 00 00 00  |................|
*
000fde00  00 00 00 00 00 00 00 00  00 00 32 32 32 47 33 33  |..........222G33|
000fde10  33 f5 33 33 33 ff 33 33  33 ff 33 33 33 ff 33 33  |3.333.333.333.33|
000fde20  33 ff 33 33 33 ff 33 33  33 ff 33 33 33 ff 33 33  |3.333.333.333.33|
*
000fde60  33 ff 33 33 33 87 00 00  00 00 00 00 00 00 00 00  |3.333...........|
000fde70  00 00 00 00 00 00 00 00  00 00 00 00 00 00 00 00  |................|
*
000fe1e0  00 00 00 00 00 00 00 00  00 00 32 32 32 60 33 33  |..........222`33|
000fe1f0  33 ff 33 33 33 ff 33 33  33 ff 33 33 33 ff 33 33  |3.333.333.333.33|
*
000fe240  33 ff 32 32 32 d9 33 33  33 90 33 33 33 4f 30 30  |3.222.333.333O00|
000fe250  30 2f 33 33 33 19 3f 3f  3f 04 00 00 00 00 00 00  |0/333.???.......|
000fe260  00 00 00 00 00 00 00 00  00 00 00 00 00 00 00 00  |................|
*
000fe600  00 00 00 00 00 00 33 33  33 54 33 33 33 f9 33 33  |......333T333.33|
000fe610  33 ff 33 33 33 ff 33 33  33 ff 33 33 33 ff 33 33  |3.333.333.333.33|
*
000fe660  33 86 00 00 00 00 00 00  00 00 00 00 00 00 00 00  |3...............|
000fe670  00 00 00 00 00 00 00 00  00 00 00 00 00 00 00 00  |................|
*
000fe9e0  00 00 00 00 00 00 00 00  00 00 00 00 00 02 32 32  |..............22|
000fe9f0  32 c4 33 33 33 ff 33 33  33 ff 33 33 33 ff 33 33  |2.333.333.333.33|
000fea00  33 ff 33 33 33 ff 33 33  33 ff 33 33 33 ff 33 33  |3.333.333.333.33|
*
000fee50  33 ff 33 33 33 ff 33 33  33 ff 33 33 33 8a 00 00  |3.333.333.333...|
000fee60  00 00 00 00 00 00 00 00  00 00 00 00 00 00 00 00  |................|
*
000ff1e0  00 00 00 00 00 00 00 00  00 00 00 00 00 00 33 33  |..............33|
000ff1f0  33 28 33 33 33 f8 33 33  33 ff 33 33 33 ff 33 33  |3(333.333.333.33|
000ff200  33 ff 33 33 33 ff 33 33  33 ff 33 33 33 ff 33 33  |3.333.333.333.33|
*
000ff650  33 ff 33 33 33 ff 32 32  32 89 00 00 00 00 00 00  |3.333.222.......|
000ff660  00 00 00 00 00 00 00 00  00 00 00 00 00 00 00 00  |................|
*
000ff9f0  00 00 32 32 32 75 33 33  33 ff 33 33 33 ff 33 33  |..222u333.333.33|
000ffa00  33 ff 33 33 33 ff 33 33  33 ff 33 33 33 ff 33 33  |3.333.333.333.33|
*
000ffe50  33 ff 33 33 33 82 00 00  00 00 00 00 00 00 00 00  |3.333...........|
000ffe60  00 00 00 00 00 00 00 00  00 00 00 00 00 00 00 00  |................|
*
001001f0  00 00 00 00 00 01 32 32  32 ab 33 33 33 ff 33 33  |......222.333.33|
00100200  33 ff 33 33 33 ff 33 33  33 ff 33 33 33 ff 33 33  |3.333.333.333.33|
*
00100640  33 ff 33 33 33 ff 33 33  33 ff 33 33 33 ff 32 32  |3.333.333.333.22|
00100650  32 88 00 00 00 00 00 00  00 00 00 00 00 00 00 00  |2...............|
00100660  00 00 00 00 00 00 00 00  00 00 00 00 00 00 00 00  |................|
*
001009f0  00 00 00 00 00 00 36 36  36 0e 33 33 33 d0 33 33  |......666.333.33|
00100a00  33 ff 33 33 33 ff 33 33  33 ff 33 33 33 ff 33 33  |3.333.333.333.33|
*
00100e40  33 ff 33 33 33 ff 33 33  33 ff 32 32 32 7f 00 00  |3.333.333.222...|
00100e50  00 00 00 00 00 00 00 00  00 00 00 00 00 00 00 00  |................|
*
001011f0  00 00 00 00 00 00 00 00  00 00 30 30 30 15 33 33  |..........000.33|
00101200  33 d6 33 33 33 ff 33 33  33 ff 33 33 33 ff 33 33  |3.333.333.333.33|
00101210  33 ff 33 33 33 ff 33 33  33 ff 33 33 33 ff 33 33  |3.333.333.333.33|
*
00101640  33 ff 33 33 33 ff 32 32  32 7f 00 00 00 00 00 00  |3.333.222.......|
00101650  00 00 00 00 00 00 00 00  00 00 00 00 00 00 00 00  |................|
*
001019f0  00 00 00 00 00 00 00 00  00 00 00 00 00 00 36 36  |..............66|
00101a00  36 1c 33 33 33 d7 33 33  33 ff 33 33 33 ff 33 33  |6.333.333.333.33|
00101a10  33 ff 33 33 33 ff 33 33  33 ff 33 33 33 ff 33 33  |3.333.333.333.33|
*
00101e40  33 ff 33 33 33 7d 00 00  00 00 00 00 00 00 00 00  |3.333}..........|
00101e50  00 00 00 00 00 00 00 00  00 00 00 00 00 00 00 00  |................|
*
00102200  00 00 2d 2d 2d 11 32 32  32 c0 33 33 33 ff 33 33  |..---.222.333.33|
00102210  33 ff 33 33 33 ff 33 33  33 ff 33 33 33 ff 33 33  |3.333.333.333.33|
*
00102630  33 ff 33 33 33 ff 33 33  33 ff 33 33 33 ff 32 32  |3.333.333.333.22|
00102640  32 7e 00 00 00 00 00 00  00 00 00 00 00 00 00 00  |2~..............|
00102650  00 00 00 00 00 00 00 00  00 00 00 00 00 00 00 00  |................|
*
00102a00  00 00 00 00 00 00 24 24  24 07 33 33 33 9a 33 33  |......$$$.333.33|
00102a10  33 ff 33 33 33 ff 33 33  33 ff 33 33 33 ff 33 33  |3.333.333.333.33|
*
00102e30  33 ff 33 33 33 ff 33 33  33 ff 32 32 32 7a 00 00  |3.333.333.222z..|
00102e40  00 00 00 00 00 00 00 00  00 00 00 00 00 00 00 00  |................|
*
00103200  00 00 00 00 00 00 00 00  00 00 00 00 00 00 32 32  |..............22|
00103210  32 51 32 32 32 ec 33 33  33 ff 33 33 33 ff 33 33  |2Q222.333.333.33|
00103220  33 ff 33 33 33 ff 33 33  33 ff 33 33 33 ff 33 33  |3.333.333.333.33|
*
00103630  33 ff 33 33 33 ff 33 33  33 7d 00 00 00 00 00 00  |3.333.333}......|
00103640  00 00 00 00 00 00 00 00  00 00 00 00 00 00 00 00  |................|
*
00103a10  00 00 35 35 35 18 33 33  33 9e 33 33 33 fd 33 33  |..555.333.333.33|
00103a20  33 ff 33 33 33 ff 33 33  33 ff 33 33 33 ff 33 33  |3.333.333.333.33|
*
00103e30  33 ff 33 33 33 77 00 00  00 00 00 00 00 00 00 00  |3.333w..........|
00103e40  00 00 00 00 00 00 00 00  00 00 00 00 00 00 00 00  |................|
*
00104210  00 00 00 00 00 00 00 00  00 00 31 31 31 34 33 33  |..........111433|
00104220  33 b8 33 33 33 fe 33 33  33 ff 33 33 33 ff 33 33  |3.333.333.333.33|
00104230  33 ff 33 33 33 ff 33 33  33 ff 33 33 33 ff 33 33  |3.333.333.333.33|
*
00104630  33 76 00 00 00 00 00 00  00 00 00 00 00 00 00 00  |3v..............|
00104640  00 00 00 00 00 00 00 00  00 00 00 00 00 00 00 00  |................|
*
00104a20  00 00 31 31 31 2e 33 33  33 a0 33 33 33 f5 33 33  |..111.333.333.33|
00104a30  33 ff 33 33 33 ff 33 33  33 ff 33 33 33 ff 33 33  |3.333.333.333.33|
*
00104e20  33 ff 33 33 33 ff 33 33  33 ff 32 32 32 75 00 00  |3.333.333.222u..|
00104e30  00 00 00 00 00 00 00 00  00 00 00 00 00 00 00 00  |................|
*
00105220  00 00 00 00 00 00 00 00  00 00 2a 2a 2a 0c 33 33  |..........***.33|
00105230  33 5a 32 32 32 b0 33 33  33 ef 33 33 33 ff 33 33  |3Z222.333.333.33|
00105240  33 ff 33 33 33 ff 33 33  33 ff 33 33 33 ff 33 33  |3.333.333.333.33|
*
00105620  33 ff 33 33 33 ff 32 32  32 74 00 00 00 00 00 00  |3.333.222t......|
00105630  00 00 00 00 00 00 00 00  00 00 00 00 00 00 00 00  |................|
*
00105a30  00 00 00 00 00 00 00 00  00 02 35 35 35 30 32 32  |..........555022|
00105a40  32 6a 32 32 32 92 33 33  33 b7 32 32 32 d8 32 32  |2j222.333.222.22|
00105a50  32 e7 33 33 33 f0 33 33  33 ff 33 33 33 ff 33 33  |2.333.333.333.33|
00105a60  33 ff 33 33 33 ff 33 33  33 ff 33 33 33 ff 33 33  |3.333.333.333.33|
*
00105e20  33 ff 33 33 33 73 00 00  00 00 00 00 00 00 00 00  |3.333s..........|
00105e30  00 00 00 00 00 00 00 00  00 00 00 00 00 00 00 00  |................|
*
0010a800  2e 20 20 20 20 20 20 20  20 20 20 10 00 63 71 40  |.          ..cq@|
0010a810  61 5b 61 5b 00 00 71 40  61 5b 04 02 00 00 00 00  |a[a[..q@a[......|
0010a820  2e 2e 20 20 20 20 20 20  20 20 20 10 00 63 71 40  |..         ..cq@|
0010a830  61 5b 61 5b 00 00 71 40  61 5b 00 00 00 00 00 00  |a[a[..q@a[......|
0010a840  00 00 00 00 00 00 00 00  00 00 00 00 00 00 00 00  |................|
*
0010b000  74 65 78 74 0a 00 00 00  00 00 00 00 00 00 00 00  |text............|
0010b010  00 00 00 00 00 00 00 00  00 00 00 00 00 00 00 00  |................|
*
00a00000
