00000000  eb 58 90 6d 6b 66 73 2e  66 61 74 00 02 01 20 00  |.X.mkfs.fat... .|
00000010  02 00 00 00 00 f8 00 00  20 00 08 00 00 00 00 00  |........ .......|
00000020  00 90 01 00 14 03 00 00  00 00 00 00 02 00 00 00  |................|
00000030  01 00 06 00 00 00 00 00  00 00 00 00 00 00 00 00  |................|
00000040  80 00 29 61 10 85 e4 4e  4f 20 4e 41 4d 45 20 20  |..)a...NO NAME  |
00000050  20 20 46 41 54 33 32 20  20 20 0e 1f be 77 7c ac  |  FAT32   ...w|.|
00000060  22 c0 74 0b 56 b4 0e bb  07 00 cd 10 5e eb f0 32  |".t.V.......^..2|
00000070  e4 cd 16 cd 19 eb fe 54  68 69 73 20 69 73 20 6e  |.......This is n|
00000080  6f 74 20 61 20 62 6f 6f  74 61 62 6c 65 20 64 69  |ot a bootable di|
00000090  73 6b 2e 20 20 50 6c 65  61 73 65 20 69 6e 73 65  |sk.  Please inse|
000000a0  72 74 20 61 20 62 6f 6f  74 61 62 6c 65 20 66 6c  |rt a bootable fl|
000000b0  6f 70 70 79 20 61 6e 64  0d 0a 70 72 65 73 73 20  |oppy and..press |
000000c0  61 6e 79 20 6b 65 79 20  74 6f 20 74 72 79 20 61  |any key to try a|
000000d0  67 61 69 6e 20 2e 2e 2e  20 0d 0a 00 00 00 00 00  |gain ... .......|
000000e0  00 00 00 00 00 00 00 00  00 00 00 00 00 00 00 00  |................|
*
000001f0  00 00 00 00 00 00 00 00  00 00 00 00 00 00 55 aa  |..............U.|
00000200  52 52 61 41 00 00 00 00  00 00 00 00 00 00 00 00  |RRaA............|
00000210  00 00 00 00 00 00 00 00  00 00 00 00 00 00 00 00  |................|
*
000003e0  00 00 00 00 72 72 41 61  b5 81 01 00 05 08 00 00  |....rrAa........|
000003f0  00 00 00 00 00 00 00 00  00 00 00 00 00 00 55 aa  |..............U.|
00000400  00 00 00 00 00 00 00 00  00 00 00 00 00 00 00 00  |................|
*
00000c00  eb 58 90 6d 6b 66 73 2e  66 61 74 00 02 01 20 00  |.X.mkfs.fat... .|
00000c10  02 00 00 00 00 f8 00 00  20 00 08 00 00 00 00 00  |........ .......|
00000c20  00 90 01 00 14 03 00 00  00 00 00 00 02 00 00 00  |................|
00000c30  01 00 06 00 00 00 00 00  00 00 00 00 00 00 00 00  |................|
00000c40  80 00 29 61 10 85 e4 4e  4f 20 4e 41 4d 45 20 20  |..)a...NO NAME  |
00000c50  20 20 46 41 54 33 32 20  20 20 0e 1f be 77 7c ac  |  FAT32   ...w|.|
00000c60  22 c0 74 0b 56 b4 0e bb  07 00 cd 10 5e eb f0 32  |".t.V.......^..2|
00000c70  e4 cd 16 cd 19 eb fe 54  68 69 73 20 69 73 20 6e  |.......This is n|
00000c80  6f 74 20 61 20 62 6f 6f  74 61 62 6c 65 20 64 69  |ot a bootable di|
00000c90  73 6b 2e 20 20 50 6c 65  61 73 65 20 69 6e 73 65  |sk.  Please inse|
00000ca0  72 74 20 61 20 62 6f 6f  74 61 62 6c 65 20 66 6c  |rt a bootable fl|
00000cb0  6f 70 70 79 20 61 6e 64  0d 0a 70 72 65 73 73 20  |oppy and..press |
00000cc0  61 6e 79 20 6b 65 79 20  74 6f 20 74 72 79 20 61  |any key to try a|
00000cd0  67 61 69 6e 20 2e 2e 2e  20 0d 0a 00 00 00 00 00  |gain ... .......|
00000ce0  00 00 00 00 00 00 00 00  00 00 00 00 00 00 00 00  |................|
*
00000df0  00 00 00 00 00 00 00 00  00 00 00 00 00 00 55 aa  |..............U.|
00000e00  52 52 61 41 00 00 00 00  00 00 00 00 00 00 00 00  |RRaA............|
00000e10  00 00 00 00 00 00 00 00  00 00 00 00 00 00 00 00  |................|
*
00000fe0  00 00 00 00 72 72 41 61  b7 89 01 00 02 00 00 00  |....rrAa........|
00000ff0  00 00 00 00 00 00 00 00  00 00 00 00 00 00 55 aa  |..............U.|
00001000  00 00 00 00 00 00 00 00  00 00 00 00 00 00 00 00  |................|
*
00004000  f8 ff ff 0f ff ff ff 0f  f8 ff ff 0f ff ff ff 0f  |................|
00004010  00 00 00 00 06 00 00 00  07 00 00 00 08 00 00 00  |................|
00004020  09 00 00 00 0a 00 00 00  0b 00 00 00 0c 00 00 00  |................|
00004030  0d 00 00 00 0e 00 00 00  0f 00 00 00 10 00 00 00  |................|
00004040  11 00 00 00 12 00 00 00  13 00 00 00 14 00 00 00  |................|
00004050  15 00 00 00 16 00 00 00  17 00 00 00 18 00 00 00  |................|
00004060  19 00 00 00 1a 00 00 00  1b 00 00 00 1c 00 00 00  |................|
00004070  1d 00 00 00 1e 00 00 00  1f 00 00 00 20 00 00 00  |............ ...|
00004080  21 00 00 00 22 00 00 00  23 00 00 00 24 00 00 00  |!..."...#...$...|
00004090  25 00 00 00 26 00 00 00  27 00 00 00 28 00 00 00  |%...&...'...(...|
000040a0  29 00 00 00 2a 00 00 00  2b 00 00 00 2c 00 00 00  |)...*...+...,...|
000040b0  2d 00 00 00 2e 00 00 00  2f 00 00 00 30 00 00 00  |-......./...0...|
000040c0  31 00 00 00 32 00 00 00  33 00 00 00 34 00 00 00  |1...2...3...4...|
000040d0  35 00 00 00 36 00 00 00  37 00 00 00 38 00 00 00  |5...6...7...8...|
000040e0  39 00 00 00 3a 00 00 00  3b 00 00 00 3c 00 00 00  |9...:...;...<...|
000040f0  3d 00 00 00 3e 00 00 00  3f 00 00 00 40 00 00 00  |=...>...?...@...|
00004100  41 00 00 00 42 00 00 00  43 00 00 00 44 00 00 00  |A...B...C...D...|
00004110  45 00 00 00 46 00 00 00  47 00 00 00 48 00 00 00  |E...F...G...H...|
00004120  49 00 00 00 4a 00 00 00  4b 00 00 00 4c 00 00 00  |I...J...K...L...|
00004130  4d 00 00 00 4e 00 00 00  4f 00 00 00 50 00 00 00  |M...N...O...P...|
00004140  51 00 00 00 52 00 00 00  53 00 00 00 54 00 00 00  |Q...R...S...T...|
00004150  55 00 00 00 56 00 00 00  57 00 00 00 58 00 00 00  |U...V...W...X...|
00004160  59 00 00 00 5a 00 00 00  5b 00 00 00 5c 00 00 00  |Y...Z...[...\...|
00004170  5d 00 00 00 5e 00 00 00  5f 00 00 00 60 00 00 00  |]...^..._...`...|
00004180  61 00 00 00 62 00 00 00  63 00 00 00 64 00 00 00  |a...b...c...d...|
00004190  65 00 00 00 66 00 00 00  67 00 00 00 68 00 00 00  |e...f...g...h...|
000041a0  69 00 00 00 6a 00 00 00  6b 00 00 00 6c 00 00 00  |i...j...k...l...|
000041b0  6d 00 00 00 6e 00 00 00  6f 00 00 00 70 00 00 00  |m...n...o...p...|
000041c0  71 00 00 00 72 00 00 00  73 00 00 00 74 00 00 00  |q...r...s...t...|
000041d0  75 00 00 00 76 00 00 00  77 00 00 00 78 00 00 00  |u...v...w...x...|
000041e0  79 00 00 00 7a 00 00 00  7b 00 00 00 7c 00 00 00  |y...z...{...|...|
000041f0  7d 00 00 00 7e 00 00 00  7f 00 00 00 80 00 00 00  |}...~...........|
00004200  81 00 00 00 82 00 00 00  83 00 00 00 84 00 00 00  |................|
00004210  85 00 00 00 86 00 00 00  87 00 00 00 88 00 00 00  |................|
00004220  89 00 00 00 8a 00 00 00  8b 00 00 00 8c 00 00 00  |................|
00004230  8d 00 00 00 8e 00 00 00  8f 00 00 00 90 00 00 00  |................|
00004240  91 00 00 00 92 00 00 00  93 00 00 00 94 00 00 00  |................|
00004250  95 00 00 00 96 00 00 00  97 00 00 00 98 00 00 00  |................|
00004260  99 00 00 00 9a 00 00 00  9b 00 00 00 9c 00 00 00  |................|
00004270  9d 00 00 00 9e 00 00 00  9f 00 00 00 a0 00 00 00  |................|
00004280  a1 00 00 00 a2 00 00 00  a3 00 00 00 a4 00 00 00  |................|
00004290  a5 00 00 00 a6 00 00 00  a7 00 00 00 a8 00 00 00  |................|
000042a0  a9 00 00 00 aa 00 00 00  ab 00 00 00 ac 00 00 00  |................|
000042b0  ad 00 00 00 ae 00 00 00  af 00 00 00 b0 00 00 00  |................|
000042c0  b1 00 00 00 b2 00 00 00  b3 00 00 00 b4 00 00 00  |................|
000042d0  b5 00 00 00 b6 00 00 00  b7 00 00 00 b8 00 00 00  |................|
000042e0  b9 00 00 00 ba 00 00 00  bb 00 00 00 bc 00 00 00  |................|
000042f0  bd 00 00 00 be 00 00 00  bf 00 00 00 c0 00 00 00  |................|
00004300  c1 00 00 00 c2 00 00 00  c3 00 00 00 c4 00 00 00  |................|
00004310  c5 00 00 00 c6 00 00 00  c7 00 00 00 c8 00 00 00  |................|
00004320  c9 00 00 00 ca 00 00 00  cb 00 00 00 cc 00 00 00  |................|
00004330  cd 00 00 00 ce 00 00 00  cf 00 00 00 d0 00 00 00  |................|
00004340  d1 00 00 00 d2 00 00 00  d3 00 00 00 d4 00 00 00  |................|
00004350  d5 00 00 00 d6 00 00 00  d7 00 00 00 d8 00 00 00  |................|
00004360  d9 00 00 00 da 00 00 00  db 00 00 00 dc 00 00 00  |................|
00004370  dd 00 00 00 de 00 00 00  df 00 00 00 e0 00 00 00  |................|
00004380  e1 00 00 00 e2 00 00 00  e3 00 00 00 e4 00 00 00  |................|
00004390  e5 00 00 00 e6 00 00 00  e7 00 00 00 e8 00 00 00  |................|
000043a0  e9 00 00 00 ea 00 00 00  eb 00 00 00 ec 00 00 00  |................|
000043b0  ed 00 00 00 ee 00 00 00  ef 00 00 00 f0 00 00 00  |................|
000043c0  f1 00 00 00 f2 00 00 00  f3 00 00 00 f4 00 00 00  |................|
000043d0  f5 00 00 00 f6 00 00 00  f7 00 00 00 f8 00 00 00  |................|
000043e0  f9 00 00 00 fa 00 00 00  fb 00 00 00 fc 00 00 00  |................|
000043f0  fd 00 00 00 fe 00 00 00  ff 00 00 00 00 01 00 00  |................|
00004400  01 01 00 00 02 01 00 00  03 01 00 00 04 01 00 00  |................|
00004410  05 01 00 00 06 01 00 00  07 01 00 00 08 01 00 00  |................|
00004420  09 01 00 00 0a 01 00 00  0b 01 00 00 0c 01 00 00  |................|
00004430  0d 01 00 00 0e 01 00 00  0f 01 00 00 10 01 00 00  |................|
00004440  11 01 00 00 12 01 00 00  13 01 00 00 14 01 00 00  |................|
00004450  15 01 00 00 16 01 00 00  17 01 00 00 18 01 00 00  |................|
00004460  19 01 00 00 1a 01 00 00  1b 01 00 00 1c 01 00 00  |................|
00004470  1d 01 00 00 1e 01 00 00  1f 01 00 00 20 01 00 00  |............ ...|
00004480  21 01 00 00 22 01 00 00  23 01 00 00 24 01 00 00  |!..."...#...$...|
00004490  25 01 00 00 26 01 00 00  27 01 00 00 28 01 00 00  |%...&...'...(...|
000044a0  29 01 00 00 2a 01 00 00  2b 01 00 00 2c 01 00 00  |)...*...+...,...|
000044b0  2d 01 00 00 2e 01 00 00  2f 01 00 00 30 01 00 00  |-......./...0...|
000044c0  31 01 00 00 32 01 00 00  33 01 00 00 34 01 00 00  |1...2...3...4...|
000044d0  35 01 00 00 36 01 00 00  37 01 00 00 38 01 00 00  |5...6...7...8...|
000044e0  39 01 00 00 3a 01 00 00  3b 01 00 00 3c 01 00 00  |9...:...;...<...|
000044f0  3d 01 00 00 3e 01 00 00  3f 01 00 00 40 01 00 00  |=...>...?...@...|
00004500  41 01 00 00 42 01 00 00  43 01 00 00 44 01 00 00  |A...B...C...D...|
00004510  45 01 00 00 46 01 00 00  47 01 00 00 48 01 00 00  |E...F...G...H...|
00004520  49 01 00 00 4a 01 00 00  4b 01 00 00 4c 01 00 00  |I...J...K...L...|
00004530  4d 01 00 00 4e 01 00 00  4f 01 00 00 50 01 00 00  |M...N...O...P...|
00004540  51 01 00 00 52 01 00 00  53 01 00 00 54 01 00 00  |Q...R...S...T...|
00004550  55 01 00 00 56 01 00 00  57 01 00 00 58 01 00 00  |U...V...W...X...|
00004560  59 01 00 00 5a 01 00 00  5b 01 00 00 5c 01 00 00  |Y...Z...[...\...|
00004570  5d 01 00 00 5e 01 00 00  5f 01 00 00 60 01 00 00  |]...^..._...`...|
00004580  61 01 00 00 62 01 00 00  63 01 00 00 64 01 00 00  |a...b...c...d...|
00004590  65 01 00 00 66 01 00 00  67 01 00 00 68 01 00 00  |e...f...g...h...|
000045a0  69 01 00 00 6a 01 00 00  6b 01 00 00 6c 01 00 00  |i...j...k...l...|
000045b0  6d 01 00 00 6e 01 00 00  6f 01 00 00 70 01 00 00  |m...n...o...p...|
000045c0  71 01 00 00 72 01 00 00  73 01 00 00 74 01 00 00  |q...r...s...t...|
000045d0  75 01 00 00 76 01 00 00  77 01 00 00 78 01 00 00  |u...v...w...x...|
000045e0  79 01 00 00 7a 01 00 00  7b 01 00 00 7c 01 00 00  |y...z...{...|...|
000045f0  7d 01 00 00 7e 01 00 00  7f 01 00 00 80 01 00 00  |}...~...........|
00004600  81 01 00 00 82 01 00 00  83 01 00 00 84 01 00 00  |................|
00004610  85 01 00 00 86 01 00 00  87 01 00 00 88 01 00 00  |................|
00004620  89 01 00 00 8a 01 00 00  8b 01 00 00 8c 01 00 00  |................|
00004630  8d 01 00 00 8e 01 00 00  8f 01 00 00 90 01 00 00  |................|
00004640  91 01 00 00 92 01 00 00  93 01 00 00 94 01 00 00  |................|
00004650  95 01 00 00 96 01 00 00  97 01 00 00 98 01 00 00  |................|
00004660  99 01 00 00 9a 01 00 00  9b 01 00 00 9c 01 00 00  |................|
00004670  9d 01 00 00 9e 01 00 00  9f 01 00 00 a0 01 00 00  |................|
00004680  a1 01 00 00 a2 01 00 00  a3 01 00 00 a4 01 00 00  |................|
00004690  a5 01 00 00 a6 01 00 00  a7 01 00 00 a8 01 00 00  |................|
000046a0  a9 01 00 00 aa 01 00 00  ab 01 00 00 ac 01 00 00  |................|
000046b0  ad 01 00 00 ae 01 00 00  af 01 00 00 b0 01 00 00  |................|
000046c0  b1 01 00 00 b2 01 00 00  b3 01 00 00 b4 01 00 00  |................|
000046d0  b5 01 00 00 b6 01 00 00  b7 01 00 00 b8 01 00 00  |................|
000046e0  b9 01 00 00 ba 01 00 00  bb 01 00 00 bc 01 00 00  |................|
000046f0  bd 01 00 00 be 01 00 00  bf 01 00 00 c0 01 00 00  |................|
00004700  c1 01 00 00 c2 01 00 00  c3 01 00 00 c4 01 00 00  |................|
00004710  c5 01 00 00 c6 01 00 00  c7 01 00 00 c8 01 00 00  |................|
00004720  c9 01 00 00 ca 01 00 00  cb 01 00 00 cc 01 00 00  |................|
00004730  cd 01 00 00 ce 01 00 00  cf 01 00 00 d0 01 00 00  |................|
00004740  d1 01 00 00 d2 01 00 00  d3 01 00 00 d4 01 00 00  |................|
00004750  d5 01 00 00 d6 01 00 00  d7 01 00 00 d8 01 00 00  |................|
00004760  d9 01 00 00 da 01 00 00  db 01 00 00 dc 01 00 00  |................|
00004770  dd 01 00 00 de 01 00 00  df 01 00 00 e0 01 00 00  |................|
00004780  e1 01 00 00 e2 01 00 00  e3 01 00 00 e4 01 00 00  |................|
00004790  e5 01 00 00 e6 01 00 00  e7 01 00 00 e8 01 00 00  |................|
000047a0  e9 01 00 00 ea 01 00 00  eb 01 00 00 ec 01 00 00  |................|
000047b0  ed 01 00 00 ee 01 00 00  ef 01 00 00 f0 01 00 00  |................|
000047c0  f1 01 00 00 f2 01 00 00  f3 01 00 00 f4 01 00 00  |................|
000047d0  f5 01 00 00 f6 01 00 00  f7 01 00 00 f8 01 00 00  |................|
000047e0  f9 01 00 00 fa 01 00 00  fb 01 00 00 fc 01 00 00  |................|
000047f0  fd 01 00 00 fe 01 00 00  ff 01 00 00 00 02 00 00  |................|
00004800  01 02 00 00 02 02 00 00  03 02 00 00 04 02 00 00  |................|
00004810  05 02 00 00 06 02 00 00  07 02 00 00 08 02 00 00  |................|
00004820  09 02 00 00 0a 02 00 00  0b 02 00 00 0c 02 00 00  |................|
00004830  0d 02 00 00 0e 02 00 00  0f 02 00 00 10 02 00 00  |................|
00004840  11 02 00 00 12 02 00 00  13 02 00 00 14 02 00 00  |................|
00004850  15 02 00 00 16 02 00 00  17 02 00 00 18 02 00 00  |................|
00004860  19 02 00 00 1a 02 00 00  1b 02 00 00 1c 02 00 00  |................|
00004870  1d 02 00 00 1e 02 00 00  1f 02 00 00 20 02 00 00  |............ ...|
00004880  21 02 00 00 22 02 00 00  23 02 00 00 24 02 00 00  |!..."...#...$...|
00004890  25 02 00 00 26 02 00 00  27 02 00 00 28 02 00 00  |%...&...'...(...|
000048a0  29 02 00 00 2a 02 00 00  2b 02 00 00 2c 02 00 00  |)...*...+...,...|
000048b0  2d 02 00 00 2e 02 00 00  2f 02 00 00 30 02 00 00  |-......./...0...|
000048c0  31 02 00 00 32 02 00 00  33 02 00 00 34 02 00 00  |1...2...3...4...|
000048d0  35 02 00 00 36 02 00 00  37 02 00 00 38 02 00 00  |5...6...7...8...|
000048e0  39 02 00 00 3a 02 00 00  3b 02 00 00 3c 02 00 00  |9...:...;...<...|
000048f0  3d 02 00 00 3e 02 00 00  3f 02 00 00 40 02 00 00  |=...>...?...@...|
00004900  41 02 00 00 42 02 00 00  43 02 00 00 44 02 00 00  |A...B...C...D...|
00004910  45 02 00 00 46 02 00 00  47 02 00 00 48 02 00 00  |E...F...G...H...|
00004920  49 02 00 00 4a 02 00 00  4b 02 00 00 4c 02 00 00  |I...J...K...L...|
00004930  4d 02 00 00 4e 02 00 00  4f 02 00 00 50 02 00 00  |M...N...O...P...|
00004940  51 02 00 00 52 02 00 00  53 02 00 00 54 02 00 00  |Q...R...S...T...|
00004950  55 02 00 00 56 02 00 00  57 02 00 00 58 02 00 00  |U...V...W...X...|
00004960  59 02 00 00 5a 02 00 00  5b 02 00 00 5c 02 00 00  |Y...Z...[...\...|
00004970  5d 02 00 00 5e 02 00 00  5f 02 00 00 60 02 00 00  |]...^..._...`...|
00004980  61 02 00 00 62 02 00 00  63 02 00 00 64 02 00 00  |a...b...c...d...|
00004990  65 02 00 00 66 02 00 00  67 02 00 00 68 02 00 00  |e...f...g...h...|
000049a0  69 02 00 00 6a 02 00 00  6b 02 00 00 6c 02 00 00  |i...j...k...l...|
000049b0  6d 02 00 00 6e 02 00 00  6f 02 00 00 70 02 00 00  |m...n...o...p...|
000049c0  71 02 00 00 72 02 00 00  73 02 00 00 74 02 00 00  |q...r...s...t...|
000049d0  75 02 00 00 76 02 00 00  77 02 00 00 78 02 00 00  |u...v...w...x...|
000049e0  79 02 00 00 7a 02 00 00  7b 02 00 00 7c 02 00 00  |y...z...{...|...|
000049f0  7d 02 00 00 7e 02 00 00  7f 02 00 00 80 02 00 00  |}...~...........|
00004a00  81 02 00 00 82 02 00 00  83 02 00 00 84 02 00 00  |................|
00004a10  85 02 00 00 86 02 00 00  87 02 00 00 88 02 00 00  |................|
00004a20  89 02 00 00 8a 02 00 00  8b 02 00 00 8c 02 00 00  |................|
00004a30  8d 02 00 00 8e 02 00 00  8f 02 00 00 90 02 00 00  |................|
00004a40  91 02 00 00 92 02 00 00  93 02 00 00 94 02 00 00  |................|
00004a50  95 02 00 00 96 02 00 00  97 02 00 00 98 02 00 00  |................|
00004a60  99 02 00 00 9a 02 00 00  9b 02 00 00 9c 02 00 00  |................|
00004a70  9d 02 00 00 9e 02 00 00  9f 02 00 00 a0 02 00 00  |................|
00004a80  a1 02 00 00 a2 02 00 00  a3 02 00 00 a4 02 00 00  |................|
00004a90  a5 02 00 00 a6 02 00 00  a7 02 00 00 a8 02 00 00  |................|
00004aa0  a9 02 00 00 aa 02 00 00  ab 02 00 00 ac 02 00 00  |................|
00004ab0  ad 02 00 00 ae 02 00 00  af 02 00 00 b0 02 00 00  |................|
00004ac0  b1 02 00 00 b2 02 00 00  b3 02 00 00 b4 02 00 00  |................|
00004ad0  b5 02 00 00 b6 02 00 00  b7 02 00 00 b8 02 00 00  |................|
00004ae0  b9 02 00 00 ba 02 00 00  bb 02 00 00 bc 02 00 00  |................|
00004af0  bd 02 00 00 be 02 00 00  bf 02 00 00 c0 02 00 00  |................|
00004b00  c1 02 00 00 c2 02 00 00  c3 02 00 00 c4 02 00 00  |................|
00004b10  c5 02 00 00 c6 02 00 00  c7 02 00 00 c8 02 00 00  |................|
00004b20  c9 02 00 00 ca 02 00 00  cb 02 00 00 cc 02 00 00  |................|
00004b30  cd 02 00 00 ce 02 00 00  cf 02 00 00 d0 02 00 00  |................|
00004b40  d1 02 00 00 d2 02 00 00  d3 02 00 00 d4 02 00 00  |................|
00004b50  d5 02 00 00 d6 02 00 00  d7 02 00 00 d8 02 00 00  |................|
00004b60  d9 02 00 00 da 02 00 00  db 02 00 00 dc 02 00 00  |................|
00004b70  dd 02 00 00 de 02 00 00  df 02 00 00 e0 02 00 00  |................|
00004b80  e1 02 00 00 e2 02 00 00  e3 02 00 00 e4 02 00 00  |................|
00004b90  e5 02 00 00 e6 02 00 00  e7 02 00 00 e8 02 00 00  |................|
00004ba0  e9 02 00 00 ea 02 00 00  eb 02 00 00 ec 02 00 00  |................|
00004bb0  ed 02 00 00 ee 02 00 00  ef 02 00 00 f0 02 00 00  |................|
00004bc0  f1 02 00 00 f2 02 00 00  f3 02 00 00 f4 02 00 00  |................|
00004bd0  f5 02 00 00 f6 02 00 00  f7 02 00 00 f8 02 00 00  |................|
00004be0  f9 02 00 00 fa 02 00 00  fb 02 00 00 fc 02 00 00  |................|
00004bf0  fd 02 00 00 fe 02 00 00  ff 02 00 00 00 03 00 00  |................|
00004c00  01 03 00 00 02 03 00 00  03 03 00 00 04 03 00 00  |................|
00004c10  05 03 00 00 06 03 00 00  07 03 00 00 08 03 00 00  |................|
00004c20  09 03 00 00 0a 03 00 00  0b 03 00 00 0c 03 00 00  |................|
00004c30  0d 03 00 00 0e 03 00 00  0f 03 00 00 10 03 00 00  |................|
00004c40  11 03 00 00 12 03 00 00  13 03 00 00 14 03 00 00  |................|
00004c50  15 03 00 00 16 03 00 00  17 03 00 00 18 03 00 00  |................|
00004c60  19 03 00 00 1a 03 00 00  1b 03 00 00 1c 03 00 00  |................|
00004c70  1d 03 00 00 1e 03 00 00  1f 03 00 00 20 03 00 00  |............ ...|
00004c80  21 03 00 00 22 03 00 00  23 03 00 00 24 03 00 00  |!..."...#...$...|
00004c90  25 03 00 00 26 03 00 00  27 03 00 00 28 03 00 00  |%...&...'...(...|
00004ca0  29 03 00 00 2a 03 00 00  2b 03 00 00 2c 03 00 00  |)...*...+...,...|
00004cb0  2d 03 00 00 2e 03 00 00  2f 03 00 00 30 03 00 00  |-......./...0...|
00004cc0  31 03 00 00 32 03 00 00  33 03 00 00 34 03 00 00  |1...2...3...4...|
00004cd0  35 03 00 00 36 03 00 00  37 03 00 00 38 03 00 00  |5...6...7...8...|
00004ce0  39 03 00 00 3a 03 00 00  3b 03 00 00 3c 03 00 00  |9...:...;...<...|
00004cf0  3d 03 00 00 3e 03 00 00  3f 03 00 00 40 03 00 00  |=...>...?...@...|
00004d00  41 03 00 00 42 03 00 00  43 03 00 00 44 03 00 00  |A...B...C...D...|
00004d10  45 03 00 00 46 03 00 00  47 03 00 00 48 03 00 00  |E...F...G...H...|
00004d20  49 03 00 00 4a 03 00 00  4b 03 00 00 4c 03 00 00  |I...J...K...L...|
00004d30  4d 03 00 00 4e 03 00 00  4f 03 00 00 50 03 00 00  |M...N...O...P...|
00004d40  51 03 00 00 52 03 00 00  53 03 00 00 54 03 00 00  |Q...R...S...T...|
00004d50  55 03 00 00 56 03 00 00  57 03 00 00 58 03 00 00  |U...V...W...X...|
00004d60  59 03 00 00 5a 03 00 00  5b 03 00 00 5c 03 00 00  |Y...Z...[...\...|
00004d70  5d 03 00 00 5e 03 00 00  5f 03 00 00 60 03 00 00  |]...^..._...`...|
00004d80  61 03 00 00 62 03 00 00  63 03 00 00 64 03 00 00  |a...b...c...d...|
00004d90  65 03 00 00 66 03 00 00  67 03 00 00 68 03 00 00  |e...f...g...h...|
00004da0  69 03 00 00 6a 03 00 00  6b 03 00 00 6c 03 00 00  |i...j...k...l...|
00004db0  6d 03 00 00 6e 03 00 00  6f 03 00 00 70 03 00 00  |m...n...o...p...|
00004dc0  71 03 00 00 72 03 00 00  73 03 00 00 74 03 00 00  |q...r...s...t...|
00004dd0  75 03 00 00 76 03 00 00  77 03 00 00 78 03 00 00  |u...v...w...x...|
00004de0  79 03 00 00 7a 03 00 00  7b 03 00 00 7c 03 00 00  |y...z...{...|...|
00004df0  7d 03 00 00 7e 03 00 00  7f 03 00 00 80 03 00 00  |}...~...........|
00004e00  81 03 00 00 82 03 00 00  83 03 00 00 84 03 00 00  |................|
00004e10  85 03 00 00 86 03 00 00  87 03 00 00 88 03 00 00  |................|
00004e20  89 03 00 00 8a 03 00 00  8b 03 00 00 8c 03 00 00  |................|
00004e30  8d 03 00 00 8e 03 00 00  8f 03 00 00 90 03 00 00  |................|
00004e40  91 03 00 00 92 03 00 00  93 03 00 00 94 03 00 00  |................|
00004e50  95 03 00 00 96 03 00 00  97 03 00 00 98 03 00 00  |................|
00004e60  99 03 00 00 9a 03 00 00  9b 03 00 00 9c 03 00 00  |................|
00004e70  9d 03 00 00 9e 03 00 00  9f 03 00 00 a0 03 00 00  |................|
00004e80  a1 03 00 00 a2 03 00 00  a3 03 00 00 a4 03 00 00  |................|
00004e90  a5 03 00 00 a6 03 00 00  a7 03 00 00 a8 03 00 00  |................|
00004ea0  a9 03 00 00 aa 03 00 00  ab 03 00 00 ac 03 00 00  |................|
00004eb0  ad 03 00 00 ae 03 00 00  af 03 00 00 b0 03 00 00  |................|
00004ec0  b1 03 00 00 b2 03 00 00  b3 03 00 00 b4 03 00 00  |................|
00004ed0  b5 03 00 00 b6 03 00 00  b7 03 00 00 b8 03 00 00  |................|
00004ee0  b9 03 00 00 ba 03 00 00  bb 03 00 00 bc 03 00 00  |................|
00004ef0  bd 03 00 00 be 03 00 00  bf 03 00 00 c0 03 00 00  |................|
00004f00  c1 03 00 00 c2 03 00 00  c3 03 00 00 c4 03 00 00  |................|
00004f10  c5 03 00 00 c6 03 00 00  c7 03 00 00 c8 03 00 00  |................|
00004f20  c9 03 00 00 ca 03 00 00  cb 03 00 00 cc 03 00 00  |................|
00004f30  cd 03 00 00 ce 03 00 00  cf 03 00 00 d0 03 00 00  |................|
00004f40  d1 03 00 00 d2 03 00 00  d3 03 00 00 d4 03 00 00  |................|
00004f50  d5 03 00 00 d6 03 00 00  d7 03 00 00 d8 03 00 00  |................|
00004f60  d9 03 00 00 da 03 00 00  db 03 00 00 dc 03 00 00  |................|
00004f70  dd 03 00 00 de 03 00 00  df 03 00 00 e0 03 00 00  |................|
00004f80  e1 03 00 00 e2 03 00 00  e3 03 00 00 e4 03 00 00  |................|
00004f90  e5 03 00 00 e6 03 00 00  e7 03 00 00 e8 03 00 00  |................|
00004fa0  e9 03 00 00 ea 03 00 00  eb 03 00 00 ec 03 00 00  |................|
00004fb0  ed 03 00 00 ee 03 00 00  ef 03 00 00 f0 03 00 00  |................|
00004fc0  f1 03 00 00 f2 03 00 00  f3 03 00 00 f4 03 00 00  |................|
00004fd0  f5 03 00 00 f6 03 00 00  f7 03 00 00 f8 03 00 00  |................|
00004fe0  f9 03 00 00 fa 03 00 00  fb 03 00 00 fc 03 00 00  |................|
00004ff0  fd 03 00 00 fe 03 00 00  ff 03 00 00 00 04 00 00  |................|
00005000  01 04 00 00 02 04 00 00  03 04 00 00 04 04 00 00  |................|
00005010  05 04 00 00 06 04 00 00  07 04 00 00 08 04 00 00  |................|
00005020  09 04 00 00 0a 04 00 00  0b 04 00 00 0c 04 00 00  |................|
00005030  0d 04 00 00 0e 04 00 00  0f 04 00 00 10 04 00 00  |................|
00005040  11 04 00 00 12 04 00 00  13 04 00 00 14 04 00 00  |................|
00005050  15 04 00 00 16 04 00 00  17 04 00 00 18 04 00 00  |................|
00005060  19 04 00 00 1a 04 00 00  1b 04 00 00 1c 04 00 00  |................|
00005070  1d 04 00 00 1e 04 00 00  1f 04 00 00 20 04 00 00  |............ ...|
00005080  21 04 00 00 22 04 00 00  23 04 00 00 24 04 00 00  |!..."...#...$...|
00005090  25 04 00 00 26 04 00 00  27 04 00 00 28 04 00 00  |%...&...'...(...|
000050a0  29 04 00 00 2a 04 00 00  2b 04 00 00 2c 04 00 00  |)...*...+...,...|
000050b0  2d 04 00 00 2e 04 00 00  2f 04 00 00 30 04 00 00  |-......./...0...|
000050c0  31 04 00 00 32 04 00 00  33 04 00 00 34 04 00 00  |1...2...3...4...|
000050d0  35 04 00 00 36 04 00 00  37 04 00 00 38 04 00 00  |5...6...7...8...|
000050e0  39 04 00 00 3a 04 00 00  3b 04 00 00 3c 04 00 00  |9...:...;...<...|
000050f0  3d 04 00 00 3e 04 00 00  3f 04 00 00 40 04 00 00  |=...>...?...@...|
00005100  41 04 00 00 42 04 00 00  43 04 00 00 44 04 00 00  |A...B...C...D...|
00005110  45 04 00 00 46 04 00 00  47 04 00 00 48 04 00 00  |E...F...G...H...|
00005120  49 04 00 00 4a 04 00 00  4b 04 00 00 4c 04 00 00  |I...J...K...L...|
00005130  4d 04 00 00 4e 04 00 00  4f 04 00 00 50 04 00 00  |M...N...O...P...|
00005140  51 04 00 00 52 04 00 00  53 04 00 00 54 04 00 00  |Q...R...S...T...|
00005150  55 04 00 00 56 04 00 00  57 04 00 00 58 04 00 00  |U...V...W...X...|
00005160  59 04 00 00 5a 04 00 00  5b 04 00 00 5c 04 00 00  |Y...Z...[...\...|
00005170  5d 04 00 00 5e 04 00 00  5f 04 00 00 60 04 00 00  |]...^..._...`...|
00005180  61 04 00 00 62 04 00 00  63 04 00 00 64 04 00 00  |a...b...c...d...|
00005190  65 04 00 00 66 04 00 00  67 04 00 00 68 04 00 00  |e...f...g...h...|
000051a0  69 04 00 00 6a 04 00 00  6b 04 00 00 6c 04 00 00  |i...j...k...l...|
000051b0  6d 04 00 00 6e 04 00 00  6f 04 00 00 70 04 00 00  |m...n...o...p...|
000051c0  71 04 00 00 72 04 00 00  73 04 00 00 74 04 00 00  |q...r...s...t...|
000051d0  75 04 00 00 76 04 00 00  77 04 00 00 78 04 00 00  |u...v...w...x...|
000051e0  79 04 00 00 7a 04 00 00  7b 04 00 00 7c 04 00 00  |y...z...{...|...|
000051f0  7d 04 00 00 7e 04 00 00  7f 04 00 00 80 04 00 00  |}...~...........|
00005200  81 04 00 00 82 04 00 00  83 04 00 00 84 04 00 00  |................|
00005210  85 04 00 00 86 04 00 00  87 04 00 00 88 04 00 00  |................|
00005220  89 04 00 00 8a 04 00 00  8b 04 00 00 8c 04 00 00  |................|
00005230  8d 04 00 00 8e 04 00 00  8f 04 00 00 90 04 00 00  |................|
00005240  91 04 00 00 92 04 00 00  93 04 00 00 94 04 00 00  |................|
00005250  95 04 00 00 96 04 00 00  97 04 00 00 98 04 00 00  |................|
00005260  99 04 00 00 9a 04 00 00  9b 04 00 00 9c 04 00 00  |................|
00005270  9d 04 00 00 9e 04 00 00  9f 04 00 00 a0 04 00 00  |................|
00005280  a1 04 00 00 a2 04 00 00  a3 04 00 00 a4 04 00 00  |................|
00005290  a5 04 00 00 a6 04 00 00  a7 04 00 00 a8 04 00 00  |................|
000052a0  a9 04 00 00 aa 04 00 00  ab 04 00 00 ac 04 00 00  |................|
000052b0  ad 04 00 00 ae 04 00 00  af 04 00 00 b0 04 00 00  |................|
000052c0  b1 04 00 00 b2 04 00 00  b3 04 00 00 b4 04 00 00  |................|
000052d0  b5 04 00 00 b6 04 00 00  b7 04 00 00 b8 04 00 00  |................|
000052e0  b9 04 00 00 ba 04 00 00  bb 04 00 00 bc 04 00 00  |................|
000052f0  bd 04 00 00 be 04 00 00  bf 04 00 00 c0 04 00 00  |................|
00005300  c1 04 00 00 c2 04 00 00  c3 04 00 00 c4 04 00 00  |................|
00005310  c5 04 00 00 c6 04 00 00  c7 04 00 00 c8 04 00 00  |................|
00005320  c9 04 00 00 ca 04 00 00  cb 04 00 00 cc 04 00 00  |................|
00005330  cd 04 00 00 ce 04 00 00  cf 04 00 00 d0 04 00 00  |................|
00005340  d1 04 00 00 d2 04 00 00  d3 04 00 00 d4 04 00 00  |................|
00005350  d5 04 00 00 d6 04 00 00  d7 04 00 00 d8 04 00 00  |................|
00005360  d9 04 00 00 da 04 00 00  db 04 00 00 dc 04 00 00  |................|
00005370  dd 04 00 00 de 04 00 00  df 04 00 00 e0 04 00 00  |................|
00005380  e1 04 00 00 e2 04 00 00  e3 04 00 00 e4 04 00 00  |................|
00005390  e5 04 00 00 e6 04 00 00  e7 04 00 00 e8 04 00 00  |................|
000053a0  e9 04 00 00 ea 04 00 00  eb 04 00 00 ec 04 00 00  |................|
000053b0  ed 04 00 00 ee 04 00 00  ef 04 00 00 f0 04 00 00  |................|
000053c0  f1 04 00 00 f2 04 00 00  f3 04 00 00 f4 04 00 00  |................|
000053d0  f5 04 00 00 f6 04 00 00  f7 04 00 00 f8 04 00 00  |................|
000053e0  f9 04 00 00 fa 04 00 00  fb 04 00 00 fc 04 00 00  |................|
000053f0  fd 04 00 00 fe 04 00 00  ff 04 00 00 00 05 00 00  |................|
00005400  01 05 00 00 02 05 00 00  03 05 00 00 04 05 00 00  |................|
00005410  05 05 00 00 06 05 00 00  07 05 00 00 08 05 00 00  |................|
00005420  09 05 00 00 0a 05 00 00  0b 05 00 00 0c 05 00 00  |................|
00005430  0d 05 00 00 0e 05 00 00  0f 05 00 00 10 05 00 00  |................|
00005440  11 05 00 00 12 05 00 00  13 05 00 00 14 05 00 00  |................|
00005450  15 05 00 00 16 05 00 00  17 05 00 00 18 05 00 00  |................|
00005460  19 05 00 00 1a 05 00 00  1b 05 00 00 1c 05 00 00  |................|
00005470  1d 05 00 00 1e 05 00 00  1f 05 00 00 20 05 00 00  |............ ...|
00005480  21 05 00 00 22 05 00 00  23 05 00 00 24 05 00 00  |!..."...#...$...|
00005490  25 05 00 00 26 05 00 00  27 05 00 00 28 05 00 00  |%...&...'...(...|
000054a0  29 05 00 00 2a 05 00 00  2b 05 00 00 2c 05 00 00  |)...*...+...,...|
000054b0  2d 05 00 00 2e 05 00 00  2f 05 00 00 30 05 00 00  |-......./...0...|
000054c0  31 05 00 00 32 05 00 00  33 05 00 00 34 05 00 00  |1...2...3...4...|
000054d0  35 05 00 00 36 05 00 00  37 05 00 00 38 05 00 00  |5...6...7...8...|
000054e0  39 05 00 00 3a 05 00 00  3b 05 00 00 3c 05 00 00  |9...:...;...<...|
000054f0  3d 05 00 00 3e 05 00 00  3f 05 00 00 40 05 00 00  |=...>...?...@...|
00005500  41 05 00 00 42 05 00 00  43 05 00 00 44 05 00 00  |A...B...C...D...|
00005510  45 05 00 00 46 05 00 00  47 05 00 00 48 05 00 00  |E...F...G...H...|
00005520  49 05 00 00 4a 05 00 00  4b 05 00 00 4c 05 00 00  |I...J...K...L...|
00005530  4d 05 00 00 4e 05 00 00  4f 05 00 00 50 05 00 00  |M...N...O...P...|
00005540  51 05 00 00 52 05 00 00  53 05 00 00 54 05 00 00  |Q...R...S...T...|
00005550  55 05 00 00 56 05 00 00  57 05 00 00 58 05 00 00  |U...V...W...X...|
00005560  59 05 00 00 5a 05 00 00  5b 05 00 00 5c 05 00 00  |Y...Z...[...\...|
00005570  5d 05 00 00 5e 05 00 00  5f 05 00 00 60 05 00 00  |]...^..._...`...|
00005580  61 05 00 00 62 05 00 00  63 05 00 00 64 05 00 00  |a...b...c...d...|
00005590  65 05 00 00 66 05 00 00  67 05 00 00 68 05 00 00  |e...f...g...h...|
000055a0  69 05 00 00 6a 05 00 00  6b 05 00 00 6c 05 00 00  |i...j...k...l...|
000055b0  6d 05 00 00 6e 05 00 00  6f 05 00 00 70 05 00 00  |m...n...o...p...|
000055c0  71 05 00 00 72 05 00 00  73 05 00 00 74 05 00 00  |q...r...s...t...|
000055d0  75 05 00 00 76 05 00 00  77 05 00 00 78 05 00 00  |u...v...w...x...|
000055e0  79 05 00 00 7a 05 00 00  7b 05 00 00 7c 05 00 00  |y...z...{...|...|
000055f0  7d 05 00 00 7e 05 00 00  7f 05 00 00 80 05 00 00  |}...~...........|
00005600  81 05 00 00 82 05 00 00  83 05 00 00 84 05 00 00  |................|
00005610  85 05 00 00 86 05 00 00  87 05 00 00 88 05 00 00  |................|
00005620  89 05 00 00 8a 05 00 00  8b 05 00 00 8c 05 00 00  |................|
00005630  8d 05 00 00 8e 05 00 00  8f 05 00 00 90 05 00 00  |................|
00005640  91 05 00 00 92 05 00 00  93 05 00 00 94 05 00 00  |................|
00005650  95 05 00 00 96 05 00 00  97 05 00 00 98 05 00 00  |................|
00005660  99 05 00 00 9a 05 00 00  9b 05 00 00 9c 05 00 00  |................|
00005670  9d 05 00 00 9e 05 00 00  9f 05 00 00 a0 05 00 00  |................|
00005680  a1 05 00 00 a2 05 00 00  a3 05 00 00 a4 05 00 00  |................|
00005690  a5 05 00 00 a6 05 00 00  a7 05 00 00 a8 05 00 00  |................|
000056a0  a9 05 00 00 aa 05 00 00  ab 05 00 00 ac 05 00 00  |................|
000056b0  ad 05 00 00 ae 05 00 00  af 05 00 00 b0 05 00 00  |................|
000056c0  b1 05 00 00 b2 05 00 00  b3 05 00 00 b4 05 00 00  |................|
000056d0  b5 05 00 00 b6 05 00 00  b7 05 00 00 b8 05 00 00  |................|
000056e0  b9 05 00 00 ba 05 00 00  bb 05 00 00 bc 05 00 00  |................|
000056f0  bd 05 00 00 be 05 00 00  bf 05 00 00 c0 05 00 00  |................|
00005700  c1 05 00 00 c2 05 00 00  c3 05 00 00 c4 05 00 00  |................|
00005710  c5 05 00 00 c6 05 00 00  c7 05 00 00 c8 05 00 00  |................|
00005720  c9 05 00 00 ca 05 00 00  cb 05 00 00 cc 05 00 00  |................|
00005730  cd 05 00 00 ce 05 00 00  cf 05 00 00 d0 05 00 00  |................|
00005740  d1 05 00 00 d2 05 00 00  d3 05 00 00 d4 05 00 00  |................|
00005750  d5 05 00 00 d6 05 00 00  d7 05 00 00 d8 05 00 00  |................|
00005760  d9 05 00 00 da 05 00 00  db 05 00 00 dc 05 00 00  |................|
00005770  dd 05 00 00 de 05 00 00  df 05 00 00 e0 05 00 00  |................|
00005780  e1 05 00 00 e2 05 00 00  e3 05 00 00 e4 05 00 00  |................|
00005790  e5 05 00 00 e6 05 00 00  e7 05 00 00 e8 05 00 00  |................|
000057a0  e9 05 00 00 ea 05 00 00  eb 05 00 00 ec 05 00 00  |................|
000057b0  ed 05 00 00 ee 05 00 00  ef 05 00 00 f0 05 00 00  |................|
000057c0  f1 05 00 00 f2 05 00 00  f3 05 00 00 f4 05 00 00  |................|
000057d0  f5 05 00 00 f6 05 00 00  f7 05 00 00 f8 05 00 00  |................|
000057e0  f9 05 00 00 fa 05 00 00  fb 05 00 00 fc 05 00 00  |................|
000057f0  fd 05 00 00 fe 05 00 00  ff 05 00 00 00 06 00 00  |................|
00005800  01 06 00 00 02 06 00 00  03 06 00 00 04 06 00 00  |................|
00005810  05 06 00 00 06 06 00 00  07 06 00 00 08 06 00 00  |................|
00005820  09 06 00 00 0a 06 00 00  0b 06 00 00 0c 06 00 00  |................|
00005830  0d 06 00 00 0e 06 00 00  0f 06 00 00 10 06 00 00  |................|
00005840  11 06 00 00 12 06 00 00  13 06 00 00 14 06 00 00  |................|
00005850  15 06 00 00 16 06 00 00  17 06 00 00 18 06 00 00  |................|
00005860  19 06 00 00 1a 06 00 00  1b 06 00 00 1c 06 00 00  |................|
00005870  1d 06 00 00 1e 06 00 00  1f 06 00 00 20 06 00 00  |............ ...|
00005880  21 06 00 00 22 06 00 00  23 06 00 00 24 06 00 00  |!..."...#...$...|
00005890  25 06 00 00 26 06 00 00  27 06 00 00 28 06 00 00  |%...&...'...(...|
000058a0  29 06 00 00 2a 06 00 00  2b 06 00 00 2c 06 00 00  |)...*...+...,...|
000058b0  2d 06 00 00 2e 06 00 00  2f 06 00 00 30 06 00 00  |-......./...0...|
000058c0  31 06 00 00 32 06 00 00  33 06 00 00 34 06 00 00  |1...2...3...4...|
000058d0  35 06 00 00 36 06 00 00  37 06 00 00 38 06 00 00  |5...6...7...8...|
000058e0  39 06 00 00 3a 06 00 00  3b 06 00 00 3c 06 00 00  |9...:...;...<...|
000058f0  3d 06 00 00 3e 06 00 00  3f 06 00 00 40 06 00 00  |=...>...?...@...|
00005900  41 06 00 00 42 06 00 00  43 06 00 00 44 06 00 00  |A...B...C...D...|
00005910  45 06 00 00 46 06 00 00  47 06 00 00 48 06 00 00  |E...F...G...H...|
00005920  49 06 00 00 4a 06 00 00  4b 06 00 00 4c 06 00 00  |I...J...K...L...|
00005930  4d 06 00 00 4e 06 00 00  4f 06 00 00 50 06 00 00  |M...N...O...P...|
00005940  51 06 00 00 52 06 00 00  53 06 00 00 54 06 00 00  |Q...R...S...T...|
00005950  55 06 00 00 56 06 00 00  57 06 00 00 58 06 00 00  |U...V...W...X...|
00005960  59 06 00 00 5a 06 00 00  5b 06 00 00 5c 06 00 00  |Y...Z...[...\...|
00005970  5d 06 00 00 5e 06 00 00  5f 06 00 00 60 06 00 00  |]...^..._...`...|
00005980  61 06 00 00 62 06 00 00  63 06 00 00 64 06 00 00  |a...b...c...d...|
00005990  65 06 00 00 66 06 00 00  67 06 00 00 68 06 00 00  |e...f...g...h...|
000059a0  69 06 00 00 6a 06 00 00  6b 06 00 00 6c 06 00 00  |i...j...k...l...|
000059b0  6d 06 00 00 6e 06 00 00  6f 06 00 00 70 06 00 00  |m...n...o...p...|
000059c0  71 06 00 00 72 06 00 00  73 06 00 00 74 06 00 00  |q...r...s...t...|
000059d0  75 06 00 00 76 06 00 00  77 06 00 00 78 06 00 00  |u...v...w...x...|
000059e0  79 06 00 00 7a 06 00 00  7b 06 00 00 7c 06 00 00  |y...z...{...|...|
000059f0  7d 06 00 00 7e 06 00 00  7f 06 00 00 80 06 00 00  |}...~...........|
00005a00  81 06 00 00 82 06 00 00  83 06 00 00 84 06 00 00  |................|
00005a10  85 06 00 00 86 06 00 00  87 06 00 00 88 06 00 00  |................|
00005a20  89 06 00 00 8a 06 00 00  8b 06 00 00 8c 06 00 00  |................|
00005a30  8d 06 00 00 8e 06 00 00  8f 06 00 00 90 06 00 00  |................|
00005a40  91 06 00 00 92 06 00 00  93 06 00 00 94 06 00 00  |................|
00005a50  95 06 00 00 96 06 00 00  97 06 00 00 98 06 00 00  |................|
00005a60  99 06 00 00 9a 06 00 00  9b 06 00 00 9c 06 00 00  |................|
00005a70  9d 06 00 00 9e 06 00 00  9f 06 00 00 a0 06 00 00  |................|
00005a80  a1 06 00 00 a2 06 00 00  a3 06 00 00 a4 06 00 00  |................|
00005a90  a5 06 00 00 a6 06 00 00  a7 06 00 00 a8 06 00 00  |................|
00005aa0  a9 06 00 00 aa 06 00 00  ab 06 00 00 ac 06 00 00  |................|
00005ab0  ad 06 00 00 ae 06 00 00  af 06 00 00 b0 06 00 00  |................|
00005ac0  b1 06 00 00 b2 06 00 00  b3 06 00 00 b4 06 00 00  |................|
00005ad0  b5 06 00 00 b6 06 00 00  b7 06 00 00 b8 06 00 00  |................|
00005ae0  b9 06 00 00 ba 06 00 00  bb 06 00 00 bc 06 00 00  |................|
00005af0  bd 06 00 00 be 06 00 00  bf 06 00 00 c0 06 00 00  |................|
00005b00  c1 06 00 00 c2 06 00 00  c3 06 00 00 c4 06 00 00  |................|
00005b10  c5 06 00 00 c6 06 00 00  c7 06 00 00 c8 06 00 00  |................|
00005b20  c9 06 00 00 ca 06 00 00  cb 06 00 00 cc 06 00 00  |................|
00005b30  cd 06 00 00 ce 06 00 00  cf 06 00 00 d0 06 00 00  |................|
00005b40  d1 06 00 00 d2 06 00 00  d3 06 00 00 d4 06 00 00  |................|
00005b50  d5 06 00 00 d6 06 00 00  d7 06 00 00 d8 06 00 00  |................|
00005b60  d9 06 00 00 da 06 00 00  db 06 00 00 dc 06 00 00  |................|
00005b70  dd 06 00 00 de 06 00 00  df 06 00 00 e0 06 00 00  |................|
00005b80  e1 06 00 00 e2 06 00 00  e3 06 00 00 e4 06 00 00  |................|
00005b90  e5 06 00 00 e6 06 00 00  e7 06 00 00 e8 06 00 00  |................|
00005ba0  e9 06 00 00 ea 06 00 00  eb 06 00 00 ec 06 00 00  |................|
00005bb0  ed 06 00 00 ee 06 00 00  ef 06 00 00 f0 06 00 00  |................|
00005bc0  f1 06 00 00 f2 06 00 00  f3 06 00 00 f4 06 00 00  |................|
00005bd0  f5 06 00 00 f6 06 00 00  f7 06 00 00 f8 06 00 00  |................|
00005be0  f9 06 00 00 fa 06 00 00  fb 06 00 00 fc 06 00 00  |................|
00005bf0  fd 06 00 00 fe 06 00 00  ff 06 00 00 00 07 00 00  |................|
00005c00  01 07 00 00 02 07 00 00  03 07 00 00 04 07 00 00  |................|
00005c10  05 07 00 00 06 07 00 00  07 07 00 00 08 07 00 00  |................|
00005c20  09 07 00 00 0a 07 00 00  0b 07 00 00 0c 07 00 00  |................|
00005c30  0d 07 00 00 0e 07 00 00  0f 07 00 00 10 07 00 00  |................|
00005c40  11 07 00 00 12 07 00 00  13 07 00 00 14 07 00 00  |................|
00005c50  15 07 00 00 16 07 00 00  17 07 00 00 18 07 00 00  |................|
00005c60  19 07 00 00 1a 07 00 00  1b 07 00 00 1c 07 00 00  |................|
00005c70  1d 07 00 00 1e 07 00 00  1f 07 00 00 20 07 00 00  |............ ...|
00005c80  21 07 00 00 22 07 00 00  23 07 00 00 24 07 00 00  |!..."...#...$...|
00005c90  25 07 00 00 26 07 00 00  27 07 00 00 28 07 00 00  |%...&...'...(...|
00005ca0  29 07 00 00 2a 07 00 00  2b 07 00 00 2c 07 00 00  |)...*...+...,...|
00005cb0  2d 07 00 00 2e 07 00 00  2f 07 00 00 30 07 00 00  |-......./...0...|
00005cc0  31 07 00 00 32 07 00 00  33 07 00 00 34 07 00 00  |1...2...3...4...|
00005cd0  35 07 00 00 36 07 00 00  37 07 00 00 38 07 00 00  |5...6...7...8...|
00005ce0  39 07 00 00 3a 07 00 00  3b 07 00 00 3c 07 00 00  |9...:...;...<...|
00005cf0  3d 07 00 00 3e 07 00 00  3f 07 00 00 40 07 00 00  |=...>...?...@...|
00005d00  41 07 00 00 42 07 00 00  43 07 00 00 44 07 00 00  |A...B...C...D...|
00005d10  45 07 00 00 46 07 00 00  47 07 00 00 48 07 00 00  |E...F...G...H...|
00005d20  49 07 00 00 4a 07 00 00  4b 07 00 00 4c 07 00 00  |I...J...K...L...|
00005d30  4d 07 00 00 4e 07 00 00  4f 07 00 00 50 07 00 00  |M...N...O...P...|
00005d40  51 07 00 00 52 07 00 00  53 07 00 00 54 07 00 00  |Q...R...S...T...|
00005d50  55 07 00 00 56 07 00 00  57 07 00 00 58 07 00 00  |U...V...W...X...|
00005d60  59 07 00 00 5a 07 00 00  5b 07 00 00 5c 07 00 00  |Y...Z...[...\...|
00005d70  5d 07 00 00 5e 07 00 00  5f 07 00 00 60 07 00 00  |]...^..._...`...|
00005d80  61 07 00 00 62 07 00 00  63 07 00 00 64 07 00 00  |a...b...c...d...|
00005d90  65 07 00 00 66 07 00 00  67 07 00 00 68 07 00 00  |e...f...g...h...|
00005da0  69 07 00 00 6a 07 00 00  6b 07 00 00 6c 07 00 00  |i...j...k...l...|
00005db0  6d 07 00 00 6e 07 00 00  6f 07 00 00 70 07 00 00  |m...n...o...p...|
00005dc0  71 07 00 00 72 07 00 00  73 07 00 00 74 07 00 00  |q...r...s...t...|
00005dd0  75 07 00 00 76 07 00 00  77 07 00 00 78 07 00 00  |u...v...w...x...|
00005de0  79 07 00 00 7a 07 00 00  7b 07 00 00 7c 07 00 00  |y...z...{...|...|
00005df0  7d 07 00 00 7e 07 00 00  7f 07 00 00 80 07 00 00  |}...~...........|
00005e00  81 07 00 00 82 07 00 00  83 07 00 00 84 07 00 00  |................|
00005e10  85 07 00 00 86 07 00 00  87 07 00 00 88 07 00 00  |................|
00005e20  89 07 00 00 8a 07 00 00  8b 07 00 00 8c 07 00 00  |................|
00005e30  8d 07 00 00 8e 07 00 00  8f 07 00 00 90 07 00 00  |................|
00005e40  91 07 00 00 92 07 00 00  93 07 00 00 94 07 00 00  |................|
00005e50  95 07 00 00 96 07 00 00  97 07 00 00 98 07 00 00  |................|
00005e60  99 07 00 00 9a 07 00 00  9b 07 00 00 9c 07 00 00  |................|
00005e70  9d 07 00 00 9e 07 00 00  9f 07 00 00 a0 07 00 00  |................|
00005e80  a1 07 00 00 a2 07 00 00  a3 07 00 00 a4 07 00 00  |................|
00005e90  a5 07 00 00 a6 07 00 00  a7 07 00 00 a8 07 00 00  |................|
00005ea0  a9 07 00 00 aa 07 00 00  ab 07 00 00 ac 07 00 00  |................|
00005eb0  ad 07 00 00 ae 07 00 00  af 07 00 00 b0 07 00 00  |................|
00005ec0  b1 07 00 00 b2 07 00 00  b3 07 00 00 b4 07 00 00  |................|
00005ed0  b5 07 00 00 b6 07 00 00  b7 07 00 00 b8 07 00 00  |................|
00005ee0  b9 07 00 00 ba 07 00 00  bb 07 00 00 bc 07 00 00  |................|
00005ef0  bd 07 00 00 be 07 00 00  bf 07 00 00 c0 07 00 00  |................|
00005f00  c1 07 00 00 c2 07 00 00  c3 07 00 00 c4 07 00 00  |................|
00005f10  c5 07 00 00 c6 07 00 00  c7 07 00 00 c8 07 00 00  |................|
00005f20  c9 07 00 00 ca 07 00 00  cb 07 00 00 cc 07 00 00  |................|
00005f30  cd 07 00 00 ce 07 00 00  cf 07 00 00 d0 07 00 00  |................|
00005f40  d1 07 00 00 d2 07 00 00  d3 07 00 00 d4 07 00 00  |................|
00005f50  d5 07 00 00 d6 07 00 00  d7 07 00 00 d8 07 00 00  |................|
00005f60  d9 07 00 00 da 07 00 00  db 07 00 00 dc 07 00 00  |................|
00005f70  dd 07 00 00 de 07 00 00  df 07 00 00 e0 07 00 00  |................|
00005f80  e1 07 00 00 e2 07 00 00  e3 07 00 00 e4 07 00 00  |................|
00005f90  e5 07 00 00 e6 07 00 00  e7 07 00 00 e8 07 00 00  |................|
00005fa0  e9 07 00 00 ea 07 00 00  eb 07 00 00 ec 07 00 00  |................|
00005fb0  ed 07 00 00 ee 07 00 00  ef 07 00 00 f0 07 00 00  |................|
00005fc0  f1 07 00 00 f2 07 00 00  f3 07 00 00 f4 07 00 00  |................|
00005fd0  f5 07 00 00 f6 07 00 00  f7 07 00 00 f8 07 00 00  |................|
00005fe0  f9 07 00 00 fa 07 00 00  fb 07 00 00 fc 07 00 00  |................|
00005ff0  fd 07 00 00 fe 07 00 00  ff 07 00 00 00 08 00 00  |................|
00006000  01 08 00 00 02 08 00 00  03 08 00 00 04 08 00 00  |................|
00006010  05 08 00 00 ff ff ff 0f  00 00 00 00 00 00 00 00  |................|
00006020  00 00 00 00 00 00 00 00  00 00 00 00 00 00 00 00  |................|
*
00066800  f8 ff ff 0f ff ff ff 0f  f8 ff ff 0f ff ff ff 0f  |................|
00066810  00 00 00 00 06 00 00 00  07 00 00 00 08 00 00 00  |................|
00066820  09 00 00 00 0a 00 00 00  0b 00 00 00 0c 00 00 00  |................|
00066830  0d 00 00 00 0e 00 00 00  0f 00 00 00 10 00 00 00  |................|
00066840  11 00 00 00 12 00 00 00  13 00 00 00 14 00 00 00  |................|
00066850  15 00 00 00 16 00 00 00  17 00 00 00 18 00 00 00  |................|
00066860  19 00 00 00 1a 00 00 00  1b 00 00 00 1c 00 00 00  |................|
00066870  1d 00 00 00 1e 00 00 00  1f 00 00 00 20 00 00 00  |............ ...|
00066880  21 00 00 00 22 00 00 00  23 00 00 00 24 00 00 00  |!..."...#...$...|
00066890  25 00 00 00 26 00 00 00  27 00 00 00 28 00 00 00  |%...&...'...(...|
000668a0  29 00 00 00 2a 00 00 00  2b 00 00 00 2c 00 00 00  |)...*...+...,...|
000668b0  2d 00 00 00 2e 00 00 00  2f 00 00 00 30 00 00 00  |-......./...0...|
000668c0  31 00 00 00 32 00 00 00  33 00 00 00 34 00 00 00  |1...2...3...4...|
000668d0  35 00 00 00 36 00 00 00  37 00 00 00 38 00 00 00  |5...6...7...8...|
000668e0  39 00 00 00 3a 00 00 00  3b 00 00 00 3c 00 00 00  |9...:...;...<...|
000668f0  3d 00 00 00 3e 00 00 00  3f 00 00 00 40 00 00 00  |=...>...?...@...|
00066900  41 00 00 00 42 00 00 00  43 00 00 00 44 00 00 00  |A...B...C...D...|
00066910  45 00 00 00 46 00 00 00  47 00 00 00 48 00 00 00  |E...F...G...H...|
00066920  49 00 00 00 4a 00 00 00  4b 00 00 00 4c 00 00 00  |I...J...K...L...|
00066930  4d 00 00 00 4e 00 00 00  4f 00 00 00 50 00 00 00  |M...N...O...P...|
00066940  51 00 00 00 52 00 00 00  53 00 00 00 54 00 00 00  |Q...R...S...T...|
00066950  55 00 00 00 56 00 00 00  57 00 00 00 58 00 00 00  |U...V...W...X...|
00066960  59 00 00 00 5a 00 00 00  5b 00 00 00 5c 00 00 00  |Y...Z...[...\...|
00066970  5d 00 00 00 5e 00 00 00  5f 00 00 00 60 00 00 00  |]...^..._...`...|
00066980  61 00 00 00 62 00 00 00  63 00 00 00 64 00 00 00  |a...b...c...d...|
00066990  65 00 00 00 66 00 00 00  67 00 00 00 68 00 00 00  |e...f...g...h...|
000669a0  69 00 00 00 6a 00 00 00  6b 00 00 00 6c 00 00 00  |i...j...k...l...|
000669b0  6d 00 00 00 6e 00 00 00  6f 00 00 00 70 00 00 00  |m...n...o...p...|
000669c0  71 00 00 00 72 00 00 00  73 00 00 00 74 00 00 00  |q...r...s...t...|
000669d0  75 00 00 00 76 00 00 00  77 00 00 00 78 00 00 00  |u...v...w...x...|
000669e0  79 00 00 00 7a 00 00 00  7b 00 00 00 7c 00 00 00  |y...z...{...|...|
000669f0  7d 00 00 00 7e 00 00 00  7f 00 00 00 80 00 00 00  |}...~...........|
00066a00  81 00 00 00 82 00 00 00  83 00 00 00 84 00 00 00  |................|
00066a10  85 00 00 00 86 00 00 00  87 00 00 00 88 00 00 00  |................|
00066a20  89 00 00 00 8a 00 00 00  8b 00 00 00 8c 00 00 00  |................|
00066a30  8d 00 00 00 8e 00 00 00  8f 00 00 00 90 00 00 00  |................|
00066a40  91 00 00 00 92 00 00 00  93 00 00 00 94 00 00 00  |................|
00066a50  95 00 00 00 96 00 00 00  97 00 00 00 98 00 00 00  |................|
00066a60  99 00 00 00 9a 00 00 00  9b 00 00 00 9c 00 00 00  |................|
00066a70  9d 00 00 00 9e 00 00 00  9f 00 00 00 a0 00 00 00  |................|
00066a80  a1 00 00 00 a2 00 00 00  a3 00 00 00 a4 00 00 00  |................|
00066a90  a5 00 00 00 a6 00 00 00  a7 00 00 00 a8 00 00 00  |................|
00066aa0  a9 00 00 00 aa 00 00 00  ab 00 00 00 ac 00 00 00  |................|
00066ab0  ad 00 00 00 ae 00 00 00  af 00 00 00 b0 00 00 00  |................|
00066ac0  b1 00 00 00 b2 00 00 00  b3 00 00 00 b4 00 00 00  |................|
00066ad0  b5 00 00 00 b6 00 00 00  b7 00 00 00 b8 00 00 00  |................|
00066ae0  b9 00 00 00 ba 00 00 00  bb 00 00 00 bc 00 00 00  |................|
00066af0  bd 00 00 00 be 00 00 00  bf 00 00 00 c0 00 00 00  |................|
00066b00  c1 00 00 00 c2 00 00 00  c3 00 00 00 c4 00 00 00  |................|
00066b10  c5 00 00 00 c6 00 00 00  c7 00 00 00 c8 00 00 00  |................|
00066b20  c9 00 00 00 ca 00 00 00  cb 00 00 00 cc 00 00 00  |................|
00066b30  cd 00 00 00 ce 00 00 00  cf 00 00 00 d0 00 00 00  |................|
00066b40  d1 00 00 00 d2 00 00 00  d3 00 00 00 d4 00 00 00  |................|
00066b50  d5 00 00 00 d6 00 00 00  d7 00 00 00 d8 00 00 00  |................|
00066b60  d9 00 00 00 da 00 00 00  db 00 00 00 dc 00 00 00  |................|
00066b70  dd 00 00 00 de 00 00 00  df 00 00 00 e0 00 00 00  |................|
00066b80  e1 00 00 00 e2 00 00 00  e3 00 00 00 e4 00 00 00  |................|
00066b90  e5 00 00 00 e6 00 00 00  e7 00 00 00 e8 00 00 00  |................|
00066ba0  e9 00 00 00 ea 00 00 00  eb 00 00 00 ec 00 00 00  |................|
00066bb0  ed 00 00 00 ee 00 00 00  ef 00 00 00 f0 00 00 00  |................|
00066bc0  f1 00 00 00 f2 00 00 00  f3 00 00 00 f4 00 00 00  |................|
00066bd0  f5 00 00 00 f6 00 00 00  f7 00 00 00 f8 00 00 00  |................|
00066be0  f9 00 00 00 fa 00 00 00  fb 00 00 00 fc 00 00 00  |................|
00066bf0  fd 00 00 00 fe 00 00 00  ff 00 00 00 00 01 00 00  |................|
00066c00  01 01 00 00 02 01 00 00  03 01 00 00 04 01 00 00  |................|
00066c10  05 01 00 00 06 01 00 00  07 01 00 00 08 01 00 00  |................|
00066c20  09 01 00 00 0a 01 00 00  0b 01 00 00 0c 01 00 00  |................|
00066c30  0d 01 00 00 0e 01 00 00  0f 01 00 00 10 01 00 00  |................|
00066c40  11 01 00 00 12 01 00 00  13 01 00 00 14 01 00 00  |................|
00066c50  15 01 00 00 16 01 00 00  17 01 00 00 18 01 00 00  |................|
00066c60  19 01 00 00 1a 01 00 00  1b 01 00 00 1c 01 00 00  |................|
00066c70  1d 01 00 00 1e 01 00 00  1f 01 00 00 20 01 00 00  |............ ...|
00066c80  21 01 00 00 22 01 00 00  23 01 00 00 24 01 00 00  |!..."...#...$...|
00066c90  25 01 00 00 26 01 00 00  27 01 00 00 28 01 00 00  |%...&...'...(...|
00066ca0  29 01 00 00 2a 01 00 00  2b 01 00 00 2c 01 00 00  |)...*...+...,...|
00066cb0  2d 01 00 00 2e 01 00 00  2f 01 00 00 30 01 00 00  |-......./...0...|
00066cc0  31 01 00 00 32 01 00 00  33 01 00 00 34 01 00 00  |1...2...3...4...|
00066cd0  35 01 00 00 36 01 00 00  37 01 00 00 38 01 00 00  |5...6...7...8...|
00066ce0  39 01 00 00 3a 01 00 00  3b 01 00 00 3c 01 00 00  |9...:...;...<...|
00066cf0  3d 01 00 00 3e 01 00 00  3f 01 00 00 40 01 00 00  |=...>...?...@...|
00066d00  41 01 00 00 42 01 00 00  43 01 00 00 44 01 00 00  |A...B...C...D...|
00066d10  45 01 00 00 46 01 00 00  47 01 00 00 48 01 00 00  |E...F...G...H...|
00066d20  49 01 00 00 4a 01 00 00  4b 01 00 00 4c 01 00 00  |I...J...K...L...|
00066d30  4d 01 00 00 4e 01 00 00  4f 01 00 00 50 01 00 00  |M...N...O...P...|
00066d40  51 01 00 00 52 01 00 00  53 01 00 00 54 01 00 00  |Q...R...S...T...|
00066d50  55 01 00 00 56 01 00 00  57 01 00 00 58 01 00 00  |U...V...W...X...|
00066d60  59 01 00 00 5a 01 00 00  5b 01 00 00 5c 01 00 00  |Y...Z...[...\...|
00066d70  5d 01 00 00 5e 01 00 00  5f 01 00 00 60 01 00 00  |]...^..._...`...|
00066d80  61 01 00 00 62 01 00 00  63 01 00 00 64 01 00 00  |a...b...c...d...|
00066d90  65 01 00 00 66 01 00 00  67 01 00 00 68 01 00 00  |e...f...g...h...|
00066da0  69 01 00 00 6a 01 00 00  6b 01 00 00 6c 01 00 00  |i...j...k...l...|
00066db0  6d 01 00 00 6e 01 00 00  6f 01 00 00 70 01 00 00  |m...n...o...p...|
00066dc0  71 01 00 00 72 01 00 00  73 01 00 00 74 01 00 00  |q...r...s...t...|
00066dd0  75 01 00 00 76 01 00 00  77 01 00 00 78 01 00 00  |u...v...w...x...|
00066de0  79 01 00 00 7a 01 00 00  7b 01 00 00 7c 01 00 00  |y...z...{...|...|
00066df0  7d 01 00 00 7e 01 00 00  7f 01 00 00 80 01 00 00  |}...~...........|
00066e00  81 01 00 00 82 01 00 00  83 01 00 00 84 01 00 00  |................|
00066e10  85 01 00 00 86 01 00 00  87 01 00 00 88 01 00 00  |................|
00066e20  89 01 00 00 8a 01 00 00  8b 01 00 00 8c 01 00 00  |................|
00066e30  8d 01 00 00 8e 01 00 00  8f 01 00 00 90 01 00 00  |................|
00066e40  91 01 00 00 92 01 00 00  93 01 00 00 94 01 00 00  |................|
00066e50  95 01 00 00 96 01 00 00  97 01 00 00 98 01 00 00  |................|
00066e60  99 01 00 00 9a 01 00 00  9b 01 00 00 9c 01 00 00  |................|
00066e70  9d 01 00 00 9e 01 00 00  9f 01 00 00 a0 01 00 00  |................|
00066e80  a1 01 00 00 a2 01 00 00  a3 01 00 00 a4 01 00 00  |................|
00066e90  a5 01 00 00 a6 01 00 00  a7 01 00 00 a8 01 00 00  |................|
00066ea0  a9 01 00 00 aa 01 00 00  ab 01 00 00 ac 01 00 00  |................|
00066eb0  ad 01 00 00 ae 01 00 00  af 01 00 00 b0 01 00 00  |................|
00066ec0  b1 01 00 00 b2 01 00 00  b3 01 00 00 b4 01 00 00  |................|
00066ed0  b5 01 00 00 b6 01 00 00  b7 01 00 00 b8 01 00 00  |................|
00066ee0  b9 01 00 00 ba 01 00 00  bb 01 00 00 bc 01 00 00  |................|
00066ef0  bd 01 00 00 be 01 00 00  bf 01 00 00 c0 01 00 00  |................|
00066f00  c1 01 00 00 c2 01 00 00  c3 01 00 00 c4 01 00 00  |................|
00066f10  c5 01 00 00 c6 01 00 00  c7 01 00 00 c8 01 00 00  |................|
00066f20  c9 01 00 00 ca 01 00 00  cb 01 00 00 cc 01 00 00  |................|
00066f30  cd 01 00 00 ce 01 00 00  cf 01 00 00 d0 01 00 00  |................|
00066f40  d1 01 00 00 d2 01 00 00  d3 01 00 00 d4 01 00 00  |................|
00066f50  d5 01 00 00 d6 01 00 00  d7 01 00 00 d8 01 00 00  |................|
00066f60  d9 01 00 00 da 01 00 00  db 01 00 00 dc 01 00 00  |................|
00066f70  dd 01 00 00 de 01 00 00  df 01 00 00 e0 01 00 00  |................|
00066f80  e1 01 00 00 e2 01 00 00  e3 01 00 00 e4 01 00 00  |................|
00066f90  e5 01 00 00 e6 01 00 00  e7 01 00 00 e8 01 00 00  |................|
00066fa0  e9 01 00 00 ea 01 00 00  eb 01 00 00 ec 01 00 00  |................|
00066fb0  ed 01 00 00 ee 01 00 00  ef 01 00 00 f0 01 00 00  |................|
00066fc0  f1 01 00 00 f2 01 00 00  f3 01 00 00 f4 01 00 00  |................|
00066fd0  f5 01 00 00 f6 01 00 00  f7 01 00 00 f8 01 00 00  |................|
00066fe0  f9 01 00 00 fa 01 00 00  fb 01 00 00 fc 01 00 00  |................|
00066ff0  fd 01 00 00 fe 01 00 00  ff 01 00 00 00 02 00 00  |................|
00067000  01 02 00 00 02 02 00 00  03 02 00 00 04 02 00 00  |................|
00067010  05 02 00 00 06 02 00 00  07 02 00 00 08 02 00 00  |................|
00067020  09 02 00 00 0a 02 00 00  0b 02 00 00 0c 02 00 00  |................|
00067030  0d 02 00 00 0e 02 00 00  0f 02 00 00 10 02 00 00  |................|
00067040  11 02 00 00 12 02 00 00  13 02 00 00 14 02 00 00  |................|
00067050  15 02 00 00 16 02 00 00  17 02 00 00 18 02 00 00  |................|
00067060  19 02 00 00 1a 02 00 00  1b 02 00 00 1c 02 00 00  |................|
00067070  1d 02 00 00 1e 02 00 00  1f 02 00 00 20 02 00 00  |............ ...|
00067080  21 02 00 00 22 02 00 00  23 02 00 00 24 02 00 00  |!..."...#...$...|
00067090  25 02 00 00 26 02 00 00  27 02 00 00 28 02 00 00  |%...&...'...(...|
000670a0  29 02 00 00 2a 02 00 00  2b 02 00 00 2c 02 00 00  |)...*...+...,...|
000670b0  2d 02 00 00 2e 02 00 00  2f 02 00 00 30 02 00 00  |-......./...0...|
000670c0  31 02 00 00 32 02 00 00  33 02 00 00 34 02 00 00  |1...2...3...4...|
000670d0  35 02 00 00 36 02 00 00  37 02 00 00 38 02 00 00  |5...6...7...8...|
000670e0  39 02 00 00 3a 02 00 00  3b 02 00 00 3c 02 00 00  |9...:...;...<...|
000670f0  3d 02 00 00 3e 02 00 00  3f 02 00 00 40 02 00 00  |=...>...?...@...|
00067100  41 02 00 00 42 02 00 00  43 02 00 00 44 02 00 00  |A...B...C...D...|
00067110  45 02 00 00 46 02 00 00  47 02 00 00 48 02 00 00  |E...F...G...H...|
00067120  49 02 00 00 4a 02 00 00  4b 02 00 00 4c 02 00 00  |I...J...K...L...|
00067130  4d 02 00 00 4e 02 00 00  4f 02 00 00 50 02 00 00  |M...N...O...P...|
00067140  51 02 00 00 52 02 00 00  53 02 00 00 54 02 00 00  |Q...R...S...T...|
00067150  55 02 00 00 56 02 00 00  57 02 00 00 58 02 00 00  |U...V...W...X...|
00067160  59 02 00 00 5a 02 00 00  5b 02 00 00 5c 02 00 00  |Y...Z...[...\...|
00067170  5d 02 00 00 5e 02 00 00  5f 02 00 00 60 02 00 00  |]...^..._...`...|
00067180  61 02 00 00 62 02 00 00  63 02 00 00 64 02 00 00  |a...b...c...d...|
00067190  65 02 00 00 66 02 00 00  67 02 00 00 68 02 00 00  |e...f...g...h...|
000671a0  69 02 00 00 6a 02 00 00  6b 02 00 00 6c 02 00 00  |i...j...k...l...|
000671b0  6d 02 00 00 6e 02 00 00  6f 02 00 00 70 02 00 00  |m...n...o...p...|
000671c0  71 02 00 00 72 02 00 00  73 02 00 00 74 02 00 00  |q...r...s...t...|
000671d0  75 02 00 00 76 02 00 00  77 02 00 00 78 02 00 00  |u...v...w...x...|
000671e0  79 02 00 00 7a 02 00 00  7b 02 00 00 7c 02 00 00  |y...z...{...|...|
000671f0  7d 02 00 00 7e 02 00 00  7f 02 00 00 80 02 00 00  |}...~...........|
00067200  81 02 00 00 82 02 00 00  83 02 00 00 84 02 00 00  |................|
00067210  85 02 00 00 86 02 00 00  87 02 00 00 88 02 00 00  |................|
00067220  89 02 00 00 8a 02 00 00  8b 02 00 00 8c 02 00 00  |................|
00067230  8d 02 00 00 8e 02 00 00  8f 02 00 00 90 02 00 00  |................|
00067240  91 02 00 00 92 02 00 00  93 02 00 00 94 02 00 00  |................|
00067250  95 02 00 00 96 02 00 00  97 02 00 00 98 02 00 00  |................|
00067260  99 02 00 00 9a 02 00 00  9b 02 00 00 9c 02 00 00  |................|
00067270  9d 02 00 00 9e 02 00 00  9f 02 00 00 a0 02 00 00  |................|
00067280  a1 02 00 00 a2 02 00 00  a3 02 00 00 a4 02 00 00  |................|
00067290  a5 02 00 00 a6 02 00 00  a7 02 00 00 a8 02 00 00  |................|
000672a0  a9 02 00 00 aa 02 00 00  ab 02 00 00 ac 02 00 00  |................|
000672b0  ad 02 00 00 ae 02 00 00  af 02 00 00 b0 02 00 00  |................|
000672c0  b1 02 00 00 b2 02 00 00  b3 02 00 00 b4 02 00 00  |................|
000672d0  b5 02 00 00 b6 02 00 00  b7 02 00 00 b8 02 00 00  |................|
000672e0  b9 02 00 00 ba 02 00 00  bb 02 00 00 bc 02 00 00  |................|
000672f0  bd 02 00 00 be 02 00 00  bf 02 00 00 c0 02 00 00  |................|
00067300  c1 02 00 00 c2 02 00 00  c3 02 00 00 c4 02 00 00  |................|
00067310  c5 02 00 00 c6 02 00 00  c7 02 00 00 c8 02 00 00  |................|
00067320  c9 02 00 00 ca 02 00 00  cb 02 00 00 cc 02 00 00  |................|
00067330  cd 02 00 00 ce 02 00 00  cf 02 00 00 d0 02 00 00  |................|
00067340  d1 02 00 00 d2 02 00 00  d3 02 00 00 d4 02 00 00  |................|
00067350  d5 02 00 00 d6 02 00 00  d7 02 00 00 d8 02 00 00  |................|
00067360  d9 02 00 00 da 02 00 00  db 02 00 00 dc 02 00 00  |................|
00067370  dd 02 00 00 de 02 00 00  df 02 00 00 e0 02 00 00  |................|
00067380  e1 02 00 00 e2 02 00 00  e3 02 00 00 e4 02 00 00  |................|
00067390  e5 02 00 00 e6 02 00 00  e7 02 00 00 e8 02 00 00  |................|
000673a0  e9 02 00 00 ea 02 00 00  eb 02 00 00 ec 02 00 00  |................|
000673b0  ed 02 00 00 ee 02 00 00  ef 02 00 00 f0 02 00 00  |................|
000673c0  f1 02 00 00 f2 02 00 00  f3 02 00 00 f4 02 00 00  |................|
000673d0  f5 02 00 00 f6 02 00 00  f7 02 00 00 f8 02 00 00  |................|
000673e0  f9 02 00 00 fa 02 00 00  fb 02 00 00 fc 02 00 00  |................|
000673f0  fd 02 00 00 fe 02 00 00  ff 02 00 00 00 03 00 00  |................|
00067400  01 03 00 00 02 03 00 00  03 03 00 00 04 03 00 00  |................|
00067410  05 03 00 00 06 03 00 00  07 03 00 00 08 03 00 00  |................|
00067420  09 03 00 00 0a 03 00 00  0b 03 00 00 0c 03 00 00  |................|
00067430  0d 03 00 00 0e 03 00 00  0f 03 00 00 10 03 00 00  |................|
00067440  11 03 00 00 12 03 00 00  13 03 00 00 14 03 00 00  |................|
00067450  15 03 00 00 16 03 00 00  17 03 00 00 18 03 00 00  |................|
00067460  19 03 00 00 1a 03 00 00  1b 03 00 00 1c 03 00 00  |................|
00067470  1d 03 00 00 1e 03 00 00  1f 03 00 00 20 03 00 00  |............ ...|
00067480  21 03 00 00 22 03 00 00  23 03 00 00 24 03 00 00  |!..."...#...$...|
00067490  25 03 00 00 26 03 00 00  27 03 00 00 28 03 00 00  |%...&...'...(...|
000674a0  29 03 00 00 2a 03 00 00  2b 03 00 00 2c 03 00 00  |)...*...+...,...|
000674b0  2d 03 00 00 2e 03 00 00  2f 03 00 00 30 03 00 00  |-......./...0...|
000674c0  31 03 00 00 32 03 00 00  33 03 00 00 34 03 00 00  |1...2...3...4...|
000674d0  35 03 00 00 36 03 00 00  37 03 00 00 38 03 00 00  |5...6...7...8...|
000674e0  39 03 00 00 3a 03 00 00  3b 03 00 00 3c 03 00 00  |9...:...;...<...|
000674f0  3d 03 00 00 3e 03 00 00  3f 03 00 00 40 03 00 00  |=...>...?...@...|
00067500  41 03 00 00 42 03 00 00  43 03 00 00 44 03 00 00  |A...B...C...D...|
00067510  45 03 00 00 46 03 00 00  47 03 00 00 48 03 00 00  |E...F...G...H...|
00067520  49 03 00 00 4a 03 00 00  4b 03 00 00 4c 03 00 00  |I...J...K...L...|
00067530  4d 03 00 00 4e 03 00 00  4f 03 00 00 50 03 00 00  |M...N...O...P...|
00067540  51 03 00 00 52 03 00 00  53 03 00 00 54 03 00 00  |Q...R...S...T...|
00067550  55 03 00 00 56 03 00 00  57 03 00 00 58 03 00 00  |U...V...W...X...|
00067560  59 03 00 00 5a 03 00 00  5b 03 00 00 5c 03 00 00  |Y...Z...[...\...|
00067570  5d 03 00 00 5e 03 00 00  5f 03 00 00 60 03 00 00  |]...^..._...`...|
00067580  61 03 00 00 62 03 00 00  63 03 00 00 64 03 00 00  |a...b...c...d...|
00067590  65 03 00 00 66 03 00 00  67 03 00 00 68 03 00 00  |e...f...g...h...|
000675a0  69 03 00 00 6a 03 00 00  6b 03 00 00 6c 03 00 00  |i...j...k...l...|
000675b0  6d 03 00 00 6e 03 00 00  6f 03 00 00 70 03 00 00  |m...n...o...p...|
000675c0  71 03 00 00 72 03 00 00  73 03 00 00 74 03 00 00  |q...r...s...t...|
000675d0  75 03 00 00 76 03 00 00  77 03 00 00 78 03 00 00  |u...v...w...x...|
000675e0  79 03 00 00 7a 03 00 00  7b 03 00 00 7c 03 00 00  |y...z...{...|...|
000675f0  7d 03 00 00 7e 03 00 00  7f 03 00 00 80 03 00 00  |}...~...........|
00067600  81 03 00 00 82 03 00 00  83 03 00 00 84 03 00 00  |................|
00067610  85 03 00 00 86 03 00 00  87 03 00 00 88 03 00 00  |................|
00067620  89 03 00 00 8a 03 00 00  8b 03 00 00 8c 03 00 00  |................|
00067630  8d 03 00 00 8e 03 00 00  8f 03 00 00 90 03 00 00  |................|
00067640  91 03 00 00 92 03 00 00  93 03 00 00 94 03 00 00  |................|
00067650  95 03 00 00 96 03 00 00  97 03 00 00 98 03 00 00  |................|
00067660  99 03 00 00 9a 03 00 00  9b 03 00 00 9c 03 00 00  |................|
00067670  9d 03 00 00 9e 03 00 00  9f 03 00 00 a0 03 00 00  |................|
00067680  a1 03 00 00 a2 03 00 00  a3 03 00 00 a4 03 00 00  |................|
00067690  a5 03 00 00 a6 03 00 00  a7 03 00 00 a8 03 00 00  |................|
000676a0  a9 03 00 00 aa 03 00 00  ab 03 00 00 ac 03 00 00  |................|
000676b0  ad 03 00 00 ae 03 00 00  af 03 00 00 b0 03 00 00  |................|
000676c0  b1 03 00 00 b2 03 00 00  b3 03 00 00 b4 03 00 00  |................|
000676d0  b5 03 00 00 b6 03 00 00  b7 03 00 00 b8 03 00 00  |................|
000676e0  b9 03 00 00 ba 03 00 00  bb 03 00 00 bc 03 00 00  |................|
000676f0  bd 03 00 00 be 03 00 00  bf 03 00 00 c0 03 00 00  |................|
00067700  c1 03 00 00 c2 03 00 00  c3 03 00 00 c4 03 00 00  |................|
00067710  c5 03 00 00 c6 03 00 00  c7 03 00 00 c8 03 00 00  |................|
00067720  c9 03 00 00 ca 03 00 00  cb 03 00 00 cc 03 00 00  |................|
00067730  cd 03 00 00 ce 03 00 00  cf 03 00 00 d0 03 00 00  |................|
00067740  d1 03 00 00 d2 03 00 00  d3 03 00 00 d4 03 00 00  |................|
00067750  d5 03 00 00 d6 03 00 00  d7 03 00 00 d8 03 00 00  |................|
00067760  d9 03 00 00 da 03 00 00  db 03 00 00 dc 03 00 00  |................|
00067770  dd 03 00 00 de 03 00 00  df 03 00 00 e0 03 00 00  |................|
00067780  e1 03 00 00 e2 03 00 00  e3 03 00 00 e4 03 00 00  |................|
00067790  e5 03 00 00 e6 03 00 00  e7 03 00 00 e8 03 00 00  |................|
000677a0  e9 03 00 00 ea 03 00 00  eb 03 00 00 ec 03 00 00  |................|
000677b0  ed 03 00 00 ee 03 00 00  ef 03 00 00 f0 03 00 00  |................|
000677c0  f1 03 00 00 f2 03 00 00  f3 03 00 00 f4 03 00 00  |................|
000677d0  f5 03 00 00 f6 03 00 00  f7 03 00 00 f8 03 00 00  |................|
000677e0  f9 03 00 00 fa 03 00 00  fb 03 00 00 fc 03 00 00  |................|
000677f0  fd 03 00 00 fe 03 00 00  ff 03 00 00 00 04 00 00  |................|
00067800  01 04 00 00 02 04 00 00  03 04 00 00 04 04 00 00  |................|
00067810  05 04 00 00 06 04 00 00  07 04 00 00 08 04 00 00  |................|
00067820  09 04 00 00 0a 04 00 00  0b 04 00 00 0c 04 00 00  |................|
00067830  0d 04 00 00 0e 04 00 00  0f 04 00 00 10 04 00 00  |................|
00067840  11 04 00 00 12 04 00 00  13 04 00 00 14 04 00 00  |................|
00067850  15 04 00 00 16 04 00 00  17 04 00 00 18 04 00 00  |................|
00067860  19 04 00 00 1a 04 00 00  1b 04 00 00 1c 04 00 00  |................|
00067870  1d 04 00 00 1e 04 00 00  1f 04 00 00 20 04 00 00  |............ ...|
00067880  21 04 00 00 22 04 00 00  23 04 00 00 24 04 00 00  |!..."...#...$...|
00067890  25 04 00 00 26 04 00 00  27 04 00 00 28 04 00 00  |%...&...'...(...|
000678a0  29 04 00 00 2a 04 00 00  2b 04 00 00 2c 04 00 00  |)...*...+...,...|
000678b0  2d 04 00 00 2e 04 00 00  2f 04 00 00 30 04 00 00  |-......./...0...|
000678c0  31 04 00 00 32 04 00 00  33 04 00 00 34 04 00 00  |1...2...3...4...|
000678d0  35 04 00 00 36 04 00 00  37 04 00 00 38 04 00 00  |5...6...7...8...|
000678e0  39 04 00 00 3a 04 00 00  3b 04 00 00 3c 04 00 00  |9...:...;...<...|
000678f0  3d 04 00 00 3e 04 00 00  3f 04 00 00 40 04 00 00  |=...>...?...@...|
00067900  41 04 00 00 42 04 00 00  43 04 00 00 44 04 00 00  |A...B...C...D...|
00067910  45 04 00 00 46 04 00 00  47 04 00 00 48 04 00 00  |E...F...G...H...|
00067920  49 04 00 00 4a 04 00 00  4b 04 00 00 4c 04 00 00  |I...J...K...L...|
00067930  4d 04 00 00 4e 04 00 00  4f 04 00 00 50 04 00 00  |M...N...O...P...|
00067940  51 04 00 00 52 04 00 00  53 04 00 00 54 04 00 00  |Q...R...S...T...|
00067950  55 04 00 00 56 04 00 00  57 04 00 00 58 04 00 00  |U...V...W...X...|
00067960  59 04 00 00 5a 04 00 00  5b 04 00 00 5c 04 00 00  |Y...Z...[...\...|
00067970  5d 04 00 00 5e 04 00 00  5f 04 00 00 60 04 00 00  |]...^..._...`...|
00067980  61 04 00 00 62 04 00 00  63 04 00 00 64 04 00 00  |a...b...c...d...|
00067990  65 04 00 00 66 04 00 00  67 04 00 00 68 04 00 00  |e...f...g...h...|
000679a0  69 04 00 00 6a 04 00 00  6b 04 00 00 6c 04 00 00  |i...j...k...l...|
000679b0  6d 04 00 00 6e 04 00 00  6f 04 00 00 70 04 00 00  |m...n...o...p...|
000679c0  71 04 00 00 72 04 00 00  73 04 00 00 74 04 00 00  |q...r...s...t...|
000679d0  75 04 00 00 76 04 00 00  77 04 00 00 78 04 00 00  |u...v...w...x...|
000679e0  79 04 00 00 7a 04 00 00  7b 04 00 00 7c 04 00 00  |y...z...{...|...|
000679f0  7d 04 00 00 7e 04 00 00  7f 04 00 00 80 04 00 00  |}...~...........|
00067a00  81 04 00 00 82 04 00 00  83 04 00 00 84 04 00 00  |................|
00067a10  85 04 00 00 86 04 00 00  87 04 00 00 88 04 00 00  |................|
00067a20  89 04 00 00 8a 04 00 00  8b 04 00 00 8c 04 00 00  |................|
00067a30  8d 04 00 00 8e 04 00 00  8f 04 00 00 90 04 00 00  |................|
00067a40  91 04 00 00 92 04 00 00  93 04 00 00 94 04 00 00  |................|
00067a50  95 04 00 00 96 04 00 00  97 04 00 00 98 04 00 00  |................|
00067a60  99 04 00 00 9a 04 00 00  9b 04 00 00 9c 04 00 00  |................|
00067a70  9d 04 00 00 9e 04 00 00  9f 04 00 00 a0 04 00 00  |................|
00067a80  a1 04 00 00 a2 04 00 00  a3 04 00 00 a4 04 00 00  |................|
00067a90  a5 04 00 00 a6 04 00 00  a7 04 00 00 a8 04 00 00  |................|
00067aa0  a9 04 00 00 aa 04 00 00  ab 04 00 00 ac 04 00 00  |................|
00067ab0  ad 04 00 00 ae 04 00 00  af 04 00 00 b0 04 00 00  |................|
00067ac0  b1 04 00 00 b2 04 00 00  b3 04 00 00 b4 04 00 00  |................|
00067ad0  b5 04 00 00 b6 04 00 00  b7 04 00 00 b8 04 00 00  |................|
00067ae0  b9 04 00 00 ba 04 00 00  bb 04 00 00 bc 04 00 00  |................|
00067af0  bd 04 00 00 be 04 00 00  bf 04 00 00 c0 04 00 00  |................|
00067b00  c1 04 00 00 c2 04 00 00  c3 04 00 00 c4 04 00 00  |................|
00067b10  c5 04 00 00 c6 04 00 00  c7 04 00 00 c8 04 00 00  |................|
00067b20  c9 04 00 00 ca 04 00 00  cb 04 00 00 cc 04 00 00  |................|
00067b30  cd 04 00 00 ce 04 00 00  cf 04 00 00 d0 04 00 00  |................|
00067b40  d1 04 00 00 d2 04 00 00  d3 04 00 00 d4 04 00 00  |................|
00067b50  d5 04 00 00 d6 04 00 00  d7 04 00 00 d8 04 00 00  |................|
00067b60  d9 04 00 00 da 04 00 00  db 04 00 00 dc 04 00 00  |................|
00067b70  dd 04 00 00 de 04 00 00  df 04 00 00 e0 04 00 00  |................|
00067b80  e1 04 00 00 e2 04 00 00  e3 04 00 00 e4 04 00 00  |................|
00067b90  e5 04 00 00 e6 04 00 00  e7 04 00 00 e8 04 00 00  |................|
00067ba0  e9 04 00 00 ea 04 00 00  eb 04 00 00 ec 04 00 00  |................|
00067bb0  ed 04 00 00 ee 04 00 00  ef 04 00 00 f0 04 00 00  |................|
00067bc0  f1 04 00 00 f2 04 00 00  f3 04 00 00 f4 04 00 00  |................|
00067bd0  f5 04 00 00 f6 04 00 00  f7 04 00 00 f8 04 00 00  |................|
00067be0  f9 04 00 00 fa 04 00 00  fb 04 00 00 fc 04 00 00  |................|
00067bf0  fd 04 00 00 fe 04 00 00  ff 04 00 00 00 05 00 00  |................|
00067c00  01 05 00 00 02 05 00 00  03 05 00 00 04 05 00 00  |................|
00067c10  05 05 00 00 06 05 00 00  07 05 00 00 08 05 00 00  |................|
00067c20  09 05 00 00 0a 05 00 00  0b 05 00 00 0c 05 00 00  |................|
00067c30  0d 05 00 00 0e 05 00 00  0f 05 00 00 10 05 00 00  |................|
00067c40  11 05 00 00 12 05 00 00  13 05 00 00 14 05 00 00  |................|
00067c50  15 05 00 00 16 05 00 00  17 05 00 00 18 05 00 00  |................|
00067c60  19 05 00 00 1a 05 00 00  1b 05 00 00 1c 05 00 00  |................|
00067c70  1d 05 00 00 1e 05 00 00  1f 05 00 00 20 05 00 00  |............ ...|
00067c80  21 05 00 00 22 05 00 00  23 05 00 00 24 05 00 00  |!..."...#...$...|
00067c90  25 05 00 00 26 05 00 00  27 05 00 00 28 05 00 00  |%...&...'...(...|
00067ca0  29 05 00 00 2a 05 00 00  2b 05 00 00 2c 05 00 00  |)...*...+...,...|
00067cb0  2d 05 00 00 2e 05 00 00  2f 05 00 00 30 05 00 00  |-......./...0...|
00067cc0  31 05 00 00 32 05 00 00  33 05 00 00 34 05 00 00  |1...2...3...4...|
00067cd0  35 05 00 00 36 05 00 00  37 05 00 00 38 05 00 00  |5...6...7...8...|
00067ce0  39 05 00 00 3a 05 00 00  3b 05 00 00 3c 05 00 00  |9...:...;...<...|
00067cf0  3d 05 00 00 3e 05 00 00  3f 05 00 00 40 05 00 00  |=...>...?...@...|
00067d00  41 05 00 00 42 05 00 00  43 05 00 00 44 05 00 00  |A...B...C...D...|
00067d10  45 05 00 00 46 05 00 00  47 05 00 00 48 05 00 00  |E...F...G...H...|
00067d20  49 05 00 00 4a 05 00 00  4b 05 00 00 4c 05 00 00  |I...J...K...L...|
00067d30  4d 05 00 00 4e 05 00 00  4f 05 00 00 50 05 00 00  |M...N...O...P...|
00067d40  51 05 00 00 52 05 00 00  53 05 00 00 54 05 00 00  |Q...R...S...T...|
00067d50  55 05 00 00 56 05 00 00  57 05 00 00 58 05 00 00  |U...V...W...X...|
00067d60  59 05 00 00 5a 05 00 00  5b 05 00 00 5c 05 00 00  |Y...Z...[...\...|
00067d70  5d 05 00 00 5e 05 00 00  5f 05 00 00 60 05 00 00  |]...^..._...`...|
00067d80  61 05 00 00 62 05 00 00  63 05 00 00 64 05 00 00  |a...b...c...d...|
00067d90  65 05 00 00 66 05 00 00  67 05 00 00 68 05 00 00  |e...f...g...h...|
00067da0  69 05 00 00 6a 05 00 00  6b 05 00 00 6c 05 00 00  |i...j...k...l...|
00067db0  6d 05 00 00 6e 05 00 00  6f 05 00 00 70 05 00 00  |m...n...o...p...|
00067dc0  71 05 00 00 72 05 00 00  73 05 00 00 74 05 00 00  |q...r...s...t...|
00067dd0  75 05 00 00 76 05 00 00  77 05 00 00 78 05 00 00  |u...v...w...x...|
00067de0  79 05 00 00 7a 05 00 00  7b 05 00 00 7c 05 00 00  |y...z...{...|...|
00067df0  7d 05 00 00 7e 05 00 00  7f 05 00 00 80 05 00 00  |}...~...........|
00067e00  81 05 00 00 82 05 00 00  83 05 00 00 84 05 00 00  |................|
00067e10  85 05 00 00 86 05 00 00  87 05 00 00 88 05 00 00  |................|
00067e20  89 05 00 00 8a 05 00 00  8b 05 00 00 8c 05 00 00  |................|
00067e30  8d 05 00 00 8e 05 00 00  8f 05 00 00 90 05 00 00  |................|
00067e40  91 05 00 00 92 05 00 00  93 05 00 00 94 05 00 00  |................|
00067e50  95 05 00 00 96 05 00 00  97 05 00 00 98 05 00 00  |................|
00067e60  99 05 00 00 9a 05 00 00  9b 05 00 00 9c 05 00 00  |................|
00067e70  9d 05 00 00 9e 05 00 00  9f 05 00 00 a0 05 00 00  |................|
00067e80  a1 05 00 00 a2 05 00 00  a3 05 00 00 a4 05 00 00  |................|
00067e90  a5 05 00 00 a6 05 00 00  a7 05 00 00 a8 05 00 00  |................|
00067ea0  a9 05 00 00 aa 05 00 00  ab 05 00 00 ac 05 00 00  |................|
00067eb0  ad 05 00 00 ae 05 00 00  af 05 00 00 b0 05 00 00  |................|
00067ec0  b1 05 00 00 b2 05 00 00  b3 05 00 00 b4 05 00 00  |................|
00067ed0  b5 05 00 00 b6 05 00 00  b7 05 00 00 b8 05 00 00  |................|
00067ee0  b9 05 00 00 ba 05 00 00  bb 05 00 00 bc 05 00 00  |................|
00067ef0  bd 05 00 00 be 05 00 00  bf 05 00 00 c0 05 00 00  |................|
00067f00  c1 05 00 00 c2 05 00 00  c3 05 00 00 c4 05 00 00  |................|
00067f10  c5 05 00 00 c6 05 00 00  c7 05 00 00 c8 05 00 00  |................|
00067f20  c9 05 00 00 ca 05 00 00  cb 05 00 00 cc 05 00 00  |................|
00067f30  cd 05 00 00 ce 05 00 00  cf 05 00 00 d0 05 00 00  |................|
00067f40  d1 05 00 00 d2 05 00 00  d3 05 00 00 d4 05 00 00  |................|
00067f50  d5 05 00 00 d6 05 00 00  d7 05 00 00 d8 05 00 00  |................|
00067f60  d9 05 00 00 da 05 00 00  db 05 00 00 dc 05 00 00  |................|
00067f70  dd 05 00 00 de 05 00 00  df 05 00 00 e0 05 00 00  |................|
00067f80  e1 05 00 00 e2 05 00 00  e3 05 00 00 e4 05 00 00  |................|
00067f90  e5 05 00 00 e6 05 00 00  e7 05 00 00 e8 05 00 00  |................|
00067fa0  e9 05 00 00 ea 05 00 00  eb 05 00 00 ec 05 00 00  |................|
00067fb0  ed 05 00 00 ee 05 00 00  ef 05 00 00 f0 05 00 00  |................|
00067fc0  f1 05 00 00 f2 05 00 00  f3 05 00 00 f4 05 00 00  |................|
00067fd0  f5 05 00 00 f6 05 00 00  f7 05 00 00 f8 05 00 00  |................|
00067fe0  f9 05 00 00 fa 05 00 00  fb 05 00 00 fc 05 00 00  |................|
00067ff0  fd 05 00 00 fe 05 00 00  ff 05 00 00 00 06 00 00  |................|
00068000  01 06 00 00 02 06 00 00  03 06 00 00 04 06 00 00  |................|
00068010  05 06 00 00 06 06 00 00  07 06 00 00 08 06 00 00  |................|
00068020  09 06 00 00 0a 06 00 00  0b 06 00 00 0c 06 00 00  |................|
00068030  0d 06 00 00 0e 06 00 00  0f 06 00 00 10 06 00 00  |................|
00068040  11 06 00 00 12 06 00 00  13 06 00 00 14 06 00 00  |................|
00068050  15 06 00 00 16 06 00 00  17 06 00 00 18 06 00 00  |................|
00068060  19 06 00 00 1a 06 00 00  1b 06 00 00 1c 06 00 00  |................|
00068070  1d 06 00 00 1e 06 00 00  1f 06 00 00 20 06 00 00  |............ ...|
00068080  21 06 00 00 22 06 00 00  23 06 00 00 24 06 00 00  |!..."...#...$...|
00068090  25 06 00 00 26 06 00 00  27 06 00 00 28 06 00 00  |%...&...'...(...|
000680a0  29 06 00 00 2a 06 00 00  2b 06 00 00 2c 06 00 00  |)...*...+...,...|
000680b0  2d 06 00 00 2e 06 00 00  2f 06 00 00 30 06 00 00  |-......./...0...|
000680c0  31 06 00 00 32 06 00 00  33 06 00 00 34 06 00 00  |1...2...3...4...|
000680d0  35 06 00 00 36 06 00 00  37 06 00 00 38 06 00 00  |5...6...7...8...|
000680e0  39 06 00 00 3a 06 00 00  3b 06 00 00 3c 06 00 00  |9...:...;...<...|
000680f0  3d 06 00 00 3e 06 00 00  3f 06 00 00 40 06 00 00  |=...>...?...@...|
00068100  41 06 00 00 42 06 00 00  43 06 00 00 44 06 00 00  |A...B...C...D...|
00068110  45 06 00 00 46 06 00 00  47 06 00 00 48 06 00 00  |E...F...G...H...|
00068120  49 06 00 00 4a 06 00 00  4b 06 00 00 4c 06 00 00  |I...J...K...L...|
00068130  4d 06 00 00 4e 06 00 00  4f 06 00 00 50 06 00 00  |M...N...O...P...|
00068140  51 06 00 00 52 06 00 00  53 06 00 00 54 06 00 00  |Q...R...S...T...|
00068150  55 06 00 00 56 06 00 00  57 06 00 00 58 06 00 00  |U...V...W...X...|
00068160  59 06 00 00 5a 06 00 00  5b 06 00 00 5c 06 00 00  |Y...Z...[...\...|
00068170  5d 06 00 00 5e 06 00 00  5f 06 00 00 60 06 00 00  |]...^..._...`...|
00068180  61 06 00 00 62 06 00 00  63 06 00 00 64 06 00 00  |a...b...c...d...|
00068190  65 06 00 00 66 06 00 00  67 06 00 00 68 06 00 00  |e...f...g...h...|
000681a0  69 06 00 00 6a 06 00 00  6b 06 00 00 6c 06 00 00  |i...j...k...l...|
000681b0  6d 06 00 00 6e 06 00 00  6f 06 00 00 70 06 00 00  |m...n...o...p...|
000681c0  71 06 00 00 72 06 00 00  73 06 00 00 74 06 00 00  |q...r...s...t...|
000681d0  75 06 00 00 76 06 00 00  77 06 00 00 78 06 00 00  |u...v...w...x...|
000681e0  79 06 00 00 7a 06 00 00  7b 06 00 00 7c 06 00 00  |y...z...{...|...|
000681f0  7d 06 00 00 7e 06 00 00  7f 06 00 00 80 06 00 00  |}...~...........|
00068200  81 06 00 00 82 06 00 00  83 06 00 00 84 06 00 00  |................|
00068210  85 06 00 00 86 06 00 00  87 06 00 00 88 06 00 00  |................|
00068220  89 06 00 00 8a 06 00 00  8b 06 00 00 8c 06 00 00  |................|
00068230  8d 06 00 00 8e 06 00 00  8f 06 00 00 90 06 00 00  |................|
00068240  91 06 00 00 92 06 00 00  93 06 00 00 94 06 00 00  |................|
00068250  95 06 00 00 96 06 00 00  97 06 00 00 98 06 00 00  |................|
00068260  99 06 00 00 9a 06 00 00  9b 06 00 00 9c 06 00 00  |................|
00068270  9d 06 00 00 9e 06 00 00  9f 06 00 00 a0 06 00 00  |................|
00068280  a1 06 00 00 a2 06 00 00  a3 06 00 00 a4 06 00 00  |................|
00068290  a5 06 00 00 a6 06 00 00  a7 06 00 00 a8 06 00 00  |................|
000682a0  a9 06 00 00 aa 06 00 00  ab 06 00 00 ac 06 00 00  |................|
000682b0  ad 06 00 00 ae 06 00 00  af 06 00 00 b0 06 00 00  |................|
000682c0  b1 06 00 00 b2 06 00 00  b3 06 00 00 b4 06 00 00  |................|
000682d0  b5 06 00 00 b6 06 00 00  b7 06 00 00 b8 06 00 00  |................|
000682e0  b9 06 00 00 ba 06 00 00  bb 06 00 00 bc 06 00 00  |................|
000682f0  bd 06 00 00 be 06 00 00  bf 06 00 00 c0 06 00 00  |................|
00068300  c1 06 00 00 c2 06 00 00  c3 06 00 00 c4 06 00 00  |................|
00068310  c5 06 00 00 c6 06 00 00  c7 06 00 00 c8 06 00 00  |................|
00068320  c9 06 00 00 ca 06 00 00  cb 06 00 00 cc 06 00 00  |................|
00068330  cd 06 00 00 ce 06 00 00  cf 06 00 00 d0 06 00 00  |................|
00068340  d1 06 00 00 d2 06 00 00  d3 06 00 00 d4 06 00 00  |................|
00068350  d5 06 00 00 d6 06 00 00  d7 06 00 00 d8 06 00 00  |................|
00068360  d9 06 00 00 da 06 00 00  db 06 00 00 dc 06 00 00  |................|
00068370  dd 06 00 00 de 06 00 00  df 06 00 00 e0 06 00 00  |................|
00068380  e1 06 00 00 e2 06 00 00  e3 06 00 00 e4 06 00 00  |................|
00068390  e5 06 00 00 e6 06 00 00  e7 06 00 00 e8 06 00 00  |................|
000683a0  e9 06 00 00 ea 06 00 00  eb 06 00 00 ec 06 00 00  |................|
000683b0  ed 06 00 00 ee 06 00 00  ef 06 00 00 f0 06 00 00  |................|
000683c0  f1 06 00 00 f2 06 00 00  f3 06 00 00 f4 06 00 00  |................|
000683d0  f5 06 00 00 f6 06 00 00  f7 06 00 00 f8 06 00 00  |................|
000683e0  f9 06 00 00 fa 06 00 00  fb 06 00 00 fc 06 00 00  |................|
000683f0  fd 06 00 00 fe 06 00 00  ff 06 00 00 00 07 00 00  |................|
00068400  01 07 00 00 02 07 00 00  03 07 00 00 04 07 00 00  |................|
00068410  05 07 00 00 06 07 00 00  07 07 00 00 08 07 00 00  |................|
00068420  09 07 00 00 0a 07 00 00  0b 07 00 00 0c 07 00 00  |................|
00068430  0d 07 00 00 0e 07 00 00  0f 07 00 00 10 07 00 00  |................|
00068440  11 07 00 00 12 07 00 00  13 07 00 00 14 07 00 00  |................|
00068450  15 07 00 00 16 07 00 00  17 07 00 00 18 07 00 00  |................|
00068460  19 07 00 00 1a 07 00 00  1b 07 00 00 1c 07 00 00  |................|
00068470  1d 07 00 00 1e 07 00 00  1f 07 00 00 20 07 00 00  |............ ...|
00068480  21 07 00 00 22 07 00 00  23 07 00 00 24 07 00 00  |!..."...#...$...|
00068490  25 07 00 00 26 07 00 00  27 07 00 00 28 07 00 00  |%...&...'...(...|
000684a0  29 07 00 00 2a 07 00 00  2b 07 00 00 2c 07 00 00  |)...*...+...,...|
000684b0  2d 07 00 00 2e 07 00 00  2f 07 00 00 30 07 00 00  |-......./...0...|
000684c0  31 07 00 00 32 07 00 00  33 07 00 00 34 07 00 00  |1...2...3...4...|
000684d0  35 07 00 00 36 07 00 00  37 07 00 00 38 07 00 00  |5...6...7...8...|
000684e0  39 07 00 00 3a 07 00 00  3b 07 00 00 3c 07 00 00  |9...:...;...<...|
000684f0  3d 07 00 00 3e 07 00 00  3f 07 00 00 40 07 00 00  |=...>...?...@...|
00068500  41 07 00 00 42 07 00 00  43 07 00 00 44 07 00 00  |A...B...C...D...|
00068510  45 07 00 00 46 07 00 00  47 07 00 00 48 07 00 00  |E...F...G...H...|
00068520  49 07 00 00 4a 07 00 00  4b 07 00 00 4c 07 00 00  |I...J...K...L...|
00068530  4d 07 00 00 4e 07 00 00  4f 07 00 00 50 07 00 00  |M...N...O...P...|
00068540  51 07 00 00 52 07 00 00  53 07 00 00 54 07 00 00  |Q...R...S...T...|
00068550  55 07 00 00 56 07 00 00  57 07 00 00 58 07 00 00  |U...V...W...X...|
00068560  59 07 00 00 5a 07 00 00  5b 07 00 00 5c 07 00 00  |Y...Z...[...\...|
00068570  5d 07 00 00 5e 07 00 00  5f 07 00 00 60 07 00 00  |]...^..._...`...|
00068580  61 07 00 00 62 07 00 00  63 07 00 00 64 07 00 00  |a...b...c...d...|
00068590  65 07 00 00 66 07 00 00  67 07 00 00 68 07 00 00  |e...f...g...h...|
000685a0  69 07 00 00 6a 07 00 00  6b 07 00 00 6c 07 00 00  |i...j...k...l...|
000685b0  6d 07 00 00 6e 07 00 00  6f 07 00 00 70 07 00 00  |m...n...o...p...|
000685c0  71 07 00 00 72 07 00 00  73 07 00 00 74 07 00 00  |q...r...s...t...|
000685d0  75 07 00 00 76 07 00 00  77 07 00 00 78 07 00 00  |u...v...w...x...|
000685e0  79 07 00 00 7a 07 00 00  7b 07 00 00 7c 07 00 00  |y...z...{...|...|
000685f0  7d 07 00 00 7e 07 00 00  7f 07 00 00 80 07 00 00  |}...~...........|
00068600  81 07 00 00 82 07 00 00  83 07 00 00 84 07 00 00  |................|
00068610  85 07 00 00 86 07 00 00  87 07 00 00 88 07 00 00  |................|
00068620  89 07 00 00 8a 07 00 00  8b 07 00 00 8c 07 00 00  |................|
00068630  8d 07 00 00 8e 07 00 00  8f 07 00 00 90 07 00 00  |................|
00068640  91 07 00 00 92 07 00 00  93 07 00 00 94 07 00 00  |................|
00068650  95 07 00 00 96 07 00 00  97 07 00 00 98 07 00 00  |................|
00068660  99 07 00 00 9a 07 00 00  9b 07 00 00 9c 07 00 00  |................|
00068670  9d 07 00 00 9e 07 00 00  9f 07 00 00 a0 07 00 00  |................|
00068680  a1 07 00 00 a2 07 00 00  a3 07 00 00 a4 07 00 00  |................|
00068690  a5 07 00 00 a6 07 00 00  a7 07 00 00 a8 07 00 00  |................|
000686a0  a9 07 00 00 aa 07 00 00  ab 07 00 00 ac 07 00 00  |................|
000686b0  ad 07 00 00 ae 07 00 00  af 07 00 00 b0 07 00 00  |................|
000686c0  b1 07 00 00 b2 07 00 00  b3 07 00 00 b4 07 00 00  |................|
000686d0  b5 07 00 00 b6 07 00 00  b7 07 00 00 b8 07 00 00  |................|
000686e0  b9 07 00 00 ba 07 00 00  bb 07 00 00 bc 07 00 00  |................|
000686f0  bd 07 00 00 be 07 00 00  bf 07 00 00 c0 07 00 00  |................|
00068700  c1 07 00 00 c2 07 00 00  c3 07 00 00 c4 07 00 00  |................|
00068710  c5 07 00 00 c6 07 00 00  c7 07 00 00 c8 07 00 00  |................|
00068720  c9 07 00 00 ca 07 00 00  cb 07 00 00 cc 07 00 00  |................|
00068730  cd 07 00 00 ce 07 00 00  cf 07 00 00 d0 07 00 00  |................|
00068740  d1 07 00 00 d2 07 00 00  d3 07 00 00 d4 07 00 00  |................|
00068750  d5 07 00 00 d6 07 00 00  d7 07 00 00 d8 07 00 00  |................|
00068760  d9 07 00 00 da 07 00 00  db 07 00 00 dc 07 00 00  |................|
00068770  dd 07 00 00 de 07 00 00  df 07 00 00 e0 07 00 00  |................|
00068780  e1 07 00 00 e2 07 00 00  e3 07 00 00 e4 07 00 00  |................|
00068790  e5 07 00 00 e6 07 00 00  e7 07 00 00 e8 07 00 00  |................|
000687a0  e9 07 00 00 ea 07 00 00  eb 07 00 00 ec 07 00 00  |................|
000687b0  ed 07 00 00 ee 07 00 00  ef 07 00 00 f0 07 00 00  |................|
000687c0  f1 07 00 00 f2 07 00 00  f3 07 00 00 f4 07 00 00  |................|
000687d0  f5 07 00 00 f6 07 00 00  f7 07 00 00 f8 07 00 00  |................|
000687e0  f9 07 00 00 fa 07 00 00  fb 07 00 00 fc 07 00 00  |................|
000687f0  fd 07 00 00 fe 07 00 00  ff 07 00 00 00 08 00 00  |................|
00068800  01 08 00 00 02 08 00 00  03 08 00 00 04 08 00 00  |................|
00068810  05 08 00 00 ff ff ff 0f  00 00 00 00 00 00 00 00  |................|
00068820  00 00 00 00 00 00 00 00  00 00 00 00 00 00 00 00  |................|
*
000c9000  41 66 00 6f 00 6c 00 64  00 65 00 0f 00 b1 72 00  |Af.o.l.d.e....r.|
000c9010  00 00 ff ff ff ff ff ff  ff ff 00 00 ff ff ff ff  |................|
000c9020  46 4f 4c 44 45 52 20 20  20 20 20 10 00 9b ac 33  |FOLDER     ....3|
000c9030  64 5b 64 5b 00 00 ac 33  64 5b 03 00 00 00 00 00  |d[d[...3d[......|
000c9040  e5 66 00 69 00 6c 00 65  00 2e 00 0f 00 19 74 00  |.f.i.l.e......t.|
000c9050  78 00 74 00 00 00 ff ff  ff ff 00 00 ff ff ff ff  |x.t.............|
000c9060  e5 49 4c 45 20 20 20 20  54 58 54 20 00 5a b6 33  |.ILE    TXT .Z.3|
000c9070  64 5b 64 5b 00 00 b6 33  64 5b 04 00 05 00 00 00  |d[d[...3d[......|
000c9080  42 70 00 00 00 ff ff ff  ff ff ff 0f 00 57 ff ff  |Bp...........W..|
000c9090  ff ff ff ff ff ff ff ff  ff ff 00 00 ff ff ff ff  |................|
000c90a0  01 69 00 6d 00 61 00 67  00 65 00 0f 00 57 2d 00  |.i.m.a.g.e...W-.|
000c90b0  6e 00 61 00 6d 00 65 00  2e 00 00 00 62 00 6d 00  |n.a.m.e.....b.m.|
000c90c0  49 4d 41 47 45 2d 7e 31  42 4d 50 20 00 78 b9 33  |IMAGE-~1BMP .x.3|
000c90d0  64 5b 64 5b 00 00 b9 33  64 5b 05 00 8a 00 10 00  |d[d[...3d[......|
000c90e0  00 00 00 00 00 00 00 00  00 00 00 00 00 00 00 00  |................|
*
000c9200  2e 20 20 20 20 20 20 20  20 20 20 10 00 9b ac 33  |.          ....3|
000c9210  64 5b 64 5b 00 00 ac 33  64 5b 03 00 00 00 00 00  |d[d[...3d[......|
000c9220  2e 2e 20 20 20 20 20 20  20 20 20 10 00 9b ac 33  |..         ....3|
000c9230  64 5b 64 5b 00 00 ac 33  64 5b 00 00 00 00 00 00  |d[d[...3d[......|
000c9240  00 00 00 00 00 00 00 00  00 00 00 00 00 00 00 00  |................|
*
000c9400  74 65 78 74 0a 00 00 00  00 00 00 00 00 00 00 00  |text............|
000c9410  00 00 00 00 00 00 00 00  00 00 00 00 00 00 00 00  |................|
*
000c9600  42 4d 8a 00 10 00 00 00  00 00 8a 00 00 00 7c 00  |BM............|.|
000c9610  00 00 00 02 00 00 00 02  00 00 01 00 20 00 03 00  |............ ...|
000c9620  00 00 00 00 10 00 12 0b  00 00 12 0b 00 00 00 00  |................|
000c9630  00 00 00 00 00 00 00 00  ff 00 00 ff 00 00 ff 00  |................|
000c9640  00 00 00 00 00 ff 42 47  52 73 8f c2 f5 28 51 b8  |......BGRs...(Q.|
000c9650  1e 15 1e 85 eb 01 33 33  33 13 66 66 66 26 66 66  |......333.fff&ff|
000c9660  66 06 99 99 99 09 3d 0a  d7 03 28 5c 8f 32 00 00  |f.....=...(\.2..|
000c9670  00 00 00 00 00 00 00 00  00 00 04 00 00 00 00 00  |................|
000c9680  00 00 00 00 00 00 00 00  00 00 00 00 00 00 00 00  |................|
*
000cd830  00 00 00 00 00 00 00 00  00 00 31 31 31 1f 33 33  |..........111.33|
000cd840  33 5e 32 32 32 88 33 33  33 ae 33 33 33 d5 32 32  |3^222.333.333.22|
000cd850  32 e2 33 33 33 ef 33 33  33 ff 33 33 33 ff 33 33  |2.333.333.333.33|
000cd860  33 ff 33 33 33 ff 33 33  33 ff 33 33 33 ff 33 33  |3.333.333.333.33|
*
000cdd60  33 ff 33 33 33 f5 33 33  33 e9 33 33 33 dc 33 33  |3.333.333.333.33|
000cdd70  33 bd 33 33 33 96 33 33  33 6e 33 33 33 36 55 55  |3.333.333n3336UU|
000cdd80  55 03 00 00 00 00 00 00  00 00 00 00 00 00 00 00  |U...............|
000cdd90  00 00 00 00 00 00 00 00  00 00 00 00 00 00 00 00  |................|
*
000ce020  00 00 00 00 00 00 00 00  00 00 00 00 00 00 33 33  |..............33|
000ce030  33 3b 33 33 33 96 33 33  33 dc 33 33 33 ff 33 33  |3;333.333.333.33|
000ce040  33 ff 33 33 33 ff 33 33  33 ff 33 33 33 ff 33 33  |3.333.333.333.33|
*
000ce580  33 ef 33 33 33 ae 33 33  33 59 38 38 38 09 00 00  |3.333.333Y888...|
000ce590  00 00 00 00 00 00 00 00  00 00 00 00 00 00 00 00  |................|
*
000ce820  00 00 2a 2a 2a 0c 32 32  32 75 33 33 33 da 33 33  |..***.222u333.33|
000ce830  33 ff 33 33 33 ff 33 33  33 ff 33 33 33 ff 33 33  |3.333.333.333.33|
*
000ced80  33 ff 33 33 33 ff 33 33  33 ff 33 33 33 f0 32 32  |3.333.333.333.22|
000ced90  32 97 34 34 34 22 00 00  00 00 00 00 00 00 00 00  |2.444"..........|
000ceda0  00 00 00 00 00 00 00 00  00 00 00 00 00 00 00 00  |................|
*
000cf010  00 00 00 00 00 00 00 00  00 00 2a 2a 2a 0c 33 33  |..........***.33|
000cf020  33 7c 32 32 32 ec 33 33  33 ff 33 33 33 ff 33 33  |3|222.333.333.33|
000cf030  33 ff 33 33 33 ff 33 33  33 ff 33 33 33 ff 33 33  |3.333.333.333.33|
*
000cf590  33 ff 32 32 32 fb 33 33  33 9f 36 36 36 21 00 00  |3.222.333.666!..|
000cf5a0  00 00 00 00 00 00 00 00  00 00 00 00 00 00 00 00  |................|
*
000cf810  00 00 00 00 00 00 31 31  31 4d 33 33 33 e0 33 33  |......111M333.33|
000cf820  33 ff 33 33 33 ff 33 33  33 ff 33 33 33 ff 33 33  |3.333.333.333.33|
*
000cfd90  33 ff 33 33 33 ff 33 33  33 ff 32 32 32 f6 33 33  |3.333.333.222.33|
000cfda0  33 80 24 24 24 07 00 00  00 00 00 00 00 00 00 00  |3.$$$...........|
000cfdb0  00 00 00 00 00 00 00 00  00 00 00 00 00 00 00 00  |................|
*
000d0000  00 00 00 00 00 00 00 00  00 00 00 00 00 00 38 38  |..............88|
000d0010  38 12 33 33 33 af 33 33  33 ff 33 33 33 ff 33 33  |8.333.333.333.33|
000d0020  33 ff 33 33 33 ff 33 33  33 ff 33 33 33 ff 33 33  |3.333.333.333.33|
*
000d05a0  33 ff 32 32 32 d4 35 35  35 2b 00 00 00 00 00 00  |3.222.555+......|
000d05b0  00 00 00 00 00 00 00 00  00 00 00 00 00 00 00 00  |................|
*
000d0800  00 00 00 00 00 00 00 00  00 00 31 31 31 34 32 32  |..........111422|
000d0810  32 de 33 33 33 ff 33 33  33 ff 33 33 33 ff 33 33  |2.333.333.333.33|
000d0820  33 ff 33 33 33 ff 33 33  33 ff 33 33 33 ff 33 33  |3.333.333.333.33|
*
000d0da0  33 ff 33 33 33 ff 32 32  32 f6 33 33 33 63 00 00  |3.333.222.333c..|
000d0db0  00 00 00 00 00 00 00 00  00 00 00 00 00 00 00 00  |................|
*
000d1000  00 00 00 00 00 00 33 33  33 59 33 33 33 f9 33 33  |......333Y333.33|
000d1010  33 ff 33 33 33 ff 33 33  33 ff 33 33 33 ff 33 33  |3.333.333.333.33|
*
000d15b0  33 86 00 00 00 01 00 00  00 00 00 00 00 00 00 00  |3...............|
000d15c0  00 00 00 00 00 00 00 00  00 00 00 00 00 00 00 00  |................|
*
000d1800  00 00 32 32 32 6b 33 33  33 fd 33 33 33 ff 33 33  |..222k333.333.33|
000d1810  33 ff 33 33 33 ff 33 33  33 ff 33 33 33 ff 33 33  |3.333.333.333.33|
*
000d1db0  33 ff 33 33 33 a0 3f 3f  3f 04 00 00 00 00 00 00  |3.333.???.......|
000d1dc0  00 00 00 00 00 00 00 00  00 00 00 00 00 00 00 00  |................|
*
000d1ff0  00 00 00 00 00 00 00 00  00 00 00 00 00 00 33 33  |..............33|
000d2000  33 6e 33 33 33 ff 33 33  33 ff 33 33 33 ff 33 33  |3n333.333.333.33|
000d2010  33 ff 33 33 33 ff 33 33  33 ff 33 33 33 ff 33 33  |3.333.333.333.33|
*
000d25b0  33 ff 33 33 33 ff 33 33  33 9a 00 00 00 00 00 00  |3.333.333.......|
000d25c0  00 00 00 00 00 00 00 00  00 00 00 00 00 00 00 00  |................|
*
000d27f0  00 00 00 00 00 00 00 00  00 00 34 34 34 58 33 33  |..........444X33|
000d2800  33 fd 33 33 33 ff 33 33  33 ff 33 33 33 ff 33 33  |3.333.333.333.33|
000d2810  33 ff 33 33 33 ff 33 33  33 ff 33 33 33 ff 33 33  |3.333.333.333.33|
*
000d2db0  33 ff 33 33 33 ff 33 33  33 ff 33 33 33 7d 00 00  |3.333.333.333}..|
000d2dc0  00 00 00 00 00 00 00 00  00 00 00 00 00 00 00 00  |................|
*
000d2ff0  00 00 00 00 00 00 31 31  31 39 33 33 33 f9 33 33  |......1119333.33|
000d3000  33 ff 33 33 33 ff 33 33  33 ff 33 33 33 ff 33 33  |3.333.333.333.33|
*
000d35b0  33 ff 33 33 33 ff 33 33  33 ff 33 33 33 fe 32 32  |3.333.333.333.22|
000d35c0  32 56 00 00 00 00 00 00  00 00 00 00 00 00 00 00  |2V..............|
000d35d0  00 00 00 00 00 00 00 00  00 00 00 00 00 00 00 00  |................|
*
000d37f0  00 00 2d 2d 2d 11 33 33  33 df 33 33 33 ff 33 33  |..---.333.333.33|
000d3800  33 ff 33 33 33 ff 33 33  33 ff 33 33 33 ff 33 33  |3.333.333.333.33|
*
000d3dc0  33 f0 36 36 36 21 00 00  00 00 00 00 00 00 00 00  |3.666!..........|
000d3dd0  00 00 00 00 00 00 00 00  00 00 00 00 00 00 00 00  |................|
*
000d3ff0  00 00 33 33 33 af 33 33  33 ff 33 33 33 ff 33 33  |..333.333.333.33|
000d4000  33 ff 33 33 33 ff 33 33  33 ff 33 33 33 ff 33 33  |3.333.333.333.33|
*
000d45c0  33 ff 33 33 33 c7 55 55  55 03 00 00 00 00 00 00  |3.333.UUU.......|
000d45d0  00 00 00 00 00 00 00 00  00 00 00 00 00 00 00 00  |................|
*
000d47e0  00 00 00 00 00 00 00 00  00 00 00 00 00 00 32 32  |..............22|
000d47f0  32 51 33 33 33 ff 33 33  33 ff 33 33 33 ff 33 33  |2Q333.333.333.33|
000d4800  33 ff 33 33 33 ff 33 33  33 ff 33 33 33 ff 33 33  |3.333.333.333.33|
*
000d4dc0  33 ff 33 33 33 ff 33 33  33 68 00 00 00 00 00 00  |3.333.333h......|
000d4dd0  00 00 00 00 00 00 00 00  00 00 00 00 00 00 00 00  |................|
*
000d4fe0  00 00 00 00 00 00 00 00  00 00 2e 2e 2e 0b 33 33  |..............33|
000d4ff0  33 e1 33 33 33 ff 33 33  33 ff 33 33 33 ff 33 33  |3.333.333.333.33|
000d5000  33 ff 33 33 33 ff 33 33  33 ff 33 33 33 ff 33 33  |3.333.333.333.33|
*
000d5040  33 ff 32 32 32 e8 33 33  33 99 34 34 34 58 34 34  |3.222.333.444X44|
000d5050  34 2c 2d 2d 2d 11 00 00  00 00 00 00 00 00 00 00  |4,---...........|
000d5060  00 00 00 00 00 00 00 00  00 00 00 00 00 00 00 00  |................|
*
000d5560  00 00 2e 2e 2e 0b 31 31  31 1f 31 31 31 48 33 33  |......111.111H33|
000d5570  33 87 32 32 32 d8 33 33  33 ff 33 33 33 ff 33 33  |3.222.333.333.33|
000d5580  33 ff 33 33 33 ff 33 33  33 ff 33 33 33 ff 33 33  |3.333.333.333.33|
*
000d55c0  33 ff 33 33 33 ff 32 32  32 ec 35 35 35 13 00 00  |3.333.222.555...|
000d55d0  00 00 00 00 00 00 00 00  00 00 00 00 00 00 00 00  |................|
*
000d57e0  00 00 00 00 00 00 00 00  00 00 33 33 33 7b 33 33  |..........333{33|
000d57f0  33 ff 33 33 33 ff 33 33  33 ff 33 33 33 ff 33 33  |3.333.333.333.33|
*
000d5830  33 ff 33 33 33 ff 33 33  33 ff 33 33 33 dc 31 31  |3.333.333.333.11|
000d5840  31 57 33 33 33 05 00 00  00 00 00 00 00 00 00 00  |1W333...........|
000d5850  00 00 00 00 00 00 00 00  00 00 00 00 00 00 00 00  |................|
*
000d5d70  00 00 00 00 00 01 34 34  34 44 33 33 33 c8 33 33  |......444D333.33|
000d5d80  33 ff 33 33 33 ff 33 33  33 ff 33 33 33 ff 33 33  |3.333.333.333.33|
*
000d5dc0  33 ff 33 33 33 ff 33 33  33 ff 33 33 33 8c 00 00  |3.333.333.333...|
000d5dd0  00 00 00 00 00 00 00 00  00 00 00 00 00 00 00 00  |................|
*
000d5fe0  00 00 00 00 00 00 2e 2e  2e 0b 33 33 33 eb 33 33  |..........333.33|
000d5ff0  33 ff 33 33 33 ff 33 33  33 ff 33 33 33 ff 33 33  |3.333.333.333.33|
*
000d6030  33 ff 33 33 33 f3 33 33  33 72 2a 2a 2a 06 00 00  |3.333.333r***...|
000d6040  00 00 00 00 00 00 00 00  00 00 00 00 00 00 00 00  |................|
*
000d6570  00 00 00 00 00 00 00 00  00 00 00 00 00 01 33 33  |..............33|
000d6580  33 6d 33 33 33 f8 33 33  33 ff 33 33 33 ff 33 33  |3m333.333.333.33|
000d6590  33 ff 33 33 33 ff 33 33  33 ff 33 33 33 ff 33 33  |3.333.333.333.33|
*
000d65c0  33 ff 33 33 33 ff 33 33  33 ff 33 33 33 f3 35 35  |3.333.333.333.55|
000d65d0  35 13 00 00 00 00 00 00  00 00 00 00 00 00 00 00  |5...............|
000d65e0  00 00 00 00 00 00 00 00  00 00 00 00 00 00 00 00  |................|
*
000d67e0  00 00 00 00 00 00 33 33  33 72 33 33 33 ff 33 33  |......333r333.33|
000d67f0  33 ff 33 33 33 ff 33 33  33 ff 33 33 33 ff 33 33  |3.333.333.333.33|
*
000d6830  33 e0 31 31 31 2e 00 00  00 00 00 00 00 00 00 00  |3.111...........|
000d6840  00 00 00 00 00 00 00 00  00 00 00 00 00 00 00 00  |................|
*
000d6d80  00 00 33 33 33 45 33 33  33 f4 33 33 33 ff 33 33  |..333E333.333.33|
000d6d90  33 ff 33 33 33 ff 33 33  33 ff 33 33 33 ff 33 33  |3.333.333.333.33|
*
000d6dc0  33 ff 33 33 33 ff 33 33  33 ff 33 33 33 ff 32 32  |3.333.333.333.22|
000d6dd0  32 7f 00 00 00 00 00 00  00 00 00 00 00 00 00 00  |2...............|
000d6de0  00 00 00 00 00 00 00 00  00 00 00 00 00 00 00 00  |................|
*
000d6fe0  00 00 00 00 00 00 32 32  32 d8 33 33 33 ff 33 33  |......222.333.33|
000d6ff0  33 ff 33 33 33 ff 33 33  33 ff 33 33 33 ff 33 33  |3.333.333.333.33|
*
000d7020  33 ff 33 33 33 ff 33 33  33 ff 33 33 33 cb 37 37  |3.333.333.333.77|
000d7030  37 17 00 00 00 00 00 00  00 00 00 00 00 00 00 00  |7...............|
000d7040  00 00 00 00 00 00 00 00  00 00 00 00 00 00 00 00  |................|
*
000d7580  00 00 00 00 00 00 34 34  34 3a 33 33 33 f3 33 33  |......444:333.33|
000d7590  33 ff 33 33 33 ff 33 33  33 ff 33 33 33 ff 33 33  |3.333.333.333.33|
*
000d75c0  33 ff 33 33 33 ff 33 33  33 ff 33 33 33 ff 32 32  |3.333.333.333.22|
000d75d0  32 e2 00 00 00 02 00 00  00 00 00 00 00 00 00 00  |2...............|
000d75e0  00 00 00 00 00 00 00 00  00 00 00 00 00 00 00 00  |................|
*
000d77e0  00 00 32 32 32 38 33 33  33 ff 33 33 33 ff 33 33  |..2228333.333.33|
000d77f0  33 ff 33 33 33 ff 33 33  33 ff 33 33 33 ff 33 33  |3.333.333.333.33|
*
000d7820  33 ff 33 33 33 ff 33 33  33 e1 37 37 37 17 00 00  |3.333.333.777...|
000d7830  00 00 00 00 00 00 00 00  00 00 00 00 00 00 00 00  |................|
*
000d7d80  00 00 00 00 00 00 00 00  00 00 34 34 34 62 33 33  |..........444b33|
000d7d90  33 ff 33 33 33 ff 33 33  33 ff 33 33 33 ff 33 33  |3.333.333.333.33|
*
000d7dd0  33 ff 33 33 33 40 00 00  00 00 00 00 00 00 00 00  |3.333@..........|
000d7de0  00 00 00 00 00 00 00 00  00 00 00 00 00 00 00 00  |................|
*
000d7fe0  00 00 33 33 33 94 33 33  33 ff 33 33 33 ff 33 33  |..333.333.333.33|
000d7ff0  33 ff 33 33 33 ff 33 33  33 ff 33 33 33 ff 33 33  |3.333.333.333.33|
*
000d8020  33 ff 33 33 33 f4 35 35  35 30 00 00 00 00 00 00  |3.333.5550......|
000d8030  00 00 00 00 00 00 00 00  00 00 00 00 00 00 00 00  |................|
*
000d8580  00 00 00 00 00 00 00 00  00 00 00 00 00 00 33 33  |..............33|
000d8590  33 aa 33 33 33 ff 33 33  33 ff 33 33 33 ff 33 33  |3.333.333.333.33|
000d85a0  33 ff 33 33 33 ff 33 33  33 ff 33 33 33 ff 33 33  |3.333.333.333.33|
*
000d85d0  33 ff 33 33 33 99 00 00  00 00 00 00 00 00 00 00  |3.333...........|
000d85e0  00 00 00 00 00 00 00 00  00 00 00 00 00 00 00 00  |................|
*
000d87e0  00 00 33 33 33 db 33 33  33 ff 33 33 33 ff 33 33  |..333.333.333.33|
000d87f0  33 ff 33 33 33 ff 33 33  33 ff 33 33 33 ff 33 33  |3.333.333.333.33|
*
000d8820  33 ff 33 33 33 73 00 00  00 00 00 00 00 00 00 00  |3.333s..........|
000d8830  00 00 00 00 00 00 00 00  00 00 00 00 00 00 00 00  |................|
*
000d8d80  00 00 00 00 00 00 00 00  00 00 00 00 00 00 37 37  |..............77|
000d8d90  37 17 32 32 32 f7 33 33  33 ff 33 33 33 ff 33 33  |7.222.333.333.33|
000d8da0  33 ff 33 33 33 ff 33 33  33 ff 33 33 33 ff 33 33  |3.333.333.333.33|
*
000d8dd0  33 ff 33 33 33 e1 00 00  00 00 00 00 00 00 00 00  |3.333...........|
000d8de0  00 00 00 00 00 00 00 00  00 00 00 00 00 00 00 00  |................|
*
000d8fd0  00 00 00 00 00 00 00 00  00 00 00 00 00 00 34 34  |..............44|
000d8fe0  34 1d 33 33 33 ff 33 33  33 ff 33 33 33 ff 33 33  |4.333.333.333.33|
000d8ff0  33 ff 33 33 33 ff 33 33  33 ff 33 33 33 ff 33 33  |3.333.333.333.33|
*
000d9020  33 df 24 24 24 07 00 00  00 00 00 00 00 00 00 00  |3.$$$...........|
000d9030  00 00 00 00 00 00 00 00  00 00 00 00 00 00 00 00  |................|
*
000d9590  00 00 33 33 33 99 33 33  33 ff 33 33 33 ff 33 33  |..333.333.333.33|
000d95a0  33 ff 33 33 33 ff 33 33  33 ff 33 33 33 ff 33 33  |3.333.333.333.33|
*
000d95d0  33 ff 33 33 33 ff 2f 2f  2f 20 00 00 00 00 00 00  |3.333./// ......|
000d95e0  00 00 00 00 00 00 00 00  00 00 00 00 00 00 00 00  |................|
*
000d97d0  00 00 00 00 00 00 00 00  00 00 00 00 00 00 31 31  |..............11|
000d97e0  31 5c 33 33 33 ff 33 33  33 ff 33 33 33 ff 33 33  |1\333.333.333.33|
000d97f0  33 ff 33 33 33 ff 33 33  33 ff 33 33 33 ff 33 33  |3.333.333.333.33|
*
000d9810  33 ff 33 33 33 ff 33 33  33 ff 33 33 33 ff 31 31  |3.333.333.333.11|
000d9820  31 5c 00 00 00 00 00 00  00 00 00 00 00 00 00 00  |1\..............|
000d9830  00 00 00 00 00 00 00 00  00 00 00 00 00 00 00 00  |................|
*
000d9d90  00 00 31 31 31 24 33 33  33 fe 33 33 33 ff 33 33  |..111$333.333.33|
000d9da0  33 ff 33 33 33 ff 33 33  33 ff 33 33 33 ff 33 33  |3.333.333.333.33|
*
000d9dd0  33 ff 33 33 33 ff 33 33  33 5e 00 00 00 00 00 00  |3.333.333^......|
000d9de0  00 00 00 00 00 00 00 00  00 00 00 00 00 00 00 00  |................|
*
000d9fd0  00 00 00 00 00 00 00 00  00 00 00 00 00 00 33 33  |..............33|
000d9fe0  33 87 33 33 33 ff 33 33  33 ff 33 33 33 ff 33 33  |3.333.333.333.33|
000d9ff0  33 ff 33 33 33 ff 33 33  33 ff 33 33 33 ff 33 33  |3.333.333.333.33|
*
000da010  33 ff 33 33 33 ff 33 33  33 ff 32 32 32 ec 24 24  |3.333.333.222.$$|
000da020  24 07 00 00 00 00 00 00  00 00 00 00 00 00 00 00  |$...............|
000da030  00 00 00 00 00 00 00 00  00 00 00 00 00 00 00 00  |................|
*
000da590  00 00 00 00 00 00 32 32  32 d3 33 33 33 ff 33 33  |......222.333.33|
000da5a0  33 ff 33 33 33 ff 33 33  33 ff 33 33 33 ff 33 33  |3.333.333.333.33|
*
000da5d0  33 ff 33 33 33 ff 33 33  33 87 00 00 00 00 00 00  |3.333.333.......|
000da5e0  00 00 00 00 00 00 00 00  00 00 00 00 00 00 00 00  |................|
*
000da7d0  00 00 00 00 00 00 00 00  00 00 00 00 00 00 33 33  |..............33|
000da7e0  33 ae 33 33 33 ff 33 33  33 ff 33 33 33 ff 33 33  |3.333.333.333.33|
000da7f0  33 ff 33 33 33 ff 33 33  33 ff 33 33 33 ff 33 33  |3.333.333.333.33|
*
000da810  33 ff 33 33 33 ff 33 33  33 ff 33 33 33 9b 00 00  |3.333.333.333...|
000da820  00 00 00 00 00 00 00 00  00 00 00 00 00 00 00 00  |................|
*
000dad90  00 00 00 00 00 00 32 32  32 8e 33 33 33 ff 33 33  |......222.333.33|
000dada0  33 ff 33 33 33 ff 33 33  33 ff 33 33 33 ff 33 33  |3.333.333.333.33|
*
000dadd0  33 ff 33 33 33 ff 33 33  33 ae 00 00 00 00 00 00  |3.333.333.......|
000dade0  00 00 00 00 00 00 00 00  00 00 00 00 00 00 00 00  |................|
*
000dafd0  00 00 00 00 00 00 00 00  00 00 00 00 00 00 32 32  |..............22|
000dafe0  32 d3 33 33 33 ff 33 33  33 ff 33 33 33 ff 33 33  |2.333.333.333.33|
000daff0  33 ff 33 33 33 ff 33 33  33 ff 33 33 33 ff 33 33  |3.333.333.333.33|
*
000db010  33 ff 33 33 33 ff 33 33  33 ff 33 33 33 59 00 00  |3.333.333.333Y..|
000db020  00 00 00 00 00 00 00 00  00 00 00 00 00 00 00 00  |................|
*
000db590  00 00 00 00 00 00 34 34  34 4e 33 33 33 ff 33 33  |......444N333.33|
000db5a0  33 ff 33 33 33 ff 33 33  33 ff 33 33 33 ff 33 33  |3.333.333.333.33|
*
000db5d0  33 ff 33 33 33 ff 33 33  33 d2 00 00 00 00 00 00  |3.333.333.......|
000db5e0  00 00 00 00 00 00 00 00  00 00 00 00 00 00 00 00  |................|
*
000db7d0  00 00 00 00 00 00 00 00  00 00 00 00 00 00 33 33  |..............33|
000db7e0  33 e4 33 33 33 ff 33 33  33 ff 33 33 33 ff 33 33  |3.333.333.333.33|
000db7f0  33 ff 33 33 33 ff 33 33  33 ff 33 33 33 ff 33 33  |3.333.333.333.33|
*
000db810  33 ff 33 33 33 ff 33 33  33 ff 34 34 34 2c 00 00  |3.333.333.444,..|
000db820  00 00 00 00 00 00 00 00  00 00 00 00 00 00 00 00  |................|
*
000dbd90  00 00 00 00 00 00 34 34  34 31 33 33 33 ff 33 33  |......4441333.33|
000dbda0  33 ff 33 33 33 ff 33 33  33 ff 33 33 33 ff 33 33  |3.333.333.333.33|
*
000dbdd0  33 ff 33 33 33 ff 32 32  32 e2 00 00 00 00 00 00  |3.333.222.......|
000dbde0  00 00 00 00 00 00 00 00  00 00 00 00 00 00 00 00  |................|
*
000dbfd0  00 00 00 00 00 00 00 00  00 00 00 00 00 00 33 33  |..............33|
000dbfe0  33 f0 33 33 33 ff 33 33  33 ff 33 33 33 ff 33 33  |3.333.333.333.33|
000dbff0  33 ff 33 33 33 ff 33 33  33 ff 33 33 33 ff 33 33  |3.333.333.333.33|
*
000dc010  33 ff 33 33 33 ff 33 33  33 ff 33 33 33 0f 00 00  |3.333.333.333...|
000dc020  00 00 00 00 00 00 00 00  00 00 00 00 00 00 00 00  |................|
*
000dc590  00 00 00 00 00 00 31 31  31 1a 33 33 33 ff 33 33  |......111.333.33|
000dc5a0  33 ff 33 33 33 ff 33 33  33 ff 33 33 33 ff 33 33  |3.333.333.333.33|
*
000dc5d0  33 ff 33 33 33 ff 33 33  33 f0 00 00 00 00 00 00  |3.333.333.......|
000dc5e0  00 00 00 00 00 00 00 00  00 00 00 00 00 00 00 00  |................|
*
000dc7d0  00 00 00 00 00 00 00 00  00 00 00 00 00 00 32 32  |..............22|
000dc7e0  32 fc 33 33 33 ff 33 33  33 ff 33 33 33 ff 33 33  |2.333.333.333.33|
000dc7f0  33 ff 33 33 33 ff 33 33  33 ff 33 33 33 ff 33 33  |3.333.333.333.33|
*
000dc810  33 ff 33 33 33 ff 33 33  33 ff 55 55 55 03 00 00  |3.333.333.UUU...|
000dc820  00 00 00 00 00 00 00 00  00 00 00 00 00 00 00 00  |................|
*
000dcd90  00 00 00 00 00 00 33 33  33 05 33 33 33 ff 33 33  |......333.333.33|
000dcda0  33 ff 33 33 33 ff 33 33  33 ff 33 33 33 ff 33 33  |3.333.333.333.33|
*
000dcdd0  33 ff 33 33 33 ff 32 32  32 fc 00 00 00 00 00 00  |3.333.222.......|
000dcde0  00 00 00 00 00 00 00 00  00 00 00 00 00 00 00 00  |................|
*
000dcfd0  00 00 00 00 00 00 00 00  00 00 00 00 00 00 33 33  |..............33|
000dcfe0  33 ff 33 33 33 ff 33 33  33 ff 33 33 33 ff 33 33  |3.333.333.333.33|
*
000dd010  33 ff 33 33 33 ff 33 33  33 ff 00 00 00 00 00 00  |3.333.333.......|
000dd020  00 00 00 00 00 00 00 00  00 00 00 00 00 00 00 00  |................|
*
000dd590  00 00 00 00 00 00 00 00  00 00 33 33 33 ff 33 33  |..........333.33|
000dd5a0  33 ff 33 33 33 ff 33 33  33 ff 33 33 33 ff 33 33  |3.333.333.333.33|
*
000dd5d0  33 ff 33 33 33 ff 33 33  33 ff 00 00 00 00 00 00  |3.333.333.......|
000dd5e0  00 00 00 00 00 00 00 00  00 00 00 00 00 00 00 00  |................|
*
000dd7d0  00 00 00 00 00 00 00 00  00 00 00 00 00 00 33 33  |..............33|
000dd7e0  33 ff 33 33 33 ff 33 33  33 ff 33 33 33 ff 33 33  |3.333.333.333.33|
*
000dd810  33 ff 33 33 33 ff 33 33  33 ff 00 00 00 00 00 00  |3.333.333.......|
000dd820  00 00 00 00 00 00 00 00  00 00 00 00 00 00 00 00  |................|
*
000ddd90  00 00 00 00 00 00 00 00  00 00 33 33 33 ff 33 33  |..........333.33|
000ddda0  33 ff 33 33 33 ff 33 33  33 ff 33 33 33 ff 33 33  |3.333.333.333.33|
*
000dddd0  33 ff 33 33 33 ff 33 33  33 ff 00 00 00 00 00 00  |3.333.333.......|
000ddde0  00 00 00 00 00 00 00 00  00 00 00 00 00 00 00 00  |................|
*
000ddfd0  00 00 00 00 00 00 00 00  00 00 00 00 00 00 33 33  |..............33|
000ddfe0  33 ff 33 33 33 ff 33 33  33 ff 33 33 33 ff 33 33  |3.333.333.333.33|
*
000de010  33 ff 33 33 33 ff 33 33  33 ff 00 00 00 00 00 00  |3.333.333.......|
000de020  00 00 00 00 00 00 00 00  00 00 00 00 00 00 00 00  |................|
*
000de590  00 00 00 00 00 00 00 00  00 00 33 33 33 ff 33 33  |..........333.33|
000de5a0  33 ff 33 33 33 ff 33 33  33 ff 33 33 33 ff 33 33  |3.333.333.333.33|
*
000de5d0  33 ff 33 33 33 ff 33 33  33 ff 00 00 00 00 00 00  |3.333.333.......|
000de5e0  00 00 00 00 00 00 00 00  00 00 00 00 00 00 00 00  |................|
*
000de7d0  00 00 00 00 00 00 00 00  00 00 00 00 00 00 33 33  |..............33|
000de7e0  33 ff 33 33 33 ff 33 33  33 ff 33 33 33 ff 33 33  |3.333.333.333.33|
*
000de810  33 ff 33 33 33 ff 33 33  33 ff 00 00 00 00 00 00  |3.333.333.......|
000de820  00 00 00 00 00 00 00 00  00 00 00 00 00 00 00 00  |................|
*
000ded90  00 00 00 00 00 00 00 00  00 00 33 33 33 ff 33 33  |..........333.33|
000deda0  33 ff 33 33 33 ff 33 33  33 ff 33 33 33 ff 33 33  |3.333.333.333.33|
*
000dedd0  33 ff 33 33 33 ff 33 33  33 ff 00 00 00 00 00 00  |3.333.333.......|
000dede0  00 00 00 00 00 00 00 00  00 00 00 00 00 00 00 00  |................|
*
000defd0  00 00 00 00 00 00 00 00  00 00 00 00 00 00 33 33  |..............33|
000defe0  33 ff 33 33 33 ff 33 33  33 ff 33 33 33 ff 33 33  |3.333.333.333.33|
*
000df010  33 ff 33 33 33 ff 33 33  33 ff 00 00 00 00 00 00  |3.333.333.......|
000df020  00 00 00 00 00 00 00 00  00 00 00 00 00 00 00 00  |................|
*
000df590  00 00 00 00 00 00 00 00  00 00 33 33 33 ff 33 33  |..........333.33|
000df5a0  33 ff 33 33 33 ff 33 33  33 ff 33 33 33 ff 33 33  |3.333.333.333.33|
*
000df5d0  33 ff 33 33 33 ff 33 33  33 ff 00 00 00 00 00 00  |3.333.333.......|
000df5e0  00 00 00 00 00 00 00 00  00 00 00 00 00 00 00 00  |................|
*
000df7d0  00 00 00 00 00 00 00 00  00 00 00 00 00 00 33 33  |..............33|
000df7e0  33 ff 33 33 33 ff 33 33  33 ff 33 33 33 ff 33 33  |3.333.333.333.33|
*
000df810  33 ff 33 33 33 ff 33 33  33 ff 00 00 00 00 00 00  |3.333.333.......|
000df820  00 00 00 00 00 00 00 00  00 00 00 00 00 00 00 00  |................|
*
000dfd90  00 00 00 00 00 00 00 00  00 00 33 33 33 ff 33 33  |..........333.33|
000dfda0  33 ff 33 33 33 ff 33 33  33 ff 33 33 33 ff 33 33  |3.333.333.333.33|
*
000dfdd0  33 ff 33 33 33 ff 33 33  33 ff 00 00 00 00 00 00  |3.333.333.......|
000dfde0  00 00 00 00 00 00 00 00  00 00 00 00 00 00 00 00  |................|
*
000dffd0  00 00 00 00 00 00 00 00  00 00 00 00 00 00 33 33  |..............33|
000dffe0  33 ff 33 33 33 ff 33 33  33 ff 33 33 33 ff 33 33  |3.333.333.333.33|
*
000e0010  33 ff 33 33 33 ff 33 33  33 ff 00 00 00 00 00 00  |3.333.333.......|
000e0020  00 00 00 00 00 00 00 00  00 00 00 00 00 00 00 00  |................|
*
000e0590  00 00 00 00 00 00 00 00  00 00 33 33 33 ff 33 33  |..........333.33|
000e05a0  33 ff 33 33 33 ff 33 33  33 ff 33 33 33 ff 33 33  |3.333.333.333.33|
*
000e05d0  33 ff 33 33 33 ff 33 33  33 ff 00 00 00 00 00 00  |3.333.333.......|
000e05e0  00 00 00 00 00 00 00 00  00 00 00 00 00 00 00 00  |................|
*
000e07d0  00 00 00 00 00 00 00 00  00 00 00 00 00 00 33 33  |..............33|
000e07e0  33 ff 33 33 33 ff 33 33  33 ff 33 33 33 ff 33 33  |3.333.333.333.33|
*
000e0810  33 ff 33 33 33 ff 33 33  33 ff 00 00 00 00 00 00  |3.333.333.......|
000e0820  00 00 00 00 00 00 00 00  00 00 00 00 00 00 00 00  |................|
*
000e0d90  00 00 00 00 00 00 00 00  00 00 33 33 33 ff 33 33  |..........333.33|
000e0da0  33 ff 33 33 33 ff 33 33  33 ff 33 33 33 ff 33 33  |3.333.333.333.33|
*
000e0dd0  33 ff 33 33 33 ff 33 33  33 ff 00 00 00 00 00 00  |3.333.333.......|
000e0de0  00 00 00 00 00 00 00 00  00 00 00 00 00 00 00 00  |................|
*
000e0fd0  00 00 00 00 00 00 00 00  00 00 00 00 00 00 33 33  |..............33|
000e0fe0  33 ff 33 33 33 ff 33 33  33 ff 33 33 33 ff 33 33  |3.333.333.333.33|
*
000e1010  33 ff 33 33 33 ff 33 33  33 ff 00 00 00 00 00 00  |3.333.333.......|
000e1020  00 00 00 00 00 00 00 00  00 00 00 00 00 00 00 00  |................|
*
000e1590  00 00 00 00 00 00 00 00  00 00 33 33 33 ff 33 33  |..........333.33|
000e15a0  33 ff 33 33 33 ff 33 33  33 ff 33 33 33 ff 33 33  |3.333.333.333.33|
*
000e15d0  33 ff 33 33 33 ff 33 33  33 ff 00 00 00 00 00 00  |3.333.333.......|
000e15e0  00 00 00 00 00 00 00 00  00 00 00 00 00 00 00 00  |................|
*
000e17d0  00 00 00 00 00 00 00 00  00 00 00 00 00 00 33 33  |..............33|
000e17e0  33 ff 33 33 33 ff 33 33  33 ff 33 33 33 ff 33 33  |3.333.333.333.33|
*
000e1810  33 ff 33 33 33 ff 33 33  33 ff 00 00 00 00 00 00  |3.333.333.......|
000e1820  00 00 00 00 00 00 00 00  00 00 00 00 00 00 00 00  |................|
*
000e1d90  00 00 00 00 00 00 00 00  00 00 33 33 33 ff 33 33  |..........333.33|
000e1da0  33 ff 33 33 33 ff 33 33  33 ff 33 33 33 ff 33 33  |3.333.333.333.33|
*
000e1dd0  33 ff 33 33 33 ff 33 33  33 ff 00 00 00 00 00 00  |3.333.333.......|
000e1de0  00 00 00 00 00 00 00 00  00 00 00 00 00 00 00 00  |................|
*
000e1fd0  00 00 00 00 00 00 00 00  00 00 00 00 00 00 33 33  |..............33|
000e1fe0  33 ff 33 33 33 ff 33 33  33 ff 33 33 33 ff 33 33  |3.333.333.333.33|
*
000e2010  33 ff 33 33 33 ff 33 33  33 ff 00 00 00 00 00 00  |3.333.333.......|
000e2020  00 00 00 00 00 00 00 00  00 00 00 00 00 00 00 00  |................|
*
000e2590  00 00 00 00 00 00 00 00  00 00 33 33 33 ff 33 33  |..........333.33|
000e25a0  33 ff 33 33 33 ff 33 33  33 ff 33 33 33 ff 33 33  |3.333.333.333.33|
*
000e25d0  33 ff 33 33 33 ff 33 33  33 ff 00 00 00 00 00 00  |3.333.333.......|
000e25e0  00 00 00 00 00 00 00 00  00 00 00 00 00 00 00 00  |................|
*
000e27d0  00 00 00 00 00 00 00 00  00 00 00 00 00 00 33 33  |..............33|
000e27e0  33 ff 33 33 33 ff 33 33  33 ff 33 33 33 ff 33 33  |3.333.333.333.33|
*
000e2810  33 ff 33 33 33 ff 33 33  33 ff 00 00 00 00 00 00  |3.333.333.......|
000e2820  00 00 00 00 00 00 00 00  00 00 00 00 00 00 00 00  |................|
*
000e2d90  00 00 00 00 00 00 00 00  00 00 33 33 33 ff 33 33  |..........333.33|
000e2da0  33 ff 33 33 33 ff 33 33  33 ff 33 33 33 ff 33 33  |3.333.333.333.33|
*
000e2dd0  33 ff 33 33 33 ff 33 33  33 ff 00 00 00 00 00 00  |3.333.333.......|
000e2de0  00 00 00 00 00 00 00 00  00 00 00 00 00 00 00 00  |................|
*
000e2fd0  00 00 00 00 00 00 00 00  00 00 00 00 00 00 33 33  |..............33|
000e2fe0  33 ff 33 33 33 ff 33 33  33 ff 33 33 33 ff 33 33  |3.333.333.333.33|
*
000e3010  33 ff 33 33 33 ff 33 33  33 ff 00 00 00 00 00 00  |3.333.333.......|
000e3020  00 00 00 00 00 00 00 00  00 00 00 00 00 00 00 00  |................|
*
000e3590  00 00 00 00 00 00 00 00  00 00 33 33 33 ff 33 33  |..........333.33|
000e35a0  33 ff 33 33 33 ff 33 33  33 ff 33 33 33 ff 33 33  |3.333.333.333.33|
*
000e35d0  33 ff 33 33 33 ff 33 33  33 ff 00 00 00 00 00 00  |3.333.333.......|
000e35e0  00 00 00 00 00 00 00 00  00 00 00 00 00 00 00 00  |................|
*
000e37d0  00 00 00 00 00 00 00 00  00 00 00 00 00 00 33 33  |..............33|
000e37e0  33 ff 33 33 33 ff 33 33  33 ff 33 33 33 ff 33 33  |3.333.333.333.33|
*
000e3810  33 ff 33 33 33 ff 33 33  33 ff 00 00 00 00 00 00  |3.333.333.......|
000e3820  00 00 00 00 00 00 00 00  00 00 00 00 00 00 00 00  |................|
*
000e3d90  00 00 00 00 00 00 00 00  00 00 33 33 33 ff 33 33  |..........333.33|
000e3da0  33 ff 33 33 33 ff 33 33  33 ff 33 33 33 ff 33 33  |3.333.333.333.33|
*
000e3dd0  33 ff 33 33 33 ff 33 33  33 ff 00 00 00 00 00 00  |3.333.333.......|
000e3de0  00 00 00 00 00 00 00 00  00 00 00 00 00 00 00 00  |................|
*
000e3fd0  00 00 00 00 00 00 00 00  00 00 00 00 00 00 33 33  |..............33|
000e3fe0  33 ff 33 33 33 ff 33 33  33 ff 33 33 33 ff 33 33  |3.333.333.333.33|
*
000e4010  33 ff 33 33 33 ff 33 33  33 ff 00 00 00 00 00 00  |3.333.333.......|
000e4020  00 00 00 00 00 00 00 00  00 00 00 00 00 00 00 00  |................|
*
000e4590  00 00 00 00 00 00 00 00  00 00 33 33 33 ff 33 33  |..........333.33|
000e45a0  33 ff 33 33 33 ff 33 33  33 ff 33 33 33 ff 33 33  |3.333.333.333.33|
*
000e45d0  33 ff 33 33 33 ff 33 33  33 ff 00 00 00 00 00 00  |3.333.333.......|
000e45e0  00 00 00 00 00 00 00 00  00 00 00 00 00 00 00 00  |................|
*
000e47d0  00 00 00 00 00 00 00 00  00 00 00 00 00 00 33 33  |..............33|
000e47e0  33 ff 33 33 33 ff 33 33  33 ff 33 33 33 ff 33 33  |3.333.333.333.33|
*
000e4810  33 ff 33 33 33 ff 33 33  33 ff 00 00 00 00 00 00  |3.333.333.......|
000e4820  00 00 00 00 00 00 00 00  00 00 00 00 00 00 00 00  |................|
*
000e4d90  00 00 00 00 00 00 00 00  00 00 33 33 33 ff 33 33  |..........333.33|
000e4da0  33 ff 33 33 33 ff 33 33  33 ff 33 33 33 ff 33 33  |3.333.333.333.33|
*
000e4dd0  33 ff 33 33 33 ff 33 33  33 ff 00 00 00 00 00 00  |3.333.333.......|
000e4de0  00 00 00 00 00 00 00 00  00 00 00 00 00 00 00 00  |................|
*
000e4fd0  00 00 00 00 00 00 00 00  00 00 00 00 00 00 33 33  |..............33|
000e4fe0  33 ff 33 33 33 ff 33 33  33 ff 33 33 33 ff 33 33  |3.333.333.333.33|
*
000e5010  33 ff 33 33 33 ff 33 33  33 ff 00 00 00 00 00 00  |3.333.333.......|
000e5020  00 00 00 00 00 00 00 00  00 00 00 00 00 00 00 00  |................|
*
000e5590  00 00 00 00 00 00 00 00  00 00 33 33 33 ff 33 33  |..........333.33|
000e55a0  33 ff 33 33 33 ff 33 33  33 ff 33 33 33 ff 33 33  |3.333.333.333.33|
*
000e55d0  33 ff 33 33 33 ff 33 33  33 ff 00 00 00 00 00 00  |3.333.333.......|
000e55e0  00 00 00 00 00 00 00 00  00 00 00 00 00 00 00 00  |................|
*
000e57d0  00 00 00 00 00 00 00 00  00 00 00 00 00 00 33 33  |..............33|
000e57e0  33 ff 33 33 33 ff 33 33  33 ff 33 33 33 ff 33 33  |3.333.333.333.33|
*
000e5810  33 ff 33 33 33 ff 33 33  33 ff 00 00 00 00 00 00  |3.333.333.......|
000e5820  00 00 00 00 00 00 00 00  00 00 00 00 00 00 00 00  |................|
*
000e5d90  00 00 00 00 00 00 00 00  00 00 33 33 33 ff 33 33  |..........333.33|
000e5da0  33 ff 33 33 33 ff 33 33  33 ff 33 33 33 ff 33 33  |3.333.333.333.33|
*
000e5dd0  33 ff 33 33 33 ff 33 33  33 ff 00 00 00 00 00 00  |3.333.333.......|
000e5de0  00 00 00 00 00 00 00 00  00 00 00 00 00 00 00 00  |................|
*
000e5fd0  00 00 00 00 00 00 00 00  00 00 00 00 00 00 33 33  |..............33|
000e5fe0  33 ff 33 33 33 ff 33 33  33 ff 33 33 33 ff 33 33  |3.333.333.333.33|
*
000e6010  33 ff 33 33 33 ff 33 33  33 ff 00 00 00 00 00 00  |3.333.333.......|
000e6020  00 00 00 00 00 00 00 00  00 00 00 00 00 00 00 00  |................|
*
000e6590  00 00 00 00 00 00 00 00  00 00 33 33 33 ff 33 33  |..........333.33|
000e65a0  33 ff 33 33 33 ff 33 33  33 ff 33 33 33 ff 33 33  |3.333.333.333.33|
*
000e65d0  33 ff 33 33 33 ff 33 33  33 ff 00 00 00 00 00 00  |3.333.333.......|
000e65e0  00 00 00 00 00 00 00 00  00 00 00 00 00 00 00 00  |................|
*
000e67d0  00 00 00 00 00 00 00 00  00 00 00 00 00 00 33 33  |..............33|
000e67e0  33 ff 33 33 33 ff 33 33  33 ff 33 33 33 ff 33 33  |3.333.333.333.33|
*
000e6810  33 ff 33 33 33 ff 33 33  33 ff 00 00 00 00 00 00  |3.333.333.......|
000e6820  00 00 00 00 00 00 00 00  00 00 00 00 00 00 00 00  |................|
*
000e6d90  00 00 00 00 00 00 00 00  00 00 33 33 33 ff 33 33  |..........333.33|
000e6da0  33 ff 33 33 33 ff 33 33  33 ff 33 33 33 ff 33 33  |3.333.333.333.33|
*
000e6dd0  33 ff 33 33 33 ff 33 33  33 ff 00 00 00 00 00 00  |3.333.333.......|
000e6de0  00 00 00 00 00 00 00 00  00 00 00 00 00 00 00 00  |................|
*
000e6fd0  00 00 00 00 00 00 00 00  00 00 00 00 00 00 33 33  |..............33|
000e6fe0  33 ff 33 33 33 ff 33 33  33 ff 33 33 33 ff 33 33  |3.333.333.333.33|
*
000e7010  33 ff 33 33 33 ff 33 33  33 ff 00 00 00 00 00 00  |3.333.333.......|
000e7020  00 00 00 00 00 00 00 00  00 00 00 00 00 00 00 00  |................|
*
000e7590  00 00 00 00 00 00 00 00  00 00 33 33 33 ff 33 33  |..........333.33|
000e75a0  33 ff 33 33 33 ff 33 33  33 ff 33 33 33 ff 33 33  |3.333.333.333.33|
*
000e75d0  33 ff 33 33 33 ff 33 33  33 ff 00 00 00 00 00 00  |3.333.333.......|
000e75e0  00 00 00 00 00 00 00 00  00 00 00 00 00 00 00 00  |................|
*
000e77d0  00 00 00 00 00 00 00 00  00 00 00 00 00 00 33 33  |..............33|
000e77e0  33 ff 33 33 33 ff 33 33  33 ff 33 33 33 ff 33 33  |3.333.333.333.33|
*
000e7810  33 ff 33 33 33 ff 33 33  33 ff 00 00 00 00 00 00  |3.333.333.......|
000e7820  00 00 00 00 00 00 00 00  00 00 00 00 00 00 00 00  |................|
*
000e7d90  00 00 00 00 00 00 00 00  00 00 33 33 33 ff 33 33  |..........333.33|
000e7da0  33 ff 33 33 33 ff 33 33  33 ff 33 33 33 ff 33 33  |3.333.333.333.33|
*
000e7dd0  33 ff 33 33 33 ff 33 33  33 ff 00 00 00 00 00 00  |3.333.333.......|
000e7de0  00 00 00 00 00 00 00 00  00 00 00 00 00 00 00 00  |................|
*
000e7fd0  00 00 00 00 00 00 00 00  00 00 00 00 00 00 33 33  |..............33|
000e7fe0  33 ff 33 33 33 ff 33 33  33 ff 33 33 33 ff 33 33  |3.333.333.333.33|
*
000e8010  33 ff 33 33 33 ff 33 33  33 ff 00 00 00 00 00 00  |3.333.333.......|
000e8020  00 00 00 00 00 00 00 00  00 00 00 00 00 00 00 00  |................|
*
000e8590  00 00 00 00 00 00 00 00  00 00 33 33 33 ff 33 33  |..........333.33|
000e85a0  33 ff 33 33 33 ff 33 33  33 ff 33 33 33 ff 33 33  |3.333.333.333.33|
*
000e85d0  33 ff 33 33 33 ff 33 33  33 ff 00 00 00 00 00 00  |3.333.333.......|
000e85e0  00 00 00 00 00 00 00 00  00 00 00 00 00 00 00 00  |................|
*
000e87d0  00 00 00 00 00 00 00 00  00 00 00 00 00 00 33 33  |..............33|
000e87e0  33 ff 33 33 33 ff 33 33  33 ff 33 33 33 ff 33 33  |3.333.333.333.33|
*
000e8810  33 ff 33 33 33 ff 33 33  33 ff 00 00 00 00 00 00  |3.333.333.......|
000e8820  00 00 00 00 00 00 00 00  00 00 00 00 00 00 00 00  |................|
*
000e8d90  00 00 00 00 00 00 00 00  00 00 33 33 33 ff 33 33  |..........333.33|
000e8da0  33 ff 33 33 33 ff 33 33  33 ff 33 33 33 ff 33 33  |3.333.333.333.33|
*
000e8dd0  33 ff 33 33 33 ff 33 33  33 ff 00 00 00 00 00 00  |3.333.333.......|
000e8de0  00 00 00 00 00 00 00 00  00 00 00 00 00 00 00 00  |................|
*
000e8fd0  00 00 00 00 00 00 00 00  00 00 00 00 00 00 33 33  |..............33|
000e8fe0  33 ff 33 33 33 ff 33 33  33 ff 33 33 33 ff 33 33  |3.333.333.333.33|
*
000e9010  33 ff 33 33 33 ff 33 33  33 ff 00 00 00 00 00 00  |3.333.333.......|
000e9020  00 00 00 00 00 00 00 00  00 00 00 00 00 00 00 00  |................|
*
000e9590  00 00 00 00 00 00 00 00  00 00 33 33 33 ff 33 33  |..........333.33|
000e95a0  33 ff 33 33 33 ff 33 33  33 ff 33 33 33 ff 33 33  |3.333.333.333.33|
*
000e95d0  33 ff 33 33 33 ff 33 33  33 ff 00 00 00 00 00 00  |3.333.333.......|
000e95e0  00 00 00 00 00 00 00 00  00 00 00 00 00 00 00 00  |................|
*
000e97d0  00 00 00 00 00 00 00 00  00 00 00 00 00 00 33 33  |..............33|
000e97e0  33 ff 33 33 33 ff 33 33  33 ff 33 33 33 ff 33 33  |3.333.333.333.33|
*
000e9810  33 ff 33 33 33 ff 33 33  33 ff 00 00 00 00 00 00  |3.333.333.......|
000e9820  00 00 00 00 00 00 00 00  00 00 00 00 00 00 00 00  |................|
*
000e9d90  00 00 00 00 00 00 00 00  00 00 33 33 33 ff 33 33  |..........333.33|
000e9da0  33 ff 33 33 33 ff 33 33  33 ff 33 33 33 ff 33 33  |3.333.333.333.33|
*
000e9dd0  33 ff 33 33 33 ff 33 33  33 ff 00 00 00 00 00 00  |3.333.333.......|
000e9de0  00 00 00 00 00 00 00 00  00 00 00 00 00 00 00 00  |................|
*
000e9fd0  00 00 00 00 00 00 00 00  00 00 00 00 00 00 33 33  |..............33|
000e9fe0  33 ff 33 33 33 ff 33 33  33 ff 33 33 33 ff 33 33  |3.333.333.333.33|
*
000ea010  33 ff 33 33 33 ff 33 33  33 ff 00 00 00 00 00 00  |3.333.333.......|
000ea020  00 00 00 00 00 00 00 00  00 00 00 00 00 00 00 00  |................|
*
000ea590  00 00 00 00 00 00 00 00  00 00 33 33 33 ff 33 33  |..........333.33|
000ea5a0  33 ff 33 33 33 ff 33 33  33 ff 33 33 33 ff 33 33  |3.333.333.333.33|
*
000ea5d0  33 ff 33 33 33 ff 33 33  33 ff 00 00 00 00 00 00  |3.333.333.......|
000ea5e0  00 00 00 00 00 00 00 00  00 00 00 00 00 00 00 00  |................|
*
000ea7d0  00 00 00 00 00 00 00 00  00 00 00 00 00 00 33 33  |..............33|
000ea7e0  33 ff 33 33 33 ff 33 33  33 ff 33 33 33 ff 33 33  |3.333.333.333.33|
*
000ea810  33 ff 33 33 33 ff 33 33  33 ff 00 00 00 00 00 00  |3.333.333.......|
000ea820  00 00 00 00 00 00 00 00  00 00 00 00 00 00 00 00  |................|
*
000ead90  00 00 00 00 00 00 00 00  00 00 33 33 33 ff 33 33  |..........333.33|
000eada0  33 ff 33 33 33 ff 33 33  33 ff 33 33 33 ff 33 33  |3.333.333.333.33|
*
000eadd0  33 ff 33 33 33 ff 33 33  33 ff 00 00 00 00 00 00  |3.333.333.......|
000eade0  00 00 00 00 00 00 00 00  00 00 00 00 00 00 00 00  |................|
*
000eafd0  00 00 00 00 00 00 00 00  00 00 00 00 00 00 33 33  |..............33|
000eafe0  33 ff 33 33 33 ff 33 33  33 ff 33 33 33 ff 33 33  |3.333.333.333.33|
*
000eb010  33 ff 33 33 33 ff 33 33  33 ff 00 00 00 00 00 00  |3.333.333.......|
000eb020  00 00 00 00 00 00 00 00  00 00 00 00 00 00 00 00  |................|
*
000eb590  00 00 00 00 00 00 00 00  00 00 33 33 33 ff 33 33  |..........333.33|
000eb5a0  33 ff 33 33 33 ff 33 33  33 ff 33 33 33 ff 33 33  |3.333.333.333.33|
*
000eb5d0  33 ff 33 33 33 ff 33 33  33 ff 00 00 00 00 00 00  |3.333.333.......|
000eb5e0  00 00 00 00 00 00 00 00  00 00 00 00 00 00 00 00  |................|
*
000eb7d0  00 00 00 00 00 00 00 00  00 00 00 00 00 00 33 33  |..............33|
000eb7e0  33 ff 33 33 33 ff 33 33  33 ff 33 33 33 ff 33 33  |3.333.333.333.33|
*
000eb810  33 ff 33 33 33 ff 33 33  33 ff 00 00 00 00 00 00  |3.333.333.......|
000eb820  00 00 00 00 00 00 00 00  00 00 00 00 00 00 00 00  |................|
*
000ebd90  00 00 00 00 00 00 00 00  00 00 33 33 33 ff 33 33  |..........333.33|
000ebda0  33 ff 33 33 33 ff 33 33  33 ff 33 33 33 ff 33 33  |3.333.333.333.33|
*
000ebdd0  33 ff 33 33 33 ff 33 33  33 ff 00 00 00 00 00 00  |3.333.333.......|
000ebde0  00 00 00 00 00 00 00 00  00 00 00 00 00 00 00 00  |................|
*
000ebfd0  00 00 00 00 00 00 00 00  00 00 00 00 00 00 33 33  |..............33|
000ebfe0  33 ff 33 33 33 ff 33 33  33 ff 33 33 33 ff 33 33  |3.333.333.333.33|
*
000ec010  33 ff 33 33 33 ff 33 33  33 ff 00 00 00 00 00 00  |3.333.333.......|
000ec020  00 00 00 00 00 00 00 00  00 00 00 00 00 00 00 00  |................|
*
000ec590  00 00 00 00 00 00 00 00  00 00 33 33 33 ff 33 33  |..........333.33|
000ec5a0  33 ff 33 33 33 ff 33 33  33 ff 33 33 33 ff 33 33  |3.333.333.333.33|
*
000ec5d0  33 ff 33 33 33 ff 33 33  33 ff 00 00 00 00 00 00  |3.333.333.......|
000ec5e0  00 00 00 00 00 00 00 00  00 00 00 00 00 00 00 00  |................|
*
000ec7d0  00 00 00 00 00 00 00 00  00 00 00 00 00 00 33 33  |..............33|
000ec7e0  33 ff 33 33 33 ff 33 33  33 ff 33 33 33 ff 33 33  |3.333.333.333.33|
*
000ec810  33 ff 33 33 33 ff 33 33  33 ff 00 00 00 00 00 00  |3.333.333.......|
000ec820  00 00 00 00 00 00 00 00  00 00 00 00 00 00 00 00  |................|
*
000ecd90  00 00 00 00 00 00 00 00  00 00 33 33 33 ff 33 33  |..........333.33|
000ecda0  33 ff 33 33 33 ff 33 33  33 ff 33 33 33 ff 33 33  |3.333.333.333.33|
*
000ecdd0  33 ff 33 33 33 ff 33 33  33 ff 00 00 00 00 00 00  |3.333.333.......|
000ecde0  00 00 00 00 00 00 00 00  00 00 00 00 00 00 00 00  |................|
*
000ecfd0  00 00 00 00 00 00 00 00  00 00 00 00 00 00 33 33  |..............33|
000ecfe0  33 ff 33 33 33 ff 33 33  33 ff 33 33 33 ff 33 33  |3.333.333.333.33|
*
000ed010  33 ff 33 33 33 ff 33 33  33 ff 00 00 00 00 00 00  |3.333.333.......|
000ed020  00 00 00 00 00 00 00 00  00 00 00 00 00 00 00 00  |................|
*
000ed590  00 00 00 00 00 00 00 00  00 00 33 33 33 ff 33 33  |..........333.33|
000ed5a0  33 ff 33 33 33 ff 33 33  33 ff 33 33 33 ff 33 33  |3.333.333.333.33|
*
000ed5d0  33 ff 33 33 33 ff 33 33  33 ff 00 00 00 00 00 00  |3.333.333.......|
000ed5e0  00 00 00 00 00 00 00 00  00 00 00 00 00 00 00 00  |................|
*
000ed7d0  00 00 00 00 00 00 00 00  00 00 00 00 00 00 33 33  |..............33|
000ed7e0  33 ff 33 33 33 ff 33 33  33 ff 33 33 33 ff 33 33  |3.333.333.333.33|
*
000ed810  33 ff 33 33 33 ff 33 33  33 ff 00 00 00 00 00 00  |3.333.333.......|
000ed820  00 00 00 00 00 00 00 00  00 00 00 00 00 00 00 00  |................|
*
000edd90  00 00 00 00 00 00 00 00  00 00 33 33 33 ff 33 33  |..........333.33|
000edda0  33 ff 33 33 33 ff 33 33  33 ff 33 33 33 ff 33 33  |3.333.333.333.33|
*
000eddd0  33 ff 33 33 33 ff 33 33  33 ff 00 00 00 00 00 00  |3.333.333.......|
000edde0  00 00 00 00 00 00 00 00  00 00 00 00 00 00 00 00  |................|
*
000edfd0  00 00 00 00 00 00 00 00  00 00 00 00 00 00 33 33  |..............33|
000edfe0  33 ff 33 33 33 ff 33 33  33 ff 33 33 33 ff 33 33  |3.333.333.333.33|
*
000ee010  33 ff 33 33 33 ff 33 33  33 ff 00 00 00 00 00 00  |3.333.333.......|
000ee020  00 00 00 00 00 00 00 00  00 00 00 00 00 00 00 00  |................|
*
000ee590  00 00 00 00 00 00 00 00  00 00 33 33 33 ff 33 33  |..........333.33|
000ee5a0  33 ff 33 33 33 ff 33 33  33 ff 33 33 33 ff 33 33  |3.333.333.333.33|
*
000ee5d0  33 ff 33 33 33 ff 33 33  33 ff 00 00 00 00 00 00  |3.333.333.......|
000ee5e0  00 00 00 00 00 00 00 00  00 00 00 00 00 00 00 00  |................|
*
000ee7d0  00 00 00 00 00 00 00 00  00 00 00 00 00 00 33 33  |..............33|
000ee7e0  33 ff 33 33 33 ff 33 33  33 ff 33 33 33 ff 33 33  |3.333.333.333.33|
*
000ee810  33 ff 33 33 33 ff 33 33  33 ff 00 00 00 00 00 00  |3.333.333.......|
000ee820  00 00 00 00 00 00 00 00  00 00 00 00 00 00 00 00  |................|
*
000eed90  00 00 00 00 00 00 00 00  00 00 33 33 33 ff 33 33  |..........333.33|
000eeda0  33 ff 33 33 33 ff 33 33  33 ff 33 33 33 ff 33 33  |3.333.333.333.33|
*
000eedd0  33 ff 33 33 33 ff 33 33  33 ff 00 00 00 00 00 00  |3.333.333.......|
000eede0  00 00 00 00 00 00 00 00  00 00 00 00 00 00 00 00  |................|
*
000eefd0  00 00 00 00 00 00 00 00  00 00 00 00 00 00 33 33  |..............33|
000eefe0  33 ff 33 33 33 ff 33 33  33 ff 33 33 33 ff 33 33  |3.333.333.333.33|
*
000ef010  33 ff 33 33 33 ff 33 33  33 ff 00 00 00 00 00 00  |3.333.333.......|
000ef020  00 00 00 00 00 00 00 00  00 00 00 00 00 00 00 00  |................|
*
000ef590  00 00 00 00 00 00 00 00  00 00 33 33 33 ff 33 33  |..........333.33|
000ef5a0  33 ff 33 33 33 ff 33 33  33 ff 33 33 33 ff 33 33  |3.333.333.333.33|
*
000ef5d0  33 ff 33 33 33 ff 33 33  33 ff 00 00 00 00 00 00  |3.333.333.......|
000ef5e0  00 00 00 00 00 00 00 00  00 00 00 00 00 00 00 00  |................|
*
000ef7d0  00 00 00 00 00 00 00 00  00 00 00 00 00 00 33 33  |..............33|
000ef7e0  33 ff 33 33 33 ff 33 33  33 ff 33 33 33 ff 33 33  |3.333.333.333.33|
*
000ef810  33 ff 33 33 33 ff 33 33  33 ff 00 00 00 00 00 00  |3.333.333.......|
000ef820  00 00 00 00 00 00 00 00  00 00 00 00 00 00 00 00  |................|
*
000efd90  00 00 00 00 00 00 00 00  00 00 33 33 33 ff 33 33  |..........333.33|
000efda0  33 ff 33 33 33 ff 33 33  33 ff 33 33 33 ff 33 33  |3.333.333.333.33|
*
000efdd0  33 ff 33 33 33 ff 33 33  33 ff 00 00 00 00 00 00  |3.333.333.......|
000efde0  00 00 00 00 00 00 00 00  00 00 00 00 00 00 00 00  |................|
*
000effd0  00 00 00 00 00 00 00 00  00 00 00 00 00 00 33 33  |..............33|
000effe0  33 ff 33 33 33 ff 33 33  33 ff 33 33 33 ff 33 33  |3.333.333.333.33|
*
000f0010  33 ff 33 33 33 ff 33 33  33 ff 00 00 00 00 00 00  |3.333.333.......|
000f0020  00 00 00 00 00 00 00 00  00 00 00 00 00 00 00 00  |................|
*
000f0590  00 00 00 00 00 00 00 00  00 00 33 33 33 ff 33 33  |..........333.33|
000f05a0  33 ff 33 33 33 ff 33 33  33 ff 33 33 33 ff 33 33  |3.333.333.333.33|
*
000f05d0  33 ff 33 33 33 ff 33 33  33 ff 00 00 00 00 00 00  |3.333.333.......|
000f05e0  00 00 00 00 00 00 00 00  00 00 00 00 00 00 00 00  |................|
*
000f07d0  00 00 00 00 00 00 00 00  00 00 00 00 00 00 33 33  |..............33|
000f07e0  33 ff 33 33 33 ff 33 33  33 ff 33 33 33 ff 33 33  |3.333.333.333.33|
*
000f0810  33 ff 33 33 33 ff 33 33  33 ff 00 00 00 00 00 00  |3.333.333.......|
000f0820  00 00 00 00 00 00 00 00  00 00 00 00 00 00 00 00  |................|
*
000f0d90  00 00 00 00 00 00 00 00  00 00 33 33 33 ff 33 33  |..........333.33|
000f0da0  33 ff 33 33 33 ff 33 33  33 ff 33 33 33 ff 33 33  |3.333.333.333.33|
*
000f0dd0  33 ff 33 33 33 ff 33 33  33 ff 00 00 00 00 00 00  |3.333.333.......|
000f0de0  00 00 00 00 00 00 00 00  00 00 00 00 00 00 00 00  |................|
*
000f0fd0  00 00 00 00 00 00 00 00  00 00 00 00 00 00 33 33  |..............33|
000f0fe0  33 ff 33 33 33 ff 33 33  33 ff 33 33 33 ff 33 33  |3.333.333.333.33|
*
000f1010  33 ff 33 33 33 ff 33 33  33 ff 00 00 00 00 00 00  |3.333.333.......|
000f1020  00 00 00 00 00 00 00 00  00 00 00 00 00 00 00 00  |................|
*
000f1590  00 00 00 00 00 00 00 00  00 00 33 33 33 ff 33 33  |..........333.33|
000f15a0  33 ff 33 33 33 ff 33 33  33 ff 33 33 33 ff 33 33  |3.333.333.333.33|
*
000f15d0  33 ff 33 33 33 ff 33 33  33 ff 00 00 00 00 00 00  |3.333.333.......|
000f15e0  00 00 00 00 00 00 00 00  00 00 00 00 00 00 00 00  |................|
*
000f17d0  00 00 00 00 00 00 00 00  00 00 00 00 00 00 33 33  |..............33|
000f17e0  33 ff 33 33 33 ff 33 33  33 ff 33 33 33 ff 33 33  |3.333.333.333.33|
*
000f1810  33 ff 33 33 33 ff 33 33  33 ff 00 00 00 00 00 00  |3.333.333.......|
000f1820  00 00 00 00 00 00 00 00  00 00 00 00 00 00 00 00  |................|
*
000f1d90  00 00 00 00 00 00 00 00  00 00 33 33 33 ff 33 33  |..........333.33|
000f1da0  33 ff 33 33 33 ff 33 33  33 ff 33 33 33 ff 33 33  |3.333.333.333.33|
*
000f1dd0  33 ff 33 33 33 ff 33 33  33 ff 00 00 00 00 00 00  |3.333.333.......|
000f1de0  00 00 00 00 00 00 00 00  00 00 00 00 00 00 00 00  |................|
*
000f1fd0  00 00 00 00 00 00 00 00  00 00 00 00 00 00 33 33  |..............33|
000f1fe0  33 ff 33 33 33 ff 33 33  33 ff 33 33 33 ff 33 33  |3.333.333.333.33|
*
000f2010  33 ff 33 33 33 ff 33 33  33 ff 00 00 00 00 00 00  |3.333.333.......|
000f2020  00 00 00 00 00 00 00 00  00 00 00 00 00 00 00 00  |................|
*
000f2590  00 00 00 00 00 00 00 00  00 00 33 33 33 ff 33 33  |..........333.33|
000f25a0  33 ff 33 33 33 ff 33 33  33 ff 33 33 33 ff 33 33  |3.333.333.333.33|
*
000f25d0  33 ff 33 33 33 ff 33 33  33 ff 00 00 00 00 00 00  |3.333.333.......|
000f25e0  00 00 00 00 00 00 00 00  00 00 00 00 00 00 00 00  |................|
*
000f27d0  00 00 00 00 00 00 00 00  00 00 00 00 00 00 33 33  |..............33|
000f27e0  33 ff 33 33 33 ff 33 33  33 ff 33 33 33 ff 33 33  |3.333.333.333.33|
*
000f2810  33 ff 33 33 33 ff 33 33  33 ff 00 00 00 00 00 00  |3.333.333.......|
000f2820  00 00 00 00 00 00 00 00  00 00 00 00 00 00 00 00  |................|
*
000f2d90  00 00 00 00 00 00 00 00  00 00 33 33 33 ff 33 33  |..........333.33|
000f2da0  33 ff 33 33 33 ff 33 33  33 ff 33 33 33 ff 33 33  |3.333.333.333.33|
*
000f2dd0  33 ff 33 33 33 ff 33 33  33 ff 00 00 00 00 00 00  |3.333.333.......|
000f2de0  00 00 00 00 00 00 00 00  00 00 00 00 00 00 00 00  |................|
*
000f2fd0  00 00 00 00 00 00 00 00  00 00 00 00 00 00 33 33  |..............33|
000f2fe0  33 ff 33 33 33 ff 33 33  33 ff 33 33 33 ff 33 33  |3.333.333.333.33|
*
000f3010  33 ff 33 33 33 ff 33 33  33 ff 00 00 00 00 00 00  |3.333.333.......|
000f3020  00 00 00 00 00 00 00 00  00 00 00 00 00 00 00 00  |................|
*
000f3590  00 00 00 00 00 00 00 00  00 00 33 33 33 ff 33 33  |..........333.33|
000f35a0  33 ff 33 33 33 ff 33 33  33 ff 33 33 33 ff 33 33  |3.333.333.333.33|
*
000f35d0  33 ff 33 33 33 ff 33 33  33 ff 00 00 00 00 00 00  |3.333.333.......|
000f35e0  00 00 00 00 00 00 00 00  00 00 00 00 00 00 00 00  |................|
*
000f37d0  00 00 00 00 00 00 00 00  00 00 00 00 00 00 33 33  |..............33|
000f37e0  33 ff 33 33 33 ff 33 33  33 ff 33 33 33 ff 33 33  |3.333.333.333.33|
*
000f3810  33 ff 33 33 33 ff 33 33  33 ff 00 00 00 00 00 00  |3.333.333.......|
000f3820  00 00 00 00 00 00 00 00  00 00 00 00 00 00 00 00  |................|
*
000f3d90  00 00 00 00 00 00 00 00  00 00 33 33 33 ff 33 33  |..........333.33|
000f3da0  33 ff 33 33 33 ff 33 33  33 ff 33 33 33 ff 33 33  |3.333.333.333.33|
*
000f3dd0  33 ff 33 33 33 ff 33 33  33 ff 00 00 00 00 00 00  |3.333.333.......|
000f3de0  00 00 00 00 00 00 00 00  00 00 00 00 00 00 00 00  |................|
*
000f3fd0  00 00 00 00 00 00 00 00  00 00 00 00 00 00 33 33  |..............33|
000f3fe0  33 ff 33 33 33 ff 33 33  33 ff 33 33 33 ff 33 33  |3.333.333.333.33|
*
000f4010  33 ff 33 33 33 ff 33 33  33 ff 00 00 00 00 00 00  |3.333.333.......|
000f4020  00 00 00 00 00 00 00 00  00 00 00 00 00 00 00 00  |................|
*
000f4590  00 00 00 00 00 00 00 00  00 00 33 33 33 ff 33 33  |..........333.33|
000f45a0  33 ff 33 33 33 ff 33 33  33 ff 33 33 33 ff 33 33  |3.333.333.333.33|
*
000f45d0  33 ff 33 33 33 ff 33 33  33 ff 00 00 00 00 00 00  |3.333.333.......|
000f45e0  00 00 00 00 00 00 00 00  00 00 00 00 00 00 00 00  |................|
*
000f47d0  00 00 00 00 00 00 00 00  00 00 00 00 00 00 33 33  |..............33|
000f47e0  33 ff 33 33 33 ff 33 33  33 ff 33 33 33 ff 33 33  |3.333.333.333.33|
*
000f4810  33 ff 33 33 33 ff 33 33  33 ff 00 00 00 00 00 00  |3.333.333.......|
000f4820  00 00 00 00 00 00 00 00  00 00 00 00 00 00 00 00  |................|
*
000f4d90  00 00 00 00 00 00 00 00  00 00 33 33 33 ff 33 33  |..........333.33|
000f4da0  33 ff 33 33 33 ff 33 33  33 ff 33 33 33 ff 33 33  |3.333.333.333.33|
*
000f4dd0  33 ff 33 33 33 ff 33 33  33 ff 00 00 00 00 00 00  |3.333.333.......|
000f4de0  00 00 00 00 00 00 00 00  00 00 00 00 00 00 00 00  |................|
*
000f4fd0  00 00 00 00 00 00 00 00  00 00 00 00 00 00 33 33  |..............33|
000f4fe0  33 ff 33 33 33 ff 33 33  33 ff 33 33 33 ff 33 33  |3.333.333.333.33|
*
000f5010  33 ff 33 33 33 ff 33 33  33 ff 00 00 00 00 00 00  |3.333.333.......|
000f5020  00 00 00 00 00 00 00 00  00 00 00 00 00 00 00 00  |................|
*
000f5590  00 00 00 00 00 00 00 00  00 00 33 33 33 ff 33 33  |..........333.33|
000f55a0  33 ff 33 33 33 ff 33 33  33 ff 33 33 33 ff 33 33  |3.333.333.333.33|
*
000f55d0  33 ff 33 33 33 ff 33 33  33 ff 00 00 00 00 00 00  |3.333.333.......|
000f55e0  00 00 00 00 00 00 00 00  00 00 00 00 00 00 00 00  |................|
*
000f57d0  00 00 00 00 00 00 00 00  00 00 00 00 00 00 33 33  |..............33|
000f57e0  33 ff 33 33 33 ff 33 33  33 ff 33 33 33 ff 33 33  |3.333.333.333.33|
*
000f5810  33 ff 33 33 33 ff 33 33  33 ff 00 00 00 00 00 00  |3.333.333.......|
000f5820  00 00 00 00 00 00 00 00  00 00 00 00 00 00 00 00  |................|
*
000f5d90  00 00 00 00 00 00 00 00  00 00 33 33 33 ff 33 33  |..........333.33|
000f5da0  33 ff 33 33 33 ff 33 33  33 ff 33 33 33 ff 33 33  |3.333.333.333.33|
*
000f5dd0  33 ff 33 33 33 ff 33 33  33 ff 00 00 00 00 00 00  |3.333.333.......|
000f5de0  00 00 00 00 00 00 00 00  00 00 00 00 00 00 00 00  |................|
*
000f5fd0  00 00 00 00 00 00 00 00  00 00 00 00 00 00 33 33  |..............33|
000f5fe0  33 ff 33 33 33 ff 33 33  33 ff 33 33 33 ff 33 33  |3.333.333.333.33|
*
000f6010  33 ff 33 33 33 ff 33 33  33 ff 00 00 00 00 00 00  |3.333.333.......|
000f6020  00 00 00 00 00 00 00 00  00 00 00 00 00 00 00 00  |................|
*
000f6590  00 00 00 00 00 00 00 00  00 00 33 33 33 ff 33 33  |..........333.33|
000f65a0  33 ff 33 33 33 ff 33 33  33 ff 33 33 33 ff 33 33  |3.333.333.333.33|
*
000f65d0  33 ff 33 33 33 ff 33 33  33 ff 00 00 00 00 00 00  |3.333.333.......|
000f65e0  00 00 00 00 00 00 00 00  00 00 00 00 00 00 00 00  |................|
*
000f67d0  00 00 00 00 00 00 00 00  00 00 00 00 00 00 33 33  |..............33|
000f67e0  33 ff 33 33 33 ff 33 33  33 ff 33 33 33 ff 33 33  |3.333.333.333.33|
*
000f6810  33 ff 33 33 33 ff 33 33  33 ff 00 00 00 00 00 00  |3.333.333.......|
000f6820  00 00 00 00 00 00 00 00  00 00 00 00 00 00 00 00  |................|
*
000f6d90  00 00 00 00 00 00 00 00  00 00 33 33 33 ff 33 33  |..........333.33|
000f6da0  33 ff 33 33 33 ff 33 33  33 ff 33 33 33 ff 33 33  |3.333.333.333.33|
*
000f6dd0  33 ff 33 33 33 ff 33 33  33 ff 00 00 00 00 00 00  |3.333.333.......|
000f6de0  00 00 00 00 00 00 00 00  00 00 00 00 00 00 00 00  |................|
*
000f6fd0  00 00 00 00 00 00 00 00  00 00 00 00 00 00 33 33  |..............33|
000f6fe0  33 ff 33 33 33 ff 33 33  33 ff 33 33 33 ff 33 33  |3.333.333.333.33|
*
000f7010  33 ff 33 33 33 ff 33 33  33 ff 00 00 00 00 00 00  |3.333.333.......|
000f7020  00 00 00 00 00 00 00 00  00 00 00 00 00 00 00 00  |................|
*
000f7590  00 00 00 00 00 00 00 00  00 00 33 33 33 ff 33 33  |..........333.33|
000f75a0  33 ff 33 33 33 ff 33 33  33 ff 33 33 33 ff 33 33  |3.333.333.333.33|
*
000f75d0  33 ff 33 33 33 ff 33 33  33 ff 00 00 00 00 00 00  |3.333.333.......|
000f75e0  00 00 00 00 00 00 00 00  00 00 00 00 00 00 00 00  |................|
*
000f77d0  00 00 00 00 00 00 00 00  00 00 00 00 00 00 33 33  |..............33|
000f77e0  33 ff 33 33 33 ff 33 33  33 ff 33 33 33 ff 33 33  |3.333.333.333.33|
*
000f7810  33 ff 33 33 33 ff 33 33  33 ff 00 00 00 00 00 00  |3.333.333.......|
000f7820  00 00 00 00 00 00 00 00  00 00 00 00 00 00 00 00  |................|
*
000f7d90  00 00 00 00 00 00 00 00  00 00 33 33 33 ff 33 33  |..........333.33|
000f7da0  33 ff 33 33 33 ff 33 33  33 ff 33 33 33 ff 33 33  |3.333.333.333.33|
*
000f7dd0  33 ff 33 33 33 ff 33 33  33 ff 00 00 00 00 00 00  |3.333.333.......|
000f7de0  00 00 00 00 00 00 00 00  00 00 00 00 00 00 00 00  |................|
*
000f7fd0  00 00 00 00 00 00 00 00  00 00 00 00 00 00 33 33  |..............33|
000f7fe0  33 ff 33 33 33 ff 33 33  33 ff 33 33 33 ff 33 33  |3.333.333.333.33|
*
000f8010  33 ff 33 33 33 ff 33 33  33 ff 00 00 00 00 00 00  |3.333.333.......|
000f8020  00 00 00 00 00 00 00 00  00 00 00 00 00 00 00 00  |................|
*
000f8590  00 00 00 00 00 00 00 00  00 00 33 33 33 ff 33 33  |..........333.33|
000f85a0  33 ff 33 33 33 ff 33 33  33 ff 33 33 33 ff 33 33  |3.333.333.333.33|
*
000f85d0  33 ff 33 33 33 ff 33 33  33 ff 00 00 00 00 00 00  |3.333.333.......|
000f85e0  00 00 00 00 00 00 00 00  00 00 00 00 00 00 00 00  |................|
*
000f87d0  00 00 00 00 00 00 00 00  00 00 00 00 00 00 33 33  |..............33|
000f87e0  33 ff 33 33 33 ff 33 33  33 ff 33 33 33 ff 33 33  |3.333.333.333.33|
*
000f8810  33 ff 33 33 33 ff 33 33  33 ff 00 00 00 00 00 00  |3.333.333.......|
000f8820  00 00 00 00 00 00 00 00  00 00 00 00 00 00 00 00  |................|
*
000f8d90  00 00 00 00 00 00 00 00  00 00 33 33 33 ff 33 33  |..........333.33|
000f8da0  33 ff 33 33 33 ff 33 33  33 ff 33 33 33 ff 33 33  |3.333.333.333.33|
*
000f8dd0  33 ff 33 33 33 ff 33 33  33 ff 00 00 00 00 00 00  |3.333.333.......|
000f8de0  00 00 00 00 00 00 00 00  00 00 00 00 00 00 00 00  |................|
*
000f8fd0  00 00 00 00 00 00 00 00  00 00 00 00 00 00 33 33  |..............33|
000f8fe0  33 ff 33 33 33 ff 33 33  33 ff 33 33 33 ff 33 33  |3.333.333.333.33|
*
000f9010  33 ff 33 33 33 ff 33 33  33 ff 00 00 00 00 00 00  |3.333.333.......|
000f9020  00 00 00 00 00 00 00 00  00 00 00 00 00 00 00 00  |................|
*
000f9590  00 00 00 00 00 00 00 00  00 00 33 33 33 ff 33 33  |..........333.33|
000f95a0  33 ff 33 33 33 ff 33 33  33 ff 33 33 33 ff 33 33  |3.333.333.333.33|
*
000f95d0  33 ff 33 33 33 ff 33 33  33 ff 00 00 00 00 00 00  |3.333.333.......|
000f95e0  00 00 00 00 00 00 00 00  00 00 00 00 00 00 00 00  |................|
*
000f97d0  00 00 00 00 00 00 00 00  00 00 00 00 00 00 33 33  |..............33|
000f97e0  33 ff 33 33 33 ff 33 33  33 ff 33 33 33 ff 33 33  |3.333.333.333.33|
*
000f9810  33 ff 33 33 33 ff 33 33  33 ff 00 00 00 00 00 00  |3.333.333.......|
000f9820  00 00 00 00 00 00 00 00  00 00 00 00 00 00 00 00  |................|
*
000f9d90  00 00 00 00 00 00 00 00  00 00 33 33 33 ff 33 33  |..........333.33|
000f9da0  33 ff 33 33 33 ff 33 33  33 ff 33 33 33 ff 33 33  |3.333.333.333.33|
*
000f9dd0  33 ff 33 33 33 ff 33 33  33 ff 00 00 00 00 00 00  |3.333.333.......|
000f9de0  00 00 00 00 00 00 00 00  00 00 00 00 00 00 00 00  |................|
*
000f9fd0  00 00 00 00 00 00 00 00  00 00 00 00 00 00 33 33  |..............33|
000f9fe0  33 ff 33 33 33 ff 33 33  33 ff 33 33 33 ff 33 33  |3.333.333.333.33|
*
000fa010  33 ff 33 33 33 ff 33 33  33 ff 00 00 00 00 00 00  |3.333.333.......|
000fa020  00 00 00 00 00 00 00 00  00 00 00 00 00 00 00 00  |................|
*
000fa590  00 00 00 00 00 00 00 00  00 00 33 33 33 ff 33 33  |..........333.33|
000fa5a0  33 ff 33 33 33 ff 33 33  33 ff 33 33 33 ff 33 33  |3.333.333.333.33|
*
000fa5d0  33 ff 33 33 33 ff 33 33  33 ff 00 00 00 00 00 00  |3.333.333.......|
000fa5e0  00 00 00 00 00 00 00 00  00 00 00 00 00 00 00 00  |................|
*
000fa7d0  00 00 00 00 00 00 00 00  00 00 00 00 00 00 33 33  |..............33|
000fa7e0  33 ff 33 33 33 ff 33 33  33 ff 33 33 33 ff 33 33  |3.333.333.333.33|
*
000fa810  33 ff 33 33 33 ff 33 33  33 ff 00 00 00 00 00 00  |3.333.333.......|
000fa820  00 00 00 00 00 00 00 00  00 00 00 00 00 00 00 00  |................|
*
000fad90  00 00 00 00 00 00 00 00  00 00 33 33 33 ff 33 33  |..........333.33|
000fada0  33 ff 33 33 33 ff 33 33  33 ff 33 33 33 ff 33 33  |3.333.333.333.33|
*
000fadd0  33 ff 33 33 33 ff 33 33  33 ff 00 00 00 00 00 00  |3.333.333.......|
000fade0  00 00 00 00 00 00 00 00  00 00 00 00 00 00 00 00  |................|
*
000fb590  00 00 00 00 00 00 00 00  00 00 33 33 33 ff 33 33  |..........333.33|
000fb5a0  33 ff 33 33 33 ff 33 33  33 ff 33 33 33 ff 33 33  |3.333.333.333.33|
*
000fb5d0  33 ff 33 33 33 ff 33 33  33 ff 00 00 00 00 00 00  |3.333.333.......|
000fb5e0  00 00 00 00 00 00 00 00  00 00 00 00 00 00 00 00  |................|
*
000fbd90  00 00 00 00 00 00 00 00  00 00 33 33 33 ff 33 33  |..........333.33|
000fbda0  33 ff 33 33 33 ff 33 33  33 ff 33 33 33 ff 33 33  |3.333.333.333.33|
*
000fbdd0  33 ff 33 33 33 ff 33 33  33 ff 00 00 00 00 00 00  |3.333.333.......|
000fbde0  00 00 00 00 00 00 00 00  00 00 00 00 00 00 00 00  |................|
*
000fc590  00 00 00 00 00 00 00 00  00 00 33 33 33 ff 33 33  |..........333.33|
000fc5a0  33 ff 33 33 33 ff 33 33  33 ff 33 33 33 ff 33 33  |3.333.333.333.33|
*
000fc5d0  33 ff 33 33 33 ff 33 33  33 ff 00 00 00 00 00 00  |3.333.333.......|
000fc5e0  00 00 00 00 00 00 00 00  00 00 00 00 00 00 00 00  |................|
*
000fcd90  00 00 00 00 00 00 00 00  00 00 33 33 33 ff 33 33  |..........333.33|
000fcda0  33 ff 33 33 33 ff 33 33  33 ff 33 33 33 ff 33 33  |3.333.333.333.33|
*
000fcdd0  33 ff 33 33 33 ff 33 33  33 ff 00 00 00 00 00 00  |3.333.333.......|
000fcde0  00 00 00 00 00 00 00 00  00 00 00 00 00 00 00 00  |................|
*
000fd590  00 00 00 00 00 00 00 00  00 00 33 33 33 ff 33 33  |..........333.33|
000fd5a0  33 ff 33 33 33 ff 33 33  33 ff 33 33 33 ff 33 33  |3.333.333.333.33|
*
000fd5d0  33 ff 33 33 33 ff 33 33  33 ff 00 00 00 00 00 00  |3.333.333.......|
000fd5e0  00 00 00 00 00 00 00 00  00 00 00 00 00 00 00 00  |................|
*
000fdd90  00 00 00 00 00 00 00 00  00 00 33 33 33 ff 33 33  |..........333.33|
000fdda0  33 ff 33 33 33 ff 33 33  33 ff 33 33 33 ff 33 33  |3.333.333.333.33|
*
000fddd0  33 ff 33 33 33 ff 33 33  33 ff 00 00 00 00 00 00  |3.333.333.......|
000fdde0  00 00 00 00 00 00 00 00  00 00 00 00 00 00 00 00  |................|
*
000fe590  00 00 00 00 00 00 00 00  00 00 33 33 33 ff 33 33  |..........333.33|
000fe5a0  33 ff 33 33 33 ff 33 33  33 ff 33 33 33 ff 33 33  |3.333.333.333.33|
*
000fe5d0  33 ff 33 33 33 ff 33 33  33 ff 00 00 00 00 00 00  |3.333.333.......|
000fe5e0  00 00 00 00 00 00 00 00  00 00 00 00 00 00 00 00  |................|
*
000fed90  00 00 00 00 00 00 00 00  00 00 33 33 33 ff 33 33  |..........333.33|
000feda0  33 ff 33 33 33 ff 33 33  33 ff 33 33 33 ff 33 33  |3.333.333.333.33|
*
000fedd0  33 ff 33 33 33 ff 33 33  33 ff 00 00 00 00 00 00  |3.333.333.......|
000fede0  00 00 00 00 00 00 00 00  00 00 00 00 00 00 00 00  |................|
*
000ff590  00 00 00 00 00 00 00 00  00 00 33 33 33 ff 33 33  |..........333.33|
000ff5a0  33 ff 33 33 33 ff 33 33  33 ff 33 33 33 ff 33 33  |3.333.333.333.33|
*
000ff5d0  33 ff 33 33 33 ff 33 33  33 ff 00 00 00 00 00 00  |3.333.333.......|
000ff5e0  00 00 00 00 00 00 00 00  00 00 00 00 00 00 00 00  |................|
*
000ffd90  00 00 00 00 00 00 00 00  00 00 33 33 33 ff 33 33  |..........333.33|
000ffda0  33 ff 33 33 33 ff 33 33  33 ff 33 33 33 ff 33 33  |3.333.333.333.33|
*
000ffdd0  33 ff 33 33 33 ff 33 33  33 ff 00 00 00 00 00 00  |3.333.333.......|
000ffde0  00 00 00 00 00 00 00 00  00 00 00 00 00 00 00 00  |................|
*
00100590  00 00 00 00 00 00 00 00  00 00 33 33 33 ff 33 33  |..........333.33|
001005a0  33 ff 33 33 33 ff 33 33  33 ff 33 33 33 ff 33 33  |3.333.333.333.33|
*
001005d0  33 ff 33 33 33 ff 33 33  33 ff 00 00 00 00 00 00  |3.333.333.......|
001005e0  00 00 00 00 00 00 00 00  00 00 00 00 00 00 00 00  |................|
*
00100d90  00 00 00 00 00 00 00 00  00 00 33 33 33 ff 33 33  |..........333.33|
00100da0  33 ff 33 33 33 ff 33 33  33 ff 33 33 33 ff 33 33  |3.333.333.333.33|
*
00100dd0  33 ff 33 33 33 ff 33 33  33 ff 00 00 00 00 00 00  |3.333.333.......|
00100de0  00 00 00 00 00 00 00 00  00 00 00 00 00 00 00 00  |................|
*
00101590  00 00 00 00 00 00 00 00  00 00 33 33 33 ff 33 33  |..........333.33|
001015a0  33 ff 33 33 33 ff 33 33  33 ff 33 33 33 ff 33 33  |3.333.333.333.33|
*
001015d0  33 ff 33 33 33 ff 33 33  33 ff 00 00 00 00 00 00  |3.333.333.......|
001015e0  00 00 00 00 00 00 00 00  00 00 00 00 00 00 00 00  |................|
*
00101d90  00 00 00 00 00 00 00 00  00 00 33 33 33 ff 33 33  |..........333.33|
00101da0  33 ff 33 33 33 ff 33 33  33 ff 33 33 33 ff 33 33  |3.333.333.333.33|
*
00101dd0  33 ff 33 33 33 ff 33 33  33 ff 00 00 00 00 00 00  |3.333.333.......|
00101de0  00 00 00 00 00 00 00 00  00 00 00 00 00 00 00 00  |................|
*
00102590  00 00 00 00 00 00 00 00  00 00 33 33 33 ff 33 33  |..........333.33|
001025a0  33 ff 33 33 33 ff 33 33  33 ff 33 33 33 ff 33 33  |3.333.333.333.33|
*
001025d0  33 ff 33 33 33 ff 33 33  33 ff 00 00 00 00 00 00  |3.333.333.......|
001025e0  00 00 00 00 00 00 00 00  00 00 00 00 00 00 00 00  |................|
*
00102d90  00 00 00 00 00 00 00 00  00 00 33 33 33 ff 33 33  |..........333.33|
00102da0  33 ff 33 33 33 ff 33 33  33 ff 33 33 33 ff 33 33  |3.333.333.333.33|
*
00102dd0  33 ff 33 33 33 ff 33 33  33 ff 00 00 00 00 00 00  |3.333.333.......|
00102de0  00 00 00 00 00 00 00 00  00 00 00 00 00 00 00 00  |................|
*
00102f90  00 00 00 00 00 01 31 31  31 2e 33 33 33 69 33 33  |......111.333i33|
00102fa0  33 91 33 33 33 b8 32 32  32 d9 33 33 33 e6 32 32  |3.333.222.333.22|
00102fb0  32 f2 33 33 33 ff 33 33  33 ff 33 33 33 ff 33 33  |2.333.333.333.33|
00102fc0  33 ff 33 33 33 ff 33 33  33 ff 33 33 33 ff 33 33  |3.333.333.333.33|
*
00103460  33 ff 32 32 32 f2 33 33  33 e6 32 32 32 d9 33 33  |3.222.333.222.33|
00103470  33 b8 33 33 33 90 33 33  33 68 33 33 33 2d 00 00  |3.333.333h333-..|
00103480  00 01 00 00 00 00 00 00  00 00 00 00 00 00 00 00  |................|
00103490  00 00 00 00 00 00 00 00  00 00 00 00 00 00 00 00  |................|
*
00103590  00 00 00 00 00 00 00 00  00 00 33 33 33 ff 33 33  |..........333.33|
001035a0  33 ff 33 33 33 ff 33 33  33 ff 33 33 33 ff 33 33  |3.333.333.333.33|
*
001035d0  33 ff 33 33 33 ff 33 33  33 ff 00 00 00 00 00 00  |3.333.333.......|
001035e0  00 00 00 00 00 00 00 00  00 00 00 00 00 00 00 00  |................|
*
00103780  00 00 00 00 00 00 2a 2a  2a 06 32 32 32 51 33 33  |......***.222Q33|
00103790  33 a9 33 33 33 ea 33 33  33 ff 33 33 33 ff 33 33  |3.333.333.333.33|
001037a0  33 ff 33 33 33 ff 33 33  33 ff 33 33 33 ff 33 33  |3.333.333.333.33|
*
00103c80  33 ea 33 33 33 a8 33 33  33 4f 2a 2a 2a 06 00 00  |3.333.333O***...|
00103c90  00 00 00 00 00 00 00 00  00 00 00 00 00 00 00 00  |................|
*
00103d90  00 00 00 00 00 00 00 00  00 00 33 33 33 ff 33 33  |..........333.33|
00103da0  33 ff 33 33 33 ff 33 33  33 ff 33 33 33 ff 33 33  |3.333.333.333.33|
*
00103dd0  33 ff 33 33 33 ff 33 33  33 ff 00 00 00 00 00 00  |3.333.333.......|
00103de0  00 00 00 00 00 00 00 00  00 00 00 00 00 00 00 00  |................|
*
00103f70  00 00 00 00 00 00 00 00  00 00 00 00 00 00 33 33  |..............33|
00103f80  33 1e 33 33 33 91 32 32  32 ed 33 33 33 ff 33 33  |3.333.222.333.33|
00103f90  33 ff 33 33 33 ff 33 33  33 ff 33 33 33 ff 33 33  |3.333.333.333.33|
*
00104480  33 ff 33 33 33 ff 33 33  33 ff 32 32 32 ec 33 33  |3.333.333.222.33|
00104490  33 90 34 34 34 1d 00 00  00 00 00 00 00 00 00 00  |3.444...........|
001044a0  00 00 00 00 00 00 00 00  00 00 00 00 00 00 00 00  |................|
*
00104590  00 00 00 00 00 00 00 00  00 00 33 33 33 ff 33 33  |..........333.33|
001045a0  33 ff 33 33 33 ff 33 33  33 ff 33 33 33 ff 33 33  |3.333.333.333.33|
*
001045d0  33 ff 33 33 33 ff 33 33  33 ff 00 00 00 00 00 00  |3.333.333.......|
001045e0  00 00 00 00 00 00 00 00  00 00 00 00 00 00 00 00  |................|
*
00104770  00 00 00 00 00 00 31 31  31 1f 32 32 32 9d 33 33  |......111.222.33|
00104780  33 f9 33 33 33 ff 33 33  33 ff 33 33 33 ff 33 33  |3.333.333.333.33|
00104790  33 ff 33 33 33 ff 33 33  33 ff 33 33 33 ff 33 33  |3.333.333.333.33|
*
00104c90  33 ff 33 33 33 f9 33 33  33 9b 34 34 34 1d 00 00  |3.333.333.444...|
00104ca0  00 00 00 00 00 00 00 00  00 00 00 00 00 00 00 00  |................|
*
00104d90  00 00 00 00 00 00 00 00  00 00 33 33 33 ff 33 33  |..........333.33|
00104da0  33 ff 33 33 33 ff 33 33  33 ff 33 33 33 ff 33 33  |3.333.333.333.33|
*
00104dd0  33 ff 33 33 33 ff 33 33  33 ff 00 00 00 00 00 00  |3.333.333.......|
00104de0  00 00 00 00 00 00 00 00  00 00 00 00 00 00 00 00  |................|
*
00104f60  00 00 00 00 00 00 00 00  00 00 00 00 00 00 33 33  |..............33|
00104f70  33 05 32 32 32 6f 33 33  33 f3 33 33 33 ff 33 33  |3.222o333.333.33|
00104f80  33 ff 33 33 33 ff 33 33  33 ff 33 33 33 ff 33 33  |3.333.333.333.33|
*
00105490  33 ff 33 33 33 ff 33 33  33 ff 33 33 33 f5 33 33  |3.333.333.333.33|
001054a0  33 80 24 24 24 07 00 00  00 00 00 00 00 00 00 00  |3.$$$...........|
001054b0  00 00 00 00 00 00 00 00  00 00 00 00 00 00 00 00  |................|
*
00105590  00 00 00 00 00 00 00 00  00 00 33 33 33 ff 33 33  |..........333.33|
001055a0  33 ff 33 33 33 ff 33 33  33 ff 33 33 33 ff 33 33  |3.333.333.333.33|
*
001055d0  33 ff 33 33 33 ff 33 33  33 ff 00 00 00 00 00 00  |3.333.333.......|
001055e0  00 00 00 00 00 00 00 00  00 00 00 00 00 00 00 00  |................|
*
00105760  00 00 00 00 00 00 00 00  00 00 35 35 35 2b 32 32  |..........555+22|
00105770  32 d4 33 33 33 ff 33 33  33 ff 33 33 33 ff 33 33  |2.333.333.333.33|
00105780  33 ff 33 33 33 ff 33 33  33 ff 33 33 33 ff 33 33  |3.333.333.333.33|
*
00105ca0  33 ff 32 32 32 d3 30 30  30 2a 00 00 00 00 00 00  |3.222.000*......|
00105cb0  00 00 00 00 00 00 00 00  00 00 00 00 00 00 00 00  |................|
*
00105d90  00 00 00 00 00 00 00 00  00 00 33 33 33 ff 33 33  |..........333.33|
00105da0  33 ff 33 33 33 ff 33 33  33 ff 33 33 33 ff 33 33  |3.333.333.333.33|
*
00105dd0  33 ff 33 33 33 ff 33 33  33 ff 00 00 00 00 00 00  |3.333.333.......|
00105de0  00 00 00 00 00 00 00 00  00 00 00 00 00 00 00 00  |................|
*
00105f60  00 00 00 00 00 00 31 31  31 61 33 33 33 f5 33 33  |......111a333.33|
00105f70  33 ff 33 33 33 ff 33 33  33 ff 33 33 33 ff 33 33  |3.333.333.333.33|
*
001064a0  33 ff 33 33 33 ff 33 33  33 f4 33 33 33 5f 00 00  |3.333.333.333_..|
001064b0  00 00 00 00 00 00 00 00  00 00 00 00 00 00 00 00  |................|
*
00106590  00 00 00 00 00 00 00 00  00 00 33 33 33 ff 33 33  |..........333.33|
001065a0  33 ff 33 33 33 ff 33 33  33 ff 33 33 33 ff 33 33  |3.333.333.333.33|
*
001065d0  33 ff 33 33 33 ff 33 33  33 ff 00 00 00 00 00 00  |3.333.333.......|
001065e0  00 00 00 00 00 00 00 00  00 00 00 00 00 00 00 00  |................|
*
00106760  00 01 33 33 33 80 33 33  33 ff 33 33 33 ff 33 33  |..333.333.333.33|
00106770  33 ff 33 33 33 ff 33 33  33 ff 33 33 33 ff 33 33  |3.333.333.333.33|
*
00106cb0  33 91 00 00 00 02 00 00  00 00 00 00 00 00 00 00  |3...............|
00106cc0  00 00 00 00 00 00 00 00  00 00 00 00 00 00 00 00  |................|
*
00106d90  00 00 00 00 00 00 00 00  00 00 33 33 33 ff 33 33  |..........333.33|
00106da0  33 ff 33 33 33 ff 33 33  33 ff 33 33 33 ff 33 33  |3.333.333.333.33|
*
00106dd0  33 ff 33 33 33 ff 33 33  33 ff 00 00 00 00 00 00  |3.333.333.......|
00106de0  00 00 00 00 00 00 00 00  00 00 00 00 00 00 00 00  |................|
*
00106f50  00 00 00 00 00 00 00 00  00 00 3f 3f 3f 04 32 32  |..........???.22|
00106f60  32 a1 33 33 33 ff 33 33  33 ff 33 33 33 ff 33 33  |2.333.333.333.33|
00106f70  33 ff 33 33 33 ff 33 33  33 ff 33 33 33 ff 33 33  |3.333.333.333.33|
*
001074b0  33 ff 33 33 33 a0 3f 3f  3f 04 00 00 00 00 00 00  |3.333.???.......|
001074c0  00 00 00 00 00 00 00 00  00 00 00 00 00 00 00 00  |................|
*
00107590  00 00 00 00 00 00 00 00  00 00 33 33 33 ff 33 33  |..........333.33|
001075a0  33 ff 33 33 33 ff 33 33  33 ff 33 33 33 ff 33 33  |3.333.333.333.33|
*
001075d0  33 ff 33 33 33 ff 33 33  33 ff 00 00 00 00 00 00  |3.333.333.......|
001075e0  00 00 00 00 00 00 00 00  00 00 00 00 00 00 00 00  |................|
*
00107750  00 00 00 00 00 00 00 00  00 01 33 33 33 9e 33 33  |..........333.33|
00107760  33 ff 33 33 33 ff 33 33  33 ff 33 33 33 ff 33 33  |3.333.333.333.33|
*
00107cb0  33 ff 33 33 33 ff 33 33  33 a4 00 00 00 01 00 00  |3.333.333.......|
00107cc0  00 00 00 00 00 00 00 00  00 00 00 00 00 00 00 00  |................|
*
00107d90  00 00 00 00 00 00 00 00  00 00 33 33 33 ff 33 33  |..........333.33|
00107da0  33 ff 33 33 33 ff 33 33  33 ff 33 33 33 ff 33 33  |3.333.333.333.33|
*
00107dd0  33 ff 33 33 33 ff 33 33  33 ff 00 00 00 00 00 00  |3.333.333.......|
00107de0  00 00 00 00 00 00 00 00  00 00 00 00 00 00 00 00  |................|
*
00107f50  00 00 00 00 00 00 33 33  33 8b 33 33 33 ff 33 33  |......333.333.33|
00107f60  33 ff 33 33 33 ff 33 33  33 ff 33 33 33 ff 33 33  |3.333.333.333.33|
*
001084b0  33 ff 33 33 33 ff 33 33  33 ff 33 33 33 87 00 00  |3.333.333.333...|
001084c0  00 00 00 00 00 00 00 00  00 00 00 00 00 00 00 00  |................|
*
00108590  00 00 00 00 00 00 00 00  00 00 33 33 33 ff 33 33  |..........333.33|
001085a0  33 ff 33 33 33 ff 33 33  33 ff 33 33 33 ff 33 33  |3.333.333.333.33|
*
001085d0  33 ff 33 33 33 ff 33 33  33 ff 00 00 00 00 00 00  |3.333.333.......|
001085e0  00 00 00 00 00 00 00 00  00 00 00 00 00 00 00 00  |................|
*
00108750  00 00 34 34 34 62 33 33  33 ff 33 33 33 ff 33 33  |..444b333.333.33|
00108760  33 ff 33 33 33 ff 33 33  33 ff 33 33 33 ff 33 33  |3.333.333.333.33|
*
00108cc0  33 5f 00 00 00 00 00 00  00 00 00 00 00 00 00 00  |3_..............|
00108cd0  00 00 00 00 00 00 00 00  00 00 00 00 00 00 00 00  |................|
*
00108d90  00 00 00 00 00 00 00 00  00 00 33 33 33 ff 33 33  |..........333.33|
00108da0  33 ff 33 33 33 ff 33 33  33 ff 33 33 33 ff 33 33  |3.333.333.333.33|
*
00108dd0  33 ff 33 33 33 ff 33 33  33 ff 00 00 00 00 00 00  |3.333.333.......|
00108de0  00 00 00 00 00 00 00 00  00 00 00 00 00 00 00 00  |................|
*
00108f40  00 00 00 00 00 00 00 00  00 00 00 00 00 00 35 35  |..............55|
00108f50  35 2b 33 33 33 f5 33 33  33 ff 33 33 33 ff 33 33  |5+333.333.333.33|
00108f60  33 ff 33 33 33 ff 33 33  33 ff 33 33 33 ff 33 33  |3.333.333.333.33|
*
001094c0  33 f4 30 30 30 2a 00 00  00 00 00 00 00 00 00 00  |3.000*..........|
001094d0  00 00 00 00 00 00 00 00  00 00 00 00 00 00 00 00  |................|
*
00109590  00 00 00 00 00 00 00 00  00 00 33 33 33 ff 33 33  |..........333.33|
001095a0  33 ff 33 33 33 ff 33 33  33 ff 33 33 33 ff 33 33  |3.333.333.333.33|
*
001095d0  33 ff 33 33 33 ff 33 33  33 ff 00 00 00 00 00 00  |3.333.333.......|
001095e0  00 00 00 00 00 00 00 00  00 00 00 00 00 00 00 00  |................|
*
00109740  00 00 00 00 00 00 00 00  00 00 2a 2a 2a 06 32 32  |..........***.22|
00109750  32 d4 33 33 33 ff 33 33  33 ff 33 33 33 ff 33 33  |2.333.333.333.33|
00109760  33 ff 33 33 33 ff 33 33  33 ff 33 33 33 ff 33 33  |3.333.333.333.33|
*
00109cc0  33 ff 32 32 32 d3 2a 2a  2a 06 00 00 00 00 00 00  |3.222.***.......|
00109cd0  00 00 00 00 00 00 00 00  00 00 00 00 00 00 00 00  |................|
*
00109d90  00 00 00 00 00 00 00 00  00 00 33 33 33 ff 33 33  |..........333.33|
00109da0  33 ff 33 33 33 ff 33 33  33 ff 33 33 33 ff 33 33  |3.333.333.333.33|
*
00109dd0  33 ff 33 33 33 ff 33 33  33 ff 00 00 00 00 00 00  |3.333.333.......|
00109de0  00 00 00 00 00 00 00 00  00 00 00 00 00 00 00 00  |................|
*
00109f40  00 00 00 00 00 00 00 00  00 00 32 32 32 7a 33 33  |..........222z33|
00109f50  33 ff 33 33 33 ff 33 33  33 ff 33 33 33 ff 33 33  |3.333.333.333.33|
*
0010a4c0  33 ff 33 33 33 ff 33 33  33 76 00 00 00 00 00 00  |3.333.333v......|
0010a4d0  00 00 00 00 00 00 00 00  00 00 00 00 00 00 00 00  |................|
*
0010a590  00 00 00 00 00 00 00 00  00 00 33 33 33 ff 33 33  |..........333.33|
0010a5a0  33 ff 33 33 33 ff 33 33  33 ff 33 33 33 ff 33 33  |3.333.333.333.33|
*
0010a5d0  33 ff 33 33 33 ff 33 33  33 ff 00 00 00 00 00 00  |3.333.333.......|
0010a5e0  00 00 00 00 00 00 00 00  00 00 00 00 00 00 00 00  |................|
*
0010a740  00 00 00 00 00 00 31 31  31 1f 33 33 33 f5 33 33  |......111.333.33|
0010a750  33 ff 33 33 33 ff 33 33  33 ff 33 33 33 ff 33 33  |3.333.333.333.33|
*
0010acc0  33 ff 33 33 33 ff 33 33  33 f4 34 34 34 1d 00 00  |3.333.333.444...|
0010acd0  00 00 00 00 00 00 00 00  00 00 00 00 00 00 00 00  |................|
*
0010ad90  00 00 00 00 00 00 00 00  00 00 33 33 33 ff 33 33  |..........333.33|
0010ada0  33 ff 33 33 33 ff 33 33  33 ff 33 33 33 ff 33 33  |3.333.333.333.33|
*
0010add0  33 ff 33 33 33 ff 33 33  33 ff 00 00 00 00 00 00  |3.333.333.......|
0010ade0  00 00 00 00 00 00 00 00  00 00 00 00 00 00 00 00  |................|
*
0010af40  00 00 00 00 00 00 33 33  33 9e 33 33 33 ff 33 33  |......333.333.33|
0010af50  33 ff 33 33 33 ff 33 33  33 ff 33 33 33 ff 33 33  |3.333.333.333.33|
*
0010b4c0  33 ff 33 33 33 ff 33 33  33 ff 33 33 33 9a 00 00  |3.333.333.333...|
0010b4d0  00 00 00 00 00 00 00 00  00 00 00 00 00 00 00 00  |................|
*
0010b590  00 00 00 00 00 00 00 00  00 00 33 33 33 ff 33 33  |..........333.33|
0010b5a0  33 ff 33 33 33 ff 33 33  33 ff 33 33 33 ff 33 33  |3.333.333.333.33|
*
0010b5d0  33 ff 33 33 33 ff 33 33  33 ff 00 00 00 00 00 00  |3.333.333.......|
0010b5e0  00 00 00 00 00 00 00 00  00 00 00 00 00 00 00 00  |................|
*
0010b740  00 00 34 34 34 1d 33 33  33 f9 33 33 33 ff 33 33  |..444.333.333.33|
0010b750  33 ff 33 33 33 ff 33 33  33 ff 33 33 33 ff 33 33  |3.333.333.333.33|
*
0010bcc0  33 ff 33 33 33 ff 33 33  33 ff 33 33 33 fa 31 31  |3.333.333.333.11|
0010bcd0  31 1f 00 00 00 00 00 00  00 00 00 00 00 00 00 00  |1...............|
0010bce0  00 00 00 00 00 00 00 00  00 00 00 00 00 00 00 00  |................|
*
0010bd90  00 00 00 00 00 00 00 00  00 00 33 33 33 ff 33 33  |..........333.33|
0010bda0  33 ff 33 33 33 ff 33 33  33 ff 33 33 33 ff 33 33  |3.333.333.333.33|
*
0010bdd0  33 ff 33 33 33 ff 33 33  33 ff 00 00 00 00 00 00  |3.333.333.......|
0010bde0  00 00 00 00 00 00 00 00  00 00 00 00 00 00 00 00  |................|
*
0010bf40  00 00 33 33 33 91 33 33  33 ff 33 33 33 ff 33 33  |..333.333.333.33|
0010bf50  33 ff 33 33 33 ff 33 33  33 ff 33 33 33 ff 33 33  |3.333.333.333.33|
*
0010c4d0  33 90 00 00 00 00 00 00  00 00 00 00 00 00 00 00  |3...............|
0010c4e0  00 00 00 00 00 00 00 00  00 00 00 00 00 00 00 00  |................|
*
0010c590  00 00 00 00 00 00 00 00  00 00 33 33 33 ff 33 33  |..........333.33|
0010c5a0  33 ff 33 33 33 ff 33 33  33 ff 33 33 33 ff 33 33  |3.333.333.333.33|
*
0010c5d0  33 ff 33 33 33 ff 33 33  33 ff 00 00 00 00 00 00  |3.333.333.......|
0010c5e0  00 00 00 00 00 00 00 00  00 00 00 00 00 00 00 00  |................|
*
0010c730  00 00 00 00 00 00 00 00  00 00 00 00 00 00 2a 2a  |..............**|
0010c740  2a 06 32 32 32 ec 33 33  33 ff 33 33 33 ff 33 33  |*.222.333.333.33|
0010c750  33 ff 33 33 33 ff 33 33  33 ff 33 33 33 ff 33 33  |3.333.333.333.33|
*
0010ccc0  33 ff 33 33 33 ff 33 33  33 ff 33 33 33 ff 32 32  |3.333.333.333.22|
0010ccd0  32 ed 24 24 24 07 00 00  00 00 00 00 00 00 00 00  |2.$$$...........|
0010cce0  00 00 00 00 00 00 00 00  00 00 00 00 00 00 00 00  |................|
*
0010cd90  00 00 00 00 00 00 00 00  00 00 33 33 33 ff 33 33  |..........333.33|
0010cda0  33 ff 33 33 33 ff 33 33  33 ff 33 33 33 ff 33 33  |3.333.333.333.33|
*
0010cdd0  33 ff 33 33 33 ff 33 33  33 ff 00 00 00 00 00 00  |3.333.333.......|
0010cde0  00 00 00 00 00 00 00 00  00 00 00 00 00 00 00 00  |................|
*
0010cf30  00 00 00 00 00 00 00 00  00 00 00 00 00 00 34 34  |..............44|
0010cf40  34 53 33 33 33 ff 33 33  33 ff 33 33 33 ff 33 33  |4S333.333.333.33|
0010cf50  33 ff 33 33 33 ff 33 33  33 ff 33 33 33 ff 33 33  |3.333.333.333.33|
*
0010d4d0  33 ff 33 33 33 4f 00 00  00 00 00 00 00 00 00 00  |3.333O..........|
0010d4e0  00 00 00 00 00 00 00 00  00 00 00 00 00 00 00 00  |................|
*
0010d590  00 00 00 00 00 00 00 00  00 00 33 33 33 ff 33 33  |..........333.33|
0010d5a0  33 ff 33 33 33 ff 33 33  33 ff 33 33 33 ff 33 33  |3.333.333.333.33|
*
0010d5d0  33 ff 33 33 33 ff 33 33  33 ff 00 00 00 00 00 00  |3.333.333.......|
0010d5e0  00 00 00 00 00 00 00 00  00 00 00 00 00 00 00 00  |................|
*
0010d730  00 00 00 00 00 00 00 00  00 00 00 00 00 00 33 33  |..............33|
0010d740  33 aa 33 33 33 ff 33 33  33 ff 33 33 33 ff 33 33  |3.333.333.333.33|
0010d750  33 ff 33 33 33 ff 33 33  33 ff 33 33 33 ff 33 33  |3.333.333.333.33|
*
0010dcd0  33 ff 32 32 32 a7 00 00  00 00 00 00 00 00 00 00  |3.222...........|
0010dce0  00 00 00 00 00 00 00 00  00 00 00 00 00 00 00 00  |................|
*
0010dd90  00 00 00 00 00 00 00 00  00 00 33 33 33 ff 33 33  |..........333.33|
0010dda0  33 ff 33 33 33 ff 33 33  33 ff 33 33 33 ff 33 33  |3.333.333.333.33|
*
0010ddd0  33 ff 33 33 33 ff 33 33  33 ff 00 00 00 00 00 00  |3.333.333.......|
0010dde0  00 00 00 00 00 00 00 00  00 00 00 00 00 00 00 00  |................|
*
0010df30  00 00 00 00 00 00 00 00  00 00 00 00 00 02 33 33  |..............33|
0010df40  33 eb 33 33 33 ff 33 33  33 ff 33 33 33 ff 33 33  |3.333.333.333.33|
0010df50  33 ff 33 33 33 ff 33 33  33 ff 33 33 33 ff 33 33  |3.333.333.333.33|
*
0010e4d0  33 ff 33 33 33 e9 00 00  00 01 00 00 00 00 00 00  |3.333...........|
0010e4e0  00 00 00 00 00 00 00 00  00 00 00 00 00 00 00 00  |................|
*
0010e590  00 00 00 00 00 00 00 00  00 00 33 33 33 ff 33 33  |..........333.33|
0010e5a0  33 ff 33 33 33 ff 33 33  33 ff 33 33 33 ff 33 33  |3.333.333.333.33|
*
0010e5d0  33 ff 33 33 33 ff 33 33  33 ff 00 00 00 00 00 00  |3.333.333.......|
0010e5e0  00 00 00 00 00 00 00 00  00 00 00 00 00 00 00 00  |................|
*
0010e730  00 00 00 00 00 00 00 00  00 00 35 35 35 30 33 33  |..........555033|
0010e740  33 ff 33 33 33 ff 33 33  33 ff 33 33 33 ff 33 33  |3.333.333.333.33|
*
0010ecd0  33 ff 33 33 33 ff 33 33  33 2d 00 00 00 00 00 00  |3.333.333-......|
0010ece0  00 00 00 00 00 00 00 00  00 00 00 00 00 00 00 00  |................|
*
0010ed90  00 00 00 00 00 00 00 00  00 00 33 33 33 ff 33 33  |..........333.33|
0010eda0  33 ff 33 33 33 ff 33 33  33 ff 33 33 33 ff 33 33  |3.333.333.333.33|
*
0010edd0  33 ff 33 33 33 ff 33 33  33 ff 00 00 00 00 00 00  |3.333.333.......|
0010ede0  00 00 00 00 00 00 00 00  00 00 00 00 00 00 00 00  |................|
*
0010ef30  00 00 00 00 00 00 00 00  00 00 32 32 32 6a 33 33  |..........222j33|
0010ef40  33 ff 33 33 33 ff 33 33  33 ff 33 33 33 ff 33 33  |3.333.333.333.33|
*
0010f4d0  33 ff 33 33 33 ff 33 33  33 68 00 00 00 00 00 00  |3.333.333h......|
0010f4e0  00 00 00 00 00 00 00 00  00 00 00 00 00 00 00 00  |................|
*
0010f590  00 00 00 00 00 00 00 00  00 00 33 33 33 ff 33 33  |..........333.33|
0010f5a0  33 ff 33 33 33 ff 33 33  33 ff 33 33 33 ff 33 33  |3.333.333.333.33|
*
0010f5d0  33 ff 33 33 33 ff 33 33  33 ff 00 00 00 00 00 00  |3.333.333.......|
0010f5e0  00 00 00 00 00 00 00 00  00 00 00 00 00 00 00 00  |................|
*
0010f730  00 00 00 00 00 00 00 00  00 00 32 32 32 93 33 33  |..........222.33|
0010f740  33 ff 33 33 33 ff 33 33  33 ff 33 33 33 ff 33 33  |3.333.333.333.33|
*
0010fcd0  33 ff 33 33 33 ff 33 33  33 90 00 00 00 00 00 00  |3.333.333.......|
0010fce0  00 00 00 00 00 00 00 00  00 00 00 00 00 00 00 00  |................|
*
0010fd90  00 00 00 00 00 00 00 00  00 00 33 33 33 ff 33 33  |..........333.33|
0010fda0  33 ff 33 33 33 ff 33 33  33 ff 33 33 33 ff 33 33  |3.333.333.333.33|
*
0010fdd0  33 ff 33 33 33 ff 33 33  33 ff 00 00 00 00 00 00  |3.333.333.......|
0010fde0  00 00 00 00 00 00 00 00  00 00 00 00 00 00 00 00  |................|
*
0010ff30  00 00 00 00 00 00 00 00  00 00 32 32 32 ba 33 33  |..........222.33|
0010ff40  33 ff 33 33 33 ff 33 33  33 ff 33 33 33 ff 33 33  |3.333.333.333.33|
*
001104d0  33 ff 33 33 33 ff 33 33  33 b7 00 00 00 00 00 00  |3.333.333.......|
001104e0  00 00 00 00 00 00 00 00  00 00 00 00 00 00 00 00  |................|
*
00110590  00 00 00 00 00 00 00 00  00 00 33 33 33 ff 33 33  |..........333.33|
001105a0  33 ff 33 33 33 ff 33 33  33 ff 33 33 33 ff 33 33  |3.333.333.333.33|
*
001105d0  33 ff 33 33 33 ff 33 33  33 ff 00 00 00 00 00 00  |3.333.333.......|
001105e0  00 00 00 00 00 00 00 00  00 00 00 00 00 00 00 00  |................|
*
00110730  00 00 00 00 00 00 00 00  00 00 33 33 33 da 33 33  |..........333.33|
00110740  33 ff 33 33 33 ff 33 33  33 ff 33 33 33 ff 33 33  |3.333.333.333.33|
*
00110cd0  33 ff 33 33 33 ff 32 32  32 d8 00 00 00 00 00 00  |3.333.222.......|
00110ce0  00 00 00 00 00 00 00 00  00 00 00 00 00 00 00 00  |................|
*
00110d90  00 00 00 00 00 00 00 00  00 00 33 33 33 ff 33 33  |..........333.33|
00110da0  33 ff 33 33 33 ff 33 33  33 ff 33 33 33 ff 33 33  |3.333.333.333.33|
*
00110dd0  33 ff 33 33 33 ff 33 33  33 ff 00 00 00 00 00 00  |3.333.333.......|
00110de0  00 00 00 00 00 00 00 00  00 00 00 00 00 00 00 00  |................|
*
00110f30  00 00 00 00 00 00 00 00  00 00 32 32 32 e8 33 33  |..........222.33|
00110f40  33 ff 33 33 33 ff 33 33  33 ff 33 33 33 ff 33 33  |3.333.333.333.33|
*
001114d0  33 ff 33 33 33 ff 33 33  33 e6 00 00 00 00 00 00  |3.333.333.......|
001114e0  00 00 00 00 00 00 00 00  00 00 00 00 00 00 00 00  |................|
*
00111590  00 00 00 00 00 00 00 00  00 00 33 33 33 ff 33 33  |..........333.33|
001115a0  33 ff 33 33 33 ff 33 33  33 ff 33 33 33 ff 33 33  |3.333.333.333.33|
*
001115d0  33 ff 33 33 33 ff 33 33  33 ff 00 00 00 00 00 00  |3.333.333.......|
001115e0  00 00 00 00 00 00 00 00  00 00 00 00 00 00 00 00  |................|
*
00111730  00 00 00 00 00 00 00 00  00 00 33 33 33 f4 33 33  |..........333.33|
00111740  33 ff 33 33 33 ff 33 33  33 ff 33 33 33 ff 33 33  |3.333.333.333.33|
*
00111cd0  33 ff 33 33 33 ff 33 33  33 f3 00 00 00 00 00 00  |3.333.333.......|
00111ce0  00 00 00 00 00 00 00 00  00 00 00 00 00 00 00 00  |................|
*
00111d90  00 00 00 00 00 00 00 00  00 00 33 33 33 ff 33 33  |..........333.33|
00111da0  33 ff 33 33 33 ff 33 33  33 ff 33 33 33 ff 33 33  |3.333.333.333.33|
*
00111dd0  33 ff 33 33 33 ff 33 33  33 ff 00 00 00 00 00 00  |3.333.333.......|
00111de0  00 00 00 00 00 00 00 00  00 00 00 00 00 00 00 00  |................|
*
00111f30  00 00 00 00 00 00 00 00  00 00 33 33 33 fe 33 33  |..........333.33|
00111f40  33 ff 33 33 33 ff 33 33  33 ff 33 33 33 ff 33 33  |3.333.333.333.33|
*
001124d0  33 ff 33 33 33 ff 33 33  33 fe 00 00 00 00 00 00  |3.333.333.......|
001124e0  00 00 00 00 00 00 00 00  00 00 00 00 00 00 00 00  |................|
*
00112590  00 00 00 00 00 00 00 00  00 00 33 33 33 ff 33 33  |..........333.33|
001125a0  33 ff 33 33 33 ff 33 33  33 ff 33 33 33 ff 33 33  |3.333.333.333.33|
*
001125d0  33 ff 33 33 33 ff 33 33  33 ff 00 00 00 00 00 00  |3.333.333.......|
001125e0  00 00 00 00 00 00 00 00  00 00 00 00 00 00 00 00  |................|
*
00112730  00 00 00 00 00 00 00 00  00 00 33 33 33 ff 33 33  |..........333.33|
00112740  33 ff 33 33 33 ff 33 33  33 ff 33 33 33 ff 33 33  |3.333.333.333.33|
*
00112cd0  33 ff 33 33 33 ff 33 33  33 ff 00 00 00 00 00 00  |3.333.333.......|
00112ce0  00 00 00 00 00 00 00 00  00 00 00 00 00 00 00 00  |................|
*
00112d90  00 00 00 00 00 00 00 00  00 00 33 33 33 ff 33 33  |..........333.33|
00112da0  33 ff 33 33 33 ff 33 33  33 ff 33 33 33 ff 33 33  |3.333.333.333.33|
*
00112dd0  33 ff 33 33 33 ff 33 33  33 ff 00 00 00 00 00 00  |3.333.333.......|
00112de0  00 00 00 00 00 00 00 00  00 00 00 00 00 00 00 00  |................|
*
00112f30  00 00 00 00 00 00 00 00  00 00 33 33 33 ff 33 33  |..........333.33|
00112f40  33 ff 33 33 33 ff 33 33  33 ff 33 33 33 ff 33 33  |3.333.333.333.33|
*
001134d0  33 ff 33 33 33 ff 33 33  33 ff 00 00 00 00 00 00  |3.333.333.......|
001134e0  00 00 00 00 00 00 00 00  00 00 00 00 00 00 00 00  |................|
*
00113590  00 00 00 00 00 00 00 00  00 00 33 33 33 ff 33 33  |..........333.33|
001135a0  33 ff 33 33 33 ff 33 33  33 ff 33 33 33 ff 33 33  |3.333.333.333.33|
*
001135d0  33 ff 33 33 33 ff 33 33  33 ff 00 00 00 00 00 00  |3.333.333.......|
001135e0  00 00 00 00 00 00 00 00  00 00 00 00 00 00 00 00  |................|
*
00113730  00 00 00 00 00 00 00 00  00 00 33 33 33 ff 33 33  |..........333.33|
00113740  33 ff 33 33 33 ff 33 33  33 ff 33 33 33 ff 33 33  |3.333.333.333.33|
*
00113cd0  33 ff 33 33 33 ff 33 33  33 ff 00 00 00 00 00 00  |3.333.333.......|
00113ce0  00 00 00 00 00 00 00 00  00 00 00 00 00 00 00 00  |................|
*
00113d90  00 00 00 00 00 00 00 00  00 00 33 33 33 ff 33 33  |..........333.33|
00113da0  33 ff 33 33 33 ff 33 33  33 ff 33 33 33 ff 33 33  |3.333.333.333.33|
*
00113dd0  33 ff 33 33 33 ff 33 33  33 ff 00 00 00 00 00 00  |3.333.333.......|
00113de0  00 00 00 00 00 00 00 00  00 00 00 00 00 00 00 00  |................|
*
00113f30  00 00 00 00 00 00 00 00  00 00 33 33 33 ff 33 33  |..........333.33|
00113f40  33 ff 33 33 33 ff 33 33  33 ff 33 33 33 ff 33 33  |3.333.333.333.33|
*
001144d0  33 ff 33 33 33 ff 33 33  33 ff 00 00 00 00 00 00  |3.333.333.......|
001144e0  00 00 00 00 00 00 00 00  00 00 00 00 00 00 00 00  |................|
*
00114590  00 00 00 00 00 00 00 00  00 00 33 33 33 ff 33 33  |..........333.33|
001145a0  33 ff 33 33 33 ff 33 33  33 ff 33 33 33 ff 33 33  |3.333.333.333.33|
*
001145d0  33 ff 33 33 33 ff 33 33  33 ff 00 00 00 00 00 00  |3.333.333.......|
001145e0  00 00 00 00 00 00 00 00  00 00 00 00 00 00 00 00  |................|
*
00114730  00 00 00 00 00 00 00 00  00 00 33 33 33 ff 33 33  |..........333.33|
00114740  33 ff 33 33 33 ff 33 33  33 ff 33 33 33 ff 33 33  |3.333.333.333.33|
*
00114cd0  33 ff 33 33 33 ff 33 33  33 ff 00 00 00 00 00 00  |3.333.333.......|
00114ce0  00 00 00 00 00 00 00 00  00 00 00 00 00 00 00 00  |................|
*
00114d90  00 00 00 00 00 00 00 00  00 00 33 33 33 ff 33 33  |..........333.33|
00114da0  33 ff 33 33 33 ff 33 33  33 ff 33 33 33 ff 33 33  |3.333.333.333.33|
*
00114dd0  33 ff 33 33 33 ff 33 33  33 ff 00 00 00 00 00 00  |3.333.333.......|
00114de0  00 00 00 00 00 00 00 00  00 00 00 00 00 00 00 00  |................|
*
00114f30  00 00 00 00 00 00 00 00  00 00 33 33 33 ff 33 33  |..........333.33|
00114f40  33 ff 33 33 33 ff 33 33  33 ff 33 33 33 ff 33 33  |3.333.333.333.33|
*
001154d0  33 ff 33 33 33 ff 33 33  33 ff 00 00 00 00 00 00  |3.333.333.......|
001154e0  00 00 00 00 00 00 00 00  00 00 00 00 00 00 00 00  |................|
*
00115590  00 00 00 00 00 00 00 00  00 00 33 33 33 ff 33 33  |..........333.33|
001155a0  33 ff 33 33 33 ff 33 33  33 ff 33 33 33 ff 33 33  |3.333.333.333.33|
*
001155d0  33 ff 33 33 33 ff 33 33  33 ff 00 00 00 00 00 00  |3.333.333.......|
001155e0  00 00 00 00 00 00 00 00  00 00 00 00 00 00 00 00  |................|
*
00115730  00 00 00 00 00 00 00 00  00 00 33 33 33 ff 33 33  |..........333.33|
00115740  33 ff 33 33 33 ff 33 33  33 ff 33 33 33 ff 33 33  |3.333.333.333.33|
*
00115cd0  33 ff 33 33 33 ff 33 33  33 ff 00 00 00 00 00 00  |3.333.333.......|
00115ce0  00 00 00 00 00 00 00 00  00 00 00 00 00 00 00 00  |................|
*
00115d90  00 00 00 00 00 00 00 00  00 00 33 33 33 ff 33 33  |..........333.33|
00115da0  33 ff 33 33 33 ff 33 33  33 ff 33 33 33 ff 33 33  |3.333.333.333.33|
*
00115dd0  33 ff 33 33 33 ff 33 33  33 ff 00 00 00 00 00 00  |3.333.333.......|
00115de0  00 00 00 00 00 00 00 00  00 00 00 00 00 00 00 00  |................|
*
00115f30  00 00 00 00 00 00 00 00  00 00 33 33 33 ff 33 33  |..........333.33|
00115f40  33 ff 33 33 33 ff 33 33  33 ff 33 33 33 ff 33 33  |3.333.333.333.33|
*
001164d0  33 ff 33 33 33 ff 33 33  33 ff 00 00 00 00 00 00  |3.333.333.......|
001164e0  00 00 00 00 00 00 00 00  00 00 00 00 00 00 00 00  |................|
*
00116590  00 00 00 00 00 00 00 00  00 00 33 33 33 ff 33 33  |..........333.33|
001165a0  33 ff 33 33 33 ff 33 33  33 ff 33 33 33 ff 33 33  |3.333.333.333.33|
*
001165d0  33 ff 33 33 33 ff 33 33  33 ff 00 00 00 00 00 00  |3.333.333.......|
001165e0  00 00 00 00 00 00 00 00  00 00 00 00 00 00 00 00  |................|
*
00116730  00 00 00 00 00 00 00 00  00 00 33 33 33 ff 33 33  |..........333.33|
00116740  33 ff 33 33 33 ff 33 33  33 ff 33 33 33 ff 33 33  |3.333.333.333.33|
*
00116cd0  33 ff 33 33 33 ff 33 33  33 ff 00 00 00 00 00 00  |3.333.333.......|
00116ce0  00 00 00 00 00 00 00 00  00 00 00 00 00 00 00 00  |................|
*
00116d90  00 00 00 00 00 00 00 00  00 00 33 33 33 ff 33 33  |..........333.33|
00116da0  33 ff 33 33 33 ff 33 33  33 ff 33 33 33 ff 33 33  |3.333.333.333.33|
*
00116dd0  33 ff 33 33 33 ff 33 33  33 ff 00 00 00 00 00 00  |3.333.333.......|
00116de0  00 00 00 00 00 00 00 00  00 00 00 00 00 00 00 00  |................|
*
00116f30  00 00 00 00 00 00 00 00  00 00 33 33 33 ff 33 33  |..........333.33|
00116f40  33 ff 33 33 33 ff 33 33  33 ff 33 33 33 ff 33 33  |3.333.333.333.33|
*
001174d0  33 ff 33 33 33 ff 33 33  33 ff 00 00 00 00 00 00  |3.333.333.......|
001174e0  00 00 00 00 00 00 00 00  00 00 00 00 00 00 00 00  |................|
*
00117590  00 00 00 00 00 00 00 00  00 00 33 33 33 ff 33 33  |..........333.33|
001175a0  33 ff 33 33 33 ff 33 33  33 ff 33 33 33 ff 33 33  |3.333.333.333.33|
*
001175d0  33 ff 33 33 33 ff 33 33  33 ff 00 00 00 00 00 00  |3.333.333.......|
001175e0  00 00 00 00 00 00 00 00  00 00 00 00 00 00 00 00  |................|
*
00117730  00 00 00 00 00 00 00 00  00 00 33 33 33 ff 33 33  |..........333.33|
00117740  33 ff 33 33 33 ff 33 33  33 ff 33 33 33 ff 33 33  |3.333.333.333.33|
*
00117cd0  33 ff 33 33 33 ff 33 33  33 ff 00 00 00 00 00 00  |3.333.333.......|
00117ce0  00 00 00 00 00 00 00 00  00 00 00 00 00 00 00 00  |................|
*
00117d90  00 00 00 00 00 00 00 00  00 00 33 33 33 ff 33 33  |..........333.33|
00117da0  33 ff 33 33 33 ff 33 33  33 ff 33 33 33 ff 33 33  |3.333.333.333.33|
*
00117dd0  33 ff 33 33 33 ff 33 33  33 ff 00 00 00 00 00 00  |3.333.333.......|
00117de0  00 00 00 00 00 00 00 00  00 00 00 00 00 00 00 00  |................|
*
00117f30  00 00 00 00 00 00 00 00  00 00 33 33 33 ff 33 33  |..........333.33|
00117f40  33 ff 33 33 33 ff 33 33  33 ff 33 33 33 ff 33 33  |3.333.333.333.33|
*
001184d0  33 ff 33 33 33 ff 33 33  33 ff 00 00 00 00 00 00  |3.333.333.......|
001184e0  00 00 00 00 00 00 00 00  00 00 00 00 00 00 00 00  |................|
*
00118590  00 00 00 00 00 00 00 00  00 00 33 33 33 ff 33 33  |..........333.33|
001185a0  33 ff 33 33 33 ff 33 33  33 ff 33 33 33 ff 33 33  |3.333.333.333.33|
*
001185d0  33 ff 33 33 33 ff 33 33  33 ff 00 00 00 00 00 00  |3.333.333.......|
001185e0  00 00 00 00 00 00 00 00  00 00 00 00 00 00 00 00  |................|
*
00118730  00 00 00 00 00 00 00 00  00 00 33 33 33 ff 33 33  |..........333.33|
00118740  33 ff 33 33 33 ff 33 33  33 ff 33 33 33 ff 33 33  |3.333.333.333.33|
*
00118cd0  33 ff 33 33 33 ff 33 33  33 ff 00 00 00 00 00 00  |3.333.333.......|
00118ce0  00 00 00 00 00 00 00 00  00 00 00 00 00 00 00 00  |................|
*
00118d90  00 00 00 00 00 00 00 00  00 00 33 33 33 ff 33 33  |..........333.33|
00118da0  33 ff 33 33 33 ff 33 33  33 ff 33 33 33 ff 33 33  |3.333.333.333.33|
*
00118dd0  33 ff 33 33 33 ff 33 33  33 ff 00 00 00 00 00 00  |3.333.333.......|
00118de0  00 00 00 00 00 00 00 00  00 00 00 00 00 00 00 00  |................|
*
00118f30  00 00 00 00 00 00 00 00  00 00 33 33 33 ff 33 33  |..........333.33|
00118f40  33 ff 33 33 33 ff 33 33  33 ff 33 33 33 ff 33 33  |3.333.333.333.33|
*
00118fc0  33 ff 33 33 33 ff 33 33  33 ff 33 33 33 ff 00 00  |3.333.333.333...|
00118fd0  00 00 00 00 00 00 00 00  00 00 00 00 00 00 00 00  |................|
*
00119060  00 00 00 00 00 00 33 33  33 05 2d 2d 2d 11 2d 2d  |......333.---.--|
00119070  2d 11 36 36 36 21 30 30  30 2f 31 31 31 48 34 34  |-.666!000/111H44|
00119080  34 5d 32 32 32 74 33 33  33 99 32 32 32 c0 33 33  |4]222t333.222.33|
00119090  33 e9 33 33 33 ff 33 33  33 ff 33 33 33 ff 33 33  |3.333.333.333.33|
001190a0  33 ff 33 33 33 ff 33 33  33 ff 33 33 33 ff 33 33  |3.333.333.333.33|
*
00119130  33 ff 33 33 33 ff 33 33  33 ff 00 00 00 00 00 00  |3.333.333.......|
00119140  00 00 00 00 00 00 00 00  00 00 00 00 00 00 00 00  |................|
*
00119190  00 00 00 00 00 00 33 33  33 ff 33 33 33 ff 33 33  |......333.333.33|
001191a0  33 ff 33 33 33 ff 33 33  33 ff 33 33 33 ff 33 33  |3.333.333.333.33|
*
001191e0  33 d5 00 00 00 00 00 00  00 00 00 00 00 00 00 00  |3...............|
001191f0  00 00 00 00 00 00 00 00  00 00 00 00 00 00 00 00  |................|
*
00119240  00 00 2f 2f 2f 1b 33 33  33 fe 33 33 33 ff 33 33  |..///.333.333.33|
00119250  33 ff 33 33 33 ff 33 33  33 ff 33 33 33 ff 33 33  |3.333.333.333.33|
*
00119290  33 ff 00 00 00 00 00 00  00 00 00 00 00 00 00 00  |3...............|
001192a0  00 00 00 00 00 00 00 00  00 00 00 00 00 00 00 00  |................|
*
001192f0  00 00 33 33 33 ff 33 33  33 ff 33 33 33 ff 33 33  |..333.333.333.33|
00119300  33 ff 33 33 33 ff 33 33  33 ff 33 33 33 ff 33 33  |3.333.333.333.33|
*
00119340  33 ff 00 00 00 00 00 00  00 00 00 00 00 00 00 00  |3...............|
00119350  00 00 00 00 00 00 00 00  00 00 00 00 00 00 00 00  |................|
*
001193a0  00 00 00 00 00 00 00 00  00 00 00 00 00 00 33 33  |..............33|
001193b0  33 ff 33 33 33 ff 33 33  33 ff 33 33 33 ff 33 33  |3.333.333.333.33|
*
001194d0  33 ff 33 33 33 ff 33 33  33 ff 00 00 00 00 00 00  |3.333.333.......|
001194e0  00 00 00 00 00 00 00 00  00 00 00 00 00 00 00 00  |................|
*
00119590  00 00 00 00 00 00 00 00  00 00 33 33 33 ff 33 33  |..........333.33|
001195a0  33 ff 33 33 33 ff 33 33  33 ff 33 33 33 ff 33 33  |3.333.333.333.33|
*
001195d0  33 ff 33 33 33 ff 33 33  33 ff 00 00 00 00 00 00  |3.333.333.......|
001195e0  00 00 00 00 00 00 00 00  00 00 00 00 00 00 00 00  |................|
*
00119730  00 00 00 00 00 00 00 00  00 00 33 33 33 ff 33 33  |..........333.33|
00119740  33 ff 33 33 33 ff 33 33  33 ff 33 33 33 ff 33 33  |3.333.333.333.33|
*
001197c0  33 ff 33 33 33 ff 33 33  33 ff 33 33 33 ff 00 00  |3.333.333.333...|
001197d0  00 00 00 00 00 00 00 00  00 00 00 00 00 00 00 00  |................|
*
00119890  00 00 2e 2e 2e 16 33 33  33 50 33 33 33 8c 33 33  |......333P333.33|
001198a0  33 c7 32 32 32 fc 33 33  33 ff 33 33 33 ff 33 33  |3.222.333.333.33|
001198b0  33 ff 33 33 33 ff 33 33  33 ff 33 33 33 ff 33 33  |3.333.333.333.33|
*
00119930  33 ff 33 33 33 ff 33 33  33 ff 00 00 00 00 00 00  |3.333.333.......|
00119940  00 00 00 00 00 00 00 00  00 00 00 00 00 00 00 00  |................|
*
00119990  00 00 00 00 00 00 33 33  33 ff 33 33 33 ff 33 33  |......333.333.33|
001199a0  33 ff 33 33 33 ff 33 33  33 ff 33 33 33 ff 33 33  |3.333.333.333.33|
*
001199e0  33 8c 00 00 00 00 00 00  00 00 00 00 00 00 00 00  |3...............|
001199f0  00 00 00 00 00 00 00 00  00 00 00 00 00 00 00 00  |................|
*
00119a40  00 00 00 00 00 00 33 33  33 d1 33 33 33 ff 33 33  |......333.333.33|
00119a50  33 ff 33 33 33 ff 33 33  33 ff 33 33 33 ff 33 33  |3.333.333.333.33|
*
00119a90  33 ff 00 00 00 00 00 00  00 00 00 00 00 00 00 00  |3...............|
00119aa0  00 00 00 00 00 00 00 00  00 00 00 00 00 00 00 00  |................|
*
00119af0  00 00 33 33 33 ff 33 33  33 ff 33 33 33 ff 33 33  |..333.333.333.33|
00119b00  33 ff 33 33 33 ff 33 33  33 ff 33 33 33 ff 33 33  |3.333.333.333.33|
*
00119b40  33 ff 00 00 00 00 00 00  00 00 00 00 00 00 00 00  |3...............|
00119b50  00 00 00 00 00 00 00 00  00 00 00 00 00 00 00 00  |................|
*
00119ba0  00 00 00 00 00 00 00 00  00 00 00 00 00 00 33 33  |..............33|
00119bb0  33 ff 33 33 33 ff 33 33  33 ff 33 33 33 ff 33 33  |3.333.333.333.33|
*
00119cd0  33 ff 33 33 33 ff 33 33  33 ff 00 00 00 00 00 00  |3.333.333.......|
00119ce0  00 00 00 00 00 00 00 00  00 00 00 00 00 00 00 00  |................|
*
00119d90  00 00 00 00 00 00 00 00  00 00 33 33 33 ff 33 33  |..........333.33|
00119da0  33 ff 33 33 33 ff 33 33  33 ff 33 33 33 ff 33 33  |3.333.333.333.33|
*
00119dd0  33 ff 33 33 33 ff 33 33  33 ff 00 00 00 00 00 00  |3.333.333.......|
00119de0  00 00 00 00 00 00 00 00  00 00 00 00 00 00 00 00  |................|
*
00119f30  00 00 00 00 00 00 00 00  00 00 33 33 33 ff 33 33  |..........333.33|
00119f40  33 ff 33 33 33 ff 33 33  33 ff 33 33 33 ff 33 33  |3.333.333.333.33|
*
00119fc0  33 ff 33 33 33 ff 33 33  33 ff 33 33 33 ff 00 00  |3.333.333.333...|
00119fd0  00 00 00 00 00 00 00 00  00 00 00 00 00 00 00 00  |................|
*
0011a0a0  00 00 2e 2e 2e 16 32 32  32 66 33 33 33 b9 32 32  |......222f333.22|
0011a0b0  32 fb 33 33 33 ff 33 33  33 ff 33 33 33 ff 33 33  |2.333.333.333.33|
0011a0c0  33 ff 33 33 33 ff 33 33  33 ff 33 33 33 ff 33 33  |3.333.333.333.33|
*
0011a130  33 ff 33 33 33 ff 33 33  33 ff 00 00 00 00 00 00  |3.333.333.......|
0011a140  00 00 00 00 00 00 00 00  00 00 00 00 00 00 00 00  |................|
*
0011a190  00 00 00 00 00 00 33 33  33 ff 33 33 33 ff 33 33  |......333.333.33|
0011a1a0  33 ff 33 33 33 ff 33 33  33 ff 33 33 33 ff 33 33  |3.333.333.333.33|
*
0011a1d0  33 ff 33 33 33 ff 33 33  33 ff 33 33 33 ff 31 31  |3.333.333.333.11|
0011a1e0  31 43 00 00 00 00 00 00  00 00 00 00 00 00 00 00  |1C..............|
0011a1f0  00 00 00 00 00 00 00 00  00 00 00 00 00 00 00 00  |................|
*
0011a240  00 00 00 00 00 00 32 32  32 89 33 33 33 ff 33 33  |......222.333.33|
0011a250  33 ff 33 33 33 ff 33 33  33 ff 33 33 33 ff 33 33  |3.333.333.333.33|
*
0011a290  33 ff 00 00 00 00 00 00  00 00 00 00 00 00 00 00  |3...............|
0011a2a0  00 00 00 00 00 00 00 00  00 00 00 00 00 00 00 00  |................|
*
0011a2f0  00 00 33 33 33 ff 33 33  33 ff 33 33 33 ff 33 33  |..333.333.333.33|
0011a300  33 ff 33 33 33 ff 33 33  33 ff 33 33 33 ff 33 33  |3.333.333.333.33|
*
0011a340  33 ff 00 00 00 00 00 00  00 00 00 00 00 00 00 00  |3...............|
0011a350  00 00 00 00 00 00 00 00  00 00 00 00 00 00 00 00  |................|
*
0011a3a0  00 00 00 00 00 00 00 00  00 00 00 00 00 00 33 33  |..............33|
0011a3b0  33 ff 33 33 33 ff 33 33  33 ff 33 33 33 ff 33 33  |3.333.333.333.33|
*
0011a4d0  33 ff 33 33 33 ff 33 33  33 ff 00 00 00 00 00 00  |3.333.333.......|
0011a4e0  00 00 00 00 00 00 00 00  00 00 00 00 00 00 00 00  |................|
*
0011a590  00 00 00 00 00 00 00 00  00 00 33 33 33 ff 33 33  |..........333.33|
0011a5a0  33 ff 33 33 33 ff 33 33  33 ff 33 33 33 ff 33 33  |3.333.333.333.33|
*
0011a5d0  33 ff 33 33 33 ff 33 33  33 ff 00 00 00 00 00 00  |3.333.333.......|
0011a5e0  00 00 00 00 00 00 00 00  00 00 00 00 00 00 00 00  |................|
*
0011a730  00 00 00 00 00 00 00 00  00 00 33 33 33 ff 33 33  |..........333.33|
0011a740  33 ff 33 33 33 ff 33 33  33 ff 33 33 33 ff 33 33  |3.333.333.333.33|
*
0011a7c0  33 ff 33 33 33 ff 33 33  33 ff 33 33 33 ff 00 00  |3.333.333.333...|
0011a7d0  00 00 00 00 00 00 00 00  00 00 00 00 00 00 00 00  |................|
*
0011a8a0  00 00 00 00 00 00 00 00  00 00 00 00 00 00 33 33  |..............33|
0011a8b0  33 19 33 33 33 77 33 33  33 e4 33 33 33 ff 33 33  |3.333w333.333.33|
0011a8c0  33 ff 33 33 33 ff 33 33  33 ff 33 33 33 ff 33 33  |3.333.333.333.33|
*
0011a930  33 ff 33 33 33 ff 33 33  33 ff 00 00 00 00 00 00  |3.333.333.......|
0011a940  00 00 00 00 00 00 00 00  00 00 00 00 00 00 00 00  |................|
*
0011a990  00 00 00 00 00 00 33 33  33 ff 33 33 33 ff 33 33  |......333.333.33|
0011a9a0  33 ff 33 33 33 ff 33 33  33 ff 33 33 33 ff 33 33  |3.333.333.333.33|
*
0011a9d0  33 ff 33 33 33 ff 33 33  33 ff 33 33 33 f4 24 24  |3.333.333.333.$$|
0011a9e0  24 07 00 00 00 00 00 00  00 00 00 00 00 00 00 00  |$...............|
0011a9f0  00 00 00 00 00 00 00 00  00 00 00 00 00 00 00 00  |................|
*
0011aa40  00 00 00 00 00 00 32 32  32 42 33 33 33 ff 33 33  |......222B333.33|
0011aa50  33 ff 33 33 33 ff 33 33  33 ff 33 33 33 ff 33 33  |3.333.333.333.33|
*
0011aa90  33 ff 00 00 00 00 00 00  00 00 00 00 00 00 00 00  |3...............|
0011aaa0  00 00 00 00 00 00 00 00  00 00 00 00 00 00 00 00  |................|
*
0011aaf0  00 00 33 33 33 ff 33 33  33 ff 33 33 33 ff 33 33  |..333.333.333.33|
0011ab00  33 ff 33 33 33 ff 33 33  33 ff 33 33 33 ff 33 33  |3.333.333.333.33|
*
0011ab40  33 ff 00 00 00 00 00 00  00 00 00 00 00 00 00 00  |3...............|
0011ab50  00 00 00 00 00 00 00 00  00 00 00 00 00 00 00 00  |................|
*
0011aba0  00 00 00 00 00 00 00 00  00 00 00 00 00 00 33 33  |..............33|
0011abb0  33 ff 33 33 33 ff 33 33  33 ff 33 33 33 ff 33 33  |3.333.333.333.33|
*
0011acd0  33 ff 33 33 33 ff 33 33  33 ff 00 00 00 00 00 00  |3.333.333.......|
0011ace0  00 00 00 00 00 00 00 00  00 00 00 00 00 00 00 00  |................|
*
0011ad90  00 00 00 00 00 00 00 00  00 00 33 33 33 ff 33 33  |..........333.33|
0011ada0  33 ff 33 33 33 ff 33 33  33 ff 33 33 33 ff 33 33  |3.333.333.333.33|
*
0011add0  33 ff 33 33 33 ff 33 33  33 ff 00 00 00 00 00 00  |3.333.333.......|
0011ade0  00 00 00 00 00 00 00 00  00 00 00 00 00 00 00 00  |................|
*
0011af30  00 00 00 00 00 00 00 00  00 00 33 33 33 ff 33 33  |..........333.33|
0011af40  33 ff 33 33 33 ff 33 33  33 ff 33 33 33 ff 33 33  |3.333.333.333.33|
*
0011afc0  33 ff 33 33 33 ff 33 33  33 ff 33 33 33 ff 00 00  |3.333.333.333...|
0011afd0  00 00 00 00 00 00 00 00  00 00 00 00 00 00 00 00  |................|
*
0011b0b0  00 00 00 00 00 00 24 24  24 07 33 33 33 6c 33 33  |......$$$.333l33|
0011b0c0  33 e9 33 33 33 ff 33 33  33 ff 33 33 33 ff 33 33  |3.333.333.333.33|
0011b0d0  33 ff 33 33 33 ff 33 33  33 ff 33 33 33 ff 33 33  |3.333.333.333.33|
*
0011b130  33 ff 33 33 33 ff 33 33  33 ff 00 00 00 00 00 00  |3.333.333.......|
0011b140  00 00 00 00 00 00 00 00  00 00 00 00 00 00 00 00  |................|
*
0011b190  00 00 00 00 00 00 33 33  33 ff 33 33 33 ff 33 33  |......333.333.33|
0011b1a0  33 ff 33 33 33 ff 33 33  33 ff 33 33 33 ff 33 33  |3.333.333.333.33|
*
0011b1d0  33 ff 33 33 33 ff 33 33  33 ff 32 32 32 b0 00 00  |3.333.333.222...|
0011b1e0  00 00 00 00 00 00 00 00  00 00 00 00 00 00 00 00  |................|
*
0011b240  00 00 00 00 00 00 2a 2a  2a 06 32 32 32 f2 33 33  |......***.222.33|
0011b250  33 ff 33 33 33 ff 33 33  33 ff 33 33 33 ff 33 33  |3.333.333.333.33|
*
0011b290  33 ff 00 00 00 00 00 00  00 00 00 00 00 00 00 00  |3...............|
0011b2a0  00 00 00 00 00 00 00 00  00 00 00 00 00 00 00 00  |................|
*
0011b2f0  00 00 33 33 33 ff 33 33  33 ff 33 33 33 ff 33 33  |..333.333.333.33|
0011b300  33 ff 33 33 33 ff 33 33  33 ff 33 33 33 ff 33 33  |3.333.333.333.33|
*
0011b340  33 ff 00 00 00 00 00 00  00 00 00 00 00 00 00 00  |3...............|
0011b350  00 00 00 00 00 00 00 00  00 00 00 00 00 00 00 00  |................|
*
0011b3a0  00 00 00 00 00 00 00 00  00 00 00 00 00 00 33 33  |..............33|
0011b3b0  33 ff 33 33 33 ff 33 33  33 ff 33 33 33 ff 33 33  |3.333.333.333.33|
*
0011b4d0  33 ff 33 33 33 ff 33 33  33 ff 00 00 00 00 00 00  |3.333.333.......|
0011b4e0  00 00 00 00 00 00 00 00  00 00 00 00 00 00 00 00  |................|
*
0011b590  00 00 00 00 00 00 00 00  00 00 33 33 33 ff 33 33  |..........333.33|
0011b5a0  33 ff 33 33 33 ff 33 33  33 ff 33 33 33 ff 33 33  |3.333.333.333.33|
*
0011b5d0  33 ff 33 33 33 ff 33 33  33 ff 00 00 00 00 00 00  |3.333.333.......|
0011b5e0  00 00 00 00 00 00 00 00  00 00 00 00 00 00 00 00  |................|
*
0011b730  00 00 00 00 00 00 00 00  00 00 33 33 33 ff 33 33  |..........333.33|
0011b740  33 ff 33 33 33 ff 33 33  33 ff 33 33 33 ff 33 33  |3.333.333.333.33|
*
0011b7c0  33 ff 33 33 33 ff 33 33  33 ff 33 33 33 ff 00 00  |3.333.333.333...|
0011b7d0  00 00 00 00 00 00 00 00  00 00 00 00 00 00 00 00  |................|
*
0011b8b0  00 00 00 00 00 00 00 00  00 00 00 00 00 00 3a 3a  |..............::|
0011b8c0  3a 0d 32 32 32 83 33 33  33 f8 33 33 33 ff 33 33  |:.222.333.333.33|
0011b8d0  33 ff 33 33 33 ff 33 33  33 ff 33 33 33 ff 33 33  |3.333.333.333.33|
*
0011b930  33 ff 33 33 33 ff 33 33  33 ff 00 00 00 00 00 00  |3.333.333.......|
0011b940  00 00 00 00 00 00 00 00  00 00 00 00 00 00 00 00  |................|
*
0011b990  00 00 00 00 00 00 33 33  33 ff 33 33 33 ff 33 33  |......333.333.33|
0011b9a0  33 ff 33 33 33 ff 33 33  33 ff 33 33 33 ff 33 33  |3.333.333.333.33|
*
0011b9d0  33 ff 33 33 33 ff 33 33  33 ff 33 33 33 67 00 00  |3.333.333.333g..|
0011b9e0  00 00 00 00 00 00 00 00  00 00 00 00 00 00 00 00  |................|
*
0011ba40  00 00 00 00 00 00 00 00  00 00 32 32 32 b1 33 33  |..........222.33|
0011ba50  33 ff 33 33 33 ff 33 33  33 ff 33 33 33 ff 33 33  |3.333.333.333.33|
*
0011ba90  33 ff 00 00 00 00 00 00  00 00 00 00 00 00 00 00  |3...............|
0011baa0  00 00 00 00 00 00 00 00  00 00 00 00 00 00 00 00  |................|
*
0011baf0  00 00 33 33 33 ff 33 33  33 ff 33 33 33 ff 33 33  |..333.333.333.33|
0011bb00  33 ff 33 33 33 ff 33 33  33 ff 33 33 33 ff 33 33  |3.333.333.333.33|
*
0011bb40  33 ff 00 00 00 00 00 00  00 00 00 00 00 00 00 00  |3...............|
0011bb50  00 00 00 00 00 00 00 00  00 00 00 00 00 00 00 00  |................|
*
0011bba0  00 00 00 00 00 00 00 00  00 00 00 00 00 00 33 33  |..............33|
0011bbb0  33 ff 33 33 33 ff 33 33  33 ff 33 33 33 ff 33 33  |3.333.333.333.33|
*
0011bcd0  33 ff 33 33 33 ff 33 33  33 ff 00 00 00 00 00 00  |3.333.333.......|
0011bce0  00 00 00 00 00 00 00 00  00 00 00 00 00 00 00 00  |................|
*
0011bd90  00 00 00 00 00 00 00 00  00 00 33 33 33 ff 33 33  |..........333.33|
0011bda0  33 ff 33 33 33 ff 33 33  33 ff 33 33 33 ff 33 33  |3.333.333.333.33|
*
0011bdd0  33 ff 33 33 33 ff 33 33  33 ff 00 00 00 00 00 00  |3.333.333.......|
0011bde0  00 00 00 00 00 00 00 00  00 00 00 00 00 00 00 00  |................|
*
0011bf30  00 00 00 00 00 00 00 00  00 00 33 33 33 ff 33 33  |..........333.33|
0011bf40  33 ff 33 33 33 ff 33 33  33 ff 33 33 33 ff 33 33  |3.333.333.333.33|
*
0011bfc0  33 ff 33 33 33 ff 33 33  33 ff 33 33 33 ff 00 00  |3.333.333.333...|
0011bfd0  00 00 00 00 00 00 00 00  00 00 00 00 00 00 00 00  |................|
*
0011c0c0  00 00 00 00 00 00 35 35  35 2b 33 33 33 cd 33 33  |......555+333.33|
0011c0d0  33 ff 33 33 33 ff 33 33  33 ff 33 33 33 ff 33 33  |3.333.333.333.33|
*
0011c130  33 ff 33 33 33 ff 33 33  33 ff 00 00 00 00 00 00  |3.333.333.......|
0011c140  00 00 00 00 00 00 00 00  00 00 00 00 00 00 00 00  |................|
*
0011c190  00 00 00 00 00 00 33 33  33 ff 33 33 33 ff 33 33  |......333.333.33|
0011c1a0  33 ff 33 33 33 ff 33 33  33 ff 33 33 33 ff 33 33  |3.333.333.333.33|
*
0011c1d0  33 ff 33 33 33 ff 33 33  33 ff 31 31 31 1f 00 00  |3.333.333.111...|
0011c1e0  00 00 00 00 00 00 00 00  00 00 00 00 00 00 00 00  |................|
*
0011c240  00 00 00 00 00 00 00 00  00 00 33 33 33 69 33 33  |..........333i33|
0011c250  33 ff 33 33 33 ff 33 33  33 ff 33 33 33 ff 33 33  |3.333.333.333.33|
*
0011c290  33 ff 00 00 00 00 00 00  00 00 00 00 00 00 00 00  |3...............|
0011c2a0  00 00 00 00 00 00 00 00  00 00 00 00 00 00 00 00  |................|
*
0011c2f0  00 00 33 33 33 ff 33 33  33 ff 33 33 33 ff 33 33  |..333.333.333.33|
0011c300  33 ff 33 33 33 ff 33 33  33 ff 33 33 33 ff 33 33  |3.333.333.333.33|
*
0011c340  33 ff 00 00 00 00 00 00  00 00 00 00 00 00 00 00  |3...............|
0011c350  00 00 00 00 00 00 00 00  00 00 00 00 00 00 00 00  |................|
*
0011c3a0  00 00 00 00 00 00 00 00  00 00 00 00 00 00 33 33  |..............33|
0011c3b0  33 ff 33 33 33 ff 33 33  33 ff 33 33 33 ff 33 33  |3.333.333.333.33|
*
0011c4d0  33 ff 33 33 33 ff 33 33  33 ff 00 00 00 00 00 00  |3.333.333.......|
0011c4e0  00 00 00 00 00 00 00 00  00 00 00 00 00 00 00 00  |................|
*
0011c590  00 00 00 00 00 00 00 00  00 00 33 33 33 ff 33 33  |..........333.33|
0011c5a0  33 ff 33 33 33 ff 33 33  33 ff 33 33 33 ff 33 33  |3.333.333.333.33|
*
0011c5d0  33 ff 33 33 33 ff 33 33  33 ff 00 00 00 00 00 00  |3.333.333.......|
0011c5e0  00 00 00 00 00 00 00 00  00 00 00 00 00 00 00 00  |................|
*
0011c730  00 00 00 00 00 00 00 00  00 00 33 33 33 ff 33 33  |..........333.33|
0011c740  33 ff 33 33 33 ff 33 33  33 ff 33 33 33 ff 33 33  |3.333.333.333.33|
*
0011c7c0  33 ff 33 33 33 ff 33 33  33 ff 33 33 33 ff 00 00  |3.333.333.333...|
0011c7d0  00 00 00 00 00 00 00 00  00 00 00 00 00 00 00 00  |................|
*
0011c8c0  00 00 00 00 00 00 00 00  00 00 33 33 33 05 33 33  |..........333.33|
0011c8d0  33 8b 33 33 33 ff 33 33  33 ff 33 33 33 ff 33 33  |3.333.333.333.33|
0011c8e0  33 ff 33 33 33 ff 33 33  33 ff 33 33 33 ff 33 33  |3.333.333.333.33|
*
0011c930  33 ff 33 33 33 ff 33 33  33 ff 00 00 00 00 00 00  |3.333.333.......|
0011c940  00 00 00 00 00 00 00 00  00 00 00 00 00 00 00 00  |................|
*
0011c990  00 00 00 00 00 00 33 33  33 ff 33 33 33 ff 33 33  |......333.333.33|
0011c9a0  33 ff 33 33 33 ff 33 33  33 ff 33 33 33 ff 33 33  |3.333.333.333.33|
*
0011c9d0  33 ff 33 33 33 ff 33 33  33 d5 00 00 00 00 00 00  |3.333.333.......|
0011c9e0  00 00 00 00 00 00 00 00  00 00 00 00 00 00 00 00  |................|
*
0011ca40  00 00 00 00 00 00 00 00  00 00 36 36 36 21 33 33  |..........666!33|
0011ca50  33 ff 33 33 33 ff 33 33  33 ff 33 33 33 ff 33 33  |3.333.333.333.33|
*
0011ca90  33 ff 00 00 00 00 00 00  00 00 00 00 00 00 00 00  |3...............|
0011caa0  00 00 00 00 00 00 00 00  00 00 00 00 00 00 00 00  |................|
*
0011caf0  00 00 33 33 33 ff 33 33  33 ff 33 33 33 ff 33 33  |..333.333.333.33|
0011cb00  33 ff 33 33 33 ff 33 33  33 ff 33 33 33 ff 33 33  |3.333.333.333.33|
*
0011cb40  33 ff 00 00 00 00 00 00  00 00 00 00 00 00 00 00  |3...............|
0011cb50  00 00 00 00 00 00 00 00  00 00 00 00 00 00 00 00  |................|
*
0011cba0  00 00 00 00 00 00 00 00  00 00 00 00 00 00 33 33  |..............33|
0011cbb0  33 ff 33 33 33 ff 33 33  33 ff 33 33 33 ff 33 33  |3.333.333.333.33|
*
0011ccd0  33 ff 33 33 33 ff 33 33  33 ff 00 00 00 00 00 00  |3.333.333.......|
0011cce0  00 00 00 00 00 00 00 00  00 00 00 00 00 00 00 00  |................|
*
0011cd90  00 00 00 00 00 00 00 00  00 00 33 33 33 ff 33 33  |..........333.33|
0011cda0  33 ff 33 33 33 ff 33 33  33 ff 33 33 33 ff 33 33  |3.333.333.333.33|
*
0011cdd0  33 ff 33 33 33 ff 33 33  33 ff 00 00 00 00 00 00  |3.333.333.......|
0011cde0  00 00 00 00 00 00 00 00  00 00 00 00 00 00 00 00  |................|
*
0011cf30  00 00 00 00 00 00 00 00  00 00 33 33 33 ff 33 33  |..........333.33|
0011cf40  33 ff 33 33 33 ff 33 33  33 ff 33 33 33 ff 33 33  |3.333.333.333.33|
*
0011cfc0  33 ff 33 33 33 ff 33 33  33 ff 33 33 33 ff 00 00  |3.333.333.333...|
0011cfd0  00 00 00 00 00 00 00 00  00 00 00 00 00 00 00 00  |................|
*
0011d0d0  00 00 34 34 34 62 33 33  33 fa 33 33 33 ff 33 33  |..444b333.333.33|
0011d0e0  33 ff 33 33 33 ff 33 33  33 ff 33 33 33 ff 33 33  |3.333.333.333.33|
*
0011d130  33 ff 33 33 33 ff 33 33  33 ff 00 00 00 00 00 00  |3.333.333.......|
0011d140  00 00 00 00 00 00 00 00  00 00 00 00 00 00 00 00  |................|
*
0011d190  00 00 00 00 00 00 33 33  33 ff 33 33 33 ff 33 33  |......333.333.33|
0011d1a0  33 ff 33 33 33 ff 33 33  33 ff 33 33 33 ff 33 33  |3.333.333.333.33|
*
0011d1d0  33 ff 33 33 33 ff 33 33  33 8b 00 00 00 00 00 00  |3.333.333.......|
0011d1e0  00 00 00 00 00 00 00 00  00 00 00 00 00 00 00 00  |................|
*
0011d240  00 00 00 00 00 00 00 00  00 00 00 00 00 00 32 32  |..............22|
0011d250  32 d8 33 33 33 ff 33 33  33 ff 33 33 33 ff 33 33  |2.333.333.333.33|
0011d260  33 ff 33 33 33 ff 33 33  33 ff 33 33 33 ff 33 33  |3.333.333.333.33|
*
0011d290  33 ff 00 00 00 00 00 00  00 00 00 00 00 00 00 00  |3...............|
0011d2a0  00 00 00 00 00 00 00 00  00 00 00 00 00 00 00 00  |................|
*
0011d2f0  00 00 33 33 33 ff 33 33  33 ff 33 33 33 ff 33 33  |..333.333.333.33|
0011d300  33 ff 33 33 33 ff 33 33  33 ff 33 33 33 ff 33 33  |3.333.333.333.33|
*
0011d340  33 ff 00 00 00 00 00 00  00 00 00 00 00 00 00 00  |3...............|
0011d350  00 00 00 00 00 00 00 00  00 00 00 00 00 00 00 00  |................|
*
0011d3a0  00 00 00 00 00 00 00 00  00 00 00 00 00 00 33 33  |..............33|
0011d3b0  33 ff 33 33 33 ff 33 33  33 ff 33 33 33 ff 33 33  |3.333.333.333.33|
*
0011d4d0  33 ff 33 33 33 ff 33 33  33 ff 00 00 00 00 00 00  |3.333.333.......|
0011d4e0  00 00 00 00 00 00 00 00  00 00 00 00 00 00 00 00  |................|
*
0011d590  00 00 00 00 00 00 00 00  00 00 33 33 33 ff 33 33  |..........333.33|
0011d5a0  33 ff 33 33 33 ff 33 33  33 ff 33 33 33 ff 33 33  |3.333.333.333.33|
*
0011d5d0  33 ff 33 33 33 ff 33 33  33 ff 00 00 00 00 00 00  |3.333.333.......|
0011d5e0  00 00 00 00 00 00 00 00  00 00 00 00 00 00 00 00  |................|
*
0011d730  00 00 00 00 00 00 00 00  00 00 33 33 33 ff 33 33  |..........333.33|
0011d740  33 ff 33 33 33 ff 33 33  33 ff 33 33 33 ff 33 33  |3.333.333.333.33|
*
0011d7c0  33 ff 33 33 33 ff 33 33  33 ff 33 33 33 ff 00 00  |3.333.333.333...|
0011d7d0  00 00 00 00 00 00 00 00  00 00 00 00 00 00 00 00  |................|
*
0011d8d0  00 00 00 00 00 00 32 32  32 47 32 32 32 f7 33 33  |......222G222.33|
0011d8e0  33 ff 33 33 33 ff 33 33  33 ff 33 33 33 ff 33 33  |3.333.333.333.33|
*
0011d930  33 ff 33 33 33 ff 33 33  33 ff 00 00 00 00 00 00  |3.333.333.......|
0011d940  00 00 00 00 00 00 00 00  00 00 00 00 00 00 00 00  |................|
*
0011d990  00 00 00 00 00 00 33 33  33 ff 33 33 33 ff 33 33  |......333.333.33|
0011d9a0  33 ff 33 33 33 ff 33 33  33 ff 33 33 33 ff 33 33  |3.333.333.333.33|
*
0011d9d0  33 ff 33 33 33 ff 31 31  31 43 00 00 00 00 00 00  |3.333.111C......|
0011d9e0  00 00 00 00 00 00 00 00  00 00 00 00 00 00 00 00  |................|
*
0011da40  00 00 00 00 00 00 00 00  00 00 00 00 00 00 33 33  |..............33|
0011da50  33 90 33 33 33 ff 33 33  33 ff 33 33 33 ff 33 33  |3.333.333.333.33|
0011da60  33 ff 33 33 33 ff 33 33  33 ff 33 33 33 ff 33 33  |3.333.333.333.33|
*
0011da90  33 ff 00 00 00 00 00 00  00 00 00 00 00 00 00 00  |3...............|
0011daa0  00 00 00 00 00 00 00 00  00 00 00 00 00 00 00 00  |................|
*
0011daf0  00 00 33 33 33 ff 33 33  33 ff 33 33 33 ff 33 33  |..333.333.333.33|
0011db00  33 ff 33 33 33 ff 33 33  33 ff 33 33 33 ff 33 33  |3.333.333.333.33|
*
0011db40  33 ff 00 00 00 00 00 00  00 00 00 00 00 00 00 00  |3...............|
0011db50  00 00 00 00 00 00 00 00  00 00 00 00 00 00 00 00  |................|
*
0011dba0  00 00 00 00 00 00 00 00  00 00 00 00 00 00 33 33  |..............33|
0011dbb0  33 ff 33 33 33 ff 33 33  33 ff 33 33 33 ff 33 33  |3.333.333.333.33|
*
0011dcd0  33 ff 33 33 33 ff 33 33  33 ff 00 00 00 00 00 00  |3.333.333.......|
0011dce0  00 00 00 00 00 00 00 00  00 00 00 00 00 00 00 00  |................|
*
0011dd90  00 00 00 00 00 00 00 00  00 00 33 33 33 ff 33 33  |..........333.33|
0011dda0  33 ff 33 33 33 ff 33 33  33 ff 33 33 33 ff 33 33  |3.333.333.333.33|
*
0011ddd0  33 ff 33 33 33 ff 33 33  33 ff 00 00 00 00 00 00  |3.333.333.......|
0011dde0  00 00 00 00 00 00 00 00  00 00 00 00 00 00 00 00  |................|
*
0011df30  00 00 00 00 00 00 00 00  00 00 33 33 33 ff 33 33  |..........333.33|
0011df40  33 ff 33 33 33 ff 33 33  33 ff 33 33 33 ff 33 33  |3.333.333.333.33|
*
0011dfc0  33 ff 33 33 33 ff 33 33  33 ff 33 33 33 ff 00 00  |3.333.333.333...|
0011dfd0  00 00 00 00 00 00 00 00  00 00 00 00 00 00 00 00  |................|
*
0011e0d0  00 00 00 00 00 00 00 00  00 00 34 34 34 4e 32 32  |..........444N22|
0011e0e0  32 fb 33 33 33 ff 33 33  33 ff 33 33 33 ff 33 33  |2.333.333.333.33|
0011e0f0  33 ff 33 33 33 ff 33 33  33 ff 33 33 33 ff 33 33  |3.333.333.333.33|
*
0011e130  33 ff 33 33 33 ff 33 33  33 ff 00 00 00 00 00 00  |3.333.333.......|
0011e140  00 00 00 00 00 00 00 00  00 00 00 00 00 00 00 00  |................|
*
0011e190  00 00 00 00 00 00 33 33  33 ff 33 33 33 ff 33 33  |......333.333.33|
0011e1a0  33 ff 33 33 33 ff 33 33  33 ff 33 33 33 ff 33 33  |3.333.333.333.33|
*
0011e1d0  33 ff 33 33 33 f4 24 24  24 07 00 00 00 00 00 00  |3.333.$$$.......|
0011e1e0  00 00 00 00 00 00 00 00  00 00 00 00 00 00 00 00  |................|
*
0011e240  00 00 00 00 00 00 00 00  00 00 00 00 00 00 34 34  |..............44|
0011e250  34 49 33 33 33 ff 33 33  33 ff 33 33 33 ff 33 33  |4I333.333.333.33|
0011e260  33 ff 33 33 33 ff 33 33  33 ff 33 33 33 ff 33 33  |3.333.333.333.33|
*
0011e290  33 ff 00 00 00 00 00 00  00 00 00 00 00 00 00 00  |3...............|
0011e2a0  00 00 00 00 00 00 00 00  00 00 00 00 00 00 00 00  |................|
*
0011e2f0  00 00 33 33 33 ff 33 33  33 ff 33 33 33 ff 33 33  |..333.333.333.33|
0011e300  33 ff 33 33 33 ff 33 33  33 ff 33 33 33 ff 33 33  |3.333.333.333.33|
*
0011e340  33 ff 00 00 00 00 00 00  00 00 00 00 00 00 00 00  |3...............|
0011e350  00 00 00 00 00 00 00 00  00 00 00 00 00 00 00 00  |................|
*
0011e3a0  00 00 00 00 00 00 00 00  00 00 00 00 00 00 33 33  |..............33|
0011e3b0  33 ff 33 33 33 ff 33 33  33 ff 33 33 33 ff 33 33  |3.333.333.333.33|
*
0011e4d0  33 ff 33 33 33 ff 33 33  33 ff 00 00 00 00 00 00  |3.333.333.......|
0011e4e0  00 00 00 00 00 00 00 00  00 00 00 00 00 00 00 00  |................|
*
0011e590  00 00 00 00 00 00 00 00  00 00 33 33 33 ff 33 33  |..........333.33|
0011e5a0  33 ff 33 33 33 ff 33 33  33 ff 33 33 33 ff 33 33  |3.333.333.333.33|
*
0011e5d0  33 ff 33 33 33 ff 33 33  33 ff 00 00 00 00 00 00  |3.333.333.......|
0011e5e0  00 00 00 00 00 00 00 00  00 00 00 00 00 00 00 00  |................|
*
0011e730  00 00 00 00 00 00 00 00  00 00 33 33 33 ff 33 33  |..........333.33|
0011e740  33 ff 33 33 33 ff 33 33  33 ff 33 33 33 ff 33 33  |3.333.333.333.33|
*
0011e7c0  33 ff 33 33 33 ff 33 33  33 ff 33 33 33 ff 00 00  |3.333.333.333...|
0011e7d0  00 00 00 00 00 00 00 00  00 00 00 00 00 00 00 00  |................|
*
0011e8d0  00 00 00 00 00 00 00 00  00 00 00 00 00 00 34 34  |..............44|
0011e8e0  34 62 33 33 33 ff 33 33  33 ff 33 33 33 ff 33 33  |4b333.333.333.33|
0011e8f0  33 ff 33 33 33 ff 33 33  33 ff 33 33 33 ff 33 33  |3.333.333.333.33|
*
0011e930  33 ff 33 33 33 ff 33 33  33 ff 00 00 00 00 00 00  |3.333.333.......|
0011e940  00 00 00 00 00 00 00 00  00 00 00 00 00 00 00 00  |................|
*
0011e990  00 00 00 00 00 00 33 33  33 ff 33 33 33 ff 33 33  |......333.333.33|
0011e9a0  33 ff 33 33 33 ff 33 33  33 ff 33 33 33 ff 33 33  |3.333.333.333.33|
*
0011e9d0  33 ff 32 32 32 b0 00 00  00 00 00 00 00 00 00 00  |3.222...........|
0011e9e0  00 00 00 00 00 00 00 00  00 00 00 00 00 00 00 00  |................|
*
0011ea40  00 00 00 00 00 00 00 00  00 00 00 00 00 00 38 38  |..............88|
0011ea50  38 09 32 32 32 f6 33 33  33 ff 33 33 33 ff 33 33  |8.222.333.333.33|
0011ea60  33 ff 33 33 33 ff 33 33  33 ff 33 33 33 ff 33 33  |3.333.333.333.33|
*
0011ea90  33 ff 00 00 00 00 00 00  00 00 00 00 00 00 00 00  |3...............|
0011eaa0  00 00 00 00 00 00 00 00  00 00 00 00 00 00 00 00  |................|
*
0011eaf0  00 00 33 33 33 ff 33 33  33 ff 33 33 33 ff 33 33  |..333.333.333.33|
0011eb00  33 ff 33 33 33 ff 33 33  33 ff 33 33 33 ff 33 33  |3.333.333.333.33|
*
0011eb40  33 ff 00 00 00 00 00 00  00 00 00 00 00 00 00 00  |3...............|
0011eb50  00 00 00 00 00 00 00 00  00 00 00 00 00 00 00 00  |................|
*
0011eba0  00 00 00 00 00 00 00 00  00 00 00 00 00 00 33 33  |..............33|
0011ebb0  33 ff 33 33 33 ff 33 33  33 ff 33 33 33 ff 33 33  |3.333.333.333.33|
*
0011ecd0  33 ff 33 33 33 ff 33 33  33 ff 00 00 00 00 00 00  |3.333.333.......|
0011ece0  00 00 00 00 00 00 00 00  00 00 00 00 00 00 00 00  |................|
*
0011ed90  00 00 00 00 00 00 00 00  00 00 33 33 33 ff 33 33  |..........333.33|
0011eda0  33 ff 33 33 33 ff 33 33  33 ff 33 33 33 ff 33 33  |3.333.333.333.33|
*
0011edd0  33 ff 33 33 33 ff 33 33  33 ff 00 00 00 00 00 00  |3.333.333.......|
0011ede0  00 00 00 00 00 00 00 00  00 00 00 00 00 00 00 00  |................|
*
0011ef30  00 00 00 00 00 00 00 00  00 00 33 33 33 ff 33 33  |..........333.33|
0011ef40  33 ff 33 33 33 ff 33 33  33 ff 33 33 33 ff 33 33  |3.333.333.333.33|
*
0011efc0  33 ff 33 33 33 ff 33 33  33 ff 33 33 33 ff 00 00  |3.333.333.333...|
0011efd0  00 00 00 00 00 00 00 00  00 00 00 00 00 00 00 00  |................|
*
0011f0e0  00 00 33 33 33 a0 33 33  33 ff 33 33 33 ff 33 33  |..333.333.333.33|
0011f0f0  33 ff 33 33 33 ff 33 33  33 ff 33 33 33 ff 33 33  |3.333.333.333.33|
*
0011f130  33 ff 33 33 33 ff 33 33  33 ff 00 00 00 00 00 00  |3.333.333.......|
0011f140  00 00 00 00 00 00 00 00  00 00 00 00 00 00 00 00  |................|
*
0011f190  00 00 00 00 00 00 33 33  33 ff 33 33 33 ff 33 33  |......333.333.33|
0011f1a0  33 ff 33 33 33 ff 33 33  33 ff 33 33 33 ff 33 33  |3.333.333.333.33|
*
0011f1d0  33 ff 33 33 33 67 00 00  00 00 00 00 00 00 00 00  |3.333g..........|
0011f1e0  00 00 00 00 00 00 00 00  00 00 00 00 00 00 00 00  |................|
*
0011f250  00 00 33 33 33 b8 33 33  33 ff 33 33 33 ff 33 33  |..333.333.333.33|
0011f260  33 ff 33 33 33 ff 33 33  33 ff 33 33 33 ff 33 33  |3.333.333.333.33|
*
0011f290  33 ff 00 00 00 00 00 00  00 00 00 00 00 00 00 00  |3...............|
0011f2a0  00 00 00 00 00 00 00 00  00 00 00 00 00 00 00 00  |................|
*
0011f2f0  00 00 33 33 33 ff 33 33  33 ff 33 33 33 ff 33 33  |..333.333.333.33|
0011f300  33 ff 33 33 33 ff 33 33  33 ff 33 33 33 ff 33 33  |3.333.333.333.33|
*
0011f340  33 ff 00 00 00 00 00 00  00 00 00 00 00 00 00 00  |3...............|
0011f350  00 00 00 00 00 00 00 00  00 00 00 00 00 00 00 00  |................|
*
0011f3a0  00 00 00 00 00 00 00 00  00 00 00 00 00 00 33 33  |..............33|
0011f3b0  33 ff 33 33 33 ff 33 33  33 ff 33 33 33 ff 33 33  |3.333.333.333.33|
*
0011f4d0  33 ff 33 33 33 ff 33 33  33 ff 00 00 00 00 00 00  |3.333.333.......|
0011f4e0  00 00 00 00 00 00 00 00  00 00 00 00 00 00 00 00  |................|
*
0011f590  00 00 00 00 00 00 00 00  00 00 33 33 33 ff 33 33  |..........333.33|
0011f5a0  33 ff 33 33 33 ff 33 33  33 ff 33 33 33 ff 33 33  |3.333.333.333.33|
*
0011f5d0  33 ff 33 33 33 ff 33 33  33 ff 00 00 00 00 00 00  |3.333.333.......|
0011f5e0  00 00 00 00 00 00 00 00  00 00 00 00 00 00 00 00  |................|
*
0011f730  00 00 00 00 00 00 00 00  00 00 33 33 33 ff 33 33  |..........333.33|
0011f740  33 ff 33 33 33 ff 33 33  33 ff 33 33 33 ff 33 33  |3.333.333.333.33|
*
0011f7c0  33 ff 33 33 33 ff 33 33  33 ff 33 33 33 ff 00 00  |3.333.333.333...|
0011f7d0  00 00 00 00 00 00 00 00  00 00 00 00 00 00 00 00  |................|
*
0011f8e0  00 00 2a 2a 2a 0c 33 33  33 da 33 33 33 ff 33 33  |..***.333.333.33|
0011f8f0  33 ff 33 33 33 ff 33 33  33 ff 33 33 33 ff 33 33  |3.333.333.333.33|
*
0011f930  33 ff 33 33 33 ff 33 33  33 ff 00 00 00 00 00 00  |3.333.333.......|
0011f940  00 00 00 00 00 00 00 00  00 00 00 00 00 00 00 00  |................|
*
0011f990  00 00 00 00 00 00 33 33  33 ff 33 33 33 ff 33 33  |......333.333.33|
0011f9a0  33 ff 33 33 33 ff 33 33  33 ff 33 33 33 ff 33 33  |3.333.333.333.33|
*
0011f9d0  33 ff 31 31 31 1f 00 00  00 00 00 00 00 00 00 00  |3.111...........|
0011f9e0  00 00 00 00 00 00 00 00  00 00 00 00 00 00 00 00  |................|
*
0011fa50  00 00 32 32 32 70 33 33  33 ff 33 33 33 ff 33 33  |..222p333.333.33|
0011fa60  33 ff 33 33 33 ff 33 33  33 ff 33 33 33 ff 33 33  |3.333.333.333.33|
*
0011fa90  33 ff 00 00 00 00 00 00  00 00 00 00 00 00 00 00  |3...............|
0011faa0  00 00 00 00 00 00 00 00  00 00 00 00 00 00 00 00  |................|
*
0011faf0  00 00 33 33 33 ff 33 33  33 ff 33 33 33 ff 33 33  |..333.333.333.33|
0011fb00  33 ff 33 33 33 ff 33 33  33 ff 33 33 33 ff 33 33  |3.333.333.333.33|
*
0011fb40  33 ff 00 00 00 00 00 00  00 00 00 00 00 00 00 00  |3...............|
0011fb50  00 00 00 00 00 00 00 00  00 00 00 00 00 00 00 00  |................|
*
0011fba0  00 00 00 00 00 00 00 00  00 00 00 00 00 00 33 33  |..............33|
0011fbb0  33 ff 33 33 33 ff 33 33  33 ff 33 33 33 ff 33 33  |3.333.333.333.33|
*
0011fcd0  33 ff 33 33 33 ff 33 33  33 ff 00 00 00 00 00 00  |3.333.333.......|
0011fce0  00 00 00 00 00 00 00 00  00 00 00 00 00 00 00 00  |................|
*
0011fd90  00 00 00 00 00 00 00 00  00 00 33 33 33 ff 33 33  |..........333.33|
0011fda0  33 ff 33 33 33 ff 33 33  33 ff 33 33 33 ff 33 33  |3.333.333.333.33|
*
0011fdd0  33 ff 33 33 33 ff 33 33  33 ff 00 00 00 00 00 00  |3.333.333.......|
0011fde0  00 00 00 00 00 00 00 00  00 00 00 00 00 00 00 00  |................|
*
0011ff30  00 00 00 00 00 00 00 00  00 00 33 33 33 ff 33 33  |..........333.33|
0011ff40  33 ff 33 33 33 ff 33 33  33 ff 33 33 33 ff 33 33  |3.333.333.333.33|
*
0011ffc0  33 ff 33 33 33 ff 33 33  33 ff 33 33 33 ff 00 00  |3.333.333.333...|
0011ffd0  00 00 00 00 00 00 00 00  00 00 00 00 00 00 00 00  |................|
*
001200e0  00 00 00 00 00 00 34 34  34 49 33 33 33 ff 33 33  |......444I333.33|
001200f0  33 ff 33 33 33 ff 33 33  33 ff 33 33 33 ff 33 33  |3.333.333.333.33|
*
00120130  33 ff 33 33 33 ff 33 33  33 ff 00 00 00 00 00 00  |3.333.333.......|
00120140  00 00 00 00 00 00 00 00  00 00 00 00 00 00 00 00  |................|
*
00120190  00 00 00 00 00 00 33 33  33 ff 33 33 33 ff 33 33  |......333.333.33|
001201a0  33 ff 33 33 33 ff 33 33  33 ff 33 33 33 ff 33 33  |3.333.333.333.33|
*
001201d0  33 d5 00 00 00 00 00 00  00 00 00 00 00 00 00 00  |3...............|
001201e0  00 00 00 00 00 00 00 00  00 00 00 00 00 00 00 00  |................|
*
00120250  00 00 33 33 33 28 33 33  33 ff 33 33 33 ff 33 33  |..333(333.333.33|
00120260  33 ff 33 33 33 ff 33 33  33 ff 33 33 33 ff 33 33  |3.333.333.333.33|
*
00120290  33 ff 00 00 00 00 00 00  00 00 00 00 00 00 00 00  |3...............|
001202a0  00 00 00 00 00 00 00 00  00 00 00 00 00 00 00 00  |................|
*
001202f0  00 00 33 33 33 ff 33 33  33 ff 33 33 33 ff 33 33  |..333.333.333.33|
00120300  33 ff 33 33 33 ff 33 33  33 ff 33 33 33 ff 33 33  |3.333.333.333.33|
*
00120340  33 ff 00 00 00 00 00 00  00 00 00 00 00 00 00 00  |3...............|
00120350  00 00 00 00 00 00 00 00  00 00 00 00 00 00 00 00  |................|
*
001203a0  00 00 00 00 00 00 00 00  00 00 00 00 00 00 33 33  |..............33|
001203b0  33 ff 33 33 33 ff 33 33  33 ff 33 33 33 ff 33 33  |3.333.333.333.33|
*
001204d0  33 ff 33 33 33 ff 33 33  33 ff 00 00 00 00 00 00  |3.333.333.......|
001204e0  00 00 00 00 00 00 00 00  00 00 00 00 00 00 00 00  |................|
*
00120590  00 00 00 00 00 00 00 00  00 00 33 33 33 ff 33 33  |..........333.33|
001205a0  33 ff 33 33 33 ff 33 33  33 ff 33 33 33 ff 33 33  |3.333.333.333.33|
*
001205d0  33 ff 33 33 33 ff 33 33  33 ff 00 00 00 00 00 00  |3.333.333.......|
001205e0  00 00 00 00 00 00 00 00  00 00 00 00 00 00 00 00  |................|
*
00120730  00 00 00 00 00 00 00 00  00 00 33 33 33 ff 33 33  |..........333.33|
00120740  33 ff 33 33 33 ff 33 33  33 ff 33 33 33 ff 33 33  |3.333.333.333.33|
*
001207c0  33 ff 33 33 33 ff 33 33  33 ff 33 33 33 ff 00 00  |3.333.333.333...|
001207d0  00 00 00 00 00 00 00 00  00 00 00 00 00 00 00 00  |................|
*
001208e0  00 00 00 00 00 00 00 00  00 00 33 33 33 b9 33 33  |..........333.33|
001208f0  33 ff 33 33 33 ff 33 33  33 ff 33 33 33 ff 33 33  |3.333.333.333.33|
*
00120930  33 ff 33 33 33 ff 33 33  33 ff 00 00 00 00 00 00  |3.333.333.......|
00120940  00 00 00 00 00 00 00 00  00 00 00 00 00 00 00 00  |................|
*
00120990  00 00 00 00 00 00 33 33  33 ff 33 33 33 ff 33 33  |......333.333.33|
001209a0  33 ff 33 33 33 ff 33 33  33 ff 33 33 33 ff 33 33  |3.333.333.333.33|
*
001209d0  33 8b 00 00 00 00 00 00  00 00 00 00 00 00 00 00  |3...............|
001209e0  00 00 00 00 00 00 00 00  00 00 00 00 00 00 00 00  |................|
*
00120a50  00 00 00 00 00 00 32 32  32 dd 33 33 33 ff 33 33  |......222.333.33|
00120a60  33 ff 33 33 33 ff 33 33  33 ff 33 33 33 ff 33 33  |3.333.333.333.33|
*
00120a90  33 ff 00 00 00 00 00 00  00 00 00 00 00 00 00 00  |3...............|
00120aa0  00 00 00 00 00 00 00 00  00 00 00 00 00 00 00 00  |................|
*
00120af0  00 00 33 33 33 ff 33 33  33 ff 33 33 33 ff 33 33  |..333.333.333.33|
00120b00  33 ff 33 33 33 ff 33 33  33 ff 33 33 33 ff 33 33  |3.333.333.333.33|
*
00120b40  33 ff 00 00 00 00 00 00  00 00 00 00 00 00 00 00  |3...............|
00120b50  00 00 00 00 00 00 00 00  00 00 00 00 00 00 00 00  |................|
*
00120ba0  00 00 00 00 00 00 00 00  00 00 00 00 00 00 33 33  |..............33|
00120bb0  33 ff 33 33 33 ff 33 33  33 ff 33 33 33 ff 33 33  |3.333.333.333.33|
*
00120cd0  33 ff 33 33 33 ff 33 33  33 ff 00 00 00 00 00 00  |3.333.333.......|
00120ce0  00 00 00 00 00 00 00 00  00 00 00 00 00 00 00 00  |................|
*
00120d90  00 00 00 00 00 00 00 00  00 00 33 33 33 ff 33 33  |..........333.33|
00120da0  33 ff 33 33 33 ff 33 33  33 ff 33 33 33 ff 33 33  |3.333.333.333.33|
*
00120dd0  33 ff 33 33 33 ff 33 33  33 ff 00 00 00 00 00 00  |3.333.333.......|
00120de0  00 00 00 00 00 00 00 00  00 00 00 00 00 00 00 00  |................|
*
00120f30  00 00 00 00 00 00 00 00  00 00 33 33 33 ff 33 33  |..........333.33|
00120f40  33 ff 33 33 33 ff 33 33  33 ff 33 33 33 ff 33 33  |3.333.333.333.33|
*
00120fc0  33 ff 33 33 33 ff 33 33  33 ff 33 33 33 ff 00 00  |3.333.333.333...|
00120fd0  00 00 00 00 00 00 00 00  00 00 00 00 00 00 00 00  |................|
*
001210e0  00 00 00 00 00 00 00 00  00 00 32 32 32 33 33 33  |..........222333|
001210f0  33 ff 33 33 33 ff 33 33  33 ff 33 33 33 ff 33 33  |3.333.333.333.33|
*
00121130  33 ff 33 33 33 ff 33 33  33 ff 00 00 00 00 00 00  |3.333.333.......|
00121140  00 00 00 00 00 00 00 00  00 00 00 00 00 00 00 00  |................|
*
00121190  00 00 00 00 00 00 33 33  33 ff 33 33 33 ff 33 33  |......333.333.33|
001211a0  33 ff 33 33 33 ff 33 33  33 ff 33 33 33 ff 33 33  |3.333.333.333.33|
*
001211c0  33 ff 33 33 33 ff 33 33  33 ff 33 33 33 ff 31 31  |3.333.333.333.11|
001211d0  31 43 00 00 00 00 00 00  00 00 00 00 00 00 00 00  |1C..............|
001211e0  00 00 00 00 00 00 00 00  00 00 00 00 00 00 00 00  |................|
*
00121250  00 00 00 00 00 00 32 32  32 97 33 33 33 ff 33 33  |......222.333.33|
00121260  33 ff 33 33 33 ff 33 33  33 ff 33 33 33 ff 33 33  |3.333.333.333.33|
*
00121290  33 ff 00 00 00 00 00 00  00 00 00 00 00 00 00 00  |3...............|
001212a0  00 00 00 00 00 00 00 00  00 00 00 00 00 00 00 00  |................|
*
001212f0  00 00 33 33 33 ff 33 33  33 ff 33 33 33 ff 33 33  |..333.333.333.33|
00121300  33 ff 33 33 33 ff 33 33  33 ff 33 33 33 ff 33 33  |3.333.333.333.33|
*
00121340  33 ff 00 00 00 00 00 00  00 00 00 00 00 00 00 00  |3...............|
00121350  00 00 00 00 00 00 00 00  00 00 00 00 00 00 00 00  |................|
*
001213a0  00 00 00 00 00 00 00 00  00 00 00 00 00 00 33 33  |..............33|
001213b0  33 ff 33 33 33 ff 33 33  33 ff 33 33 33 ff 33 33  |3.333.333.333.33|
*
001214d0  33 ff 33 33 33 ff 33 33  33 ff 00 00 00 00 00 00  |3.333.333.......|
001214e0  00 00 00 00 00 00 00 00  00 00 00 00 00 00 00 00  |................|
*
00121590  00 00 00 00 00 00 00 00  00 00 33 33 33 ff 33 33  |..........333.33|
001215a0  33 ff 33 33 33 ff 33 33  33 ff 33 33 33 ff 33 33  |3.333.333.333.33|
*
001215d0  33 ff 33 33 33 ff 33 33  33 ff 00 00 00 00 00 00  |3.333.333.......|
001215e0  00 00 00 00 00 00 00 00  00 00 00 00 00 00 00 00  |................|
*
00121730  00 00 00 00 00 00 00 00  00 00 33 33 33 ff 33 33  |..........333.33|
00121740  33 ff 33 33 33 ff 33 33  33 ff 33 33 33 ff 33 33  |3.333.333.333.33|
*
001217c0  33 ff 33 33 33 ff 33 33  33 ff 33 33 33 ff 00 00  |3.333.333.333...|
001217d0  00 00 00 00 00 00 00 00  00 00 00 00 00 00 00 00  |................|
*
001218e0  00 00 00 00 00 00 00 00  00 00 00 00 00 00 32 32  |..............22|
001218f0  32 ca 33 33 33 ff 33 33  33 ff 33 33 33 ff 33 33  |2.333.333.333.33|
00121900  33 ff 33 33 33 ff 33 33  33 ff 33 33 33 ff 33 33  |3.333.333.333.33|
*
00121930  33 ff 33 33 33 ff 33 33  33 ff 00 00 00 00 00 00  |3.333.333.......|
00121940  00 00 00 00 00 00 00 00  00 00 00 00 00 00 00 00  |................|
*
00121990  00 00 00 00 00 00 33 33  33 ff 33 33 33 ff 33 33  |......333.333.33|
001219a0  33 ff 33 33 33 ff 33 33  33 ff 33 33 33 ff 33 33  |3.333.333.333.33|
*
001219c0  33 ff 33 33 33 ff 33 33  33 ff 33 33 33 f4 24 24  |3.333.333.333.$$|
001219d0  24 07 00 00 00 00 00 00  00 00 00 00 00 00 00 00  |$...............|
001219e0  00 00 00 00 00 00 00 00  00 00 00 00 00 00 00 00  |................|
*
00121a50  00 00 00 00 00 00 33 33  33 50 33 33 33 ff 33 33  |......333P333.33|
00121a60  33 ff 33 33 33 ff 33 33  33 ff 33 33 33 ff 33 33  |3.333.333.333.33|
*
00121a90  33 ff 00 00 00 00 00 00  00 00 00 00 00 00 00 00  |3...............|
00121aa0  00 00 00 00 00 00 00 00  00 00 00 00 00 00 00 00  |................|
*
00121af0  00 00 33 33 33 ff 33 33  33 ff 33 33 33 ff 33 33  |..333.333.333.33|
00121b00  33 ff 33 33 33 ff 33 33  33 ff 33 33 33 ff 33 33  |3.333.333.333.33|
*
00121b40  33 ff 00 00 00 00 00 00  00 00 00 00 00 00 00 00  |3...............|
00121b50  00 00 00 00 00 00 00 00  00 00 00 00 00 00 00 00  |................|
*
00121ba0  00 00 00 00 00 00 00 00  00 00 00 00 00 00 33 33  |..............33|
00121bb0  33 ff 33 33 33 ff 33 33  33 ff 33 33 33 ff 33 33  |3.333.333.333.33|
*
00121cd0  33 ff 33 33 33 ff 33 33  33 ff 00 00 00 00 00 00  |3.333.333.......|
00121ce0  00 00 00 00 00 00 00 00  00 00 00 00 00 00 00 00  |................|
*
00121d90  00 00 00 00 00 00 00 00  00 00 33 33 33 ff 33 33  |..........333.33|
00121da0  33 ff 33 33 33 ff 33 33  33 ff 33 33 33 ff 33 33  |3.333.333.333.33|
*
00121dd0  33 ff 33 33 33 ff 33 33  33 ff 00 00 00 00 00 00  |3.333.333.......|
00121de0  00 00 00 00 00 00 00 00  00 00 00 00 00 00 00 00  |................|
*
00121f30  00 00 00 00 00 00 00 00  00 00 33 33 33 ff 33 33  |..........333.33|
00121f40  33 ff 33 33 33 ff 33 33  33 ff 33 33 33 ff 33 33  |3.333.333.333.33|
*
00121fc0  33 ff 33 33 33 ff 33 33  33 ff 33 33 33 ff 00 00  |3.333.333.333...|
00121fd0  00 00 00 00 00 00 00 00  00 00 00 00 00 00 00 00  |................|
*
001220e0  00 00 00 00 00 00 00 00  00 00 00 00 00 00 32 32  |..............22|
001220f0  32 65 33 33 33 ff 33 33  33 ff 33 33 33 ff 33 33  |2e333.333.333.33|
00122100  33 ff 33 33 33 ff 33 33  33 ff 33 33 33 ff 33 33  |3.333.333.333.33|
*
00122130  33 ff 33 33 33 ff 33 33  33 ff 00 00 00 00 00 00  |3.333.333.......|
00122140  00 00 00 00 00 00 00 00  00 00 00 00 00 00 00 00  |................|
*
00122190  00 00 00 00 00 00 33 33  33 ff 33 33 33 ff 33 33  |......333.333.33|
001221a0  33 ff 33 33 33 ff 33 33  33 ff 33 33 33 ff 33 33  |3.333.333.333.33|
*
001221c0  33 ff 33 33 33 ff 33 33  33 ff 32 32 32 b0 00 00  |3.333.333.222...|
001221d0  00 00 00 00 00 00 00 00  00 00 00 00 00 00 00 00  |................|
*
00122250  00 00 00 00 00 00 3a 3a  3a 0d 33 33 33 f9 33 33  |......:::.333.33|
00122260  33 ff 33 33 33 ff 33 33  33 ff 33 33 33 ff 33 33  |3.333.333.333.33|
*
00122290  33 ff 00 00 00 00 00 00  00 00 00 00 00 00 00 00  |3...............|
001222a0  00 00 00 00 00 00 00 00  00 00 00 00 00 00 00 00  |................|
*
001222f0  00 00 33 33 33 ff 33 33  33 ff 33 33 33 ff 33 33  |..333.333.333.33|
00122300  33 ff 33 33 33 ff 33 33  33 ff 33 33 33 ff 33 33  |3.333.333.333.33|
*
00122340  33 ff 00 00 00 00 00 00  00 00 00 00 00 00 00 00  |3...............|
00122350  00 00 00 00 00 00 00 00  00 00 00 00 00 00 00 00  |................|
*
001223a0  00 00 00 00 00 00 00 00  00 00 00 00 00 00 33 33  |..............33|
001223b0  33 ff 33 33 33 ff 33 33  33 ff 33 33 33 ff 33 33  |3.333.333.333.33|
*
001224d0  33 ff 33 33 33 ff 33 33  33 ff 00 00 00 00 00 00  |3.333.333.......|
001224e0  00 00 00 00 00 00 00 00  00 00 00 00 00 00 00 00  |................|
*
00122590  00 00 00 00 00 00 00 00  00 00 33 33 33 ff 33 33  |..........333.33|
001225a0  33 ff 33 33 33 ff 33 33  33 ff 33 33 33 ff 33 33  |3.333.333.333.33|
*
001225d0  33 ff 33 33 33 ff 33 33  33 ff 00 00 00 00 00 00  |3.333.333.......|
001225e0  00 00 00 00 00 00 00 00  00 00 00 00 00 00 00 00  |................|
*
00122730  00 00 00 00 00 00 00 00  00 00 33 33 33 ff 33 33  |..........333.33|
00122740  33 ff 33 33 33 ff 33 33  33 ff 33 33 33 ff 33 33  |3.333.333.333.33|
*
001227c0  33 ff 33 33 33 ff 33 33  33 ff 33 33 33 ff 00 00  |3.333.333.333...|
001227d0  00 00 00 00 00 00 00 00  00 00 00 00 00 00 00 00  |................|
*
001228e0  00 00 00 00 00 00 00 00  00 00 00 00 00 00 2f 2f  |..............//|
001228f0  2f 10 32 32 32 fc 33 33  33 ff 33 33 33 ff 33 33  |/.222.333.333.33|
00122900  33 ff 33 33 33 ff 33 33  33 ff 33 33 33 ff 33 33  |3.333.333.333.33|
*
00122930  33 ff 33 33 33 ff 33 33  33 ff 00 00 00 00 00 00  |3.333.333.......|
00122940  00 00 00 00 00 00 00 00  00 00 00 00 00 00 00 00  |................|
*
00122990  00 00 00 00 00 00 33 33  33 ff 33 33 33 ff 33 33  |......333.333.33|
001229a0  33 ff 33 33 33 ff 33 33  33 ff 33 33 33 ff 33 33  |3.333.333.333.33|
*
001229c0  33 ff 33 33 33 ff 33 33  33 ff 33 33 33 67 00 00  |3.333.333.333g..|
001229d0  00 00 00 00 00 00 00 00  00 00 00 00 00 00 00 00  |................|
*
00122a50  00 00 00 00 00 00 00 00  00 00 32 32 32 bf 33 33  |..........222.33|
00122a60  33 ff 33 33 33 ff 33 33  33 ff 33 33 33 ff 33 33  |3.333.333.333.33|
*
00122a90  33 ff 00 00 00 00 00 00  00 00 00 00 00 00 00 00  |3...............|
00122aa0  00 00 00 00 00 00 00 00  00 00 00 00 00 00 00 00  |................|
*
00122af0  00 00 33 33 33 ff 33 33  33 ff 33 33 33 ff 33 33  |..333.333.333.33|
00122b00  33 ff 33 33 33 ff 33 33  33 ff 33 33 33 ff 33 33  |3.333.333.333.33|
*
00122b40  33 ff 00 00 00 00 00 00  00 00 00 00 00 00 00 00  |3...............|
00122b50  00 00 00 00 00 00 00 00  00 00 00 00 00 00 00 00  |................|
*
00122ba0  00 00 00 00 00 00 00 00  00 00 00 00 00 00 33 33  |..............33|
00122bb0  33 ff 33 33 33 ff 33 33  33 ff 33 33 33 ff 33 33  |3.333.333.333.33|
*
00122cd0  33 ff 33 33 33 ff 33 33  33 ff 00 00 00 00 00 00  |3.333.333.......|
00122ce0  00 00 00 00 00 00 00 00  00 00 00 00 00 00 00 00  |................|
*
00122d90  00 00 00 00 00 00 00 00  00 00 33 33 33 ff 33 33  |..........333.33|
00122da0  33 ff 33 33 33 ff 33 33  33 ff 33 33 33 ff 33 33  |3.333.333.333.33|
*
00122dd0  33 ff 33 33 33 ff 33 33  33 ff 00 00 00 00 00 00  |3.333.333.......|
00122de0  00 00 00 00 00 00 00 00  00 00 00 00 00 00 00 00  |................|
*
00122f30  00 00 00 00 00 00 00 00  00 00 33 33 33 ff 33 33  |..........333.33|
00122f40  33 ff 33 33 33 ff 33 33  33 ff 33 33 33 ff 33 33  |3.333.333.333.33|
*
00122fc0  33 ff 33 33 33 ff 33 33  33 ff 33 33 33 ff 00 00  |3.333.333.333...|
00122fd0  00 00 00 00 00 00 00 00  00 00 00 00 00 00 00 00  |................|
*
00123030  00 00 00 00 00 00 33 33  33 ff 33 33 33 ff 33 33  |......333.333.33|
00123040  33 ff 33 33 33 ff 33 33  33 ff 33 33 33 ff 33 33  |3.333.333.333.33|
00123050  33 ff 33 33 33 ff 33 33  33 ff 32 32 32 fc 33 33  |3.333.333.222.33|
00123060  33 ee 32 32 32 dd 33 33  33 c2 33 33 33 91 31 31  |3.222.333.333.11|
00123070  31 5c 36 36 36 0e 00 00  00 00 00 00 00 00 00 00  |1\666...........|
00123080  00 00 00 00 00 00 00 00  00 00 00 00 00 00 00 00  |................|
*
001230f0  00 00 32 32 32 c9 33 33  33 ff 33 33 33 ff 33 33  |..222.333.333.33|
00123100  33 ff 33 33 33 ff 33 33  33 ff 33 33 33 ff 33 33  |3.333.333.333.33|
*
00123130  33 ff 33 33 33 ff 33 33  33 ff 00 00 00 00 00 00  |3.333.333.......|
00123140  00 00 00 00 00 00 00 00  00 00 00 00 00 00 00 00  |................|
*
00123190  00 00 00 00 00 00 33 33  33 ff 33 33 33 ff 33 33  |......333.333.33|
001231a0  33 ff 33 33 33 ff 33 33  33 ff 33 33 33 ff 33 33  |3.333.333.333.33|
*
001231c0  33 ff 33 33 33 ff 33 33  33 ff 31 31 31 1f 00 00  |3.333.333.111...|
001231d0  00 00 00 00 00 00 00 00  00 00 00 00 00 00 00 00  |................|
*
00123250  00 00 00 00 00 00 00 00  00 00 33 33 33 77 33 33  |..........333w33|
00123260  33 ff 33 33 33 ff 33 33  33 ff 33 33 33 ff 33 33  |3.333.333.333.33|
*
00123290  33 ff 00 00 00 00 00 00  00 00 00 00 00 00 00 00  |3...............|
001232a0  00 00 00 00 00 00 00 00  00 00 00 00 00 00 00 00  |................|
*
001232f0  00 00 33 33 33 ff 33 33  33 ff 33 33 33 ff 33 33  |..333.333.333.33|
00123300  33 ff 33 33 33 ff 33 33  33 ff 33 33 33 ff 33 33  |3.333.333.333.33|
*
00123340  33 ff 00 00 00 00 00 00  00 00 00 00 00 00 00 00  |3...............|
00123350  00 00 00 00 00 00 00 00  00 00 00 00 00 00 00 00  |................|
*
001233a0  00 00 00 00 00 00 00 00  00 00 00 00 00 00 33 33  |..............33|
001233b0  33 ff 33 33 33 ff 33 33  33 ff 33 33 33 ff 33 33  |3.333.333.333.33|
*
001234d0  33 ff 33 33 33 ff 33 33  33 ff 00 00 00 00 00 00  |3.333.333.......|
001234e0  00 00 00 00 00 00 00 00  00 00 00 00 00 00 00 00  |................|
*
00123590  00 00 00 00 00 00 00 00  00 00 33 33 33 ff 33 33  |..........333.33|
001235a0  33 ff 33 33 33 ff 33 33  33 ff 33 33 33 ff 33 33  |3.333.333.333.33|
*
001235d0  33 ff 33 33 33 ff 33 33  33 ff 00 00 00 00 00 00  |3.333.333.......|
001235e0  00 00 00 00 00 00 00 00  00 00 00 00 00 00 00 00  |................|
*
00123730  00 00 00 00 00 00 00 00  00 00 33 33 33 ff 33 33  |..........333.33|
00123740  33 ff 33 33 33 ff 33 33  33 ff 33 33 33 ff 33 33  |3.333.333.333.33|
*
001237c0  33 ff 33 33 33 ff 33 33  33 ff 33 33 33 ff 00 00  |3.333.333.333...|
001237d0  00 00 00 00 00 00 00 00  00 00 00 00 00 00 00 00  |................|
*
00123830  00 00 00 00 00 00 33 33  33 ff 33 33 33 ff 33 33  |......333.333.33|
00123840  33 ff 33 33 33 ff 33 33  33 ff 33 33 33 ff 33 33  |3.333.333.333.33|
*
00123870  33 ff 33 33 33 f5 32 32  32 9d 35 35 35 18 00 00  |3.333.222.555...|
00123880  00 00 00 00 00 00 00 00  00 00 00 00 00 00 00 00  |................|
*
001238f0  00 00 32 32 32 84 33 33  33 ff 33 33 33 ff 33 33  |..222.333.333.33|
00123900  33 ff 33 33 33 ff 33 33  33 ff 33 33 33 ff 33 33  |3.333.333.333.33|
*
00123930  33 ff 33 33 33 ff 33 33  33 ff 00 00 00 00 00 00  |3.333.333.......|
00123940  00 00 00 00 00 00 00 00  00 00 00 00 00 00 00 00  |................|
*
00123990  00 00 00 00 00 00 33 33  33 ff 33 33 33 ff 33 33  |......333.333.33|
001239a0  33 ff 33 33 33 ff 33 33  33 ff 33 33 33 ff 33 33  |3.333.333.333.33|
*
001239c0  33 ff 33 33 33 ff 33 33  33 d5 00 00 00 00 00 00  |3.333.333.......|
001239d0  00 00 00 00 00 00 00 00  00 00 00 00 00 00 00 00  |................|
*
00123a50  00 00 00 00 00 00 00 00  00 00 30 30 30 2f 33 33  |..........000/33|
00123a60  33 ff 33 33 33 ff 33 33  33 ff 33 33 33 ff 33 33  |3.333.333.333.33|
*
00123a90  33 ff 00 00 00 00 00 00  00 00 00 00 00 00 00 00  |3...............|
00123aa0  00 00 00 00 00 00 00 00  00 00 00 00 00 00 00 00  |................|
*
00123af0  00 00 33 33 33 ff 33 33  33 ff 33 33 33 ff 33 33  |..333.333.333.33|
00123b00  33 ff 33 33 33 ff 33 33  33 ff 33 33 33 ff 33 33  |3.333.333.333.33|
*
00123b40  33 ff 00 00 00 00 00 00  00 00 00 00 00 00 00 00  |3...............|
00123b50  00 00 00 00 00 00 00 00  00 00 00 00 00 00 00 00  |................|
*
00123ba0  00 00 00 00 00 00 00 00  00 00 00 00 00 00 33 33  |..............33|
00123bb0  33 ff 33 33 33 ff 33 33  33 ff 33 33 33 ff 33 33  |3.333.333.333.33|
*
00123cd0  33 ff 33 33 33 ff 33 33  33 ff 00 00 00 00 00 00  |3.333.333.......|
00123ce0  00 00 00 00 00 00 00 00  00 00 00 00 00 00 00 00  |................|
*
00123d90  00 00 00 00 00 00 00 00  00 00 33 33 33 ff 33 33  |..........333.33|
00123da0  33 ff 33 33 33 ff 33 33  33 ff 33 33 33 ff 33 33  |3.333.333.333.33|
*
00123dd0  33 ff 33 33 33 ff 33 33  33 ff 00 00 00 00 00 00  |3.333.333.......|
00123de0  00 00 00 00 00 00 00 00  00 00 00 00 00 00 00 00  |................|
*
00123f30  00 00 00 00 00 00 00 00  00 00 33 33 33 ff 33 33  |..........333.33|
00123f40  33 ff 33 33 33 ff 33 33  33 ff 33 33 33 ff 33 33  |3.333.333.333.33|
*
00123fc0  33 ff 33 33 33 ff 33 33  33 ff 33 33 33 ff 00 00  |3.333.333.333...|
00123fd0  00 00 00 00 00 00 00 00  00 00 00 00 00 00 00 00  |................|
*
00124030  00 00 00 00 00 00 33 33  33 ff 33 33 33 ff 33 33  |......333.333.33|
00124040  33 ff 33 33 33 ff 33 33  33 ff 33 33 33 ff 33 33  |3.333.333.333.33|
*
00124070  33 ff 33 33 33 ff 33 33  33 ff 33 33 33 ee 32 32  |3.333.333.333.22|
00124080  32 51 00 00 00 00 00 00  00 00 00 00 00 00 00 00  |2Q..............|
00124090  00 00 00 00 00 00 00 00  00 00 00 00 00 00 00 00  |................|
*
001240f0  00 00 34 34 34 53 33 33  33 ff 33 33 33 ff 33 33  |..444S333.333.33|
00124100  33 ff 33 33 33 ff 33 33  33 ff 33 33 33 ff 33 33  |3.333.333.333.33|
*
00124130  33 ff 33 33 33 ff 33 33  33 ff 00 00 00 00 00 00  |3.333.333.......|
00124140  00 00 00 00 00 00 00 00  00 00 00 00 00 00 00 00  |................|
*
00124190  00 00 00 00 00 00 33 33  33 ff 33 33 33 ff 33 33  |......333.333.33|
001241a0  33 ff 33 33 33 ff 33 33  33 ff 33 33 33 ff 33 33  |3.333.333.333.33|
*
001241c0  33 ff 33 33 33 ff 33 33  33 8c 00 00 00 00 00 00  |3.333.333.......|
001241d0  00 00 00 00 00 00 00 00  00 00 00 00 00 00 00 00  |................|
*
00124250  00 00 00 00 00 00 00 00  00 00 00 00 00 01 33 33  |..............33|
00124260  33 e5 33 33 33 ff 33 33  33 ff 33 33 33 ff 33 33  |3.333.333.333.33|
00124270  33 ff 33 33 33 ff 33 33  33 ff 33 33 33 ff 33 33  |3.333.333.333.33|
*
00124290  33 ff 00 00 00 00 00 00  00 00 00 00 00 00 00 00  |3...............|
001242a0  00 00 00 00 00 00 00 00  00 00 00 00 00 00 00 00  |................|
*
001242f0  00 00 33 33 33 ff 33 33  33 ff 33 33 33 ff 33 33  |..333.333.333.33|
00124300  33 ff 33 33 33 ff 33 33  33 ff 33 33 33 ff 33 33  |3.333.333.333.33|
*
00124340  33 ff 00 00 00 00 00 00  00 00 00 00 00 00 00 00  |3...............|
00124350  00 00 00 00 00 00 00 00  00 00 00 00 00 00 00 00  |................|
*
001243a0  00 00 00 00 00 00 00 00  00 00 00 00 00 00 33 33  |..............33|
001243b0  33 ff 33 33 33 ff 33 33  33 ff 33 33 33 ff 33 33  |3.333.333.333.33|
*
001244d0  33 ff 33 33 33 ff 33 33  33 ff 00 00 00 00 00 00  |3.333.333.......|
001244e0  00 00 00 00 00 00 00 00  00 00 00 00 00 00 00 00  |................|
*
00124590  00 00 00 00 00 00 00 00  00 00 33 33 33 ff 33 33  |..........333.33|
001245a0  33 ff 33 33 33 ff 33 33  33 ff 33 33 33 ff 33 33  |3.333.333.333.33|
*
001245d0  33 ff 33 33 33 ff 33 33  33 ff 00 00 00 00 00 00  |3.333.333.......|
001245e0  00 00 00 00 00 00 00 00  00 00 00 00 00 00 00 00  |................|
*
00124730  00 00 00 00 00 00 00 00  00 00 33 33 33 ff 33 33  |..........333.33|
00124740  33 ff 33 33 33 ff 33 33  33 ff 33 33 33 ff 33 33  |3.333.333.333.33|
*
001247c0  33 ff 33 33 33 ff 33 33  33 ff 33 33 33 ff 00 00  |3.333.333.333...|
001247d0  00 00 00 00 00 00 00 00  00 00 00 00 00 00 00 00  |................|
*
00124830  00 00 00 00 00 00 33 33  33 ff 33 33 33 ff 33 33  |......333.333.33|
00124840  33 ff 33 33 33 ff 33 33  33 ff 33 33 33 ff 33 33  |3.333.333.333.33|
*
00124880  33 fa 34 34 34 49 00 00  00 00 00 00 00 00 00 00  |3.444I..........|
00124890  00 00 00 00 00 00 00 00  00 00 00 00 00 00 00 00  |................|
*
001248f0  00 00 34 34 34 2c 33 33  33 ff 33 33 33 ff 33 33  |..444,333.333.33|
00124900  33 ff 33 33 33 ff 33 33  33 ff 33 33 33 ff 33 33  |3.333.333.333.33|
*
00124930  33 ff 33 33 33 ff 33 33  33 ff 00 00 00 00 00 00  |3.333.333.......|
00124940  00 00 00 00 00 00 00 00  00 00 00 00 00 00 00 00  |................|
*
00124990  00 00 00 00 00 00 33 33  33 ff 33 33 33 ff 33 33  |......333.333.33|
001249a0  33 ff 33 33 33 ff 33 33  33 ff 33 33 33 ff 33 33  |3.333.333.333.33|
*
001249c0  33 ff 33 33 33 ff 31 31  31 43 00 00 00 00 00 00  |3.333.111C......|
001249d0  00 00 00 00 00 00 00 00  00 00 00 00 00 00 00 00  |................|
*
00124a50  00 00 00 00 00 00 00 00  00 00 00 00 00 00 33 33  |..............33|
00124a60  33 9e 33 33 33 ff 33 33  33 ff 33 33 33 ff 33 33  |3.333.333.333.33|
00124a70  33 ff 33 33 33 ff 33 33  33 ff 33 33 33 ff 33 33  |3.333.333.333.33|
*
00124a90  33 ff 00 00 00 00 00 00  00 00 00 00 00 00 00 00  |3...............|
00124aa0  00 00 00 00 00 00 00 00  00 00 00 00 00 00 00 00  |................|
*
00124af0  00 00 33 33 33 ff 33 33  33 ff 33 33 33 ff 33 33  |..333.333.333.33|
00124b00  33 ff 33 33 33 ff 33 33  33 ff 33 33 33 ff 33 33  |3.333.333.333.33|
*
00124b40  33 ff 00 00 00 00 00 00  00 00 00 00 00 00 00 00  |3...............|
00124b50  00 00 00 00 00 00 00 00  00 00 00 00 00 00 00 00  |................|
*
00124ba0  00 00 00 00 00 00 00 00  00 00 00 00 00 00 33 33  |..............33|
00124bb0  33 ff 33 33 33 ff 33 33  33 ff 33 33 33 ff 33 33  |3.333.333.333.33|
*
00124cd0  33 ff 33 33 33 ff 33 33  33 ff 00 00 00 00 00 00  |3.333.333.......|
00124ce0  00 00 00 00 00 00 00 00  00 00 00 00 00 00 00 00  |................|
*
00124d90  00 00 00 00 00 00 00 00  00 00 33 33 33 ff 33 33  |..........333.33|
00124da0  33 ff 33 33 33 ff 33 33  33 ff 33 33 33 ff 33 33  |3.333.333.333.33|
*
00124dd0  33 ff 33 33 33 ff 33 33  33 ff 00 00 00 00 00 00  |3.333.333.......|
00124de0  00 00 00 00 00 00 00 00  00 00 00 00 00 00 00 00  |................|
*
00124f30  00 00 00 00 00 00 00 00  00 00 33 33 33 ff 33 33  |..........333.33|
00124f40  33 ff 33 33 33 ff 33 33  33 ff 33 33 33 ff 33 33  |3.333.333.333.33|
*
00124fc0  33 ff 33 33 33 ff 33 33  33 ff 33 33 33 ff 00 00  |3.333.333.333...|
00124fd0  00 00 00 00 00 00 00 00  00 00 00 00 00 00 00 00  |................|
*
00125030  00 00 00 00 00 00 33 33  33 ff 33 33 33 ff 33 33  |......333.333.33|
00125040  33 ff 33 33 33 ff 33 33  33 ff 33 33 33 ff 33 33  |3.333.333.333.33|
*
00125080  33 ff 33 33 33 ee 38 38  38 12 00 00 00 00 00 00  |3.333.888.......|
00125090  00 00 00 00 00 00 00 00  00 00 00 00 00 00 00 00  |................|
*
001250f0  00 00 3f 3f 3f 08 33 33  33 fd 33 33 33 ff 33 33  |..???.333.333.33|
00125100  33 ff 33 33 33 ff 33 33  33 ff 33 33 33 ff 33 33  |3.333.333.333.33|
*
00125130  33 ff 33 33 33 ff 33 33  33 ff 00 00 00 00 00 00  |3.333.333.......|
00125140  00 00 00 00 00 00 00 00  00 00 00 00 00 00 00 00  |................|
*
00125190  00 00 00 00 00 00 33 33  33 ff 33 33 33 ff 33 33  |......333.333.33|
001251a0  33 ff 33 33 33 ff 33 33  33 ff 33 33 33 ff 33 33  |3.333.333.333.33|
*
001251c0  33 ff 33 33 33 f3 24 24  24 07 00 00 00 00 00 00  |3.333.$$$.......|
001251d0  00 00 00 00 00 00 00 00  00 00 00 00 00 00 00 00  |................|
*
00125250  00 00 00 00 00 00 00 00  00 00 00 00 00 00 32 32  |..............22|
00125260  32 56 33 33 33 ff 33 33  33 ff 33 33 33 ff 33 33  |2V333.333.333.33|
00125270  33 ff 33 33 33 ff 33 33  33 ff 33 33 33 ff 33 33  |3.333.333.333.33|
*
00125290  33 ff 00 00 00 00 00 00  00 00 00 00 00 00 00 00  |3...............|
001252a0  00 00 00 00 00 00 00 00  00 00 00 00 00 00 00 00  |................|
*
001252f0  00 00 33 33 33 ff 33 33  33 ff 33 33 33 ff 33 33  |..333.333.333.33|
00125300  33 ff 33 33 33 ff 33 33  33 ff 33 33 33 ff 33 33  |3.333.333.333.33|
*
00125340  33 ff 00 00 00 00 00 00  00 00 00 00 00 00 00 00  |3...............|
00125350  00 00 00 00 00 00 00 00  00 00 00 00 00 00 00 00  |................|
*
001253a0  00 00 00 00 00 00 00 00  00 00 00 00 00 00 33 33  |..............33|
001253b0  33 ff 33 33 33 ff 33 33  33 ff 33 33 33 ff 33 33  |3.333.333.333.33|
*
001254d0  33 ff 33 33 33 ff 33 33  33 ff 00 00 00 00 00 00  |3.333.333.......|
001254e0  00 00 00 00 00 00 00 00  00 00 00 00 00 00 00 00  |................|
*
00125590  00 00 00 00 00 00 00 00  00 00 33 33 33 ff 33 33  |..........333.33|
001255a0  33 ff 33 33 33 ff 33 33  33 ff 33 33 33 ff 33 33  |3.333.333.333.33|
*
001255d0  33 ff 33 33 33 ff 33 33  33 ff 00 00 00 00 00 00  |3.333.333.......|
001255e0  00 00 00 00 00 00 00 00  00 00 00 00 00 00 00 00  |................|
*
00125730  00 00 00 00 00 00 00 00  00 00 33 33 33 ff 33 33  |..........333.33|
00125740  33 ff 33 33 33 ff 33 33  33 ff 33 33 33 ff 33 33  |3.333.333.333.33|
*
001257c0  33 ff 33 33 33 ff 33 33  33 ff 33 33 33 ff 00 00  |3.333.333.333...|
001257d0  00 00 00 00 00 00 00 00  00 00 00 00 00 00 00 00  |................|
*
00125830  00 00 00 00 00 00 33 33  33 ff 33 33 33 ff 33 33  |......333.333.33|
00125840  33 ff 33 33 33 ff 33 33  33 ff 33 33 33 ff 33 33  |3.333.333.333.33|
*
00125880  33 ff 33 33 33 ff 33 33  33 86 00 00 00 00 00 00  |3.333.333.......|
00125890  00 00 00 00 00 00 00 00  00 00 00 00 00 00 00 00  |................|
*
001258f0  00 00 00 00 00 00 33 33  33 ef 33 33 33 ff 33 33  |......333.333.33|
00125900  33 ff 33 33 33 ff 33 33  33 ff 33 33 33 ff 33 33  |3.333.333.333.33|
*
00125930  33 ff 33 33 33 ff 33 33  33 ff 00 00 00 00 00 00  |3.333.333.......|
00125940  00 00 00 00 00 00 00 00  00 00 00 00 00 00 00 00  |................|
*
00125990  00 00 00 00 00 00 33 33  33 ff 33 33 33 ff 33 33  |......333.333.33|
001259a0  33 ff 33 33 33 ff 33 33  33 ff 33 33 33 ff 33 33  |3.333.333.333.33|
*
001259c0  33 ff 32 32 32 b0 00 00  00 00 00 00 00 00 00 00  |3.222...........|
001259d0  00 00 00 00 00 00 00 00  00 00 00 00 00 00 00 00  |................|
*
00125a50  00 00 00 00 00 00 00 00  00 00 00 00 00 00 2d 2d  |..............--|
00125a60  2d 11 32 32 32 fc 33 33  33 ff 33 33 33 ff 33 33  |-.222.333.333.33|
00125a70  33 ff 33 33 33 ff 33 33  33 ff 33 33 33 ff 33 33  |3.333.333.333.33|
*
00125a90  33 ff 00 00 00 00 00 00  00 00 00 00 00 00 00 00  |3...............|
00125aa0  00 00 00 00 00 00 00 00  00 00 00 00 00 00 00 00  |................|
*
00125af0  00 00 33 33 33 ff 33 33  33 ff 33 33 33 ff 33 33  |..333.333.333.33|
00125b00  33 ff 33 33 33 ff 33 33  33 ff 33 33 33 ff 33 33  |3.333.333.333.33|
*
00125b40  33 ff 00 00 00 00 00 00  00 00 00 00 00 00 00 00  |3...............|
00125b50  00 00 00 00 00 00 00 00  00 00 00 00 00 00 00 00  |................|
*
00125ba0  00 00 00 00 00 00 00 00  00 00 00 00 00 00 33 33  |..............33|
00125bb0  33 ff 33 33 33 ff 33 33  33 ff 33 33 33 ff 33 33  |3.333.333.333.33|
*
00125cd0  33 ff 33 33 33 ff 33 33  33 ff 00 00 00 00 00 00  |3.333.333.......|
00125ce0  00 00 00 00 00 00 00 00  00 00 00 00 00 00 00 00  |................|
*
00125d90  00 00 00 00 00 00 00 00  00 00 33 33 33 ff 33 33  |..........333.33|
00125da0  33 ff 33 33 33 ff 33 33  33 ff 33 33 33 ff 33 33  |3.333.333.333.33|
*
00125dd0  33 ff 33 33 33 ff 33 33  33 ff 00 00 00 00 00 00  |3.333.333.......|
00125de0  00 00 00 00 00 00 00 00  00 00 00 00 00 00 00 00  |................|
*
00125f30  00 00 00 00 00 00 00 00  00 00 33 33 33 ff 33 33  |..........333.33|
00125f40  33 ff 33 33 33 ff 33 33  33 ff 33 33 33 ff 33 33  |3.333.333.333.33|
*
00125fc0  33 ff 33 33 33 ff 33 33  33 ff 33 33 33 ff 00 00  |3.333.333.333...|
00125fd0  00 00 00 00 00 00 00 00  00 00 00 00 00 00 00 00  |................|
*
00126030  00 00 00 00 00 00 33 33  33 ff 33 33 33 ff 33 33  |......333.333.33|
00126040  33 ff 33 33 33 ff 33 33  33 ff 33 33 33 ff 33 33  |3.333.333.333.33|
*
00126080  33 ff 33 33 33 ff 33 33  33 df 00 00 00 00 00 00  |3.333.333.......|
00126090  00 00 00 00 00 00 00 00  00 00 00 00 00 00 00 00  |................|
*
001260f0  00 00 00 00 00 00 32 32  32 e3 33 33 33 ff 33 33  |......222.333.33|
00126100  33 ff 33 33 33 ff 33 33  33 ff 33 33 33 ff 33 33  |3.333.333.333.33|
*
00126130  33 ff 33 33 33 ff 33 33  33 ff 00 00 00 00 00 00  |3.333.333.......|
00126140  00 00 00 00 00 00 00 00  00 00 00 00 00 00 00 00  |................|
*
00126190  00 00 00 00 00 00 33 33  33 ff 33 33 33 ff 33 33  |......333.333.33|
001261a0  33 ff 33 33 33 ff 33 33  33 ff 33 33 33 ff 33 33  |3.333.333.333.33|
*
001261c0  33 ff 33 33 33 67 00 00  00 00 00 00 00 00 00 00  |3.333g..........|
001261d0  00 00 00 00 00 00 00 00  00 00 00 00 00 00 00 00  |................|
*
00126260  00 00 33 33 33 c6 33 33  33 ff 33 33 33 ff 33 33  |..333.333.333.33|
00126270  33 ff 33 33 33 ff 33 33  33 ff 33 33 33 ff 33 33  |3.333.333.333.33|
*
00126290  33 ff 00 00 00 00 00 00  00 00 00 00 00 00 00 00  |3...............|
001262a0  00 00 00 00 00 00 00 00  00 00 00 00 00 00 00 00  |................|
*
001262f0  00 00 33 33 33 ff 33 33  33 ff 33 33 33 ff 33 33  |..333.333.333.33|
00126300  33 ff 33 33 33 ff 33 33  33 ff 33 33 33 ff 33 33  |3.333.333.333.33|
*
00126340  33 ff 00 00 00 00 00 00  00 00 00 00 00 00 00 00  |3...............|
00126350  00 00 00 00 00 00 00 00  00 00 00 00 00 00 00 00  |................|
*
001263a0  00 00 00 00 00 00 00 00  00 00 00 00 00 00 33 33  |..............33|
001263b0  33 ff 33 33 33 ff 33 33  33 ff 33 33 33 ff 33 33  |3.333.333.333.33|
*
001264d0  33 ff 33 33 33 ff 33 33  33 ff 00 00 00 00 00 00  |3.333.333.......|
001264e0  00 00 00 00 00 00 00 00  00 00 00 00 00 00 00 00  |................|
*
00126590  00 00 00 00 00 00 00 00  00 00 33 33 33 ff 33 33  |..........333.33|
001265a0  33 ff 33 33 33 ff 33 33  33 ff 33 33 33 ff 33 33  |3.333.333.333.33|
*
001265d0  33 ff 33 33 33 ff 33 33  33 ff 00 00 00 00 00 00  |3.333.333.......|
001265e0  00 00 00 00 00 00 00 00  00 00 00 00 00 00 00 00  |................|
*
00126730  00 00 00 00 00 00 00 00  00 00 33 33 33 ff 33 33  |..........333.33|
00126740  33 ff 33 33 33 ff 33 33  33 ff 33 33 33 ff 33 33  |3.333.333.333.33|
*
001267c0  33 ff 33 33 33 ff 33 33  33 ff 33 33 33 ff 00 00  |3.333.333.333...|
001267d0  00 00 00 00 00 00 00 00  00 00 00 00 00 00 00 00  |................|
*
00126830  00 00 00 00 00 00 33 33  33 ff 33 33 33 ff 33 33  |......333.333.33|
00126840  33 ff 33 33 33 ff 33 33  33 ff 33 33 33 ff 33 33  |3.333.333.333.33|
*
00126880  33 ff 33 33 33 ff 33 33  33 ff 31 31 31 24 00 00  |3.333.333.111$..|
00126890  00 00 00 00 00 00 00 00  00 00 00 00 00 00 00 00  |................|
*
001268f0  00 00 00 00 00 00 33 33  33 d6 33 33 33 ff 33 33  |......333.333.33|
00126900  33 ff 33 33 33 ff 33 33  33 ff 33 33 33 ff 33 33  |3.333.333.333.33|
*
00126930  33 ff 33 33 33 ff 33 33  33 ff 00 00 00 00 00 00  |3.333.333.......|
00126940  00 00 00 00 00 00 00 00  00 00 00 00 00 00 00 00  |................|
*
00126990  00 00 00 00 00 00 33 33  33 ff 33 33 33 ff 33 33  |......333.333.33|
001269a0  33 ff 33 33 33 ff 33 33  33 ff 33 33 33 ff 33 33  |3.333.333.333.33|
*
001269c0  33 ff 31 31 31 1f 00 00  00 00 00 00 00 00 00 00  |3.111...........|
001269d0  00 00 00 00 00 00 00 00  00 00 00 00 00 00 00 00  |................|
*
00126a60  00 00 32 32 32 7e 33 33  33 ff 33 33 33 ff 33 33  |..222~333.333.33|
00126a70  33 ff 33 33 33 ff 33 33  33 ff 33 33 33 ff 33 33  |3.333.333.333.33|
*
00126a90  33 ff 00 00 00 00 00 00  00 00 00 00 00 00 00 00  |3...............|
00126aa0  00 00 00 00 00 00 00 00  00 00 00 00 00 00 00 00  |................|
*
00126af0  00 00 33 33 33 ff 33 33  33 ff 33 33 33 ff 33 33  |..333.333.333.33|
00126b00  33 ff 33 33 33 ff 33 33  33 ff 33 33 33 ff 33 33  |3.333.333.333.33|
*
00126b40  33 ff 00 00 00 00 00 00  00 00 00 00 00 00 00 00  |3...............|
00126b50  00 00 00 00 00 00 00 00  00 00 00 00 00 00 00 00  |................|
*
00126ba0  00 00 00 00 00 00 00 00  00 00 00 00 00 00 33 33  |..............33|
00126bb0  33 ff 33 33 33 ff 33 33  33 ff 33 33 33 ff 33 33  |3.333.333.333.33|
*
00126cd0  33 ff 33 33 33 ff 33 33  33 ff 00 00 00 00 00 00  |3.333.333.......|
00126ce0  00 00 00 00 00 00 00 00  00 00 00 00 00 00 00 00  |................|
*
00126d90  00 00 00 00 00 00 00 00  00 00 33 33 33 ff 33 33  |..........333.33|
00126da0  33 ff 33 33 33 ff 33 33  33 ff 33 33 33 ff 33 33  |3.333.333.333.33|
*
00126dd0  33 ff 33 33 33 ff 33 33  33 ff 00 00 00 00 00 00  |3.333.333.......|
00126de0  00 00 00 00 00 00 00 00  00 00 00 00 00 00 00 00  |................|
*
00126f30  00 00 00 00 00 00 00 00  00 00 33 33 33 ff 33 33  |..........333.33|
00126f40  33 ff 33 33 33 ff 33 33  33 ff 33 33 33 ff 33 33  |3.333.333.333.33|
*
00126fc0  33 ff 33 33 33 ff 33 33  33 ff 33 33 33 ff 00 00  |3.333.333.333...|
00126fd0  00 00 00 00 00 00 00 00  00 00 00 00 00 00 00 00  |................|
*
00127030  00 00 00 00 00 00 33 33  33 ff 33 33 33 ff 33 33  |......333.333.33|
00127040  33 ff 33 33 33 ff 33 33  33 ff 33 33 33 ff 33 33  |3.333.333.333.33|
*
00127080  33 ff 33 33 33 ff 33 33  33 ff 32 32 32 47 00 00  |3.333.333.222G..|
00127090  00 00 00 00 00 00 00 00  00 00 00 00 00 00 00 00  |................|
*
001270f0  00 00 00 00 00 00 33 33  33 d6 33 33 33 ff 33 33  |......333.333.33|
00127100  33 ff 33 33 33 ff 33 33  33 ff 33 33 33 ff 33 33  |3.333.333.333.33|
*
00127130  33 ff 33 33 33 ff 33 33  33 ff 00 00 00 00 00 00  |3.333.333.......|
00127140  00 00 00 00 00 00 00 00  00 00 00 00 00 00 00 00  |................|
*
00127190  00 00 00 00 00 00 33 33  33 ff 33 33 33 ff 33 33  |......333.333.33|
001271a0  33 ff 33 33 33 ff 33 33  33 ff 33 33 33 ff 33 33  |3.333.333.333.33|
*
001271c0  33 d5 00 00 00 00 00 00  00 00 00 00 00 00 00 00  |3...............|
001271d0  00 00 00 00 00 00 00 00  00 00 00 00 00 00 00 00  |................|
*
00127210  00 00 33 33 33 63 32 32  32 6f 00 00 00 00 00 00  |..333c222o......|
00127220  00 00 00 00 00 00 00 00  00 00 00 00 00 00 00 00  |................|
*
00127260  00 00 33 33 33 36 33 33  33 ff 33 33 33 ff 33 33  |..3336333.333.33|
00127270  33 ff 33 33 33 ff 33 33  33 ff 33 33 33 ff 33 33  |3.333.333.333.33|
*
00127290  33 ff 00 00 00 00 00 00  00 00 00 00 00 00 00 00  |3...............|
001272a0  00 00 00 00 00 00 00 00  00 00 00 00 00 00 00 00  |................|
*
001272f0  00 00 33 33 33 ff 33 33  33 ff 33 33 33 ff 33 33  |..333.333.333.33|
00127300  33 ff 33 33 33 ff 33 33  33 ff 33 33 33 ff 33 33  |3.333.333.333.33|
*
00127340  33 ff 00 00 00 00 00 00  00 00 00 00 00 00 00 00  |3...............|
00127350  00 00 00 00 00 00 00 00  00 00 00 00 00 00 00 00  |................|
*
001273a0  00 00 00 00 00 00 00 00  00 00 00 00 00 00 33 33  |..............33|
001273b0  33 ff 33 33 33 ff 33 33  33 ff 33 33 33 ff 33 33  |3.333.333.333.33|
*
001274d0  33 ff 33 33 33 ff 33 33  33 ff 00 00 00 00 00 00  |3.333.333.......|
001274e0  00 00 00 00 00 00 00 00  00 00 00 00 00 00 00 00  |................|
*
00127590  00 00 00 00 00 00 00 00  00 00 33 33 33 ff 33 33  |..........333.33|
001275a0  33 ff 33 33 33 ff 33 33  33 ff 33 33 33 ff 33 33  |3.333.333.333.33|
*
001275d0  33 ff 33 33 33 ff 33 33  33 ff 00 00 00 00 00 00  |3.333.333.......|
001275e0  00 00 00 00 00 00 00 00  00 00 00 00 00 00 00 00  |................|
*
00127730  00 00 00 00 00 00 00 00  00 00 33 33 33 ff 33 33  |..........333.33|
00127740  33 ff 33 33 33 ff 33 33  33 ff 33 33 33 ff 33 33  |3.333.333.333.33|
*
001277c0  33 ff 33 33 33 ff 33 33  33 ff 33 33 33 ff 00 00  |3.333.333.333...|
001277d0  00 00 00 00 00 00 00 00  00 00 00 00 00 00 00 00  |................|
*
00127830  00 00 00 00 00 00 33 33  33 ff 33 33 33 ff 33 33  |......333.333.33|
00127840  33 ff 33 33 33 ff 33 33  33 ff 33 33 33 ff 33 33  |3.333.333.333.33|
*
00127880  33 ff 33 33 33 ff 33 33  33 ff 31 31 31 5c 00 00  |3.333.333.111\..|
00127890  00 00 00 00 00 00 00 00  00 00 00 00 00 00 00 00  |................|
*
001278f0  00 00 00 00 00 00 32 32  32 e7 33 33 33 ff 33 33  |......222.333.33|
00127900  33 ff 33 33 33 ff 33 33  33 ff 33 33 33 ff 33 33  |3.333.333.333.33|
*
00127930  33 ff 33 33 33 ff 33 33  33 ff 00 00 00 00 00 00  |3.333.333.......|
00127940  00 00 00 00 00 00 00 00  00 00 00 00 00 00 00 00  |................|
*
00127990  00 00 00 00 00 00 33 33  33 ff 33 33 33 ff 33 33  |......333.333.33|
001279a0  33 ff 33 33 33 ff 33 33  33 ff 33 33 33 ff 33 33  |3.333.333.333.33|
*
001279c0  33 8c 00 00 00 00 00 00  00 00 00 00 00 00 00 00  |3...............|
001279d0  00 00 00 00 00 00 00 00  00 00 00 00 00 00 00 00  |................|
*
00127a10  00 00 33 33 33 ae 33 33  33 b8 00 00 00 00 00 00  |..333.333.......|
00127a20  00 00 00 00 00 00 00 00  00 00 00 00 00 00 00 00  |................|
*
00127a60  00 00 00 00 00 02 33 33  33 e9 33 33 33 ff 33 33  |......333.333.33|
00127a70  33 ff 33 33 33 ff 33 33  33 ff 33 33 33 ff 33 33  |3.333.333.333.33|
*
00127a90  33 ff 00 00 00 00 00 00  00 00 00 00 00 00 00 00  |3...............|
00127aa0  00 00 00 00 00 00 00 00  00 00 00 00 00 00 00 00  |................|
*
00127af0  00 00 33 33 33 ff 33 33  33 ff 33 33 33 ff 33 33  |..333.333.333.33|
00127b00  33 ff 33 33 33 ff 33 33  33 ff 33 33 33 ff 33 33  |3.333.333.333.33|
*
00127b40  33 ff 00 00 00 00 00 00  00 00 00 00 00 00 00 00  |3...............|
00127b50  00 00 00 00 00 00 00 00  00 00 00 00 00 00 00 00  |................|
*
00127ba0  00 00 00 00 00 00 00 00  00 00 00 00 00 00 33 33  |..............33|
00127bb0  33 ff 33 33 33 ff 33 33  33 ff 33 33 33 ff 33 33  |3.333.333.333.33|
*
00127cd0  33 ff 33 33 33 ff 33 33  33 ff 00 00 00 00 00 00  |3.333.333.......|
00127ce0  00 00 00 00 00 00 00 00  00 00 00 00 00 00 00 00  |................|
*
00127d90  00 00 00 00 00 00 00 00  00 00 33 33 33 ff 33 33  |..........333.33|
00127da0  33 ff 33 33 33 ff 33 33  33 ff 33 33 33 ff 33 33  |3.333.333.333.33|
*
00127dd0  33 ff 33 33 33 ff 33 33  33 ff 00 00 00 00 00 00  |3.333.333.......|
00127de0  00 00 00 00 00 00 00 00  00 00 00 00 00 00 00 00  |................|
*
00127f30  00 00 00 00 00 00 00 00  00 00 33 33 33 ff 33 33  |..........333.33|
00127f40  33 ff 33 33 33 ff 33 33  33 ff 33 33 33 ff 33 33  |3.333.333.333.33|
*
00127fc0  33 ff 33 33 33 ff 33 33  33 ff 33 33 33 ff 00 00  |3.333.333.333...|
00127fd0  00 00 00 00 00 00 00 00  00 00 00 00 00 00 00 00  |................|
*
00128030  00 00 00 00 00 00 33 33  33 ff 33 33 33 ff 33 33  |......333.333.33|
00128040  33 ff 33 33 33 ff 33 33  33 ff 33 33 33 ff 33 33  |3.333.333.333.33|
*
00128080  33 ff 33 33 33 ff 33 33  33 ff 33 33 33 64 00 00  |3.333.333.333d..|
00128090  00 00 00 00 00 00 00 00  00 00 00 00 00 00 00 00  |................|
*
001280f0  00 00 00 00 00 00 32 32  32 f7 33 33 33 ff 33 33  |......222.333.33|
00128100  33 ff 33 33 33 ff 33 33  33 ff 33 33 33 ff 33 33  |3.333.333.333.33|
*
00128130  33 ff 33 33 33 ff 33 33  33 ff 00 00 00 00 00 00  |3.333.333.......|
00128140  00 00 00 00 00 00 00 00  00 00 00 00 00 00 00 00  |................|
*
00128190  00 00 00 00 00 00 33 33  33 ff 33 33 33 ff 33 33  |......333.333.33|
001281a0  33 ff 33 33 33 ff 33 33  33 ff 33 33 33 ff 33 33  |3.333.333.333.33|
001281b0  33 ff 33 33 33 ff 33 33  33 ff 33 33 33 ff 31 31  |3.333.333.333.11|
001281c0  31 43 00 00 00 00 00 00  00 00 00 00 00 00 00 00  |1C..............|
001281d0  00 00 00 00 00 00 00 00  00 00 00 00 00 00 00 00  |................|
*
00128200  00 00 00 00 00 00 00 00  00 00 00 00 00 00 2a 2a  |..............**|
00128210  2a 06 32 32 32 f2 33 33  33 f8 2a 2a 2a 0c 00 00  |*.222.333.***...|
00128220  00 00 00 00 00 00 00 00  00 00 00 00 00 00 00 00  |................|
*
00128260  00 00 00 00 00 00 33 33  33 a5 33 33 33 ff 33 33  |......333.333.33|
00128270  33 ff 33 33 33 ff 33 33  33 ff 33 33 33 ff 33 33  |3.333.333.333.33|
*
00128290  33 ff 00 00 00 00 00 00  00 00 00 00 00 00 00 00  |3...............|
001282a0  00 00 00 00 00 00 00 00  00 00 00 00 00 00 00 00  |................|
*
001282f0  00 00 33 33 33 ff 33 33  33 ff 33 33 33 ff 33 33  |..333.333.333.33|
00128300  33 ff 33 33 33 ff 33 33  33 ff 33 33 33 ff 33 33  |3.333.333.333.33|
*
00128340  33 ff 00 00 00 00 00 00  00 00 00 00 00 00 00 00  |3...............|
00128350  00 00 00 00 00 00 00 00  00 00 00 00 00 00 00 00  |................|
*
001283a0  00 00 00 00 00 00 00 00  00 00 00 00 00 00 33 33  |..............33|
001283b0  33 ff 33 33 33 ff 33 33  33 ff 33 33 33 ff 33 33  |3.333.333.333.33|
*
001284d0  33 ff 33 33 33 ff 33 33  33 ff 00 00 00 00 00 00  |3.333.333.......|
001284e0  00 00 00 00 00 00 00 00  00 00 00 00 00 00 00 00  |................|
*
00128590  00 00 00 00 00 00 00 00  00 00 33 33 33 ff 33 33  |..........333.33|
001285a0  33 ff 33 33 33 ff 33 33  33 ff 33 33 33 ff 33 33  |3.333.333.333.33|
*
001285d0  33 ff 33 33 33 ff 33 33  33 ff 00 00 00 00 00 00  |3.333.333.......|
001285e0  00 00 00 00 00 00 00 00  00 00 00 00 00 00 00 00  |................|
*
00128730  00 00 00 00 00 00 00 00  00 00 33 33 33 ff 33 33  |..........333.33|
00128740  33 ff 33 33 33 ff 33 33  33 ff 33 33 33 ff 33 33  |3.333.333.333.33|
*
001287c0  33 ff 33 33 33 ff 33 33  33 ff 33 33 33 ff 00 00  |3.333.333.333...|
001287d0  00 00 00 00 00 00 00 00  00 00 00 00 00 00 00 00  |................|
*
00128830  00 00 00 00 00 00 33 33  33 ff 33 33 33 ff 33 33  |......333.333.33|
00128840  33 ff 33 33 33 ff 33 33  33 ff 33 33 33 ff 33 33  |3.333.333.333.33|
*
00128880  33 ff 33 33 33 ff 33 33  33 ff 31 31 31 4d 00 00  |3.333.333.111M..|
00128890  00 00 00 00 00 00 00 00  00 00 00 00 00 00 00 00  |................|
*
001288f0  00 00 24 24 24 07 33 33  33 ff 33 33 33 ff 33 33  |..$$$.333.333.33|
00128900  33 ff 33 33 33 ff 33 33  33 ff 33 33 33 ff 33 33  |3.333.333.333.33|
*
00128930  33 ff 33 33 33 ff 33 33  33 ff 00 00 00 00 00 00  |3.333.333.......|
00128940  00 00 00 00 00 00 00 00  00 00 00 00 00 00 00 00  |................|
*
00128990  00 00 00 00 00 00 33 33  33 ff 33 33 33 ff 33 33  |......333.333.33|
001289a0  33 ff 33 33 33 ff 33 33  33 ff 33 33 33 ff 33 33  |3.333.333.333.33|
001289b0  33 ff 33 33 33 ff 33 33  33 ff 33 33 33 f4 24 24  |3.333.333.333.$$|
001289c0  24 07 00 00 00 00 00 00  00 00 00 00 00 00 00 00  |$...............|
001289d0  00 00 00 00 00 00 00 00  00 00 00 00 00 00 00 00  |................|
*
00128a00  00 00 00 00 00 00 00 00  00 00 00 00 00 00 33 33  |..............33|
00128a10  33 46 33 33 33 ff 33 33  33 ff 31 31 31 4d 00 00  |3F333.333.111M..|
00128a20  00 00 00 00 00 00 00 00  00 00 00 00 00 00 00 00  |................|
*
00128a60  00 00 00 00 00 00 33 33  33 5e 33 33 33 ff 33 33  |......333^333.33|
00128a70  33 ff 33 33 33 ff 33 33  33 ff 33 33 33 ff 33 33  |3.333.333.333.33|
*
00128a90  33 ff 00 00 00 00 00 00  00 00 00 00 00 00 00 00  |3...............|
00128aa0  00 00 00 00 00 00 00 00  00 00 00 00 00 00 00 00  |................|
*
00128af0  00 00 33 33 33 ff 33 33  33 ff 33 33 33 ff 33 33  |..333.333.333.33|
00128b00  33 ff 33 33 33 ff 33 33  33 ff 33 33 33 ff 33 33  |3.333.333.333.33|
*
00128b40  33 ff 00 00 00 00 00 00  00 00 00 00 00 00 00 00  |3...............|
00128b50  00 00 00 00 00 00 00 00  00 00 00 00 00 00 00 00  |................|
*
00128ba0  00 00 00 00 00 00 00 00  00 00 00 00 00 00 33 33  |..............33|
00128bb0  33 ff 33 33 33 ff 33 33  33 ff 33 33 33 ff 33 33  |3.333.333.333.33|
*
00128cd0  33 ff 33 33 33 ff 33 33  33 ff 00 00 00 00 00 00  |3.333.333.......|
00128ce0  00 00 00 00 00 00 00 00  00 00 00 00 00 00 00 00  |................|
*
00128d90  00 00 00 00 00 00 00 00  00 00 33 33 33 ff 33 33  |..........333.33|
00128da0  33 ff 33 33 33 ff 33 33  33 ff 33 33 33 ff 33 33  |3.333.333.333.33|
*
00128dd0  33 ff 33 33 33 ff 33 33  33 ff 00 00 00 00 00 00  |3.333.333.......|
00128de0  00 00 00 00 00 00 00 00  00 00 00 00 00 00 00 00  |................|
*
00128f30  00 00 00 00 00 00 00 00  00 00 33 33 33 ff 33 33  |..........333.33|
00128f40  33 ff 33 33 33 ff 33 33  33 ff 33 33 33 ff 33 33  |3.333.333.333.33|
*
00128fc0  33 ff 33 33 33 ff 33 33  33 ff 33 33 33 ff 00 00  |3.333.333.333...|
00128fd0  00 00 00 00 00 00 00 00  00 00 00 00 00 00 00 00  |................|
*
00129030  00 00 00 00 00 00 33 33  33 ff 33 33 33 ff 33 33  |......333.333.33|
00129040  33 ff 33 33 33 ff 33 33  33 ff 33 33 33 ff 33 33  |3.333.333.333.33|
*
00129080  33 ff 33 33 33 ff 33 33  33 ff 33 33 33 2d 00 00  |3.333.333.333-..|
00129090  00 00 00 00 00 00 00 00  00 00 00 00 00 00 00 00  |................|
*
001290f0  00 00 34 34 34 22 33 33  33 ff 33 33 33 ff 33 33  |..444"333.333.33|
00129100  33 ff 33 33 33 ff 33 33  33 ff 33 33 33 ff 33 33  |3.333.333.333.33|
*
00129130  33 ff 33 33 33 ff 33 33  33 ff 00 00 00 00 00 00  |3.333.333.......|
00129140  00 00 00 00 00 00 00 00  00 00 00 00 00 00 00 00  |................|
*
00129190  00 00 00 00 00 00 33 33  33 ff 33 33 33 ff 33 33  |......333.333.33|
001291a0  33 ff 33 33 33 ff 33 33  33 ff 33 33 33 ff 33 33  |3.333.333.333.33|
001291b0  33 ff 33 33 33 ff 33 33  33 ff 32 32 32 b1 00 00  |3.333.333.222...|
001291c0  00 00 00 00 00 00 00 00  00 00 00 00 00 00 00 00  |................|
*
00129200  00 00 00 00 00 00 00 00  00 00 00 00 00 00 33 33  |..............33|
00129210  33 91 33 33 33 ff 33 33  33 ff 32 32 32 97 00 00  |3.333.333.222...|
00129220  00 00 00 00 00 00 00 00  00 00 00 00 00 00 00 00  |................|
*
00129260  00 00 00 00 00 00 37 37  37 17 33 33 33 fd 33 33  |......777.333.33|
00129270  33 ff 33 33 33 ff 33 33  33 ff 33 33 33 ff 33 33  |3.333.333.333.33|
*
00129290  33 ff 00 00 00 00 00 00  00 00 00 00 00 00 00 00  |3...............|
001292a0  00 00 00 00 00 00 00 00  00 00 00 00 00 00 00 00  |................|
*
001292f0  00 00 33 33 33 ff 33 33  33 ff 33 33 33 ff 33 33  |..333.333.333.33|
00129300  33 ff 33 33 33 ff 33 33  33 ff 33 33 33 ff 33 33  |3.333.333.333.33|
*
00129340  33 ff 00 00 00 00 00 00  00 00 00 00 00 00 00 00  |3...............|
00129350  00 00 00 00 00 00 00 00  00 00 00 00 00 00 00 00  |................|
*
001293c0  00 00 00 00 00 00 00 00  00 00 00 00 00 02 2d 2d  |..............--|
001293d0  2d 11 38 38 38 12 34 34  34 22 34 34 34 2c 32 32  |-.888.444"444,22|
001293e0  32 47 33 33 33 5f 32 32  32 79 33 33 33 99 33 33  |2G333_222y333.33|
001293f0  33 c7 33 33 33 f3 33 33  33 ff 33 33 33 ff 33 33  |3.333.333.333.33|
00129400  33 ff 33 33 33 ff 33 33  33 ff 33 33 33 ff 33 33  |3.333.333.333.33|
*
001294d0  33 ff 33 33 33 ff 33 33  33 ff 00 00 00 00 00 00  |3.333.333.......|
001294e0  00 00 00 00 00 00 00 00  00 00 00 00 00 00 00 00  |................|
*
00129590  00 00 00 00 00 00 00 00  00 00 33 33 33 ff 33 33  |..........333.33|
001295a0  33 ff 33 33 33 ff 33 33  33 ff 33 33 33 ff 33 33  |3.333.333.333.33|
*
001295d0  33 ff 33 33 33 ff 33 33  33 ff 00 00 00 00 00 00  |3.333.333.......|
001295e0  00 00 00 00 00 00 00 00  00 00 00 00 00 00 00 00  |................|
*
00129730  00 00 00 00 00 00 00 00  00 00 33 33 33 ff 33 33  |..........333.33|
00129740  33 ff 33 33 33 ff 33 33  33 ff 33 33 33 ff 33 33  |3.333.333.333.33|
*
001297c0  33 ff 33 33 33 ff 33 33  33 ff 33 33 33 ff 00 00  |3.333.333.333...|
001297d0  00 00 00 00 00 00 00 00  00 00 00 00 00 00 00 00  |................|
*
00129830  00 00 00 00 00 00 33 33  33 ff 33 33 33 ff 33 33  |......333.333.33|
00129840  33 ff 33 33 33 ff 33 33  33 ff 33 33 33 ff 33 33  |3.333.333.333.33|
*
00129880  33 ff 33 33 33 ff 33 33  33 e4 00 00 00 01 00 00  |3.333.333.......|
00129890  00 00 00 00 00 00 00 00  00 00 00 00 00 00 00 00  |................|
*
001298f0  00 00 33 33 33 55 33 33  33 ff 33 33 33 ff 33 33  |..333U333.333.33|
00129900  33 ff 33 33 33 ff 33 33  33 ff 33 33 33 ff 33 33  |3.333.333.333.33|
*
00129930  33 ff 33 33 33 ff 33 33  33 ff 00 00 00 00 00 00  |3.333.333.......|
00129940  00 00 00 00 00 00 00 00  00 00 00 00 00 00 00 00  |................|
*
00129990  00 00 00 00 00 00 33 33  33 ff 33 33 33 ff 33 33  |......333.333.33|
001299a0  33 ff 33 33 33 ff 33 33  33 ff 33 33 33 ff 33 33  |3.333.333.333.33|
001299b0  33 ff 33 33 33 ff 33 33  33 ff 33 33 33 68 00 00  |3.333.333.333h..|
001299c0  00 00 00 00 00 00 00 00  00 00 00 00 00 00 00 00  |................|
*
00129a00  00 00 00 00 00 00 00 00  00 00 00 00 00 00 33 33  |..............33|
00129a10  33 dc 33 33 33 ff 33 33  33 ff 33 33 33 e1 00 00  |3.333.333.333...|
00129a20  00 00 00 00 00 00 00 00  00 00 00 00 00 00 00 00  |................|
*
00129a60  00 00 00 00 00 00 00 00  00 00 33 33 33 cc 33 33  |..........333.33|
00129a70  33 ff 33 33 33 ff 33 33  33 ff 33 33 33 ff 33 33  |3.333.333.333.33|
*
00129a90  33 ff 00 00 00 00 00 00  00 00 00 00 00 00 00 00  |3...............|
00129aa0  00 00 00 00 00 00 00 00  00 00 00 00 00 00 00 00  |................|
*
00129af0  00 00 33 33 33 ff 33 33  33 ff 33 33 33 ff 33 33  |..333.333.333.33|
00129b00  33 ff 33 33 33 ff 33 33  33 ff 33 33 33 ff 33 33  |3.333.333.333.33|
*
00129b40  33 ff 00 00 00 00 00 00  00 00 00 00 00 00 00 00  |3...............|
00129b50  00 00 00 00 00 00 00 00  00 00 00 00 00 00 00 00  |................|
*
00129bf0  00 00 00 00 00 01 33 33  33 23 33 33 33 5f 33 33  |......333#333_33|
00129c00  33 a3 32 32 32 e7 33 33  33 ff 33 33 33 ff 33 33  |3.222.333.333.33|
00129c10  33 ff 33 33 33 ff 33 33  33 ff 33 33 33 ff 33 33  |3.333.333.333.33|
*
00129cd0  33 ff 33 33 33 ff 33 33  33 ff 00 00 00 00 00 00  |3.333.333.......|
00129ce0  00 00 00 00 00 00 00 00  00 00 00 00 00 00 00 00  |................|
*
00129d90  00 00 00 00 00 00 00 00  00 00 33 33 33 ff 33 33  |..........333.33|
00129da0  33 ff 33 33 33 ff 33 33  33 ff 33 33 33 ff 33 33  |3.333.333.333.33|
*
00129dd0  33 ff 33 33 33 ff 33 33  33 ff 00 00 00 00 00 00  |3.333.333.......|
00129de0  00 00 00 00 00 00 00 00  00 00 00 00 00 00 00 00  |................|
*
00129f30  00 00 00 00 00 00 00 00  00 00 33 33 33 ff 33 33  |..........333.33|
00129f40  33 ff 33 33 33 ff 33 33  33 ff 33 33 33 ff 33 33  |3.333.333.333.33|
*
00129fc0  33 ff 33 33 33 ff 33 33  33 ff 33 33 33 ff 00 00  |3.333.333.333...|
00129fd0  00 00 00 00 00 00 00 00  00 00 00 00 00 00 00 00  |................|
*
0012a030  00 00 00 00 00 00 33 33  33 ff 33 33 33 ff 33 33  |......333.333.33|
0012a040  33 ff 33 33 33 ff 33 33  33 ff 33 33 33 ff 33 33  |3.333.333.333.33|
*
0012a080  33 ff 33 33 33 ff 33 33  33 85 00 00 00 00 00 00  |3.333.333.......|
0012a090  00 00 00 00 00 00 00 00  00 00 00 00 00 00 00 00  |................|
*
0012a0f0  00 00 32 32 32 89 33 33  33 ff 33 33 33 ff 33 33  |..222.333.333.33|
0012a100  33 ff 33 33 33 ff 33 33  33 ff 33 33 33 ff 33 33  |3.333.333.333.33|
*
0012a130  33 ff 33 33 33 ff 33 33  33 ff 00 00 00 00 00 00  |3.333.333.......|
0012a140  00 00 00 00 00 00 00 00  00 00 00 00 00 00 00 00  |................|
*
0012a190  00 00 00 00 00 00 33 33  33 ff 33 33 33 ff 33 33  |......333.333.33|
0012a1a0  33 ff 33 33 33 ff 33 33  33 ff 33 33 33 ff 33 33  |3.333.333.333.33|
0012a1b0  33 ff 33 33 33 ff 33 33  33 ff 31 31 31 1f 00 00  |3.333.333.111...|
0012a1c0  00 00 00 00 00 00 00 00  00 00 00 00 00 00 00 00  |................|
*
0012a200  00 00 00 00 00 00 00 00  00 00 31 31 31 29 33 33  |..........111)33|
0012a210  33 ff 33 33 33 ff 33 33  33 ff 33 33 33 ff 34 34  |3.333.333.333.44|
0012a220  34 2c 00 00 00 00 00 00  00 00 00 00 00 00 00 00  |4,..............|
0012a230  00 00 00 00 00 00 00 00  00 00 00 00 00 00 00 00  |................|
*
0012a260  00 00 00 00 00 00 00 00  00 00 32 32 32 84 33 33  |..........222.33|
0012a270  33 ff 33 33 33 ff 33 33  33 ff 33 33 33 ff 33 33  |3.333.333.333.33|
*
0012a290  33 ff 00 00 00 00 00 00  00 00 00 00 00 00 00 00  |3...............|
0012a2a0  00 00 00 00 00 00 00 00  00 00 00 00 00 00 00 00  |................|
*
0012a2f0  00 00 33 33 33 ff 33 33  33 ff 33 33 33 ff 33 33  |..333.333.333.33|
0012a300  33 ff 33 33 33 ff 33 33  33 ff 33 33 33 ff 33 33  |3.333.333.333.33|
*
0012a340  33 ff 00 00 00 00 00 00  00 00 00 00 00 00 00 00  |3...............|
0012a350  00 00 00 00 00 00 00 00  00 00 00 00 00 00 00 00  |................|
*
0012a400  00 00 00 00 00 00 33 33  33 32 33 33 33 8f 33 33  |......3332333.33|
0012a410  33 ea 33 33 33 ff 33 33  33 ff 33 33 33 ff 33 33  |3.333.333.333.33|
0012a420  33 ff 33 33 33 ff 33 33  33 ff 33 33 33 ff 33 33  |3.333.333.333.33|
*
0012a4d0  33 ff 33 33 33 ff 33 33  33 ff 00 00 00 00 00 00  |3.333.333.......|
0012a4e0  00 00 00 00 00 00 00 00  00 00 00 00 00 00 00 00  |................|
*
0012a590  00 00 00 00 00 00 00 00  00 00 33 33 33 ff 33 33  |..........333.33|
0012a5a0  33 ff 33 33 33 ff 33 33  33 ff 33 33 33 ff 33 33  |3.333.333.333.33|
*
0012a5d0  33 ff 33 33 33 ff 33 33  33 ff 00 00 00 00 00 00  |3.333.333.......|
0012a5e0  00 00 00 00 00 00 00 00  00 00 00 00 00 00 00 00  |................|
*
0012a730  00 00 00 00 00 00 00 00  00 00 33 33 33 ff 33 33  |..........333.33|
0012a740  33 ff 33 33 33 ff 33 33  33 ff 33 33 33 ff 33 33  |3.333.333.333.33|
*
0012a7c0  33 ff 33 33 33 ff 33 33  33 ff 33 33 33 ff 00 00  |3.333.333.333...|
0012a7d0  00 00 00 00 00 00 00 00  00 00 00 00 00 00 00 00  |................|
*
0012a830  00 00 00 00 00 00 33 33  33 ff 33 33 33 ff 33 33  |......333.333.33|
0012a840  33 ff 33 33 33 ff 33 33  33 ff 33 33 33 ff 33 33  |3.333.333.333.33|
*
0012a880  33 ff 32 32 32 e3 2a 2a  2a 0c 00 00 00 00 00 00  |3.222.***.......|
0012a890  00 00 00 00 00 00 00 00  00 00 00 00 00 00 00 00  |................|
*
0012a8f0  00 00 33 33 33 bd 33 33  33 ff 33 33 33 ff 33 33  |..333.333.333.33|
0012a900  33 ff 33 33 33 ff 33 33  33 ff 33 33 33 ff 33 33  |3.333.333.333.33|
*
0012a930  33 ff 33 33 33 ff 33 33  33 ff 00 00 00 00 00 00  |3.333.333.......|
0012a940  00 00 00 00 00 00 00 00  00 00 00 00 00 00 00 00  |................|
*
0012a990  00 00 00 00 00 00 33 33  33 ff 33 33 33 ff 33 33  |......333.333.33|
0012a9a0  33 ff 33 33 33 ff 33 33  33 ff 33 33 33 ff 33 33  |3.333.333.333.33|
0012a9b0  33 ff 33 33 33 ff 33 33  33 d5 00 00 00 00 00 00  |3.333.333.......|
0012a9c0  00 00 00 00 00 00 00 00  00 00 00 00 00 00 00 00  |................|
*
0012aa00  00 00 00 00 00 00 00 00  00 00 32 32 32 74 33 33  |..........222t33|
0012aa10  33 ff 33 33 33 ff 33 33  33 ff 33 33 33 ff 33 33  |3.333.333.333.33|
0012aa20  33 76 00 00 00 00 00 00  00 00 00 00 00 00 00 00  |3v..............|
0012aa30  00 00 00 00 00 00 00 00  00 00 00 00 00 00 00 00  |................|
*
0012aa60  00 00 00 00 00 00 00 00  00 00 32 32 32 3d 33 33  |..........222=33|
0012aa70  33 ff 33 33 33 ff 33 33  33 ff 33 33 33 ff 33 33  |3.333.333.333.33|
*
0012aa90  33 ff 00 00 00 00 00 00  00 00 00 00 00 00 00 00  |3...............|
0012aaa0  00 00 00 00 00 00 00 00  00 00 00 00 00 00 00 00  |................|
*
0012aaf0  00 00 33 33 33 ff 33 33  33 ff 33 33 33 ff 33 33  |..333.333.333.33|
0012ab00  33 ff 33 33 33 ff 33 33  33 ff 33 33 33 ff 33 33  |3.333.333.333.33|
*
0012ab40  33 ff 00 00 00 00 00 00  00 00 00 00 00 00 00 00  |3...............|
0012ab50  00 00 00 00 00 00 00 00  00 00 00 00 00 00 00 00  |................|
*
0012ac00  00 00 00 00 00 00 00 00  00 00 00 00 00 00 33 33  |..............33|
0012ac10  33 05 32 32 32 51 32 32  32 c9 33 33 33 ff 33 33  |3.222Q222.333.33|
0012ac20  33 ff 33 33 33 ff 33 33  33 ff 33 33 33 ff 33 33  |3.333.333.333.33|
*
0012acd0  33 ff 33 33 33 ff 33 33  33 ff 00 00 00 00 00 00  |3.333.333.......|
0012ace0  00 00 00 00 00 00 00 00  00 00 00 00 00 00 00 00  |................|
*
0012ad90  00 00 00 00 00 00 00 00  00 00 33 33 33 ff 33 33  |..........333.33|
0012ada0  33 ff 33 33 33 ff 33 33  33 ff 33 33 33 ff 33 33  |3.333.333.333.33|
*
0012add0  33 ff 33 33 33 ff 33 33  33 ff 00 00 00 00 00 00  |3.333.333.......|
0012ade0  00 00 00 00 00 00 00 00  00 00 00 00 00 00 00 00  |................|
*
0012af30  00 00 00 00 00 00 00 00  00 00 33 33 33 ff 33 33  |..........333.33|
0012af40  33 ff 33 33 33 ff 33 33  33 ff 33 33 33 ff 33 33  |3.333.333.333.33|
*
0012afc0  33 ff 33 33 33 ff 33 33  33 ff 33 33 33 ff 00 00  |3.333.333.333...|
0012afd0  00 00 00 00 00 00 00 00  00 00 00 00 00 00 00 00  |................|
*
0012b030  00 00 00 00 00 00 33 33  33 ff 33 33 33 ff 33 33  |......333.333.33|
0012b040  33 ff 33 33 33 ff 33 33  33 ff 33 33 33 ff 33 33  |3.333.333.333.33|
*
0012b080  33 f0 33 33 33 37 00 00  00 00 00 00 00 00 00 00  |3.3337..........|
0012b090  00 00 00 00 00 00 00 00  00 00 00 00 00 00 00 00  |................|
*
0012b0e0  00 00 00 00 00 00 00 00  00 00 00 00 00 00 2a 2a  |..............**|
0012b0f0  2a 0c 33 33 33 f5 33 33  33 ff 33 33 33 ff 33 33  |*.333.333.333.33|
0012b100  33 ff 33 33 33 ff 33 33  33 ff 33 33 33 ff 33 33  |3.333.333.333.33|
*
0012b130  33 ff 33 33 33 ff 33 33  33 ff 00 00 00 00 00 00  |3.333.333.......|
0012b140  00 00 00 00 00 00 00 00  00 00 00 00 00 00 00 00  |................|
*
0012b190  00 00 00 00 00 00 33 33  33 ff 33 33 33 ff 33 33  |......333.333.33|
0012b1a0  33 ff 33 33 33 ff 33 33  33 ff 33 33 33 ff 33 33  |3.333.333.333.33|
0012b1b0  33 ff 33 33 33 ff 33 33  33 8c 00 00 00 00 00 00  |3.333.333.......|
0012b1c0  00 00 00 00 00 00 00 00  00 00 00 00 00 00 00 00  |................|
*
0012b200  00 00 00 00 00 00 00 00  00 00 32 32 32 bf 33 33  |..........222.33|
0012b210  33 ff 33 33 33 ff 33 33  33 ff 33 33 33 ff 32 32  |3.333.333.333.22|
0012b220  32 c0 00 00 00 00 00 00  00 00 00 00 00 00 00 00  |2...............|
0012b230  00 00 00 00 00 00 00 00  00 00 00 00 00 00 00 00  |................|
*
0012b260  00 00 00 00 00 00 00 00  00 00 3f 3f 3f 04 33 33  |..........???.33|
0012b270  33 f0 33 33 33 ff 33 33  33 ff 33 33 33 ff 33 33  |3.333.333.333.33|
0012b280  33 ff 33 33 33 ff 33 33  33 ff 33 33 33 ff 33 33  |3.333.333.333.33|
0012b290  33 ff 00 00 00 00 00 00  00 00 00 00 00 00 00 00  |3...............|
0012b2a0  00 00 00 00 00 00 00 00  00 00 00 00 00 00 00 00  |................|
*
0012b2f0  00 00 33 33 33 ff 33 33  33 ff 33 33 33 ff 33 33  |..333.333.333.33|
0012b300  33 ff 33 33 33 ff 33 33  33 ff 33 33 33 ff 33 33  |3.333.333.333.33|
*
0012b340  33 ff 00 00 00 00 00 00  00 00 00 00 00 00 00 00  |3...............|
0012b350  00 00 00 00 00 00 00 00  00 00 00 00 00 00 00 00  |................|
*
0012b410  00 00 00 00 00 00 00 00  00 00 34 34 34 49 33 33  |..........444I33|
0012b420  33 c8 33 33 33 ff 33 33  33 ff 33 33 33 ff 33 33  |3.333.333.333.33|
0012b430  33 ff 33 33 33 ff 33 33  33 ff 33 33 33 ff 33 33  |3.333.333.333.33|
*
0012b4d0  33 ff 33 33 33 ff 33 33  33 ff 00 00 00 00 00 00  |3.333.333.......|
0012b4e0  00 00 00 00 00 00 00 00  00 00 00 00 00 00 00 00  |................|
*
0012b590  00 00 00 00 00 00 00 00  00 00 33 33 33 ff 33 33  |..........333.33|
0012b5a0  33 ff 33 33 33 ff 33 33  33 ff 33 33 33 ff 33 33  |3.333.333.333.33|
*
0012b5d0  33 ff 33 33 33 ff 33 33  33 ff 00 00 00 00 00 00  |3.333.333.......|
0012b5e0  00 00 00 00 00 00 00 00  00 00 00 00 00 00 00 00  |................|
*
0012b730  00 00 00 00 00 00 00 00  00 00 33 33 33 ff 33 33  |..........333.33|
0012b740  33 ff 33 33 33 ff 33 33  33 ff 33 33 33 ff 33 33  |3.333.333.333.33|
*
0012b7c0  33 ff 33 33 33 ff 33 33  33 ff 33 33 33 ff 00 00  |3.333.333.333...|
0012b7d0  00 00 00 00 00 00 00 00  00 00 00 00 00 00 00 00  |................|
*
0012b830  00 00 00 00 00 00 33 33  33 ff 33 33 33 ff 33 33  |......333.333.33|
0012b840  33 ff 33 33 33 ff 33 33  33 ff 33 33 33 ff 33 33  |3.333.333.333.33|
*
0012b870  33 ff 33 33 33 ff 33 33  33 ff 33 33 33 dc 34 34  |3.333.333.333.44|
0012b880  34 35 00 00 00 00 00 00  00 00 00 00 00 00 00 00  |45..............|
0012b890  00 00 00 00 00 00 00 00  00 00 00 00 00 00 00 00  |................|
*
0012b8e0  00 00 00 00 00 00 00 00  00 00 00 00 00 00 34 34  |..............44|
0012b8f0  34 58 33 33 33 ff 33 33  33 ff 33 33 33 ff 33 33  |4X333.333.333.33|
0012b900  33 ff 33 33 33 ff 33 33  33 ff 33 33 33 ff 33 33  |3.333.333.333.33|
*
0012b930  33 ff 33 33 33 ff 33 33  33 ff 00 00 00 00 00 00  |3.333.333.......|
0012b940  00 00 00 00 00 00 00 00  00 00 00 00 00 00 00 00  |................|
*
0012b990  00 00 00 00 00 00 33 33  33 ff 33 33 33 ff 33 33  |......333.333.33|
0012b9a0  33 ff 33 33 33 ff 33 33  33 ff 33 33 33 ff 33 33  |3.333.333.333.33|
0012b9b0  33 ff 33 33 33 ff 31 31  31 43 00 00 00 00 00 00  |3.333.111C......|
0012b9c0  00 00 00 00 00 00 00 00  00 00 00 00 00 00 00 00  |................|
*
0012ba00  00 00 00 00 00 00 2f 2f  2f 10 32 32 32 fb 33 33  |......///.222.33|
0012ba10  33 ff 33 33 33 ff 33 33  33 ff 33 33 33 ff 33 33  |3.333.333.333.33|
0012ba20  33 fa 33 33 33 0f 00 00  00 00 00 00 00 00 00 00  |3.333...........|
0012ba30  00 00 00 00 00 00 00 00  00 00 00 00 00 00 00 00  |................|
*
0012ba60  00 00 00 00 00 00 00 00  00 00 00 00 00 00 32 32  |..............22|
0012ba70  32 ac 33 33 33 ff 33 33  33 ff 33 33 33 ff 33 33  |2.333.333.333.33|
0012ba80  33 ff 33 33 33 ff 33 33  33 ff 33 33 33 ff 33 33  |3.333.333.333.33|
0012ba90  33 ff 00 00 00 00 00 00  00 00 00 00 00 00 00 00  |3...............|
0012baa0  00 00 00 00 00 00 00 00  00 00 00 00 00 00 00 00  |................|
*
0012baf0  00 00 33 33 33 ff 33 33  33 ff 33 33 33 ff 33 33  |..333.333.333.33|
0012bb00  33 ff 33 33 33 ff 33 33  33 ff 33 33 33 ff 33 33  |3.333.333.333.33|
*
0012bb40  33 ff 00 00 00 00 00 00  00 00 00 00 00 00 00 00  |3...............|
0012bb50  00 00 00 00 00 00 00 00  00 00 00 00 00 00 00 00  |................|
*
0012bc20  00 01 33 33 33 67 33 33  33 f0 33 33 33 ff 33 33  |..333g333.333.33|
0012bc30  33 ff 33 33 33 ff 33 33  33 ff 33 33 33 ff 33 33  |3.333.333.333.33|
*
0012bcd0  33 ff 33 33 33 ff 33 33  33 ff 00 00 00 00 00 00  |3.333.333.......|
0012bce0  00 00 00 00 00 00 00 00  00 00 00 00 00 00 00 00  |................|
*
0012bd90  00 00 00 00 00 00 00 00  00 00 33 33 33 ff 33 33  |..........333.33|
0012bda0  33 ff 33 33 33 ff 33 33  33 ff 33 33 33 ff 33 33  |3.333.333.333.33|
*
0012bdd0  33 ff 33 33 33 ff 33 33  33 ff 00 00 00 00 00 00  |3.333.333.......|
0012bde0  00 00 00 00 00 00 00 00  00 00 00 00 00 00 00 00  |................|
*
0012bf30  00 00 00 00 00 00 00 00  00 00 33 33 33 ff 33 33  |..........333.33|
0012bf40  33 ff 33 33 33 ff 33 33  33 ff 33 33 33 ff 33 33  |3.333.333.333.33|
*
0012bfc0  33 ff 33 33 33 ff 33 33  33 ff 33 33 33 ff 00 00  |3.333.333.333...|
0012bfd0  00 00 00 00 00 00 00 00  00 00 00 00 00 00 00 00  |................|
*
0012c030  00 00 00 00 00 00 33 33  33 ff 33 33 33 ff 33 33  |......333.333.33|
0012c040  33 ff 33 33 33 ff 33 33  33 ff 33 33 33 ff 33 33  |3.333.333.333.33|
*
0012c070  33 ff 33 33 33 e6 32 32  32 7f 38 38 38 09 00 00  |3.333.222.888...|
0012c080  00 00 00 00 00 00 00 00  00 00 00 00 00 00 00 00  |................|
*
0012c0e0  00 00 00 00 00 00 00 00  00 00 00 00 00 00 33 33  |..............33|
0012c0f0  33 bd 33 33 33 ff 33 33  33 ff 33 33 33 ff 33 33  |3.333.333.333.33|
0012c100  33 ff 33 33 33 ff 33 33  33 ff 33 33 33 ff 33 33  |3.333.333.333.33|
*
0012c130  33 ff 33 33 33 ff 33 33  33 ff 00 00 00 00 00 00  |3.333.333.......|
0012c140  00 00 00 00 00 00 00 00  00 00 00 00 00 00 00 00  |................|
*
0012c190  00 00 00 00 00 00 33 33  33 ff 33 33 33 ff 33 33  |......333.333.33|
0012c1a0  33 ff 33 33 33 ff 33 33  33 ff 33 33 33 ff 33 33  |3.333.333.333.33|
0012c1b0  33 ff 33 33 33 f3 24 24  24 07 00 00 00 00 00 00  |3.333.$$$.......|
0012c1c0  00 00 00 00 00 00 00 00  00 00 00 00 00 00 00 00  |................|
*
0012c200  00 00 00 00 00 00 31 31  31 57 33 33 33 ff 33 33  |......111W333.33|
0012c210  33 ff 33 33 33 ff 33 33  33 ff 33 33 33 ff 33 33  |3.333.333.333.33|
0012c220  33 ff 33 33 33 55 00 00  00 00 00 00 00 00 00 00  |3.333U..........|
0012c230  00 00 00 00 00 00 00 00  00 00 00 00 00 00 00 00  |................|
*
0012c260  00 00 00 00 00 00 00 00  00 00 00 00 00 00 33 33  |..............33|
0012c270  33 64 33 33 33 ff 33 33  33 ff 33 33 33 ff 33 33  |3d333.333.333.33|
0012c280  33 ff 33 33 33 ff 33 33  33 ff 33 33 33 ff 33 33  |3.333.333.333.33|
0012c290  33 ff 00 00 00 00 00 00  00 00 00 00 00 00 00 00  |3...............|
0012c2a0  00 00 00 00 00 00 00 00  00 00 00 00 00 00 00 00  |................|
*
0012c2f0  00 00 33 33 33 ff 33 33  33 ff 33 33 33 ff 33 33  |..333.333.333.33|
0012c300  33 ff 33 33 33 ff 33 33  33 ff 33 33 33 ff 33 33  |3.333.333.333.33|
*
0012c340  33 ff 00 00 00 00 00 00  00 00 00 00 00 00 00 00  |3...............|
0012c350  00 00 00 00 00 00 00 00  00 00 00 00 00 00 00 00  |................|
*
0012c420  00 00 00 00 00 00 2f 2f  2f 1b 33 33 33 b7 33 33  |......///.333.33|
0012c430  33 ff 33 33 33 ff 33 33  33 ff 33 33 33 ff 33 33  |3.333.333.333.33|
*
0012c4d0  33 ff 33 33 33 ff 33 33  33 ff 00 00 00 00 00 00  |3.333.333.......|
0012c4e0  00 00 00 00 00 00 00 00  00 00 00 00 00 00 00 00  |................|
*
0012c590  00 00 00 00 00 00 00 00  00 00 33 33 33 ff 33 33  |..........333.33|
0012c5a0  33 ff 33 33 33 ff 33 33  33 ff 33 33 33 ff 33 33  |3.333.333.333.33|
*
0012c5d0  33 ff 33 33 33 ff 33 33  33 ff 00 00 00 00 00 00  |3.333.333.......|
0012c5e0  00 00 00 00 00 00 00 00  00 00 00 00 00 00 00 00  |................|
*
0012c730  00 00 00 00 00 00 00 00  00 00 33 33 33 ff 33 33  |..........333.33|
0012c740  33 ff 33 33 33 ff 33 33  33 ff 33 33 33 ff 33 33  |3.333.333.333.33|
*
0012c7c0  33 ff 33 33 33 ff 33 33  33 ff 33 33 33 ff 00 00  |3.333.333.333...|
0012c7d0  00 00 00 00 00 00 00 00  00 00 00 00 00 00 00 00  |................|
*
0012c830  00 00 00 00 00 00 33 33  33 ff 33 33 33 ff 33 33  |......333.333.33|
0012c840  33 ff 33 33 33 ff 33 33  33 ff 33 33 33 ff 33 33  |3.333.333.333.33|
0012c850  33 ff 33 33 33 ff 33 33  33 ff 33 33 33 f4 33 33  |3.333.333.333.33|
0012c860  33 e9 32 32 32 d8 32 32  32 b1 32 32 32 83 33 33  |3.222.222.222.33|
0012c870  33 45 55 55 55 03 00 00  00 00 00 00 00 00 00 00  |3EUUU...........|
0012c880  00 00 00 00 00 00 00 00  00 00 00 00 00 00 00 00  |................|
*
0012c8e0  00 00 00 00 00 00 00 00  00 00 34 34 34 31 33 33  |..........444133|
0012c8f0  33 fe 33 33 33 ff 33 33  33 ff 33 33 33 ff 33 33  |3.333.333.333.33|
0012c900  33 ff 33 33 33 ff 33 33  33 ff 33 33 33 ff 33 33  |3.333.333.333.33|
*
0012c930  33 ff 33 33 33 ff 33 33  33 ff 00 00 00 00 00 00  |3.333.333.......|
0012c940  00 00 00 00 00 00 00 00  00 00 00 00 00 00 00 00  |................|
*
0012c990  00 00 00 00 00 00 33 33  33 ff 33 33 33 ff 33 33  |......333.333.33|
0012c9a0  33 ff 33 33 33 ff 33 33  33 ff 33 33 33 ff 33 33  |3.333.333.333.33|
0012c9b0  33 ff 32 32 32 b1 00 00  00 00 00 00 00 00 00 00  |3.222...........|
0012c9c0  00 00 00 00 00 00 00 00  00 00 00 00 00 00 00 00  |................|
*
0012ca00  00 00 00 00 00 00 33 33  33 a3 33 33 33 ff 33 33  |......333.333.33|
0012ca10  33 ff 33 33 33 ff 33 33  33 ff 33 33 33 ff 33 33  |3.333.333.333.33|
0012ca20  33 ff 33 33 33 9f 00 00  00 00 00 00 00 00 00 00  |3.333...........|
0012ca30  00 00 00 00 00 00 00 00  00 00 00 00 00 00 00 00  |................|
*
0012ca60  00 00 00 00 00 00 00 00  00 00 00 00 00 00 34 34  |..............44|
0012ca70  34 1d 33 33 33 ff 33 33  33 ff 33 33 33 ff 33 33  |4.333.333.333.33|
0012ca80  33 ff 33 33 33 ff 33 33  33 ff 33 33 33 ff 33 33  |3.333.333.333.33|
0012ca90  33 ff 00 00 00 00 00 00  00 00 00 00 00 00 00 00  |3...............|
0012caa0  00 00 00 00 00 00 00 00  00 00 00 00 00 00 00 00  |................|
*
0012caf0  00 00 33 33 33 ff 33 33  33 ff 33 33 33 ff 33 33  |..333.333.333.33|
0012cb00  33 ff 33 33 33 ff 33 33  33 ff 33 33 33 ff 33 33  |3.333.333.333.33|
*
0012cb40  33 ff 00 00 00 00 00 00  00 00 00 00 00 00 00 00  |3...............|
0012cb50  00 00 00 00 00 00 00 00  00 00 00 00 00 00 00 00  |................|
*
0012cc20  00 00 00 00 00 00 00 00  00 00 00 00 00 02 33 33  |..............33|
0012cc30  33 87 33 33 33 fe 33 33  33 ff 33 33 33 ff 33 33  |3.333.333.333.33|
0012cc40  33 ff 33 33 33 ff 33 33  33 ff 33 33 33 ff 33 33  |3.333.333.333.33|
*
0012ccd0  33 ff 33 33 33 ff 33 33  33 ff 00 00 00 00 00 00  |3.333.333.......|
0012cce0  00 00 00 00 00 00 00 00  00 00 00 00 00 00 00 00  |................|
*
0012cd90  00 00 00 00 00 00 00 00  00 00 33 33 33 ff 33 33  |..........333.33|
0012cda0  33 ff 33 33 33 ff 33 33  33 ff 33 33 33 ff 33 33  |3.333.333.333.33|
*
0012cdd0  33 ff 33 33 33 ff 33 33  33 ff 00 00 00 00 00 00  |3.333.333.......|
0012cde0  00 00 00 00 00 00 00 00  00 00 00 00 00 00 00 00  |................|
*
0012cf30  00 00 00 00 00 00 00 00  00 00 33 33 33 ff 33 33  |..........333.33|
0012cf40  33 ff 33 33 33 ff 33 33  33 ff 33 33 33 ff 33 33  |3.333.333.333.33|
*
0012cfc0  33 ff 33 33 33 ff 33 33  33 ff 33 33 33 ff 00 00  |3.333.333.333...|
0012cfd0  00 00 00 00 00 00 00 00  00 00 00 00 00 00 00 00  |................|
*
0012d0e0  00 00 00 00 00 00 00 00  00 00 33 33 33 b8 33 33  |..........333.33|
0012d0f0  33 ff 33 33 33 ff 33 33  33 ff 33 33 33 ff 33 33  |3.333.333.333.33|
*
0012d130  33 ff 33 33 33 ff 33 33  33 ff 00 00 00 00 00 00  |3.333.333.......|
0012d140  00 00 00 00 00 00 00 00  00 00 00 00 00 00 00 00  |................|
*
0012d190  00 00 00 00 00 00 33 33  33 ff 33 33 33 ff 33 33  |......333.333.33|
0012d1a0  33 ff 33 33 33 ff 33 33  33 ff 33 33 33 ff 33 33  |3.333.333.333.33|
0012d1b0  33 ff 33 33 33 68 00 00  00 00 00 00 00 00 00 00  |3.333h..........|
0012d1c0  00 00 00 00 00 00 00 00  00 00 00 00 00 00 00 00  |................|
*
0012d200  00 00 55 55 55 03 33 33  33 eb 33 33 33 ff 33 33  |..UUU.333.333.33|
0012d210  33 ff 33 33 33 ff 33 33  33 ff 33 33 33 ff 33 33  |3.333.333.333.33|
0012d220  33 ff 32 32 32 e7 00 00  00 01 00 00 00 00 00 00  |3.222...........|
0012d230  00 00 00 00 00 00 00 00  00 00 00 00 00 00 00 00  |................|
*
0012d270  00 00 32 32 32 d3 33 33  33 ff 33 33 33 ff 33 33  |..222.333.333.33|
0012d280  33 ff 33 33 33 ff 33 33  33 ff 33 33 33 ff 33 33  |3.333.333.333.33|
0012d290  33 ff 00 00 00 00 00 00  00 00 00 00 00 00 00 00  |3...............|
0012d2a0  00 00 00 00 00 00 00 00  00 00 00 00 00 00 00 00  |................|
*
0012d2f0  00 00 33 33 33 ff 33 33  33 ff 33 33 33 ff 33 33  |..333.333.333.33|
0012d300  33 ff 33 33 33 ff 33 33  33 ff 33 33 33 ff 33 33  |3.333.333.333.33|
*
0012d340  33 ff 00 00 00 00 00 00  00 00 00 00 00 00 00 00  |3...............|
0012d350  00 00 00 00 00 00 00 00  00 00 00 00 00 00 00 00  |................|
*
0012d430  00 00 33 33 33 59 33 33  33 f9 33 33 33 ff 33 33  |..333Y333.333.33|
0012d440  33 ff 33 33 33 ff 33 33  33 ff 33 33 33 ff 33 33  |3.333.333.333.33|
*
0012d4d0  33 ff 33 33 33 ff 33 33  33 ff 00 00 00 00 00 00  |3.333.333.......|
0012d4e0  00 00 00 00 00 00 00 00  00 00 00 00 00 00 00 00  |................|
*
0012d590  00 00 00 00 00 00 00 00  00 00 33 33 33 ff 33 33  |..........333.33|
0012d5a0  33 ff 33 33 33 ff 33 33  33 ff 33 33 33 ff 33 33  |3.333.333.333.33|
*
0012d5d0  33 ff 33 33 33 ff 33 33  33 ff 00 00 00 00 00 00  |3.333.333.......|
0012d5e0  00 00 00 00 00 00 00 00  00 00 00 00 00 00 00 00  |................|
*
0012d730  00 00 00 00 00 00 00 00  00 00 33 33 33 ff 33 33  |..........333.33|
0012d740  33 ff 33 33 33 ff 33 33  33 ff 33 33 33 ff 33 33  |3.333.333.333.33|
*
0012d7c0  33 ff 33 33 33 ff 33 33  33 ff 33 33 33 ff 00 00  |3.333.333.333...|
0012d7d0  00 00 00 00 00 00 00 00  00 00 00 00 00 00 00 00  |................|
*
0012d8e0  00 00 00 00 00 00 34 34  34 53 33 33 33 ff 33 33  |......444S333.33|
0012d8f0  33 ff 33 33 33 ff 33 33  33 ff 33 33 33 ff 33 33  |3.333.333.333.33|
*
0012d930  33 ff 33 33 33 ff 33 33  33 ff 00 00 00 00 00 00  |3.333.333.......|
0012d940  00 00 00 00 00 00 00 00  00 00 00 00 00 00 00 00  |................|
*
0012d990  00 00 00 00 00 00 33 33  33 ff 33 33 33 ff 33 33  |......333.333.33|
0012d9a0  33 ff 33 33 33 ff 33 33  33 ff 33 33 33 ff 33 33  |3.333.333.333.33|
0012d9b0  33 ff 31 31 31 1f 00 00  00 00 00 00 00 00 00 00  |3.111...........|
0012d9c0  00 00 00 00 00 00 00 00  00 00 00 00 00 00 00 00  |................|
*
0012da00  00 00 34 34 34 3a 33 33  33 ff 33 33 33 ff 33 33  |..444:333.333.33|
0012da10  33 ff 33 33 33 ff 33 33  33 ff 33 33 33 ff 33 33  |3.333.333.333.33|
0012da20  33 ff 33 33 33 ff 32 32  32 33 00 00 00 00 00 00  |3.333.2223......|
0012da30  00 00 00 00 00 00 00 00  00 00 00 00 00 00 00 00  |................|
*
0012da70  00 00 33 33 33 8b 33 33  33 ff 33 33 33 ff 33 33  |..333.333.333.33|
0012da80  33 ff 33 33 33 ff 33 33  33 ff 33 33 33 ff 33 33  |3.333.333.333.33|
0012da90  33 ff 00 00 00 00 00 00  00 00 00 00 00 00 00 00  |3...............|
0012daa0  00 00 00 00 00 00 00 00  00 00 00 00 00 00 00 00  |................|
*
0012daf0  00 00 33 33 33 ff 33 33  33 ff 33 33 33 ff 33 33  |..333.333.333.33|
0012db00  33 ff 33 33 33 ff 33 33  33 ff 33 33 33 ff 33 33  |3.333.333.333.33|
*
0012db40  33 ff 00 00 00 00 00 00  00 00 00 00 00 00 00 00  |3...............|
0012db50  00 00 00 00 00 00 00 00  00 00 00 00 00 00 00 00  |................|
*
0012dc30  00 00 00 00 00 00 32 32  32 51 32 32 32 fb 33 33  |......222Q222.33|
0012dc40  33 ff 33 33 33 ff 33 33  33 ff 33 33 33 ff 33 33  |3.333.333.333.33|
*
0012dcd0  33 ff 33 33 33 ff 33 33  33 ff 00 00 00 00 00 00  |3.333.333.......|
0012dce0  00 00 00 00 00 00 00 00  00 00 00 00 00 00 00 00  |................|
*
0012dd90  00 00 00 00 00 00 00 00  00 00 33 33 33 ff 33 33  |..........333.33|
0012dda0  33 ff 33 33 33 ff 33 33  33 ff 33 33 33 ff 33 33  |3.333.333.333.33|
*
0012ddd0  33 ff 33 33 33 ff 33 33  33 ff 00 00 00 00 00 00  |3.333.333.......|
0012dde0  00 00 00 00 00 00 00 00  00 00 00 00 00 00 00 00  |................|
*
0012df30  00 00 00 00 00 00 00 00  00 00 33 33 33 ff 33 33  |..........333.33|
0012df40  33 ff 33 33 33 ff 33 33  33 ff 33 33 33 ff 33 33  |3.333.333.333.33|
*
0012dfc0  33 ff 33 33 33 ff 33 33  33 ff 33 33 33 ff 00 00  |3.333.333.333...|
0012dfd0  00 00 00 00 00 00 00 00  00 00 00 00 00 00 00 00  |................|
*
0012e0e0  00 00 31 31 31 1a 32 32  32 e8 33 33 33 ff 33 33  |..111.222.333.33|
0012e0f0  33 ff 33 33 33 ff 33 33  33 ff 33 33 33 ff 33 33  |3.333.333.333.33|
*
0012e130  33 ff 33 33 33 ff 33 33  33 ff 00 00 00 00 00 00  |3.333.333.......|
0012e140  00 00 00 00 00 00 00 00  00 00 00 00 00 00 00 00  |................|
*
0012e190  00 00 2a 2a 2a 06 33 33  33 ff 33 33 33 ff 33 33  |..***.333.333.33|
0012e1a0  33 ff 33 33 33 ff 33 33  33 ff 33 33 33 ff 33 33  |3.333.333.333.33|
0012e1b0  33 d5 00 00 00 00 00 00  00 00 00 00 00 00 00 00  |3...............|
0012e1c0  00 00 00 00 00 00 00 00  00 00 00 00 00 00 00 00  |................|
*
0012e200  00 00 33 33 33 86 33 33  33 ff 33 33 33 ff 33 33  |..333.333.333.33|
0012e210  33 ff 33 33 33 ff 33 33  33 ff 33 33 33 ff 33 33  |3.333.333.333.33|
0012e220  33 ff 33 33 33 ff 33 33  33 7d 00 00 00 00 00 00  |3.333.333}......|
0012e230  00 00 00 00 00 00 00 00  00 00 00 00 00 00 00 00  |................|
*
0012e270  00 00 34 34 34 44 33 33  33 ff 33 33 33 ff 33 33  |..444D333.333.33|
0012e280  33 ff 33 33 33 ff 33 33  33 ff 33 33 33 ff 33 33  |3.333.333.333.33|
0012e290  33 ff 00 00 00 00 00 00  00 00 00 00 00 00 00 00  |3...............|
0012e2a0  00 00 00 00 00 00 00 00  00 00 00 00 00 00 00 00  |................|
*
0012e2f0  00 00 33 33 33 ff 33 33  33 ff 33 33 33 ff 33 33  |..333.333.333.33|
0012e300  33 ff 33 33 33 ff 33 33  33 ff 33 33 33 ff 33 33  |3.333.333.333.33|
*
0012e340  33 ff 00 00 00 00 00 00  00 00 00 00 00 00 00 00  |3...............|
0012e350  00 00 00 00 00 00 00 00  00 00 00 00 00 00 00 00  |................|
*
0012e430  00 00 00 00 00 00 00 00  00 00 33 33 33 59 32 32  |..........333Y22|
0012e440  32 fc 33 33 33 ff 33 33  33 ff 33 33 33 ff 33 33  |2.333.333.333.33|
0012e450  33 ff 33 33 33 ff 33 33  33 ff 33 33 33 ff 33 33  |3.333.333.333.33|
*
0012e4d0  33 ff 33 33 33 ff 33 33  33 ff 00 00 00 00 00 00  |3.333.333.......|
0012e4e0  00 00 00 00 00 00 00 00  00 00 00 00 00 00 00 00  |................|
*
0012e590  00 00 00 00 00 00 00 00  00 00 33 33 33 ff 33 33  |..........333.33|
0012e5a0  33 ff 33 33 33 ff 33 33  33 ff 33 33 33 ff 33 33  |3.333.333.333.33|
*
0012e5d0  33 ff 33 33 33 ff 33 33  33 ff 00 00 00 00 00 00  |3.333.333.......|
0012e5e0  00 00 00 00 00 00 00 00  00 00 00 00 00 00 00 00  |................|
*
0012e730  00 00 00 00 00 00 00 00  00 00 33 33 33 ff 33 33  |..........333.33|
0012e740  33 ff 33 33 33 ff 33 33  33 ff 33 33 33 ff 33 33  |3.333.333.333.33|
*
0012e7c0  33 ff 33 33 33 ff 33 33  33 ff 33 33 33 ff 00 00  |3.333.333.333...|
0012e7d0  00 00 00 00 00 00 00 00  00 00 00 00 00 00 00 00  |................|
*
0012e8d0  00 00 00 00 00 00 00 00  00 00 00 00 00 00 33 33  |..............33|
0012e8e0  33 0a 33 33 33 c8 33 33  33 ff 33 33 33 ff 33 33  |3.333.333.333.33|
0012e8f0  33 ff 33 33 33 ff 33 33  33 ff 33 33 33 ff 33 33  |3.333.333.333.33|
*
0012e930  33 ff 33 33 33 ff 33 33  33 ff 00 00 00 00 00 00  |3.333.333.......|
0012e940  00 00 00 00 00 00 00 00  00 00 00 00 00 00 00 00  |................|
*
0012e990  00 00 3a 3a 3a 0d 33 33  33 ff 33 33 33 ff 33 33  |..:::.333.333.33|
0012e9a0  33 ff 33 33 33 ff 33 33  33 ff 33 33 33 ff 33 33  |3.333.333.333.33|
0012e9b0  33 8c 00 00 00 00 00 00  00 00 00 00 00 00 00 00  |3...............|
0012e9c0  00 00 00 00 00 00 00 00  00 00 00 00 00 00 00 00  |................|
*
0012ea00  00 00 33 33 33 d1 33 33  33 ff 33 33 33 ff 33 33  |..333.333.333.33|
0012ea10  33 ff 33 33 33 ff 33 33  33 ff 33 33 33 ff 33 33  |3.333.333.333.33|
0012ea20  33 ff 33 33 33 ff 33 33  33 c7 00 00 00 00 00 00  |3.333.333.......|
0012ea30  00 00 00 00 00 00 00 00  00 00 00 00 00 00 00 00  |................|
*
0012ea70  00 00 24 24 24 07 33 33  33 f4 33 33 33 ff 33 33  |..$$$.333.333.33|
0012ea80  33 ff 33 33 33 ff 33 33  33 ff 33 33 33 ff 33 33  |3.333.333.333.33|
0012ea90  33 ff 00 00 00 00 00 00  00 00 00 00 00 00 00 00  |3...............|
0012eaa0  00 00 00 00 00 00 00 00  00 00 00 00 00 00 00 00  |................|
*
0012eaf0  00 00 33 33 33 ff 33 33  33 ff 33 33 33 ff 33 33  |..333.333.333.33|
0012eb00  33 ff 33 33 33 ff 33 33  33 ff 33 33 33 ff 33 33  |3.333.333.333.33|
*
0012eb40  33 ff 00 00 00 00 00 00  00 00 00 00 00 00 00 00  |3...............|
0012eb50  00 00 00 00 00 00 00 00  00 00 00 00 00 00 00 00  |................|
*
0012ec30  00 00 00 00 00 00 00 00  00 00 00 00 00 00 32 32  |..............22|
0012ec40  32 7a 33 33 33 ff 33 33  33 ff 33 33 33 ff 33 33  |2z333.333.333.33|
0012ec50  33 ff 33 33 33 ff 33 33  33 ff 33 33 33 ff 33 33  |3.333.333.333.33|
*
0012ecd0  33 ff 33 33 33 ff 33 33  33 ff 00 00 00 00 00 00  |3.333.333.......|
0012ece0  00 00 00 00 00 00 00 00  00 00 00 00 00 00 00 00  |................|
*
0012ed90  00 00 00 00 00 00 00 00  00 00 33 33 33 ff 33 33  |..........333.33|
0012eda0  33 ff 33 33 33 ff 33 33  33 ff 33 33 33 ff 33 33  |3.333.333.333.33|
*
0012edd0  33 ff 33 33 33 ff 33 33  33 ff 00 00 00 00 00 00  |3.333.333.......|
0012ede0  00 00 00 00 00 00 00 00  00 00 00 00 00 00 00 00  |................|
*
0012ef30  00 00 00 00 00 00 00 00  00 00 33 33 33 ff 33 33  |..........333.33|
0012ef40  33 ff 33 33 33 ff 33 33  33 ff 33 33 33 ff 33 33  |3.333.333.333.33|
*
0012efc0  33 ff 33 33 33 ff 33 33  33 ff 33 33 33 ff 00 00  |3.333.333.333...|
0012efd0  00 00 00 00 00 00 00 00  00 00 00 00 00 00 00 00  |................|
*
0012f0d0  00 00 00 00 00 00 00 00  00 00 2e 2e 2e 0b 33 33  |..............33|
0012f0e0  33 be 33 33 33 ff 33 33  33 ff 33 33 33 ff 33 33  |3.333.333.333.33|
0012f0f0  33 ff 33 33 33 ff 33 33  33 ff 33 33 33 ff 33 33  |3.333.333.333.33|
*
0012f130  33 ff 33 33 33 ff 33 33  33 ff 00 00 00 00 00 00  |3.333.333.......|
0012f140  00 00 00 00 00 00 00 00  00 00 00 00 00 00 00 00  |................|
*
0012f190  00 00 33 33 33 14 33 33  33 ff 33 33 33 ff 33 33  |..333.333.333.33|
0012f1a0  33 ff 33 33 33 ff 33 33  33 ff 33 33 33 ff 31 31  |3.333.333.333.11|
0012f1b0  31 43 00 00 00 00 00 00  00 00 00 00 00 00 00 00  |1C..............|
0012f1c0  00 00 00 00 00 00 00 00  00 00 00 00 00 00 00 00  |................|
*
0012f1f0  00 00 00 00 00 00 00 00  00 00 00 00 00 00 33 33  |..............33|
0012f200  33 1e 33 33 33 ff 33 33  33 ff 33 33 33 ff 33 33  |3.333.333.333.33|
0012f210  33 ff 33 33 33 ff 33 33  33 ff 33 33 33 ff 33 33  |3.333.333.333.33|
0012f220  33 ff 33 33 33 ff 33 33  33 fd 33 33 33 14 00 00  |3.333.333.333...|
0012f230  00 00 00 00 00 00 00 00  00 00 00 00 00 00 00 00  |................|
*
0012f270  00 00 00 00 00 00 33 33  33 b3 33 33 33 ff 33 33  |......333.333.33|
0012f280  33 ff 33 33 33 ff 33 33  33 ff 33 33 33 ff 33 33  |3.333.333.333.33|
0012f290  33 ff 00 00 00 00 00 00  00 00 00 00 00 00 00 00  |3...............|
0012f2a0  00 00 00 00 00 00 00 00  00 00 00 00 00 00 00 00  |................|
*
0012f2f0  00 00 33 33 33 ff 33 33  33 ff 33 33 33 ff 33 33  |..333.333.333.33|
0012f300  33 ff 33 33 33 ff 33 33  33 ff 33 33 33 ff 33 33  |3.333.333.333.33|
*
0012f340  33 ff 00 00 00 00 00 00  00 00 00 00 00 00 00 00  |3...............|
0012f350  00 00 00 00 00 00 00 00  00 00 00 00 00 00 00 00  |................|
*
0012f440  00 02 33 33 33 b4 33 33  33 ff 33 33 33 ff 33 33  |..333.333.333.33|
0012f450  33 ff 33 33 33 ff 33 33  33 ff 33 33 33 ff 33 33  |3.333.333.333.33|
*
0012f4d0  33 ff 33 33 33 ff 33 33  33 ff 00 00 00 00 00 00  |3.333.333.......|
0012f4e0  00 00 00 00 00 00 00 00  00 00 00 00 00 00 00 00  |................|
*
0012f590  00 00 00 00 00 00 00 00  00 00 33 33 33 ff 33 33  |..........333.33|
0012f5a0  33 ff 33 33 33 ff 33 33  33 ff 33 33 33 ff 33 33  |3.333.333.333.33|
*
0012f5d0  33 ff 33 33 33 ff 33 33  33 ff 00 00 00 00 00 00  |3.333.333.......|
0012f5e0  00 00 00 00 00 00 00 00  00 00 00 00 00 00 00 00  |................|
*
0012f730  00 00 00 00 00 00 00 00  00 00 33 33 33 ff 33 33  |..........333.33|
0012f740  33 ff 33 33 33 ff 33 33  33 ff 33 33 33 ff 33 33  |3.333.333.333.33|
*
0012f7c0  33 ff 33 33 33 ff 33 33  33 ff 33 33 33 ff 00 00  |3.333.333.333...|
0012f7d0  00 00 00 00 00 00 00 00  00 00 00 00 00 00 00 00  |................|
*
0012f8d0  00 00 00 00 00 00 33 33  33 1e 33 33 33 cd 33 33  |......333.333.33|
0012f8e0  33 ff 33 33 33 ff 33 33  33 ff 33 33 33 ff 33 33  |3.333.333.333.33|
*
0012f930  33 ff 33 33 33 ff 33 33  33 ff 00 00 00 00 00 00  |3.333.333.......|
0012f940  00 00 00 00 00 00 00 00  00 00 00 00 00 00 00 00  |................|
*
0012f990  00 00 2f 2f 2f 1b 33 33  33 ff 33 33 33 ff 33 33  |..///.333.333.33|
0012f9a0  33 ff 33 33 33 ff 33 33  33 ff 33 33 33 f3 24 24  |3.333.333.333.$$|
0012f9b0  24 07 00 00 00 00 00 00  00 00 00 00 00 00 00 00  |$...............|
0012f9c0  00 00 00 00 00 00 00 00  00 00 00 00 00 00 00 00  |................|
*
0012f9f0  00 00 00 00 00 00 00 00  00 00 00 00 00 00 33 33  |..............33|
0012fa00  33 69 33 33 33 ff 33 33  33 ff 33 33 33 ff 33 33  |3i333.333.333.33|
0012fa10  33 ff 33 33 33 ff 33 33  33 ff 33 33 33 ff 33 33  |3.333.333.333.33|
0012fa20  33 ff 33 33 33 ff 33 33  33 ff 31 31 31 5c 00 00  |3.333.333.111\..|
0012fa30  00 00 00 00 00 00 00 00  00 00 00 00 00 00 00 00  |................|
*
0012fa70  00 00 00 00 00 00 32 32  32 6b 33 33 33 ff 33 33  |......222k333.33|
0012fa80  33 ff 33 33 33 ff 33 33  33 ff 33 33 33 ff 33 33  |3.333.333.333.33|
0012fa90  33 ff 00 00 00 00 00 00  00 00 00 00 00 00 00 00  |3...............|
0012faa0  00 00 00 00 00 00 00 00  00 00 00 00 00 00 00 00  |................|
*
0012faf0  00 00 33 33 33 ff 33 33  33 ff 33 33 33 ff 33 33  |..333.333.333.33|
0012fb00  33 ff 33 33 33 ff 33 33  33 ff 33 33 33 ff 33 33  |3.333.333.333.33|
*
0012fb40  33 ff 00 00 00 00 00 00  00 00 00 00 00 00 00 00  |3...............|
0012fb50  00 00 00 00 00 00 00 00  00 00 00 00 00 00 00 00  |................|
*
0012fc40  00 00 38 38 38 12 33 33  33 e5 33 33 33 ff 33 33  |..888.333.333.33|
0012fc50  33 ff 33 33 33 ff 33 33  33 ff 33 33 33 ff 33 33  |3.333.333.333.33|
*
0012fcd0  33 ff 33 33 33 ff 33 33  33 ff 00 00 00 00 00 00  |3.333.333.......|
0012fce0  00 00 00 00 00 00 00 00  00 00 00 00 00 00 00 00  |................|
*
0012fd90  00 00 00 00 00 00 00 00  00 00 33 33 33 ff 33 33  |..........333.33|
0012fda0  33 ff 33 33 33 ff 33 33  33 ff 33 33 33 ff 33 33  |3.333.333.333.33|
*
0012fdd0  33 ff 33 33 33 ff 33 33  33 ff 00 00 00 00 00 00  |3.333.333.......|
0012fde0  00 00 00 00 00 00 00 00  00 00 00 00 00 00 00 00  |................|
*
0012ff30  00 00 00 00 00 00 00 00  00 00 33 33 33 ff 33 33  |..........333.33|
0012ff40  33 ff 33 33 33 ff 33 33  33 ff 33 33 33 ff 33 33  |3.333.333.333.33|
*
0012ffc0  33 ff 33 33 33 ff 33 33  33 ff 33 33 33 ff 00 00  |3.333.333.333...|
0012ffd0  00 00 00 00 00 00 00 00  00 00 00 00 00 00 00 00  |................|
*
001300d0  00 00 33 33 33 59 32 32  32 ec 33 33 33 ff 33 33  |..333Y222.333.33|
001300e0  33 ff 33 33 33 ff 33 33  33 ff 33 33 33 ff 33 33  |3.333.333.333.33|
*
00130130  33 ff 33 33 33 ff 33 33  33 ff 00 00 00 00 00 00  |3.333.333.......|
00130140  00 00 00 00 00 00 00 00  00 00 00 00 00 00 00 00  |................|
*
00130190  00 00 34 34 34 22 33 33  33 ff 33 33 33 ff 33 33  |..444"333.333.33|
001301a0  33 ff 33 33 33 ff 33 33  33 ff 32 32 32 b1 00 00  |3.333.333.222...|
001301b0  00 00 00 00 00 00 00 00  00 00 00 00 00 00 00 00  |................|
*
001301f0  00 00 00 00 00 00 00 00  00 00 00 00 00 00 33 33  |..............33|
00130200  33 b4 33 33 33 ff 33 33  33 ff 33 33 33 ff 33 33  |3.333.333.333.33|
00130210  33 ff 33 33 33 ff 33 33  33 ff 33 33 33 ff 33 33  |3.333.333.333.33|
00130220  33 ff 33 33 33 ff 33 33  33 ff 32 32 32 a6 00 00  |3.333.333.222...|
00130230  00 00 00 00 00 00 00 00  00 00 00 00 00 00 00 00  |................|
*
00130270  00 00 00 00 00 00 33 33  33 23 33 33 33 ff 33 33  |......333#333.33|
00130280  33 ff 33 33 33 ff 33 33  33 ff 33 33 33 ff 33 33  |3.333.333.333.33|
00130290  33 ff 00 00 00 01 00 00  00 00 00 00 00 00 00 00  |3...............|
001302a0  00 00 00 00 00 00 00 00  00 00 00 00 00 00 00 00  |................|
*
001302f0  00 00 33 33 33 ff 33 33  33 ff 33 33 33 ff 33 33  |..333.333.333.33|
00130300  33 ff 33 33 33 ff 33 33  33 ff 33 33 33 ff 33 33  |3.333.333.333.33|
*
00130340  33 ff 00 00 00 00 00 00  00 00 00 00 00 00 00 00  |3...............|
00130350  00 00 00 00 00 00 00 00  00 00 00 00 00 00 00 00  |................|
*
00130440  00 00 00 00 00 00 33 33  33 59 33 33 33 ff 33 33  |......333Y333.33|
00130450  33 ff 33 33 33 ff 33 33  33 ff 33 33 33 ff 33 33  |3.333.333.333.33|
*
001304d0  33 ff 33 33 33 ff 33 33  33 ff 00 00 00 00 00 00  |3.333.333.......|
001304e0  00 00 00 00 00 00 00 00  00 00 00 00 00 00 00 00  |................|
*
00130590  00 00 00 00 00 00 00 00  00 00 33 33 33 ff 33 33  |..........333.33|
001305a0  33 ff 33 33 33 ff 33 33  33 ff 33 33 33 ff 33 33  |3.333.333.333.33|
*
001305d0  33 ff 33 33 33 ff 33 33  33 ff 00 00 00 00 00 00  |3.333.333.......|
001305e0  00 00 00 00 00 00 00 00  00 00 00 00 00 00 00 00  |................|
*
00130730  00 00 00 00 00 00 00 00  00 00 33 33 33 ff 33 33  |..........333.33|
00130740  33 ff 33 33 33 ff 33 33  33 ff 33 33 33 ff 33 33  |3.333.333.333.33|
*
001307c0  33 ff 33 33 33 ff 33 33  33 ff 33 33 33 ff 00 00  |3.333.333.333...|
001307d0  00 00 00 00 00 00 00 00  00 00 00 00 00 00 00 00  |................|
*
001308c0  00 00 00 00 00 00 00 00  00 00 30 30 30 2f 33 33  |..........000/33|
001308d0  33 b8 33 33 33 ff 33 33  33 ff 33 33 33 ff 33 33  |3.333.333.333.33|
001308e0  33 ff 33 33 33 ff 33 33  33 ff 33 33 33 ff 33 33  |3.333.333.333.33|
*
00130930  33 ff 33 33 33 ff 33 33  33 ff 00 00 00 00 00 00  |3.333.333.......|
00130940  00 00 00 00 00 00 00 00  00 00 00 00 00 00 00 00  |................|
*
00130990  00 00 31 31 31 29 33 33  33 ff 33 33 33 ff 33 33  |..111)333.333.33|
001309a0  33 ff 33 33 33 ff 33 33  33 ff 33 33 33 68 00 00  |3.333.333.333h..|
001309b0  00 00 00 00 00 00 00 00  00 00 00 00 00 00 00 00  |................|
*
001309f0  00 00 00 00 00 00 00 00  00 00 33 33 33 0a 32 32  |..........333.22|
00130a00  32 f6 33 33 33 ff 33 33  33 ff 33 33 33 ff 33 33  |2.333.333.333.33|
00130a10  33 ff 33 33 33 ff 33 33  33 ff 33 33 33 ff 33 33  |3.333.333.333.33|
00130a20  33 ff 33 33 33 ff 33 33  33 ff 32 32 32 ed 55 55  |3.333.333.222.UU|
00130a30  55 03 00 00 00 00 00 00  00 00 00 00 00 00 00 00  |U...............|
00130a40  00 00 00 00 00 00 00 00  00 00 00 00 00 00 00 00  |................|
*
00130a70  00 00 00 00 00 00 00 00  00 00 33 33 33 da 33 33  |..........333.33|
00130a80  33 ff 33 33 33 ff 33 33  33 ff 33 33 33 ff 33 33  |3.333.333.333.33|
00130a90  33 ff 00 00 00 01 00 00  00 00 00 00 00 00 00 00  |3...............|
00130aa0  00 00 00 00 00 00 00 00  00 00 00 00 00 00 00 00  |................|
*
00130af0  00 00 33 33 33 ff 33 33  33 ff 33 33 33 ff 33 33  |..333.333.333.33|
00130b00  33 ff 33 33 33 ff 33 33  33 ff 33 33 33 ff 33 33  |3.333.333.333.33|
*
00130b40  33 ff 00 00 00 00 00 00  00 00 00 00 00 00 00 00  |3...............|
00130b50  00 00 00 00 00 00 00 00  00 00 00 00 00 00 00 00  |................|
*
00130c40  00 00 00 00 00 00 00 00  00 01 32 32 32 c0 33 33  |..........222.33|
00130c50  33 ff 33 33 33 ff 33 33  33 ff 33 33 33 ff 33 33  |3.333.333.333.33|
*
00130cd0  33 ff 33 33 33 ff 33 33  33 ff 00 00 00 00 00 00  |3.333.333.......|
00130ce0  00 00 00 00 00 00 00 00  00 00 00 00 00 00 00 00  |................|
*
00130d90  00 00 00 00 00 00 00 00  00 00 33 33 33 ff 33 33  |..........333.33|
00130da0  33 ff 33 33 33 ff 33 33  33 ff 33 33 33 ff 33 33  |3.333.333.333.33|
*
00130dd0  33 ff 33 33 33 ff 33 33  33 ff 00 00 00 00 00 00  |3.333.333.......|
00130de0  00 00 00 00 00 00 00 00  00 00 00 00 00 00 00 00  |................|
*
00130f30  00 00 00 00 00 00 00 00  00 00 33 33 33 ff 33 33  |..........333.33|
00130f40  33 ff 33 33 33 ff 33 33  33 ff 33 33 33 ff 33 33  |3.333.333.333.33|
*
00130fc0  33 ff 33 33 33 ff 33 33  33 ff 33 33 33 ff 00 00  |3.333.333.333...|
00130fd0  00 00 00 00 00 00 00 00  00 00 00 00 00 00 00 00  |................|
*
001310c0  00 00 32 32 32 3d 33 33  33 af 33 33 33 fd 33 33  |..222=333.333.33|
001310d0  33 ff 33 33 33 ff 33 33  33 ff 33 33 33 ff 33 33  |3.333.333.333.33|
*
00131130  33 ff 33 33 33 ff 33 33  33 ff 00 00 00 00 00 00  |3.333.333.......|
00131140  00 00 00 00 00 00 00 00  00 00 00 00 00 00 00 00  |................|
*
00131190  00 00 35 35 35 30 33 33  33 ff 33 33 33 ff 33 33  |..5550333.333.33|
001311a0  33 ff 33 33 33 ff 33 33  33 ff 31 31 31 1f 00 00  |3.333.333.111...|
001311b0  00 00 00 00 00 00 00 00  00 00 00 00 00 00 00 00  |................|
*
001311f0  00 00 00 00 00 00 00 00  00 00 32 32 32 4c 33 33  |..........222L33|
00131200  33 ff 33 33 33 ff 33 33  33 ff 33 33 33 ff 33 33  |3.333.333.333.33|
*
00131230  33 3b 00 00 00 00 00 00  00 00 00 00 00 00 00 00  |3;..............|
00131240  00 00 00 00 00 00 00 00  00 00 00 00 00 00 00 00  |................|
*
00131270  00 00 00 00 00 00 00 00  00 00 32 32 32 92 33 33  |..........222.33|
00131280  33 ff 33 33 33 ff 33 33  33 ff 33 33 33 ff 33 33  |3.333.333.333.33|
00131290  33 ff 00 00 00 01 00 00  00 00 00 00 00 00 00 00  |3...............|
001312a0  00 00 00 00 00 00 00 00  00 00 00 00 00 00 00 00  |................|
*
001312f0  00 00 33 33 33 ff 33 33  33 ff 33 33 33 ff 33 33  |..333.333.333.33|
00131300  33 ff 33 33 33 ff 33 33  33 ff 33 33 33 ff 33 33  |3.333.333.333.33|
*
00131340  33 ff 00 00 00 00 00 00  00 00 00 00 00 00 00 00  |3...............|
00131350  00 00 00 00 00 00 00 00  00 00 00 00 00 00 00 00  |................|
*
00131440  00 00 00 00 00 00 00 00  00 00 32 32 32 33 33 33  |..........222333|
00131450  33 ff 33 33 33 ff 33 33  33 ff 33 33 33 ff 33 33  |3.333.333.333.33|
*
001314d0  33 ff 33 33 33 ff 33 33  33 ff 00 00 00 00 00 00  |3.333.333.......|
001314e0  00 00 00 00 00 00 00 00  00 00 00 00 00 00 00 00  |................|
*
00131590  00 00 00 00 00 00 00 00  00 00 33 33 33 ff 33 33  |..........333.33|
001315a0  33 ff 33 33 33 ff 33 33  33 ff 33 33 33 ff 33 33  |3.333.333.333.33|
*
001315d0  33 ff 33 33 33 ff 33 33  33 ff 00 00 00 00 00 00  |3.333.333.......|
001315e0  00 00 00 00 00 00 00 00  00 00 00 00 00 00 00 00  |................|
*
00131730  00 00 00 00 00 00 00 00  00 00 33 33 33 ff 33 33  |..........333.33|
00131740  33 ff 33 33 33 ff 33 33  33 ff 33 33 33 ff 33 33  |3.333.333.333.33|
*
001317c0  33 ff 33 33 33 ff 33 33  33 ff 33 33 33 ff 00 00  |3.333.333.333...|
001317d0  00 00 00 00 00 00 00 00  00 00 00 00 00 00 00 00  |................|
*
001318b0  00 00 00 00 00 01 33 33  33 37 33 33 33 8b 32 32  |......3337333.22|
001318c0  32 de 33 33 33 ff 33 33  33 ff 33 33 33 ff 33 33  |2.333.333.333.33|
001318d0  33 ff 33 33 33 ff 33 33  33 ff 33 33 33 ff 33 33  |3.333.333.333.33|
*
00131930  33 ff 33 33 33 ff 33 33  33 ff 00 00 00 00 00 00  |3.333.333.......|
00131940  00 00 00 00 00 00 00 00  00 00 00 00 00 00 00 00  |................|
*
00131990  00 00 33 33 33 37 33 33  33 ff 33 33 33 ff 33 33  |..3337333.333.33|
001319a0  33 ff 33 33 33 ff 33 33  33 d5 00 00 00 00 00 00  |3.333.333.......|
001319b0  00 00 00 00 00 00 00 00  00 00 00 00 00 00 00 00  |................|
*
001319f0  00 00 00 00 00 00 00 00  00 00 32 32 32 97 33 33  |..........222.33|
00131a00  33 ff 33 33 33 ff 33 33  33 ff 33 33 33 ff 33 33  |3.333.333.333.33|
*
00131a20  33 ff 33 33 33 ff 33 33  33 ff 33 33 33 ff 32 32  |3.333.333.333.22|
00131a30  32 84 00 00 00 00 00 00  00 00 00 00 00 00 00 00  |2...............|
00131a40  00 00 00 00 00 00 00 00  00 00 00 00 00 00 00 00  |................|
*
00131a70  00 00 00 00 00 00 00 00  00 00 33 33 33 4b 33 33  |..........333K33|
00131a80  33 ff 33 33 33 ff 33 33  33 ff 33 33 33 ff 33 33  |3.333.333.333.33|
00131a90  33 ff 55 55 55 03 00 00  00 00 00 00 00 00 00 00  |3.UUU...........|
00131aa0  00 00 00 00 00 00 00 00  00 00 00 00 00 00 00 00  |................|
*
00131af0  00 00 33 33 33 ff 33 33  33 ff 33 33 33 ff 33 33  |..333.333.333.33|
00131b00  33 ff 33 33 33 ff 33 33  33 ff 33 33 33 ff 33 33  |3.333.333.333.33|
*
00131b40  33 ff 00 00 00 00 00 00  00 00 00 00 00 00 00 00  |3...............|
00131b50  00 00 00 00 00 00 00 00  00 00 00 00 00 00 00 00  |................|
*
00131c40  00 00 00 00 00 00 00 00  00 00 00 00 00 00 33 33  |..............33|
00131c50  33 be 33 33 33 ff 33 33  33 ff 33 33 33 ff 33 33  |3.333.333.333.33|
00131c60  33 ff 33 33 33 ff 33 33  33 ff 33 33 33 ff 33 33  |3.333.333.333.33|
*
00131cd0  33 ff 33 33 33 ff 33 33  33 ff 00 00 00 00 00 00  |3.333.333.......|
00131ce0  00 00 00 00 00 00 00 00  00 00 00 00 00 00 00 00  |................|
*
00131d90  00 00 00 00 00 00 00 00  00 00 33 33 33 ff 33 33  |..........333.33|
00131da0  33 ff 33 33 33 ff 33 33  33 ff 33 33 33 ff 33 33  |3.333.333.333.33|
*
00131dd0  33 ff 33 33 33 ff 33 33  33 ff 00 00 00 00 00 00  |3.333.333.......|
00131de0  00 00 00 00 00 00 00 00  00 00 00 00 00 00 00 00  |................|
*
00131f30  00 00 00 00 00 00 00 00  00 00 33 33 33 ff 33 33  |..........333.33|
00131f40  33 ff 33 33 33 ff 33 33  33 ff 33 33 33 ff 33 33  |3.333.333.333.33|
*
00131fc0  33 ff 33 33 33 ff 33 33  33 ff 33 33 33 ff 00 00  |3.333.333.333...|
00131fd0  00 00 00 00 00 00 00 00  00 00 00 00 00 00 00 00  |................|
*
001320b0  00 00 33 33 33 df 33 33  33 ff 33 33 33 ff 33 33  |..333.333.333.33|
001320c0  33 ff 33 33 33 ff 33 33  33 ff 33 33 33 ff 33 33  |3.333.333.333.33|
*
00132130  33 ff 33 33 33 ff 33 33  33 ff 00 00 00 00 00 00  |3.333.333.......|
00132140  00 00 00 00 00 00 00 00  00 00 00 00 00 00 00 00  |................|
*
00132190  00 00 31 31 31 3e 33 33  33 ff 33 33 33 ff 33 33  |..111>333.333.33|
001321a0  33 ff 33 33 33 ff 33 33  33 8c 00 00 00 00 00 00  |3.333.333.......|
001321b0  00 00 00 00 00 00 00 00  00 00 00 00 00 00 00 00  |................|
*
001321f0  00 00 00 00 00 00 00 00  00 01 32 32 32 e2 33 33  |..........222.33|
00132200  33 ff 33 33 33 ff 33 33  33 ff 33 33 33 ff 33 33  |3.333.333.333.33|
*
00132220  33 ff 33 33 33 ff 33 33  33 ff 33 33 33 ff 32 32  |3.333.333.333.22|
00132230  32 ce 00 00 00 00 00 00  00 00 00 00 00 00 00 00  |2...............|
00132240  00 00 00 00 00 00 00 00  00 00 00 00 00 00 00 00  |................|
*
00132270  00 00 00 00 00 00 00 00  00 00 33 33 33 0a 32 32  |..........333.22|
00132280  32 f7 33 33 33 ff 33 33  33 ff 33 33 33 ff 33 33  |2.333.333.333.33|
00132290  33 ff 33 33 33 0a 00 00  00 00 00 00 00 00 00 00  |3.333...........|
001322a0  00 00 00 00 00 00 00 00  00 00 00 00 00 00 00 00  |................|
*
001322f0  00 00 33 33 33 ff 33 33  33 ff 33 33 33 ff 33 33  |..333.333.333.33|
00132300  33 ff 33 33 33 ff 33 33  33 ff 33 33 33 ff 33 33  |3.333.333.333.33|
*
00132340  33 ff 00 00 00 00 00 00  00 00 00 00 00 00 00 00  |3...............|
00132350  00 00 00 00 00 00 00 00  00 00 00 00 00 00 00 00  |................|
*
00132440  00 00 00 00 00 00 00 00  00 00 00 00 00 00 32 32  |..............22|
00132450  32 4c 33 33 33 ff 33 33  33 ff 33 33 33 ff 33 33  |2L333.333.333.33|
00132460  33 ff 33 33 33 ff 33 33  33 ff 33 33 33 ff 33 33  |3.333.333.333.33|
*
001324d0  33 ff 33 33 33 ff 33 33  33 ff 00 00 00 00 00 00  |3.333.333.......|
001324e0  00 00 00 00 00 00 00 00  00 00 00 00 00 00 00 00  |................|
*
00132590  00 00 00 00 00 00 00 00  00 00 33 33 33 ff 33 33  |..........333.33|
001325a0  33 ff 33 33 33 ff 33 33  33 ff 33 33 33 ff 33 33  |3.333.333.333.33|
*
001325d0  33 ff 33 33 33 ff 33 33  33 ff 00 00 00 00 00 00  |3.333.333.......|
001325e0  00 00 00 00 00 00 00 00  00 00 00 00 00 00 00 00  |................|
*
00132730  00 00 00 00 00 00 00 00  00 00 33 33 33 ff 33 33  |..........333.33|
00132740  33 ff 33 33 33 ff 33 33  33 ff 33 33 33 ff 33 33  |3.333.333.333.33|
*
001327c0  33 ff 33 33 33 ff 33 33  33 ff 33 33 33 ff 00 00  |3.333.333.333...|
001327d0  00 00 00 00 00 00 00 00  00 00 00 00 00 00 00 00  |................|
*
001328b0  00 00 35 35 35 13 32 32  32 56 32 32 32 ab 32 32  |..555.222V222.22|
001328c0  32 f7 33 33 33 ff 33 33  33 ff 33 33 33 ff 33 33  |2.333.333.333.33|
001328d0  33 ff 33 33 33 ff 33 33  33 ff 33 33 33 ff 33 33  |3.333.333.333.33|
*
00132930  33 ff 33 33 33 ff 33 33  33 ff 00 00 00 00 00 00  |3.333.333.......|
00132940  00 00 00 00 00 00 00 00  00 00 00 00 00 00 00 00  |................|
*
00132990  00 00 33 33 33 45 33 33  33 ff 33 33 33 ff 33 33  |..333E333.333.33|
001329a0  33 ff 33 33 33 ff 34 34  34 44 00 00 00 00 00 00  |3.333.444D......|
001329b0  00 00 00 00 00 00 00 00  00 00 00 00 00 00 00 00  |................|
*
001329f0  00 00 00 00 00 00 30 30  30 2f 33 33 33 ff 33 33  |......000/333.33|
00132a00  33 ff 33 33 33 ff 33 33  33 ff 33 33 33 ff 33 33  |3.333.333.333.33|
*
00132a30  33 fe 31 31 31 1a 00 00  00 00 00 00 00 00 00 00  |3.111...........|
00132a40  00 00 00 00 00 00 00 00  00 00 00 00 00 00 00 00  |................|
*
00132a70  00 00 00 00 00 00 00 00  00 00 00 00 00 00 32 32  |..............22|
00132a80  32 ba 33 33 33 ff 33 33  33 ff 33 33 33 ff 33 33  |2.333.333.333.33|
00132a90  33 ff 38 38 38 12 00 00  00 00 00 00 00 00 00 00  |3.888...........|
00132aa0  00 00 00 00 00 00 00 00  00 00 00 00 00 00 00 00  |................|
*
00132af0  00 00 33 33 33 ff 33 33  33 ff 33 33 33 ff 33 33  |..333.333.333.33|
00132b00  33 ff 33 33 33 ff 33 33  33 ff 33 33 33 ff 33 33  |3.333.333.333.33|
*
00132b40  33 ff 00 00 00 00 00 00  00 00 00 00 00 00 00 00  |3...............|
00132b50  00 00 00 00 00 00 00 00  00 00 00 00 00 00 00 00  |................|
*
00132c50  00 01 33 33 33 e0 33 33  33 ff 33 33 33 ff 33 33  |..333.333.333.33|
00132c60  33 ff 33 33 33 ff 33 33  33 ff 33 33 33 ff 33 33  |3.333.333.333.33|
*
00132cd0  33 ff 33 33 33 ff 33 33  33 ff 00 00 00 00 00 00  |3.333.333.......|
00132ce0  00 00 00 00 00 00 00 00  00 00 00 00 00 00 00 00  |................|
*
00132d90  00 00 00 00 00 00 00 00  00 00 33 33 33 ff 33 33  |..........333.33|
00132da0  33 ff 33 33 33 ff 33 33  33 ff 33 33 33 ff 33 33  |3.333.333.333.33|
*
00132dd0  33 ff 33 33 33 ff 33 33  33 ff 00 00 00 00 00 00  |3.333.333.......|
00132de0  00 00 00 00 00 00 00 00  00 00 00 00 00 00 00 00  |................|
*
00132f30  00 00 00 00 00 00 00 00  00 00 33 33 33 ff 33 33  |..........333.33|
00132f40  33 ff 33 33 33 ff 33 33  33 ff 33 33 33 ff 33 33  |3.333.333.333.33|
*
00132fc0  33 ff 33 33 33 ff 33 33  33 ff 33 33 33 ff 00 00  |3.333.333.333...|
00132fd0  00 00 00 00 00 00 00 00  00 00 00 00 00 00 00 00  |................|
*
001330b0  00 00 00 00 00 00 00 00  00 00 00 00 00 00 30 30  |..............00|
001330c0  30 15 33 33 33 85 33 33  33 f4 33 33 33 ff 33 33  |0.333.333.333.33|
001330d0  33 ff 33 33 33 ff 33 33  33 ff 33 33 33 ff 33 33  |3.333.333.333.33|
*
00133130  33 ff 33 33 33 ff 33 33  33 ff 00 00 00 00 00 00  |3.333.333.......|
00133140  00 00 00 00 00 00 00 00  00 00 00 00 00 00 00 00  |................|
*
00133190  00 00 32 32 32 4c 33 33  33 ff 33 33 33 ff 33 33  |..222L333.333.33|
001331a0  33 ff 33 33 33 f3 24 24  24 07 00 00 00 00 00 00  |3.333.$$$.......|
001331b0  00 00 00 00 00 00 00 00  00 00 00 00 00 00 00 00  |................|
*
001331f0  00 00 00 00 00 00 33 33  33 7b 33 33 33 ff 33 33  |......333{333.33|
00133200  33 ff 33 33 33 ff 33 33  33 ff 33 33 33 ff 33 33  |3.333.333.333.33|
*
00133230  33 ff 33 33 33 63 00 00  00 00 00 00 00 00 00 00  |3.333c..........|
00133240  00 00 00 00 00 00 00 00  00 00 00 00 00 00 00 00  |................|
*
00133270  00 00 00 00 00 00 00 00  00 00 00 00 00 00 33 33  |..............33|
00133280  33 72 33 33 33 ff 33 33  33 ff 33 33 33 ff 33 33  |3r333.333.333.33|
00133290  33 ff 31 31 31 1a 00 00  00 00 00 00 00 00 00 00  |3.111...........|
001332a0  00 00 00 00 00 00 00 00  00 00 00 00 00 00 00 00  |................|
*
001332f0  00 00 33 33 33 ff 33 33  33 ff 33 33 33 ff 33 33  |..333.333.333.33|
00133300  33 ff 33 33 33 ff 33 33  33 ff 33 33 33 ff 33 33  |3.333.333.333.33|
*
00133340  33 ff 00 00 00 00 00 00  00 00 00 00 00 00 00 00  |3...............|
00133350  00 00 00 00 00 00 00 00  00 00 00 00 00 00 00 00  |................|
*
00133450  00 00 32 32 32 8d 33 33  33 ff 33 33 33 ff 33 33  |..222.333.333.33|
00133460  33 ff 33 33 33 ff 33 33  33 ff 33 33 33 ff 33 33  |3.333.333.333.33|
*
001334d0  33 ff 33 33 33 ff 33 33  33 ff 00 00 00 00 00 00  |3.333.333.......|
001334e0  00 00 00 00 00 00 00 00  00 00 00 00 00 00 00 00  |................|
*
00133590  00 00 00 00 00 00 00 00  00 00 33 33 33 ff 33 33  |..........333.33|
001335a0  33 ff 33 33 33 ff 33 33  33 ff 33 33 33 ff 33 33  |3.333.333.333.33|
*
001335d0  33 ff 33 33 33 ff 33 33  33 ff 00 00 00 00 00 00  |3.333.333.......|
001335e0  00 00 00 00 00 00 00 00  00 00 00 00 00 00 00 00  |................|
*
00133730  00 00 00 00 00 00 00 00  00 00 33 33 33 ff 33 33  |..........333.33|
00133740  33 ff 33 33 33 ff 33 33  33 ff 33 33 33 ff 33 33  |3.333.333.333.33|
*
001337c0  33 ff 33 33 33 ff 33 33  33 ff 33 33 33 ff 00 00  |3.333.333.333...|
001337d0  00 00 00 00 00 00 00 00  00 00 00 00 00 00 00 00  |................|
*
001338c0  00 00 00 00 00 00 33 33  33 1e 32 32 32 b5 33 33  |......333.222.33|
001338d0  33 ff 33 33 33 ff 33 33  33 ff 33 33 33 ff 33 33  |3.333.333.333.33|
*
00133930  33 ff 33 33 33 ff 33 33  33 ff 00 00 00 00 00 00  |3.333.333.......|
00133940  00 00 00 00 00 00 00 00  00 00 00 00 00 00 00 00  |................|
*
00133990  00 00 32 32 32 56 33 33  33 ff 33 33 33 ff 33 33  |..222V333.333.33|
001339a0  33 ff 32 32 32 b1 00 00  00 00 00 00 00 00 00 00  |3.222...........|
001339b0  00 00 00 00 00 00 00 00  00 00 00 00 00 00 00 00  |................|
*
001339f0  00 00 00 00 00 00 33 33  33 c6 33 33 33 ff 33 33  |......333.333.33|
00133a00  33 ff 33 33 33 ff 33 33  33 ff 33 33 33 ff 33 33  |3.333.333.333.33|
*
00133a30  33 ff 33 33 33 ad 00 00  00 00 00 00 00 00 00 00  |3.333...........|
00133a40  00 00 00 00 00 00 00 00  00 00 00 00 00 00 00 00  |................|
*
00133a70  00 00 00 00 00 00 00 00  00 00 00 00 00 00 30 30  |..............00|
00133a80  30 2a 33 33 33 ff 33 33  33 ff 33 33 33 ff 33 33  |0*333.333.333.33|
00133a90  33 ff 34 34 34 22 00 00  00 00 00 00 00 00 00 00  |3.444"..........|
00133aa0  00 00 00 00 00 00 00 00  00 00 00 00 00 00 00 00  |................|
*
00133af0  00 00 33 33 33 ff 33 33  33 ff 33 33 33 ff 33 33  |..333.333.333.33|
00133b00  33 ff 33 33 33 ff 33 33  33 ff 33 33 33 ff 33 33  |3.333.333.333.33|
*
00133b40  33 ff 00 00 00 00 00 00  00 00 00 00 00 00 00 00  |3...............|
00133b50  00 00 00 00 00 00 00 00  00 00 00 00 00 00 00 00  |................|
*
00133ba0  00 00 00 00 00 00 00 00  00 00 00 00 00 00 33 33  |..............33|
00133bb0  33 ff 33 33 33 ff 33 33  33 ff 33 33 33 ff 33 33  |3.333.333.333.33|
00133bc0  33 fa 32 32 32 e7 33 33  33 d5 33 33 33 af 32 32  |3.222.333.333.22|
00133bd0  32 6f 30 30 30 2a 00 00  00 00 00 00 00 00 00 00  |2o000*..........|
00133be0  00 00 00 00 00 00 00 00  00 00 00 00 00 00 00 00  |................|
*
00133c50  00 00 33 33 33 3b 33 33  33 ff 33 33 33 ff 33 33  |..333;333.333.33|
00133c60  33 ff 33 33 33 ff 33 33  33 ff 33 33 33 ff 33 33  |3.333.333.333.33|
*
00133cd0  33 ff 33 33 33 ff 33 33  33 ff 00 00 00 00 00 00  |3.333.333.......|
00133ce0  00 00 00 00 00 00 00 00  00 00 00 00 00 00 00 00  |................|
*
00133d90  00 00 00 00 00 00 00 00  00 00 33 33 33 ff 33 33  |..........333.33|
00133da0  33 ff 33 33 33 ff 33 33  33 ff 33 33 33 ff 33 33  |3.333.333.333.33|
*
00133dd0  33 ff 33 33 33 ff 33 33  33 ff 00 00 00 00 00 00  |3.333.333.......|
00133de0  00 00 00 00 00 00 00 00  00 00 00 00 00 00 00 00  |................|
*
00133f30  00 00 00 00 00 00 00 00  00 00 33 33 33 ff 33 33  |..........333.33|
00133f40  33 ff 33 33 33 ff 33 33  33 ff 33 33 33 ff 33 33  |3.333.333.333.33|
*
00133fc0  33 ff 33 33 33 ff 33 33  33 ff 33 33 33 ff 00 00  |3.333.333.333...|
00133fd0  00 00 00 00 00 00 00 00  00 00 00 00 00 00 00 00  |................|
*
001340c0  00 00 00 00 00 00 00 00  00 00 00 00 00 01 32 32  |..............22|
001340d0  32 79 33 33 33 fe 33 33  33 ff 33 33 33 ff 33 33  |2y333.333.333.33|
001340e0  33 ff 33 33 33 ff 33 33  33 ff 33 33 33 ff 33 33  |3.333.333.333.33|
*
00134130  33 ff 33 33 33 ff 33 33  33 ff 00 00 00 00 00 00  |3.333.333.......|
00134140  00 00 00 00 00 00 00 00  00 00 00 00 00 00 00 00  |................|
*
00134190  00 00 32 32 32 66 33 33  33 ff 33 33 33 ff 33 33  |..222f333.333.33|
001341a0  33 ff 33 33 33 68 00 00  00 00 00 00 00 00 00 00  |3.333h..........|
001341b0  00 00 00 00 00 00 00 00  00 00 00 00 00 00 00 00  |................|
*
001341f0  00 00 30 30 30 15 32 32  32 fc 33 33 33 ff 33 33  |..000.222.333.33|
00134200  33 ff 33 33 33 ff 33 33  33 ff 33 33 33 ff 33 33  |3.333.333.333.33|
*
00134230  33 ff 32 32 32 f1 2a 2a  2a 06 00 00 00 00 00 00  |3.222.***.......|
00134240  00 00 00 00 00 00 00 00  00 00 00 00 00 00 00 00  |................|
*
00134280  00 00 33 33 33 e1 33 33  33 ff 33 33 33 ff 33 33  |..333.333.333.33|
00134290  33 ff 30 30 30 2a 00 00  00 00 00 00 00 00 00 00  |3.000*..........|
001342a0  00 00 00 00 00 00 00 00  00 00 00 00 00 00 00 00  |................|
*
001342f0  00 00 33 33 33 ff 33 33  33 ff 33 33 33 ff 33 33  |..333.333.333.33|
00134300  33 ff 33 33 33 ff 33 33  33 ff 33 33 33 ff 33 33  |3.333.333.333.33|
*
00134340  33 ff 00 00 00 00 00 00  00 00 00 00 00 00 00 00  |3...............|
00134350  00 00 00 00 00 00 00 00  00 00 00 00 00 00 00 00  |................|
*
001343a0  00 00 00 00 00 00 00 00  00 00 00 00 00 00 33 33  |..............33|
001343b0  33 ff 33 33 33 ff 33 33  33 ff 33 33 33 ff 33 33  |3.333.333.333.33|
*
001343d0  33 ff 33 33 33 ff 33 33  33 b9 34 34 34 3f 00 00  |3.333.333.444?..|
001343e0  00 00 00 00 00 00 00 00  00 00 00 00 00 00 00 00  |................|
*
00134450  00 00 00 00 00 02 33 33  33 e9 33 33 33 ff 33 33  |......333.333.33|
00134460  33 ff 33 33 33 ff 33 33  33 ff 33 33 33 ff 33 33  |3.333.333.333.33|
*
001344d0  33 ff 33 33 33 ff 33 33  33 ff 00 00 00 00 00 00  |3.333.333.......|
001344e0  00 00 00 00 00 00 00 00  00 00 00 00 00 00 00 00  |................|
*
00134590  00 00 00 00 00 00 00 00  00 00 33 33 33 ff 33 33  |..........333.33|
001345a0  33 ff 33 33 33 ff 33 33  33 ff 33 33 33 ff 33 33  |3.333.333.333.33|
*
001345d0  33 ff 33 33 33 ff 33 33  33 ff 00 00 00 00 00 00  |3.333.333.......|
001345e0  00 00 00 00 00 00 00 00  00 00 00 00 00 00 00 00  |................|
*
00134730  00 00 00 00 00 00 00 00  00 00 33 33 33 ff 33 33  |..........333.33|
00134740  33 ff 33 33 33 ff 33 33  33 ff 33 33 33 ff 33 33  |3.333.333.333.33|
*
001347c0  33 ff 33 33 33 ff 33 33  33 ff 33 33 33 ff 00 00  |3.333.333.333...|
001347d0  00 00 00 00 00 00 00 00  00 00 00 00 00 00 00 00  |................|
*
001348d0  00 00 33 33 33 5e 33 33  33 fd 33 33 33 ff 33 33  |..333^333.333.33|
001348e0  33 ff 33 33 33 ff 33 33  33 ff 33 33 33 ff 33 33  |3.333.333.333.33|
*
00134930  33 ff 33 33 33 ff 33 33  33 ff 00 00 00 00 00 00  |3.333.333.......|
00134940  00 00 00 00 00 00 00 00  00 00 00 00 00 00 00 00  |................|
*
00134990  00 00 33 33 33 76 33 33  33 ff 33 33 33 ff 33 33  |..333v333.333.33|
001349a0  33 ff 31 31 31 1f 00 00  00 00 00 00 00 00 00 00  |3.111...........|
001349b0  00 00 00 00 00 00 00 00  00 00 00 00 00 00 00 00  |................|
*
001349f0  00 00 33 33 33 5e 33 33  33 ff 33 33 33 ff 33 33  |..333^333.333.33|
00134a00  33 ff 33 33 33 ff 33 33  33 ff 33 33 33 ff 33 33  |3.333.333.333.33|
*
00134a30  33 ff 33 33 33 ff 32 32  32 42 00 00 00 00 00 00  |3.333.222B......|
00134a40  00 00 00 00 00 00 00 00  00 00 00 00 00 00 00 00  |................|
*
00134a80  00 00 33 33 33 99 33 33  33 ff 33 33 33 ff 33 33  |..333.333.333.33|
00134a90  33 ff 33 33 33 32 00 00  00 00 00 00 00 00 00 00  |3.3332..........|
00134aa0  00 00 00 00 00 00 00 00  00 00 00 00 00 00 00 00  |................|
*
00134af0  00 00 33 33 33 ff 33 33  33 ff 33 33 33 ff 33 33  |..333.333.333.33|
00134b00  33 ff 33 33 33 ff 33 33  33 ff 33 33 33 ff 33 33  |3.333.333.333.33|
*
00134b40  33 ff 00 00 00 00 00 00  00 00 00 00 00 00 00 00  |3...............|
00134b50  00 00 00 00 00 00 00 00  00 00 00 00 00 00 00 00  |................|
*
00134ba0  00 00 00 00 00 00 00 00  00 00 00 00 00 00 33 33  |..............33|
00134bb0  33 ff 33 33 33 ff 33 33  33 ff 33 33 33 ff 33 33  |3.333.333.333.33|
*
00134be0  33 99 2a 2a 2a 06 00 00  00 00 00 00 00 00 00 00  |3.***...........|
00134bf0  00 00 00 00 00 00 00 00  00 00 00 00 00 00 00 00  |................|
*
00134c50  00 00 00 00 00 00 32 32  32 b1 33 33 33 ff 33 33  |......222.333.33|
00134c60  33 ff 33 33 33 ff 33 33  33 ff 33 33 33 ff 33 33  |3.333.333.333.33|
*
00134cd0  33 ff 33 33 33 ff 33 33  33 ff 00 00 00 00 00 00  |3.333.333.......|
00134ce0  00 00 00 00 00 00 00 00  00 00 00 00 00 00 00 00  |................|
*
00134d90  00 00 00 00 00 00 00 00  00 00 33 33 33 ff 33 33  |..........333.33|
00134da0  33 ff 33 33 33 ff 33 33  33 ff 33 33 33 ff 33 33  |3.333.333.333.33|
*
00134dd0  33 ff 33 33 33 ff 33 33  33 ff 00 00 00 00 00 00  |3.333.333.......|
00134de0  00 00 00 00 00 00 00 00  00 00 00 00 00 00 00 00  |................|
*
00134f30  00 00 00 00 00 00 00 00  00 00 33 33 33 ff 33 33  |..........333.33|
00134f40  33 ff 33 33 33 ff 33 33  33 ff 33 33 33 ff 33 33  |3.333.333.333.33|
*
00134fc0  33 ff 33 33 33 ff 33 33  33 ff 33 33 33 ff 00 00  |3.333.333.333...|
00134fd0  00 00 00 00 00 00 00 00  00 00 00 00 00 00 00 00  |................|
*
001350d0  00 00 00 00 00 00 32 32  32 75 33 33 33 ff 33 33  |......222u333.33|
001350e0  33 ff 33 33 33 ff 33 33  33 ff 33 33 33 ff 33 33  |3.333.333.333.33|
*
00135130  33 ff 33 33 33 ff 33 33  33 ff 00 00 00 00 00 00  |3.333.333.......|
00135140  00 00 00 00 00 00 00 00  00 00 00 00 00 00 00 00  |................|
*
00135190  00 00 33 33 33 86 33 33  33 ff 33 33 33 ff 33 33  |..333.333.333.33|
001351a0  33 d5 00 00 00 00 00 00  00 00 00 00 00 00 00 00  |3...............|
001351b0  00 00 00 00 00 00 00 00  00 00 00 00 00 00 00 00  |................|
*
001351f0  00 00 33 33 33 a9 33 33  33 ff 33 33 33 ff 33 33  |..333.333.333.33|
00135200  33 ff 33 33 33 ff 33 33  33 ff 33 33 33 ff 33 33  |3.333.333.333.33|
*
00135230  33 ff 33 33 33 ff 33 33  33 8c 00 00 00 00 00 00  |3.333.333.......|
00135240  00 00 00 00 00 00 00 00  00 00 00 00 00 00 00 00  |................|
*
00135280  00 00 32 32 32 51 33 33  33 ff 33 33 33 ff 33 33  |..222Q333.333.33|
00135290  33 ff 34 34 34 3a 00 00  00 00 00 00 00 00 00 00  |3.444:..........|
001352a0  00 00 00 00 00 00 00 00  00 00 00 00 00 00 00 00  |................|
*
001352f0  00 00 33 33 33 ff 33 33  33 ff 33 33 33 ff 33 33  |..333.333.333.33|
00135300  33 ff 33 33 33 ff 33 33  33 ff 33 33 33 ff 33 33  |3.333.333.333.33|
*
00135340  33 ff 00 00 00 00 00 00  00 00 00 00 00 00 00 00  |3...............|
00135350  00 00 00 00 00 00 00 00  00 00 00 00 00 00 00 00  |................|
*
001353a0  00 00 00 00 00 00 00 00  00 00 00 00 00 00 33 33  |..............33|
001353b0  33 ff 33 33 33 ff 33 33  33 ff 33 33 33 ff 33 33  |3.333.333.333.33|
*
001353e0  33 ff 33 33 33 bd 2a 2a  2a 06 00 00 00 00 00 00  |3.333.***.......|
001353f0  00 00 00 00 00 00 00 00  00 00 00 00 00 00 00 00  |................|
*
00135450  00 00 00 00 00 00 32 32  32 79 33 33 33 ff 33 33  |......222y333.33|
00135460  33 ff 33 33 33 ff 33 33  33 ff 33 33 33 ff 33 33  |3.333.333.333.33|
*
001354d0  33 ff 33 33 33 ff 33 33  33 ff 00 00 00 00 00 00  |3.333.333.......|
001354e0  00 00 00 00 00 00 00 00  00 00 00 00 00 00 00 00  |................|
*
00135590  00 00 00 00 00 00 00 00  00 00 33 33 33 ff 33 33  |..........333.33|
001355a0  33 ff 33 33 33 ff 33 33  33 ff 33 33 33 ff 33 33  |3.333.333.333.33|
*
001355d0  33 ff 33 33 33 ff 33 33  33 ff 00 00 00 00 00 00  |3.333.333.......|
001355e0  00 00 00 00 00 00 00 00  00 00 00 00 00 00 00 00  |................|
*
00135730  00 00 00 00 00 00 00 00  00 00 33 33 33 ff 33 33  |..........333.33|
00135740  33 ff 33 33 33 ff 33 33  33 ff 33 33 33 ff 33 33  |3.333.333.333.33|
*
001357c0  33 ff 33 33 33 ff 33 33  33 ff 33 33 33 ff 00 00  |3.333.333.333...|
001357d0  00 00 00 00 00 00 00 00  00 00 00 00 00 00 00 00  |................|
*
001358d0  00 00 00 00 00 00 00 00  00 00 32 32 32 9c 33 33  |..........222.33|
001358e0  33 ff 33 33 33 ff 33 33  33 ff 33 33 33 ff 33 33  |3.333.333.333.33|
*
00135930  33 ff 33 33 33 ff 33 33  33 ff 00 00 00 00 00 00  |3.333.333.......|
00135940  00 00 00 00 00 00 00 00  00 00 00 00 00 00 00 00  |................|
*
00135990  00 00 33 33 33 96 33 33  33 ff 33 33 33 ff 33 33  |..333.333.333.33|
001359a0  33 8c 00 00 00 00 00 00  00 00 00 00 00 00 00 00  |3...............|
001359b0  00 00 00 00 00 00 00 00  00 00 00 00 00 00 00 00  |................|
*
001359e0  00 00 00 00 00 00 00 00  00 00 00 00 00 00 33 33  |..............33|
001359f0  33 05 33 33 33 f0 33 33  33 ff 33 33 33 ff 33 33  |3.333.333.333.33|
00135a00  33 ff 33 33 33 ff 33 33  33 ff 33 33 33 ff 33 33  |3.333.333.333.33|
*
00135a30  33 ff 33 33 33 ff 33 33  33 d6 00 00 00 00 00 00  |3.333.333.......|
00135a40  00 00 00 00 00 00 00 00  00 00 00 00 00 00 00 00  |................|
*
00135a80  00 00 36 36 36 0e 33 33  33 fa 33 33 33 ff 33 33  |..666.333.333.33|
00135a90  33 ff 33 33 33 45 00 00  00 00 00 00 00 00 00 00  |3.333E..........|
00135aa0  00 00 00 00 00 00 00 00  00 00 00 00 00 00 00 00  |................|
*
00135af0  00 00 33 33 33 ff 33 33  33 ff 33 33 33 ff 33 33  |..333.333.333.33|
00135b00  33 ff 33 33 33 ff 33 33  33 ff 33 33 33 ff 33 33  |3.333.333.333.33|
*
00135b40  33 ff 00 00 00 00 00 00  00 00 00 00 00 00 00 00  |3...............|
00135b50  00 00 00 00 00 00 00 00  00 00 00 00 00 00 00 00  |................|
*
00135ba0  00 00 00 00 00 00 00 00  00 00 00 00 00 00 33 33  |..............33|
00135bb0  33 ff 33 33 33 ff 33 33  33 ff 33 33 33 ff 33 33  |3.333.333.333.33|
*
00135be0  33 ff 33 33 33 ff 33 33  33 a0 00 00 00 00 00 00  |3.333.333.......|
00135bf0  00 00 00 00 00 00 00 00  00 00 00 00 00 00 00 00  |................|
*
00135c50  00 00 00 00 00 00 32 32  32 42 33 33 33 ff 33 33  |......222B333.33|
00135c60  33 ff 33 33 33 ff 33 33  33 ff 33 33 33 ff 33 33  |3.333.333.333.33|
*
00135cd0  33 ff 33 33 33 ff 33 33  33 ff 00 00 00 00 00 00  |3.333.333.......|
00135ce0  00 00 00 00 00 00 00 00  00 00 00 00 00 00 00 00  |................|
*
00135d90  00 00 00 00 00 00 00 00  00 00 33 33 33 ff 33 33  |..........333.33|
00135da0  33 ff 33 33 33 ff 33 33  33 ff 33 33 33 ff 33 33  |3.333.333.333.33|
*
00135dd0  33 ff 33 33 33 ff 33 33  33 ff 00 00 00 00 00 00  |3.333.333.......|
00135de0  00 00 00 00 00 00 00 00  00 00 00 00 00 00 00 00  |................|
*
00135f30  00 00 00 00 00 00 00 00  00 00 33 33 33 ff 33 33  |..........333.33|
00135f40  33 ff 33 33 33 ff 33 33  33 ff 33 33 33 ff 33 33  |3.333.333.333.33|
*
00135fc0  33 ff 33 33 33 ff 33 33  33 ff 33 33 33 ff 00 00  |3.333.333.333...|
00135fd0  00 00 00 00 00 00 00 00  00 00 00 00 00 00 00 00  |................|
*
001360d0  00 00 00 00 00 00 00 00  00 00 33 33 33 05 32 32  |..........333.22|
001360e0  32 ce 33 33 33 ff 33 33  33 ff 33 33 33 ff 33 33  |2.333.333.333.33|
001360f0  33 ff 33 33 33 ff 33 33  33 ff 33 33 33 ff 33 33  |3.333.333.333.33|
*
00136130  33 ff 33 33 33 ff 33 33  33 ff 00 00 00 00 00 00  |3.333.333.......|
00136140  00 00 00 00 00 00 00 00  00 00 00 00 00 00 00 00  |................|
*
00136190  00 00 32 32 32 a7 33 33  33 ff 33 33 33 ff 34 34  |..222.333.333.44|
001361a0  34 44 00 00 00 00 00 00  00 00 00 00 00 00 00 00  |4D..............|
001361b0  00 00 00 00 00 00 00 00  00 00 00 00 00 00 00 00  |................|
*
001361e0  00 00 00 00 00 00 00 00  00 00 00 00 00 00 33 33  |..............33|
001361f0  33 41 33 33 33 ff 33 33  33 ff 33 33 33 ff 33 33  |3A333.333.333.33|
00136200  33 ff 33 33 33 ff 33 33  33 ff 33 33 33 ff 33 33  |3.333.333.333.33|
*
00136230  33 ff 33 33 33 ff 33 33  33 ff 36 36 36 21 00 00  |3.333.333.666!..|
00136240  00 00 00 00 00 00 00 00  00 00 00 00 00 00 00 00  |................|
*
00136280  00 00 00 00 00 00 33 33  33 c1 33 33 33 ff 33 33  |......333.333.33|
00136290  33 ff 32 32 32 51 00 00  00 00 00 00 00 00 00 00  |3.222Q..........|
001362a0  00 00 00 00 00 00 00 00  00 00 00 00 00 00 00 00  |................|
*
001362f0  00 00 33 33 33 ff 33 33  33 ff 33 33 33 ff 33 33  |..333.333.333.33|
00136300  33 ff 33 33 33 ff 33 33  33 ff 33 33 33 ff 33 33  |3.333.333.333.33|
*
00136340  33 ff 00 00 00 00 00 00  00 00 00 00 00 00 00 00  |3...............|
00136350  00 00 00 00 00 00 00 00  00 00 00 00 00 00 00 00  |................|
*
001363a0  00 00 00 00 00 00 00 00  00 00 00 00 00 00 33 33  |..............33|
001363b0  33 ff 33 33 33 ff 33 33  33 ff 33 33 33 ff 33 33  |3.333.333.333.33|
*
001363e0  33 ff 33 33 33 ff 33 33  33 ff 33 33 33 54 00 00  |3.333.333.333T..|
001363f0  00 00 00 00 00 00 00 00  00 00 00 00 00 00 00 00  |................|
*
00136450  00 00 00 00 00 00 35 35  35 18 33 33 33 ff 33 33  |......555.333.33|
00136460  33 ff 33 33 33 ff 33 33  33 ff 33 33 33 ff 33 33  |3.333.333.333.33|
*
001364d0  33 ff 33 33 33 ff 33 33  33 ff 00 00 00 00 00 00  |3.333.333.......|
001364e0  00 00 00 00 00 00 00 00  00 00 00 00 00 00 00 00  |................|
*
00136590  00 00 00 00 00 00 00 00  00 00 33 33 33 ff 33 33  |..........333.33|
001365a0  33 ff 33 33 33 ff 33 33  33 ff 33 33 33 ff 33 33  |3.333.333.333.33|
*
001365d0  33 ff 33 33 33 ff 33 33  33 ff 00 00 00 00 00 00  |3.333.333.......|
001365e0  00 00 00 00 00 00 00 00  00 00 00 00 00 00 00 00  |................|
*
00136730  00 00 00 00 00 00 00 00  00 00 33 33 33 ff 33 33  |..........333.33|
00136740  33 ff 33 33 33 ff 33 33  33 ff 33 33 33 ff 33 33  |3.333.333.333.33|
*
001367c0  33 ff 33 33 33 ff 33 33  33 ff 33 33 33 ff 00 00  |3.333.333.333...|
001367d0  00 00 00 00 00 00 00 00  00 00 00 00 00 00 00 00  |................|
*
00136830  00 00 00 00 00 00 33 33  33 ff 33 33 33 ff 33 33  |......333.333.33|
00136840  33 ff 33 33 33 ff 33 33  33 ff 33 33 33 ff 33 33  |3.333.333.333.33|
00136850  33 ff 33 33 33 ff 32 32  32 f6 33 33 33 e6 32 32  |3.333.222.333.22|
00136860  32 d4 32 32 32 a6 33 33  33 73 30 30 30 25 00 00  |2.222.333s000%..|
00136870  00 00 00 00 00 00 00 00  00 00 00 00 00 00 00 00  |................|
*
001368d0  00 00 00 00 00 00 00 00  00 00 00 00 00 00 34 34  |..............44|
001368e0  34 35 33 33 33 fd 33 33  33 ff 33 33 33 ff 33 33  |45333.333.333.33|
001368f0  33 ff 33 33 33 ff 33 33  33 ff 33 33 33 ff 33 33  |3.333.333.333.33|
*
00136930  33 ff 33 33 33 ff 33 33  33 ff 00 00 00 00 00 00  |3.333.333.......|
00136940  00 00 00 00 00 00 00 00  00 00 00 00 00 00 00 00  |................|
*
00136990  00 00 33 33 33 b7 33 33  33 ff 33 33 33 f4 24 24  |..333.333.333.$$|
001369a0  24 07 00 00 00 00 00 00  00 00 00 00 00 00 00 00  |$...............|
001369b0  00 00 00 00 00 00 00 00  00 00 00 00 00 00 00 00  |................|
*
001369e0  00 00 00 00 00 00 00 00  00 00 00 00 00 00 33 33  |..............33|
001369f0  33 8c 33 33 33 ff 33 33  33 ff 33 33 33 ff 33 33  |3.333.333.333.33|
00136a00  33 ff 33 33 33 ff 33 33  33 ff 33 33 33 ff 33 33  |3.333.333.333.33|
*
00136a30  33 ff 33 33 33 ff 33 33  33 ff 32 32 32 6a 00 00  |3.333.333.222j..|
00136a40  00 00 00 00 00 00 00 00  00 00 00 00 00 00 00 00  |................|
*
00136a80  00 00 00 00 00 00 32 32  32 7a 33 33 33 ff 33 33  |......222z333.33|
00136a90  33 ff 31 31 31 5c 00 00  00 00 00 00 00 00 00 00  |3.111\..........|
00136aa0  00 00 00 00 00 00 00 00  00 00 00 00 00 00 00 00  |................|
*
00136af0  00 00 33 33 33 ff 33 33  33 ff 33 33 33 ff 33 33  |..333.333.333.33|
00136b00  33 ff 33 33 33 ff 33 33  33 ff 33 33 33 ff 33 33  |3.333.333.333.33|
*
00136b40  33 ff 00 00 00 00 00 00  00 00 00 00 00 00 00 00  |3...............|
00136b50  00 00 00 00 00 00 00 00  00 00 00 00 00 00 00 00  |................|
*
00136ba0  00 00 00 00 00 00 00 00  00 00 00 00 00 00 33 33  |..............33|
00136bb0  33 ff 33 33 33 ff 33 33  33 ff 33 33 33 ff 33 33  |3.333.333.333.33|
*
00136be0  33 ff 33 33 33 ff 33 33  33 ff 32 32 32 d8 3f 3f  |3.333.333.222.??|
00136bf0  3f 04 00 00 00 00 00 00  00 00 00 00 00 00 00 00  |?...............|
00136c00  00 00 00 00 00 00 00 00  00 00 00 00 00 00 00 00  |................|
*
00136c50  00 00 00 00 00 00 00 00  00 01 32 32 32 f7 33 33  |..........222.33|
00136c60  33 ff 33 33 33 ff 33 33  33 ff 33 33 33 ff 33 33  |3.333.333.333.33|
*
00136cd0  33 ff 33 33 33 ff 33 33  33 ff 00 00 00 00 00 00  |3.333.333.......|
00136ce0  00 00 00 00 00 00 00 00  00 00 00 00 00 00 00 00  |................|
*
00136d90  00 00 00 00 00 00 00 00  00 00 33 33 33 ff 33 33  |..........333.33|
00136da0  33 ff 33 33 33 ff 33 33  33 ff 33 33 33 ff 33 33  |3.333.333.333.33|
*
00136dd0  33 ff 33 33 33 ff 33 33  33 ff 00 00 00 00 00 00  |3.333.333.......|
00136de0  00 00 00 00 00 00 00 00  00 00 00 00 00 00 00 00  |................|
*
00136f30  00 00 00 00 00 00 00 00  00 00 33 33 33 ff 33 33  |..........333.33|
00136f40  33 ff 33 33 33 ff 33 33  33 ff 33 33 33 ff 33 33  |3.333.333.333.33|
*
00136fc0  33 ff 33 33 33 ff 33 33  33 ff 33 33 33 ff 00 00  |3.333.333.333...|
00136fd0  00 00 00 00 00 00 00 00  00 00 00 00 00 00 00 00  |................|
*
00137030  00 00 00 00 00 00 33 33  33 ff 33 33 33 ff 33 33  |......333.333.33|
00137040  33 ff 33 33 33 ff 33 33  33 ff 33 33 33 ff 33 33  |3.333.333.333.33|
*
00137060  33 ff 33 33 33 ff 33 33  33 ff 33 33 33 fe 33 33  |3.333.333.333.33|
00137070  33 c3 33 33 33 41 00 00  00 00 00 00 00 00 00 00  |3.333A..........|
00137080  00 00 00 00 00 00 00 00  00 00 00 00 00 00 00 00  |................|
*
001370e0  00 00 33 33 33 9b 33 33  33 ff 33 33 33 ff 33 33  |..333.333.333.33|
001370f0  33 ff 33 33 33 ff 33 33  33 ff 33 33 33 ff 33 33  |3.333.333.333.33|
*
00137130  33 ff 33 33 33 ff 33 33  33 ff 00 00 00 00 00 00  |3.333.333.......|
00137140  00 00 00 00 00 00 00 00  00 00 00 00 00 00 00 00  |................|
*
00137190  00 00 33 33 33 c7 33 33  33 ff 32 32 32 b1 00 00  |..333.333.222...|
001371a0  00 00 00 00 00 00 00 00  00 00 00 00 00 00 00 00  |................|
*
001371e0  00 00 00 00 00 00 00 00  00 00 00 00 00 00 32 32  |..............22|
001371f0  32 d8 33 33 33 ff 33 33  33 ff 33 33 33 ff 33 33  |2.333.333.333.33|
00137200  33 ff 33 33 33 ff 33 33  33 ff 33 33 33 ff 33 33  |3.333.333.333.33|
*
00137230  33 ff 33 33 33 ff 33 33  33 ff 33 33 33 b4 00 00  |3.333.333.333...|
00137240  00 00 00 00 00 00 00 00  00 00 00 00 00 00 00 00  |................|
*
00137280  00 00 00 00 00 00 33 33  33 32 33 33 33 ff 33 33  |......3332333.33|
00137290  33 ff 33 33 33 68 00 00  00 00 00 00 00 00 00 00  |3.333h..........|
001372a0  00 00 00 00 00 00 00 00  00 00 00 00 00 00 00 00  |................|
*
001372f0  00 00 33 33 33 ff 33 33  33 ff 33 33 33 ff 33 33  |..333.333.333.33|
00137300  33 ff 33 33 33 ff 33 33  33 ff 33 33 33 ff 33 33  |3.333.333.333.33|
*
00137340  33 ff 00 00 00 00 00 00  00 00 00 00 00 00 00 00  |3...............|
00137350  00 00 00 00 00 00 00 00  00 00 00 00 00 00 00 00  |................|
*
001373a0  00 00 00 00 00 00 00 00  00 00 00 00 00 00 33 33  |..............33|
001373b0  33 ff 33 33 33 ff 33 33  33 ff 33 33 33 ff 33 33  |3.333.333.333.33|
*
001373e0  33 ff 33 33 33 ff 33 33  33 ff 33 33 33 ff 31 31  |3.333.333.333.11|
001373f0  31 48 00 00 00 00 00 00  00 00 00 00 00 00 00 00  |1H..............|
00137400  00 00 00 00 00 00 00 00  00 00 00 00 00 00 00 00  |................|
*
00137450  00 00 00 00 00 00 00 00  00 00 33 33 33 da 33 33  |..........333.33|
00137460  33 ff 33 33 33 ff 33 33  33 ff 33 33 33 ff 33 33  |3.333.333.333.33|
*
001374d0  33 ff 33 33 33 ff 33 33  33 ff 00 00 00 00 00 00  |3.333.333.......|
001374e0  00 00 00 00 00 00 00 00  00 00 00 00 00 00 00 00  |................|
*
00137590  00 00 00 00 00 00 00 00  00 00 33 33 33 ff 33 33  |..........333.33|
001375a0  33 ff 33 33 33 ff 33 33  33 ff 33 33 33 ff 33 33  |3.333.333.333.33|
*
001375d0  33 ff 33 33 33 ff 33 33  33 ff 00 00 00 00 00 00  |3.333.333.......|
001375e0  00 00 00 00 00 00 00 00  00 00 00 00 00 00 00 00  |................|
*
00137730  00 00 00 00 00 00 00 00  00 00 33 33 33 ff 33 33  |..........333.33|
00137740  33 ff 33 33 33 ff 33 33  33 ff 33 33 33 ff 33 33  |3.333.333.333.33|
*
001377c0  33 ff 33 33 33 ff 33 33  33 ff 33 33 33 ff 00 00  |3.333.333.333...|
001377d0  00 00 00 00 00 00 00 00  00 00 00 00 00 00 00 00  |................|
*
00137830  00 00 00 00 00 00 33 33  33 ff 33 33 33 ff 33 33  |......333.333.33|
00137840  33 ff 33 33 33 ff 33 33  33 ff 33 33 33 ff 33 33  |3.333.333.333.33|
*
00137870  33 ff 33 33 33 ff 33 33  33 9e 33 33 33 05 00 00  |3.333.333.333...|
00137880  00 00 00 00 00 00 00 00  00 00 00 00 00 00 00 00  |................|
*
001378e0  00 00 33 33 33 14 32 32  32 f6 33 33 33 ff 33 33  |..333.222.333.33|
001378f0  33 ff 33 33 33 ff 33 33  33 ff 33 33 33 ff 33 33  |3.333.333.333.33|
*
00137930  33 ff 33 33 33 ff 33 33  33 ff 00 00 00 00 00 00  |3.333.333.......|
00137940  00 00 00 00 00 00 00 00  00 00 00 00 00 00 00 00  |................|
*
00137990  00 00 32 32 32 d8 33 33  33 ff 33 33 33 68 00 00  |..222.333.333h..|
001379a0  00 00 00 00 00 00 00 00  00 00 00 00 00 00 00 00  |................|
*
001379e0  00 00 00 00 00 00 00 00  00 00 31 31 31 24 33 33  |..........111$33|
001379f0  33 ff 33 33 33 ff 33 33  33 ff 33 33 33 ff 33 33  |3.333.333.333.33|
*
00137a30  33 ff 33 33 33 ff 33 33  33 ff 32 32 32 f6 38 38  |3.333.333.222.88|
00137a40  38 09 00 00 00 00 00 00  00 00 00 00 00 00 00 00  |8...............|
00137a50  00 00 00 00 00 00 00 00  00 00 00 00 00 00 00 00  |................|
*
00137a80  00 00 00 00 00 00 00 00  00 01 32 32 32 e7 33 33  |..........222.33|
00137a90  33 ff 32 32 32 74 00 00  00 00 00 00 00 00 00 00  |3.222t..........|
00137aa0  00 00 00 00 00 00 00 00  00 00 00 00 00 00 00 00  |................|
*
00137af0  00 00 33 33 33 ff 33 33  33 ff 33 33 33 ff 33 33  |..333.333.333.33|
00137b00  33 ff 33 33 33 ff 33 33  33 ff 33 33 33 ff 33 33  |3.333.333.333.33|
*
00137b40  33 ff 00 00 00 00 00 00  00 00 00 00 00 00 00 00  |3...............|
00137b50  00 00 00 00 00 00 00 00  00 00 00 00 00 00 00 00  |................|
*
00137ba0  00 00 00 00 00 00 00 00  00 00 00 00 00 00 33 33  |..............33|
00137bb0  33 ff 33 33 33 ff 33 33  33 ff 33 33 33 ff 33 33  |3.333.333.333.33|
*
00137be0  33 ff 33 33 33 ff 33 33  33 ff 33 33 33 ff 32 32  |3.333.333.333.22|
00137bf0  32 8d 00 00 00 00 00 00  00 00 00 00 00 00 00 00  |2...............|
00137c00  00 00 00 00 00 00 00 00  00 00 00 00 00 00 00 00  |................|
*
00137c50  00 00 00 00 00 00 00 00  00 00 33 33 33 bc 33 33  |..........333.33|
00137c60  33 ff 33 33 33 ff 33 33  33 ff 33 33 33 ff 33 33  |3.333.333.333.33|
*
00137cd0  33 ff 33 33 33 ff 33 33  33 ff 00 00 00 00 00 00  |3.333.333.......|
00137ce0  00 00 00 00 00 00 00 00  00 00 00 00 00 00 00 00  |................|
*
00137d90  00 00 00 00 00 00 00 00  00 00 33 33 33 ff 33 33  |..........333.33|
00137da0  33 ff 33 33 33 ff 33 33  33 ff 33 33 33 ff 33 33  |3.333.333.333.33|
*
00137dd0  33 ff 33 33 33 ff 33 33  33 ff 00 00 00 00 00 00  |3.333.333.......|
00137de0  00 00 00 00 00 00 00 00  00 00 00 00 00 00 00 00  |................|
*
00137f30  00 00 00 00 00 00 00 00  00 00 33 33 33 ff 33 33  |..........333.33|
00137f40  33 ff 33 33 33 ff 33 33  33 ff 33 33 33 ff 33 33  |3.333.333.333.33|
*
00137fc0  33 ff 33 33 33 ff 33 33  33 ff 33 33 33 ff 00 00  |3.333.333.333...|
00137fd0  00 00 00 00 00 00 00 00  00 00 00 00 00 00 00 00  |................|
*
00138030  00 00 00 00 00 00 33 33  33 ff 33 33 33 ff 33 33  |......333.333.33|
00138040  33 ff 33 33 33 ff 33 33  33 ff 33 33 33 ff 33 33  |3.333.333.333.33|
*
00138070  33 ff 33 33 33 ff 33 33  33 ff 33 33 33 b3 55 55  |3.333.333.333.UU|
00138080  55 03 00 00 00 00 00 00  00 00 00 00 00 00 00 00  |U...............|
00138090  00 00 00 00 00 00 00 00  00 00 00 00 00 00 00 00  |................|
*
001380e0  00 00 00 00 00 00 33 33  33 a0 33 33 33 ff 33 33  |......333.333.33|
001380f0  33 ff 33 33 33 ff 33 33  33 ff 33 33 33 ff 33 33  |3.333.333.333.33|
*
00138130  33 ff 33 33 33 ff 33 33  33 ff 00 00 00 00 00 00  |3.333.333.......|
00138140  00 00 00 00 00 00 00 00  00 00 00 00 00 00 00 00  |................|
*
00138190  00 00 32 32 32 e8 33 33  33 ff 31 31 31 1f 00 00  |..222.333.111...|
001381a0  00 00 00 00 00 00 00 00  00 00 00 00 00 00 00 00  |................|
*
001381e0  00 00 00 00 00 00 00 00  00 00 32 32 32 70 33 33  |..........222p33|
001381f0  33 ff 33 33 33 ff 33 33  33 ff 33 33 33 ff 33 33  |3.333.333.333.33|
*
00138230  33 ff 33 33 33 ff 33 33  33 ff 33 33 33 ff 34 34  |3.333.333.333.44|
00138240  34 49 00 00 00 00 00 00  00 00 00 00 00 00 00 00  |4I..............|
00138250  00 00 00 00 00 00 00 00  00 00 00 00 00 00 00 00  |................|
*
00138280  00 00 00 00 00 00 00 00  00 00 32 32 32 a1 33 33  |..........222.33|
00138290  33 ff 32 32 32 7f 00 00  00 00 00 00 00 00 00 00  |3.222...........|
001382a0  00 00 00 00 00 00 00 00  00 00 00 00 00 00 00 00  |................|
*
001382f0  00 00 33 33 33 ff 33 33  33 ff 33 33 33 ff 33 33  |..333.333.333.33|
00138300  33 ff 33 33 33 ff 33 33  33 ff 33 33 33 ff 33 33  |3.333.333.333.33|
*
00138340  33 ff 00 00 00 00 00 00  00 00 00 00 00 00 00 00  |3...............|
00138350  00 00 00 00 00 00 00 00  00 00 00 00 00 00 00 00  |................|
*
001383a0  00 00 00 00 00 00 00 00  00 00 00 00 00 00 33 33  |..............33|
001383b0  33 ff 33 33 33 ff 33 33  33 ff 33 33 33 ff 33 33  |3.333.333.333.33|
*
001383e0  33 ff 33 33 33 ff 33 33  33 ff 33 33 33 ff 32 32  |3.333.333.333.22|
001383f0  32 ce 00 00 00 00 00 00  00 00 00 00 00 00 00 00  |2...............|
00138400  00 00 00 00 00 00 00 00  00 00 00 00 00 00 00 00  |................|
*
00138450  00 00 00 00 00 00 00 00  00 00 33 33 33 af 33 33  |..........333.33|
00138460  33 ff 33 33 33 ff 33 33  33 ff 33 33 33 ff 33 33  |3.333.333.333.33|
*
001384d0  33 ff 33 33 33 ff 33 33  33 ff 00 00 00 00 00 00  |3.333.333.......|
001384e0  00 00 00 00 00 00 00 00  00 00 00 00 00 00 00 00  |................|
*
00138590  00 00 00 00 00 00 00 00  00 00 33 33 33 ff 33 33  |..........333.33|
001385a0  33 ff 33 33 33 ff 33 33  33 ff 33 33 33 ff 33 33  |3.333.333.333.33|
*
001385d0  33 ff 33 33 33 ff 33 33  33 ff 00 00 00 00 00 00  |3.333.333.......|
001385e0  00 00 00 00 00 00 00 00  00 00 00 00 00 00 00 00  |................|
*
00138730  00 00 00 00 00 00 00 00  00 00 33 33 33 ff 33 33  |..........333.33|
00138740  33 ff 33 33 33 ff 33 33  33 ff 33 33 33 ff 33 33  |3.333.333.333.33|
*
001387c0  33 ff 33 33 33 ff 33 33  33 ff 33 33 33 ff 00 00  |3.333.333.333...|
001387d0  00 00 00 00 00 00 00 00  00 00 00 00 00 00 00 00  |................|
*
00138830  00 00 00 00 00 00 33 33  33 ff 33 33 33 ff 33 33  |......333.333.33|
00138840  33 ff 33 33 33 ff 33 33  33 ff 33 33 33 ff 33 33  |3.333.333.333.33|
*
00138870  33 ff 33 33 33 ff 33 33  33 ff 33 33 33 ff 32 32  |3.333.333.333.22|
00138880  32 70 00 00 00 00 00 00  00 00 00 00 00 00 00 00  |2p..............|
00138890  00 00 00 00 00 00 00 00  00 00 00 00 00 00 00 00  |................|
*
001388e0  00 00 00 00 00 00 31 31  31 39 33 33 33 ff 33 33  |......1119333.33|
001388f0  33 ff 33 33 33 ff 33 33  33 ff 33 33 33 ff 33 33  |3.333.333.333.33|
*
00138930  33 ff 33 33 33 ff 33 33  33 ff 00 00 00 00 00 00  |3.333.333.......|
00138940  00 00 00 00 00 00 00 00  00 00 00 00 00 00 00 00  |................|
*
00138990  00 00 33 33 33 f8 33 33  33 d5 00 00 00 00 00 00  |..333.333.......|
001389a0  00 00 00 00 00 00 00 00  00 00 00 00 00 00 00 00  |................|
*
001389e0  00 00 00 00 00 00 00 00  00 00 32 32 32 bb 33 33  |..........222.33|
001389f0  33 ff 33 33 33 ff 33 33  33 ff 33 33 33 ff 33 33  |3.333.333.333.33|
*
00138a30  33 ff 33 33 33 ff 33 33  33 ff 33 33 33 ff 32 32  |3.333.333.333.22|
00138a40  32 92 00 00 00 00 00 00  00 00 00 00 00 00 00 00  |2...............|
00138a50  00 00 00 00 00 00 00 00  00 00 00 00 00 00 00 00  |................|
*
00138a80  00 00 00 00 00 00 00 00  00 00 33 33 33 59 33 33  |..........333Y33|
00138a90  33 ff 33 33 33 8a 00 00  00 00 00 00 00 00 00 00  |3.333...........|
00138aa0  00 00 00 00 00 00 00 00  00 00 00 00 00 00 00 00  |................|
*
00138af0  00 00 33 33 33 ff 33 33  33 ff 33 33 33 ff 33 33  |..333.333.333.33|
00138b00  33 ff 33 33 33 ff 33 33  33 ff 33 33 33 ff 33 33  |3.333.333.333.33|
*
00138b40  33 ff 00 00 00 00 00 00  00 00 00 00 00 00 00 00  |3...............|
00138b50  00 00 00 00 00 00 00 00  00 00 00 00 00 00 00 00  |................|
*
00138ba0  00 00 00 00 00 00 00 00  00 00 00 00 00 00 33 33  |..............33|
00138bb0  33 ff 33 33 33 ff 33 33  33 ff 33 33 33 ff 33 33  |3.333.333.333.33|
*
00138bf0  33 ea 00 00 00 00 00 00  00 00 00 00 00 00 00 00  |3...............|
00138c00  00 00 00 00 00 00 00 00  00 00 00 00 00 00 00 00  |................|
*
00138c50  00 00 00 00 00 00 00 00  00 00 33 33 33 a5 33 33  |..........333.33|
00138c60  33 ff 33 33 33 ff 33 33  33 ff 33 33 33 ff 33 33  |3.333.333.333.33|
*
00138cd0  33 ff 33 33 33 ff 33 33  33 ff 00 00 00 00 00 00  |3.333.333.......|
00138ce0  00 00 00 00 00 00 00 00  00 00 00 00 00 00 00 00  |................|
*
00138d90  00 00 00 00 00 00 00 00  00 00 33 33 33 ff 33 33  |..........333.33|
00138da0  33 ff 33 33 33 ff 33 33  33 ff 33 33 33 ff 33 33  |3.333.333.333.33|
*
00138dd0  33 ff 33 33 33 ff 33 33  33 ff 00 00 00 00 00 00  |3.333.333.......|
00138de0  00 00 00 00 00 00 00 00  00 00 00 00 00 00 00 00  |................|
*
00138f30  00 00 00 00 00 00 00 00  00 00 33 33 33 ff 33 33  |..........333.33|
00138f40  33 ff 33 33 33 ff 33 33  33 ff 33 33 33 ff 33 33  |3.333.333.333.33|
*
00138fc0  33 ff 33 33 33 ff 33 33  33 ff 33 33 33 ff 00 00  |3.333.333.333...|
00138fd0  00 00 00 00 00 00 00 00  00 00 00 00 00 00 00 00  |................|
*
00139030  00 00 00 00 00 00 33 33  33 ff 33 33 33 ff 33 33  |......333.333.33|
00139040  33 ff 33 33 33 ff 33 33  33 ff 33 33 33 ff 33 33  |3.333.333.333.33|
*
00139080  33 f0 24 24 24 07 00 00  00 00 00 00 00 00 00 00  |3.$$$...........|
00139090  00 00 00 00 00 00 00 00  00 00 00 00 00 00 00 00  |................|
*
001390e0  00 00 00 00 00 00 00 00  00 00 32 32 32 d3 33 33  |..........222.33|
001390f0  33 ff 33 33 33 ff 33 33  33 ff 33 33 33 ff 33 33  |3.333.333.333.33|
*
00139130  33 ff 33 33 33 ff 33 33  33 ff 00 00 00 00 00 00  |3.333.333.......|
00139140  00 00 00 00 00 00 00 00  00 00 00 00 00 00 00 00  |................|
*
00139180  00 00 00 00 00 00 00 00  00 00 00 00 00 00 38 38  |..............88|
00139190  38 09 33 33 33 ff 32 32  32 8d 00 00 00 00 00 00  |8.333.222.......|
001391a0  00 00 00 00 00 00 00 00  00 00 00 00 00 00 00 00  |................|
*
001391e0  00 00 00 00 00 00 3a 3a  3a 0d 33 33 33 f9 33 33  |......:::.333.33|
001391f0  33 ff 33 33 33 ff 33 33  33 ff 33 33 33 ff 33 33  |3.333.333.333.33|
*
00139230  33 ff 33 33 33 ff 33 33  33 ff 33 33 33 ff 32 32  |3.333.333.333.22|
00139240  32 dd 00 00 00 00 00 00  00 00 00 00 00 00 00 00  |2...............|
00139250  00 00 00 00 00 00 00 00  00 00 00 00 00 00 00 00  |................|
*
00139280  00 00 00 00 00 00 00 00  00 00 35 35 35 13 32 32  |..........555.22|
00139290  32 fc 32 32 32 97 00 00  00 00 00 00 00 00 00 00  |2.222...........|
001392a0  00 00 00 00 00 00 00 00  00 00 00 00 00 00 00 00  |................|
*
001392f0  00 00 33 33 33 ff 33 33  33 ff 33 33 33 ff 33 33  |..333.333.333.33|
00139300  33 ff 33 33 33 ff 33 33  33 ff 33 33 33 ff 33 33  |3.333.333.333.33|
*
00139340  33 ff 00 00 00 00 00 00  00 00 00 00 00 00 00 00  |3...............|
00139350  00 00 00 00 00 00 00 00  00 00 00 00 00 00 00 00  |................|
*
001393a0  00 00 00 00 00 00 00 00  00 00 00 00 00 00 33 33  |..............33|
001393b0  33 ff 33 33 33 ff 33 33  33 ff 33 33 33 ff 33 33  |3.333.333.333.33|
*
001393e0  33 ff 33 33 33 ff 33 33  33 ff 33 33 33 ff 32 32  |3.333.333.333.22|
001393f0  32 fc 55 55 55 03 00 00  00 00 00 00 00 00 00 00  |2.UUU...........|
00139400  00 00 00 00 00 00 00 00  00 00 00 00 00 00 00 00  |................|
*
00139450  00 00 00 00 00 00 00 00  00 00 33 33 33 9b 33 33  |..........333.33|
00139460  33 ff 33 33 33 ff 33 33  33 ff 33 33 33 ff 33 33  |3.333.333.333.33|
*
001394d0  33 ff 33 33 33 ff 33 33  33 ff 00 00 00 00 00 00  |3.333.333.......|
001394e0  00 00 00 00 00 00 00 00  00 00 00 00 00 00 00 00  |................|
*
00139590  00 00 00 00 00 00 00 00  00 00 33 33 33 ff 33 33  |..........333.33|
001395a0  33 ff 33 33 33 ff 33 33  33 ff 33 33 33 ff 33 33  |3.333.333.333.33|
*
001395d0  33 ff 33 33 33 ff 33 33  33 ff 00 00 00 00 00 00  |3.333.333.......|
001395e0  00 00 00 00 00 00 00 00  00 00 00 00 00 00 00 00  |................|
*
00139730  00 00 00 00 00 00 00 00  00 00 33 33 33 ff 33 33  |..........333.33|
00139740  33 ff 33 33 33 ff 33 33  33 ff 33 33 33 ff 33 33  |3.333.333.333.33|
*
001397c0  33 ff 33 33 33 ff 33 33  33 ff 33 33 33 ff 00 00  |3.333.333.333...|
001397d0  00 00 00 00 00 00 00 00  00 00 00 00 00 00 00 00  |................|
*
00139830  00 00 00 00 00 00 33 33  33 ff 33 33 33 ff 33 33  |......333.333.33|
00139840  33 ff 33 33 33 ff 33 33  33 ff 33 33 33 ff 33 33  |3.333.333.333.33|
*
00139880  33 ff 33 33 33 4b 00 00  00 00 00 00 00 00 00 00  |3.333K..........|
00139890  00 00 00 00 00 00 00 00  00 00 00 00 00 00 00 00  |................|
*
001398e0  00 00 00 00 00 00 00 00  00 00 33 33 33 90 33 33  |..........333.33|
001398f0  33 ff 33 33 33 ff 33 33  33 ff 33 33 33 ff 33 33  |3.333.333.333.33|
*
00139930  33 ff 33 33 33 ff 33 33  33 ff 00 00 00 00 00 00  |3.333.333.......|
00139940  00 00 00 00 00 00 00 00  00 00 00 00 00 00 00 00  |................|
*
00139980  00 00 00 00 00 00 00 00  00 00 00 00 00 00 31 31  |..............11|
00139990  31 1a 33 33 33 ff 34 34  34 44 00 00 00 00 00 00  |1.333.444D......|
001399a0  00 00 00 00 00 00 00 00  00 00 00 00 00 00 00 00  |................|
*
001399e0  00 00 00 00 00 00 34 34  34 53 33 33 33 ff 33 33  |......444S333.33|
001399f0  33 ff 33 33 33 ff 33 33  33 ff 33 33 33 ff 33 33  |3.333.333.333.33|
*
00139a40  33 ff 33 33 33 28 00 00  00 00 00 00 00 00 00 00  |3.333(..........|
00139a50  00 00 00 00 00 00 00 00  00 00 00 00 00 00 00 00  |................|
*
00139a80  00 00 00 00 00 00 00 00  00 00 00 00 00 00 33 33  |..............33|
00139a90  33 c8 32 32 32 a2 00 00  00 00 00 00 00 00 00 00  |3.222...........|
00139aa0  00 00 00 00 00 00 00 00  00 00 00 00 00 00 00 00  |................|
*
00139af0  00 00 33 33 33 ff 33 33  33 ff 33 33 33 ff 33 33  |..333.333.333.33|
00139b00  33 ff 33 33 33 ff 33 33  33 ff 33 33 33 ff 33 33  |3.333.333.333.33|
*
00139b40  33 ff 00 00 00 00 00 00  00 00 00 00 00 00 00 00  |3...............|
00139b50  00 00 00 00 00 00 00 00  00 00 00 00 00 00 00 00  |................|
*
00139ba0  00 00 00 00 00 00 00 00  00 00 00 00 00 00 33 33  |..............33|
00139bb0  33 ff 33 33 33 ff 33 33  33 ff 33 33 33 ff 33 33  |3.333.333.333.33|
*
00139bf0  33 ff 2e 2e 2e 0b 00 00  00 00 00 00 00 00 00 00  |3...............|
00139c00  00 00 00 00 00 00 00 00  00 00 00 00 00 00 00 00  |................|
*
00139c50  00 00 00 00 00 00 00 00  00 00 32 32 32 93 33 33  |..........222.33|
00139c60  33 ff 33 33 33 ff 33 33  33 ff 33 33 33 ff 33 33  |3.333.333.333.33|
*
00139cd0  33 ff 33 33 33 ff 33 33  33 ff 00 00 00 00 00 00  |3.333.333.......|
00139ce0  00 00 00 00 00 00 00 00  00 00 00 00 00 00 00 00  |................|
*
00139d90  00 00 00 00 00 00 00 00  00 00 33 33 33 ff 33 33  |..........333.33|
00139da0  33 ff 33 33 33 ff 33 33  33 ff 33 33 33 ff 33 33  |3.333.333.333.33|
*
00139dd0  33 ff 33 33 33 ff 33 33  33 ff 00 00 00 00 00 00  |3.333.333.......|
00139de0  00 00 00 00 00 00 00 00  00 00 00 00 00 00 00 00  |................|
*
00139f30  00 00 00 00 00 00 00 00  00 00 33 33 33 ff 33 33  |..........333.33|
00139f40  33 ff 33 33 33 ff 33 33  33 ff 33 33 33 ff 33 33  |3.333.333.333.33|
*
00139fc0  33 ff 33 33 33 ff 33 33  33 ff 33 33 33 ff 00 00  |3.333.333.333...|
00139fd0  00 00 00 00 00 00 00 00  00 00 00 00 00 00 00 00  |................|
*
0013a030  00 00 00 00 00 00 33 33  33 ff 33 33 33 ff 33 33  |......333.333.33|
0013a040  33 ff 33 33 33 ff 33 33  33 ff 33 33 33 ff 33 33  |3.333.333.333.33|
*
0013a080  33 ff 32 32 32 7e 00 00  00 00 00 00 00 00 00 00  |3.222~..........|
0013a090  00 00 00 00 00 00 00 00  00 00 00 00 00 00 00 00  |................|
*
0013a0e0  00 00 00 00 00 00 00 00  00 00 34 34 34 58 33 33  |..........444X33|
0013a0f0  33 ff 33 33 33 ff 33 33  33 ff 33 33 33 ff 33 33  |3.333.333.333.33|
*
0013a130  33 ff 33 33 33 ff 33 33  33 ff 00 00 00 00 00 00  |3.333.333.......|
0013a140  00 00 00 00 00 00 00 00  00 00 00 00 00 00 00 00  |................|
*
0013a180  00 00 00 00 00 00 00 00  00 00 00 00 00 00 30 30  |..............00|
0013a190  30 2a 33 33 33 f4 24 24  24 07 00 00 00 00 00 00  |0*333.$$$.......|
0013a1a0  00 00 00 00 00 00 00 00  00 00 00 00 00 00 00 00  |................|
*
0013a1e0  00 00 00 00 00 00 33 33  33 9e 33 33 33 ff 33 33  |......333.333.33|
0013a1f0  33 ff 33 33 33 ff 33 33  33 ff 33 33 33 ff 33 33  |3.333.333.333.33|
*
0013a240  33 ff 33 33 33 72 00 00  00 00 00 00 00 00 00 00  |3.333r..........|
0013a250  00 00 00 00 00 00 00 00  00 00 00 00 00 00 00 00  |................|
*
0013a280  00 00 00 00 00 00 00 00  00 00 00 00 00 00 33 33  |..............33|
0013a290  33 80 33 33 33 ad 00 00  00 00 00 00 00 00 00 00  |3.333...........|
0013a2a0  00 00 00 00 00 00 00 00  00 00 00 00 00 00 00 00  |................|
*
0013a2f0  00 00 33 33 33 ff 33 33  33 ff 33 33 33 ff 33 33  |..333.333.333.33|
0013a300  33 ff 33 33 33 ff 33 33  33 ff 33 33 33 ff 33 33  |3.333.333.333.33|
*
0013a340  33 ff 00 00 00 00 00 00  00 00 00 00 00 00 00 00  |3...............|
0013a350  00 00 00 00 00 00 00 00  00 00 00 00 00 00 00 00  |................|
*
0013a3a0  00 00 00 00 00 00 00 00  00 00 00 00 00 00 33 33  |..............33|
0013a3b0  33 ff 33 33 33 ff 33 33  33 ff 33 33 33 ff 33 33  |3.333.333.333.33|
*
0013a3f0  33 fa 00 00 00 01 00 00  00 00 00 00 00 00 00 00  |3...............|
0013a400  00 00 00 00 00 00 00 00  00 00 00 00 00 00 00 00  |................|
*
0013a450  00 00 00 00 00 00 00 00  00 00 33 33 33 9b 33 33  |..........333.33|
0013a460  33 ff 33 33 33 ff 33 33  33 ff 33 33 33 ff 33 33  |3.333.333.333.33|
*
0013a4d0  33 ff 33 33 33 ff 33 33  33 ff 00 00 00 00 00 00  |3.333.333.......|
0013a4e0  00 00 00 00 00 00 00 00  00 00 00 00 00 00 00 00  |................|
*
0013a590  00 00 00 00 00 00 00 00  00 00 33 33 33 ff 33 33  |..........333.33|
0013a5a0  33 ff 33 33 33 ff 33 33  33 ff 33 33 33 ff 33 33  |3.333.333.333.33|
*
0013a5d0  33 ff 33 33 33 ff 33 33  33 ff 00 00 00 00 00 00  |3.333.333.......|
0013a5e0  00 00 00 00 00 00 00 00  00 00 00 00 00 00 00 00  |................|
*
0013a730  00 00 00 00 00 00 00 00  00 00 33 33 33 ff 33 33  |..........333.33|
0013a740  33 ff 33 33 33 ff 33 33  33 ff 33 33 33 ff 33 33  |3.333.333.333.33|
*
0013a7c0  33 ff 33 33 33 ff 33 33  33 ff 33 33 33 ff 00 00  |3.333.333.333...|
0013a7d0  00 00 00 00 00 00 00 00  00 00 00 00 00 00 00 00  |................|
*
0013a830  00 00 00 00 00 00 33 33  33 ff 33 33 33 ff 33 33  |......333.333.33|
0013a840  33 ff 33 33 33 ff 33 33  33 ff 33 33 33 ff 33 33  |3.333.333.333.33|
*
0013a880  33 ff 33 33 33 95 00 00  00 00 00 00 00 00 00 00  |3.333...........|
0013a890  00 00 00 00 00 00 00 00  00 00 00 00 00 00 00 00  |................|
*
0013a8e0  00 00 00 00 00 00 00 00  00 00 33 33 33 1e 33 33  |..........333.33|
0013a8f0  33 ff 33 33 33 ff 33 33  33 ff 33 33 33 ff 33 33  |3.333.333.333.33|
*
0013a930  33 ff 33 33 33 ff 33 33  33 ff 00 00 00 00 00 00  |3.333.333.......|
0013a940  00 00 00 00 00 00 00 00  00 00 00 00 00 00 00 00  |................|
*
0013a980  00 00 00 00 00 00 00 00  00 00 00 00 00 00 34 34  |..............44|
0013a990  34 3a 32 32 32 b1 00 00  00 00 00 00 00 00 00 00  |4:222...........|
0013a9a0  00 00 00 00 00 00 00 00  00 00 00 00 00 00 00 00  |................|
*
0013a9e0  00 00 00 00 00 02 32 32  32 e7 33 33 33 ff 33 33  |......222.333.33|
0013a9f0  33 ff 33 33 33 ff 33 33  33 ff 33 33 33 ff 33 33  |3.333.333.333.33|
*
0013aa40  33 ff 32 32 32 bb 00 00  00 00 00 00 00 00 00 00  |3.222...........|
0013aa50  00 00 00 00 00 00 00 00  00 00 00 00 00 00 00 00  |................|
*
0013aa80  00 00 00 00 00 00 00 00  00 00 00 00 00 00 31 31  |..............11|
0013aa90  31 39 33 33 33 b9 00 00  00 00 00 00 00 00 00 00  |19333...........|
0013aaa0  00 00 00 00 00 00 00 00  00 00 00 00 00 00 00 00  |................|
*
0013aaf0  00 00 33 33 33 ff 33 33  33 ff 33 33 33 ff 33 33  |..333.333.333.33|
0013ab00  33 ff 33 33 33 ff 33 33  33 ff 33 33 33 ff 33 33  |3.333.333.333.33|
*
0013ab40  33 ff 00 00 00 00 00 00  00 00 00 00 00 00 00 00  |3...............|
0013ab50  00 00 00 00 00 00 00 00  00 00 00 00 00 00 00 00  |................|
*
0013aba0  00 00 00 00 00 00 00 00  00 00 00 00 00 00 33 33  |..............33|
0013abb0  33 ff 33 33 33 ff 33 33  33 ff 33 33 33 ff 33 33  |3.333.333.333.33|
*
0013abe0  33 ff 33 33 33 ff 33 33  33 ff 33 33 33 ff 32 32  |3.333.333.333.22|
0013abf0  32 e2 00 00 00 00 00 00  00 00 00 00 00 00 00 00  |2...............|
0013ac00  00 00 00 00 00 00 00 00  00 00 00 00 00 00 00 00  |................|
*
0013ac50  00 00 00 00 00 00 00 00  00 00 32 32 32 a6 33 33  |..........222.33|
0013ac60  33 ff 33 33 33 ff 33 33  33 ff 33 33 33 ff 33 33  |3.333.333.333.33|
*
0013acd0  33 ff 33 33 33 ff 33 33  33 ff 00 00 00 00 00 00  |3.333.333.......|
0013ace0  00 00 00 00 00 00 00 00  00 00 00 00 00 00 00 00  |................|
*
0013ad90  00 00 00 00 00 00 00 00  00 00 33 33 33 ff 33 33  |..........333.33|
0013ada0  33 ff 33 33 33 ff 33 33  33 ff 33 33 33 ff 33 33  |3.333.333.333.33|
*
0013add0  33 ff 33 33 33 ff 33 33  33 ff 00 00 00 00 00 00  |3.333.333.......|
0013ade0  00 00 00 00 00 00 00 00  00 00 00 00 00 00 00 00  |................|
*
0013af30  00 00 00 00 00 00 00 00  00 00 33 33 33 ff 33 33  |..........333.33|
0013af40  33 ff 33 33 33 ff 33 33  33 ff 33 33 33 ff 33 33  |3.333.333.333.33|
*
0013afc0  33 ff 33 33 33 ff 33 33  33 ff 33 33 33 ff 00 00  |3.333.333.333...|
0013afd0  00 00 00 00 00 00 00 00  00 00 00 00 00 00 00 00  |................|
*
0013b030  00 00 00 00 00 00 33 33  33 ff 33 33 33 ff 33 33  |......333.333.33|
0013b040  33 ff 33 33 33 ff 33 33  33 ff 33 33 33 ff 33 33  |3.333.333.333.33|
*
0013b080  33 ff 32 32 32 98 00 00  00 00 00 00 00 00 00 00  |3.222...........|
0013b090  00 00 00 00 00 00 00 00  00 00 00 00 00 00 00 00  |................|
*
0013b0e0  00 00 00 00 00 00 00 00  00 00 00 00 00 00 33 33  |..............33|
0013b0f0  33 ee 33 33 33 ff 33 33  33 ff 33 33 33 ff 33 33  |3.333.333.333.33|
0013b100  33 ff 33 33 33 ff 33 33  33 ff 33 33 33 ff 33 33  |3.333.333.333.33|
*
0013b130  33 ff 33 33 33 ff 33 33  33 ff 00 00 00 00 00 00  |3.333.333.......|
0013b140  00 00 00 00 00 00 00 00  00 00 00 00 00 00 00 00  |................|
*
0013b180  00 00 00 00 00 00 00 00  00 00 00 00 00 00 33 33  |..............33|
0013b190  33 4a 33 33 33 68 00 00  00 00 00 00 00 00 00 00  |3J333h..........|
0013b1a0  00 00 00 00 00 00 00 00  00 00 00 00 00 00 00 00  |................|
*
0013b1e0  00 00 33 33 33 36 33 33  33 ff 33 33 33 ff 33 33  |..3336333.333.33|
0013b1f0  33 ff 33 33 33 ff 33 33  33 ff 33 33 33 ff 33 33  |3.333.333.333.33|
*
0013b240  33 ff 33 33 33 f9 3a 3a  3a 0d 00 00 00 00 00 00  |3.333.:::.......|
0013b250  00 00 00 00 00 00 00 00  00 00 00 00 00 00 00 00  |................|
*
0013b280  00 00 00 00 00 00 00 00  00 00 00 00 00 00 55 55  |..............UU|
0013b290  55 03 33 33 33 b3 00 00  00 00 00 00 00 00 00 00  |U.333...........|
0013b2a0  00 00 00 00 00 00 00 00  00 00 00 00 00 00 00 00  |................|
*
0013b2f0  00 00 33 33 33 ff 33 33  33 ff 33 33 33 ff 33 33  |..333.333.333.33|
0013b300  33 ff 33 33 33 ff 33 33  33 ff 33 33 33 ff 33 33  |3.333.333.333.33|
*
0013b340  33 ff 00 00 00 00 00 00  00 00 00 00 00 00 00 00  |3...............|
0013b350  00 00 00 00 00 00 00 00  00 00 00 00 00 00 00 00  |................|
*
0013b3a0  00 00 00 00 00 00 00 00  00 00 00 00 00 00 33 33  |..............33|
0013b3b0  33 ff 33 33 33 ff 33 33  33 ff 33 33 33 ff 33 33  |3.333.333.333.33|
*
0013b3f0  33 a8 00 00 00 00 00 00  00 00 00 00 00 00 00 00  |3...............|
0013b400  00 00 00 00 00 00 00 00  00 00 00 00 00 00 00 00  |................|
*
0013b450  00 00 00 00 00 00 00 00  00 00 32 32 32 b0 33 33  |..........222.33|
0013b460  33 ff 33 33 33 ff 33 33  33 ff 33 33 33 ff 33 33  |3.333.333.333.33|
*
0013b4d0  33 ff 33 33 33 ff 33 33  33 ff 00 00 00 00 00 00  |3.333.333.......|
0013b4e0  00 00 00 00 00 00 00 00  00 00 00 00 00 00 00 00  |................|
*
0013b590  00 00 00 00 00 00 00 00  00 00 33 33 33 ff 33 33  |..........333.33|
0013b5a0  33 ff 33 33 33 ff 33 33  33 ff 33 33 33 ff 33 33  |3.333.333.333.33|
*
0013b5d0  33 ff 33 33 33 ff 33 33  33 ff 00 00 00 00 00 00  |3.333.333.......|
0013b5e0  00 00 00 00 00 00 00 00  00 00 00 00 00 00 00 00  |................|
*
0013b730  00 00 00 00 00 00 00 00  00 00 33 33 33 ff 33 33  |..........333.33|
0013b740  33 ff 33 33 33 ff 33 33  33 ff 33 33 33 ff 33 33  |3.333.333.333.33|
*
0013b7c0  33 ff 33 33 33 ff 33 33  33 ff 33 33 33 ff 00 00  |3.333.333.333...|
0013b7d0  00 00 00 00 00 00 00 00  00 00 00 00 00 00 00 00  |................|
*
0013b830  00 00 00 00 00 00 33 33  33 ff 33 33 33 ff 33 33  |......333.333.33|
0013b840  33 ff 33 33 33 ff 33 33  33 ff 33 33 33 ff 33 33  |3.333.333.333.33|
*
0013b880  33 ff 32 32 32 7e 00 00  00 00 00 00 00 00 00 00  |3.222~..........|
0013b890  00 00 00 00 00 00 00 00  00 00 00 00 00 00 00 00  |................|
*
0013b8e0  00 00 00 00 00 00 00 00  00 00 00 00 00 00 33 33  |..............33|
0013b8f0  33 da 33 33 33 ff 33 33  33 ff 33 33 33 ff 33 33  |3.333.333.333.33|
0013b900  33 ff 33 33 33 ff 33 33  33 ff 33 33 33 ff 33 33  |3.333.333.333.33|
*
0013b930  33 ff 33 33 33 ff 33 33  33 ff 00 00 00 00 00 00  |3.333.333.......|
0013b940  00 00 00 00 00 00 00 00  00 00 00 00 00 00 00 00  |................|
*
0013b9e0  00 00 33 33 33 81 33 33  33 ff 33 33 33 ff 33 33  |..333.333.333.33|
0013b9f0  33 ff 33 33 33 ff 33 33  33 ff 33 33 33 ff 33 33  |3.333.333.333.33|
*
0013ba40  33 ff 33 33 33 ff 32 32  32 51 00 00 00 00 00 00  |3.333.222Q......|
0013ba50  00 00 00 00 00 00 00 00  00 00 00 00 00 00 00 00  |................|
*
0013baf0  00 00 33 33 33 ff 33 33  33 ff 33 33 33 ff 33 33  |..333.333.333.33|
0013bb00  33 ff 33 33 33 ff 33 33  33 ff 33 33 33 ff 33 33  |3.333.333.333.33|
*
0013bb40  33 ff 00 00 00 00 00 00  00 00 00 00 00 00 00 00  |3...............|
0013bb50  00 00 00 00 00 00 00 00  00 00 00 00 00 00 00 00  |................|
*
0013bba0  00 00 00 00 00 00 00 00  00 00 00 00 00 00 33 33  |..............33|
0013bbb0  33 ff 33 33 33 ff 33 33  33 ff 33 33 33 ff 33 33  |3.333.333.333.33|
*
0013bbe0  33 ff 33 33 33 ff 33 33  33 ff 33 33 33 ff 34 34  |3.333.333.333.44|
0013bbf0  34 62 00 00 00 00 00 00  00 00 00 00 00 00 00 00  |4b..............|
0013bc00  00 00 00 00 00 00 00 00  00 00 00 00 00 00 00 00  |................|
*
0013bc50  00 00 00 00 00 00 00 00  00 00 32 32 32 c4 33 33  |..........222.33|
0013bc60  33 ff 33 33 33 ff 33 33  33 ff 33 33 33 ff 33 33  |3.333.333.333.33|
*
0013bcd0  33 ff 33 33 33 ff 33 33  33 ff 00 00 00 00 00 00  |3.333.333.......|
0013bce0  00 00 00 00 00 00 00 00  00 00 00 00 00 00 00 00  |................|
*
0013bd90  00 00 00 00 00 00 00 00  00 00 33 33 33 ff 33 33  |..........333.33|
0013bda0  33 ff 33 33 33 ff 33 33  33 ff 33 33 33 ff 33 33  |3.333.333.333.33|
*
0013bdd0  33 ff 33 33 33 ff 33 33  33 ff 00 00 00 00 00 00  |3.333.333.......|
0013bde0  00 00 00 00 00 00 00 00  00 00 00 00 00 00 00 00  |................|
*
0013bf30  00 00 00 00 00 00 00 00  00 00 33 33 33 ff 33 33  |..........333.33|
0013bf40  33 ff 33 33 33 ff 33 33  33 ff 33 33 33 ff 33 33  |3.333.333.333.33|
*
0013bfc0  33 ff 33 33 33 ff 33 33  33 ff 33 33 33 ff 00 00  |3.333.333.333...|
0013bfd0  00 00 00 00 00 00 00 00  00 00 00 00 00 00 00 00  |................|
*
0013c030  00 00 00 00 00 00 33 33  33 ff 33 33 33 ff 33 33  |......333.333.33|
0013c040  33 ff 33 33 33 ff 33 33  33 ff 33 33 33 ff 33 33  |3.333.333.333.33|
*
0013c080  33 ff 33 33 33 41 00 00  00 00 00 00 00 00 00 00  |3.333A..........|
0013c090  00 00 00 00 00 00 00 00  00 00 00 00 00 00 00 00  |................|
*
0013c0e0  00 00 00 00 00 00 00 00  00 00 00 00 00 00 32 32  |..............22|
0013c0f0  32 c9 33 33 33 ff 33 33  33 ff 33 33 33 ff 33 33  |2.333.333.333.33|
0013c100  33 ff 33 33 33 ff 33 33  33 ff 33 33 33 ff 33 33  |3.333.333.333.33|
*
0013c130  33 ff 33 33 33 ff 33 33  33 ff 00 00 00 00 00 00  |3.333.333.......|
0013c140  00 00 00 00 00 00 00 00  00 00 00 00 00 00 00 00  |................|
*
0013c1e0  00 00 33 33 33 cc 33 33  33 ff 33 33 33 ff 33 33  |..333.333.333.33|
0013c1f0  33 ff 33 33 33 ff 33 33  33 ff 33 33 33 ff 33 33  |3.333.333.333.33|
*
0013c240  33 ff 33 33 33 ff 33 33  33 9a 00 00 00 00 00 00  |3.333.333.......|
0013c250  00 00 00 00 00 00 00 00  00 00 00 00 00 00 00 00  |................|
*
0013c2f0  00 00 33 33 33 ff 33 33  33 ff 33 33 33 ff 33 33  |..333.333.333.33|
0013c300  33 ff 33 33 33 ff 33 33  33 ff 33 33 33 ff 33 33  |3.333.333.333.33|
*
0013c340  33 ff 00 00 00 00 00 00  00 00 00 00 00 00 00 00  |3...............|
0013c350  00 00 00 00 00 00 00 00  00 00 00 00 00 00 00 00  |................|
*
0013c3a0  00 00 00 00 00 00 00 00  00 00 00 00 00 00 33 33  |..............33|
0013c3b0  33 ff 33 33 33 ff 33 33  33 ff 33 33 33 ff 33 33  |3.333.333.333.33|
*
0013c3e0  33 ff 33 33 33 ff 33 33  33 ff 33 33 33 e5 38 38  |3.333.333.333.88|
0013c3f0  38 09 00 00 00 00 00 00  00 00 00 00 00 00 00 00  |8...............|
0013c400  00 00 00 00 00 00 00 00  00 00 00 00 00 00 00 00  |................|
*
0013c450  00 00 00 00 00 00 00 00  00 00 33 33 33 e4 33 33  |..........333.33|
0013c460  33 ff 33 33 33 ff 33 33  33 ff 33 33 33 ff 33 33  |3.333.333.333.33|
*
0013c4d0  33 ff 33 33 33 ff 33 33  33 ff 00 00 00 00 00 00  |3.333.333.......|
0013c4e0  00 00 00 00 00 00 00 00  00 00 00 00 00 00 00 00  |................|
*
0013c590  00 00 00 00 00 00 00 00  00 00 33 33 33 ff 33 33  |..........333.33|
0013c5a0  33 ff 33 33 33 ff 33 33  33 ff 33 33 33 ff 33 33  |3.333.333.333.33|
*
0013c5d0  33 ff 33 33 33 ff 33 33  33 ff 00 00 00 00 00 00  |3.333.333.......|
0013c5e0  00 00 00 00 00 00 00 00  00 00 00 00 00 00 00 00  |................|
*
0013c730  00 00 00 00 00 00 00 00  00 00 33 33 33 ff 33 33  |..........333.33|
0013c740  33 ff 33 33 33 ff 33 33  33 ff 33 33 33 ff 33 33  |3.333.333.333.33|
*
0013c7c0  33 ff 33 33 33 ff 33 33  33 ff 33 33 33 ff 00 00  |3.333.333.333...|
0013c7d0  00 00 00 00 00 00 00 00  00 00 00 00 00 00 00 00  |................|
*
0013c830  00 00 00 00 00 00 33 33  33 ff 33 33 33 ff 33 33  |......333.333.33|
0013c840  33 ff 33 33 33 ff 33 33  33 ff 33 33 33 ff 33 33  |3.333.333.333.33|
*
0013c870  33 ff 33 33 33 ff 33 33  33 ff 33 33 33 ff 32 32  |3.333.333.333.22|
0013c880  32 dd 00 00 00 02 00 00  00 00 00 00 00 00 00 00  |2...............|
0013c890  00 00 00 00 00 00 00 00  00 00 00 00 00 00 00 00  |................|
*
0013c8e0  00 00 00 00 00 00 00 00  00 00 00 00 00 00 32 32  |..............22|
0013c8f0  32 b6 33 33 33 ff 33 33  33 ff 33 33 33 ff 33 33  |2.333.333.333.33|
0013c900  33 ff 33 33 33 ff 33 33  33 ff 33 33 33 ff 33 33  |3.333.333.333.33|
*
0013c930  33 ff 33 33 33 ff 33 33  33 ff 00 00 00 00 00 00  |3.333.333.......|
0013c940  00 00 00 00 00 00 00 00  00 00 00 00 00 00 00 00  |................|
*
0013c9d0  00 00 00 00 00 00 00 00  00 00 00 00 00 00 33 33  |..............33|
0013c9e0  33 19 33 33 33 fe 33 33  33 ff 33 33 33 ff 33 33  |3.333.333.333.33|
0013c9f0  33 ff 33 33 33 ff 33 33  33 ff 33 33 33 ff 33 33  |3.333.333.333.33|
*
0013ca40  33 ff 33 33 33 ff 33 33  33 e6 00 00 00 01 00 00  |3.333.333.......|
0013ca50  00 00 00 00 00 00 00 00  00 00 00 00 00 00 00 00  |................|
*
0013caf0  00 00 33 33 33 ff 33 33  33 ff 33 33 33 ff 33 33  |..333.333.333.33|
0013cb00  33 ff 33 33 33 ff 33 33  33 ff 33 33 33 ff 33 33  |3.333.333.333.33|
*
0013cb40  33 ff 00 00 00 00 00 00  00 00 00 00 00 00 00 00  |3...............|
0013cb50  00 00 00 00 00 00 00 00  00 00 00 00 00 00 00 00  |................|
*
0013cba0  00 00 00 00 00 00 00 00  00 00 00 00 00 00 33 33  |..............33|
0013cbb0  33 ff 33 33 33 ff 33 33  33 ff 33 33 33 ff 33 33  |3.333.333.333.33|
*
0013cbe0  33 ff 33 33 33 ff 33 33  33 fd 33 33 33 4f 00 00  |3.333.333.333O..|
0013cbf0  00 00 00 00 00 00 00 00  00 00 00 00 00 00 00 00  |................|
*
0013cc50  00 00 00 00 00 00 24 24  24 07 33 33 33 fd 33 33  |......$$$.333.33|
0013cc60  33 ff 33 33 33 ff 33 33  33 ff 33 33 33 ff 33 33  |3.333.333.333.33|
*
0013ccd0  33 ff 33 33 33 ff 33 33  33 ff 00 00 00 00 00 00  |3.333.333.......|
0013cce0  00 00 00 00 00 00 00 00  00 00 00 00 00 00 00 00  |................|
*
0013cd90  00 00 00 00 00 00 00 00  00 00 33 33 33 ff 33 33  |..........333.33|
0013cda0  33 ff 33 33 33 ff 33 33  33 ff 33 33 33 ff 33 33  |3.333.333.333.33|
*
0013cdd0  33 ff 33 33 33 ff 33 33  33 ff 00 00 00 00 00 00  |3.333.333.......|
0013cde0  00 00 00 00 00 00 00 00  00 00 00 00 00 00 00 00  |................|
*
0013cf30  00 00 00 00 00 00 00 00  00 00 33 33 33 ff 33 33  |..........333.33|
0013cf40  33 ff 33 33 33 ff 33 33  33 ff 33 33 33 ff 33 33  |3.333.333.333.33|
*
0013cfc0  33 ff 33 33 33 ff 33 33  33 ff 33 33 33 ff 00 00  |3.333.333.333...|
0013cfd0  00 00 00 00 00 00 00 00  00 00 00 00 00 00 00 00  |................|
*
0013d030  00 00 00 00 00 00 33 33  33 ff 33 33 33 ff 33 33  |......333.333.33|
0013d040  33 ff 33 33 33 ff 33 33  33 ff 33 33 33 ff 33 33  |3.333.333.333.33|
*
0013d070  33 ff 33 33 33 ff 33 33  33 ff 33 33 33 fd 31 31  |3.333.333.333.11|
0013d080  31 3e 00 00 00 00 00 00  00 00 00 00 00 00 00 00  |1>..............|
0013d090  00 00 00 00 00 00 00 00  00 00 00 00 00 00 00 00  |................|
*
0013d0e0  00 00 00 00 00 00 00 00  00 00 00 00 00 00 33 33  |..............33|
0013d0f0  33 ae 33 33 33 ff 33 33  33 ff 33 33 33 ff 33 33  |3.333.333.333.33|
0013d100  33 ff 33 33 33 ff 33 33  33 ff 33 33 33 ff 33 33  |3.333.333.333.33|
*
0013d130  33 ff 33 33 33 ff 33 33  33 ff 00 00 00 00 00 00  |3.333.333.......|
0013d140  00 00 00 00 00 00 00 00  00 00 00 00 00 00 00 00  |................|
*
0013d1d0  00 00 00 00 00 00 00 00  00 00 00 00 00 00 33 33  |..............33|
0013d1e0  33 64 33 33 33 ff 33 33  33 ff 33 33 33 ff 33 33  |3d333.333.333.33|
0013d1f0  33 ff 33 33 33 ff 33 33  33 ff 33 33 33 ff 33 33  |3.333.333.333.33|
*
0013d240  33 ff 33 33 33 ff 33 33  33 ff 30 30 30 2f 00 00  |3.333.333.000/..|
0013d250  00 00 00 00 00 00 00 00  00 00 00 00 00 00 00 00  |................|
*
0013d2f0  00 00 33 33 33 ff 33 33  33 ff 33 33 33 ff 33 33  |..333.333.333.33|
0013d300  33 ff 33 33 33 ff 33 33  33 ff 33 33 33 ff 33 33  |3.333.333.333.33|
*
0013d340  33 ff 00 00 00 00 00 00  00 00 00 00 00 00 00 00  |3...............|
0013d350  00 00 00 00 00 00 00 00  00 00 00 00 00 00 00 00  |................|
*
0013d3a0  00 00 00 00 00 00 00 00  00 00 00 00 00 00 33 33  |..............33|
0013d3b0  33 ff 33 33 33 ff 33 33  33 ff 33 33 33 ff 33 33  |3.333.333.333.33|
*
0013d3e0  33 ff 32 32 32 fb 32 32  32 6a 00 00 00 00 00 00  |3.222.222j......|
0013d3f0  00 00 00 00 00 00 00 00  00 00 00 00 00 00 00 00  |................|
*
0013d450  00 00 00 00 00 00 30 30  30 2a 33 33 33 ff 33 33  |......000*333.33|
0013d460  33 ff 33 33 33 ff 33 33  33 ff 33 33 33 ff 33 33  |3.333.333.333.33|
*
0013d4d0  33 ff 33 33 33 ff 33 33  33 ff 00 00 00 00 00 00  |3.333.333.......|
0013d4e0  00 00 00 00 00 00 00 00  00 00 00 00 00 00 00 00  |................|
*
0013d590  00 00 00 00 00 00 00 00  00 00 33 33 33 ff 33 33  |..........333.33|
0013d5a0  33 ff 33 33 33 ff 33 33  33 ff 33 33 33 ff 33 33  |3.333.333.333.33|
*
0013d5d0  33 ff 33 33 33 ff 33 33  33 ff 00 00 00 00 00 00  |3.333.333.......|
0013d5e0  00 00 00 00 00 00 00 00  00 00 00 00 00 00 00 00  |................|
*
0013d730  00 00 00 00 00 00 00 00  00 00 33 33 33 ff 33 33  |..........333.33|
0013d740  33 ff 33 33 33 ff 33 33  33 ff 33 33 33 ff 33 33  |3.333.333.333.33|
*
0013d7c0  33 ff 33 33 33 ff 33 33  33 ff 33 33 33 ff 00 00  |3.333.333.333...|
0013d7d0  00 00 00 00 00 00 00 00  00 00 00 00 00 00 00 00  |................|
*
0013d830  00 00 00 00 00 00 33 33  33 ff 33 33 33 ff 33 33  |......333.333.33|
0013d840  33 ff 33 33 33 ff 33 33  33 ff 33 33 33 ff 33 33  |3.333.333.333.33|
*
0013d870  33 ff 33 33 33 ff 33 33  33 f3 32 32 32 51 00 00  |3.333.333.222Q..|
0013d880  00 00 00 00 00 00 00 00  00 00 00 00 00 00 00 00  |................|
*
0013d8e0  00 00 00 00 00 00 00 00  00 00 00 00 00 00 33 33  |..............33|
0013d8f0  33 bc 33 33 33 ff 33 33  33 ff 33 33 33 ff 33 33  |3.333.333.333.33|
0013d900  33 ff 33 33 33 ff 33 33  33 ff 33 33 33 ff 33 33  |3.333.333.333.33|
*
0013d930  33 ff 33 33 33 ff 33 33  33 ff 00 00 00 00 00 00  |3.333.333.......|
0013d940  00 00 00 00 00 00 00 00  00 00 00 00 00 00 00 00  |................|
*
0013d9d0  00 00 00 00 00 00 00 00  00 00 00 00 00 00 33 33  |..............33|
0013d9e0  33 af 33 33 33 ff 33 33  33 ff 33 33 33 ff 33 33  |3.333.333.333.33|
0013d9f0  33 ff 33 33 33 ff 33 33  33 ff 33 33 33 ff 33 33  |3.333.333.333.33|
*
0013da40  33 ff 33 33 33 ff 33 33  33 ff 32 32 32 79 00 00  |3.333.333.222y..|
0013da50  00 00 00 00 00 00 00 00  00 00 00 00 00 00 00 00  |................|
*
0013daf0  00 00 33 33 33 ff 33 33  33 ff 33 33 33 ff 33 33  |..333.333.333.33|
0013db00  33 ff 33 33 33 ff 33 33  33 ff 33 33 33 ff 33 33  |3.333.333.333.33|
*
0013db40  33 ff 00 00 00 00 00 00  00 00 00 00 00 00 00 00  |3...............|
0013db50  00 00 00 00 00 00 00 00  00 00 00 00 00 00 00 00  |................|
*
0013dba0  00 00 00 00 00 00 00 00  00 00 00 00 00 00 33 33  |..............33|
0013dbb0  33 ff 33 33 33 ff 33 33  33 ff 33 33 33 ff 33 33  |3.333.333.333.33|
*
0013dbd0  33 ff 33 33 33 ff 33 33  33 ff 33 33 33 ff 32 32  |3.333.333.333.22|
0013dbe0  32 c9 33 33 33 36 00 00  00 00 00 00 00 00 00 00  |2.3336..........|
0013dbf0  00 00 00 00 00 00 00 00  00 00 00 00 00 00 00 00  |................|
*
0013dc50  00 00 00 00 00 00 34 34  34 62 33 33 33 ff 33 33  |......444b333.33|
0013dc60  33 ff 33 33 33 ff 33 33  33 ff 33 33 33 ff 33 33  |3.333.333.333.33|
*
0013dcd0  33 ff 33 33 33 ff 33 33  33 ff 00 00 00 00 00 00  |3.333.333.......|
0013dce0  00 00 00 00 00 00 00 00  00 00 00 00 00 00 00 00  |................|
*
0013dd90  00 00 00 00 00 00 00 00  00 00 33 33 33 ff 33 33  |..........333.33|
0013dda0  33 ff 33 33 33 ff 33 33  33 ff 33 33 33 ff 33 33  |3.333.333.333.33|
*
0013ddd0  33 ff 33 33 33 ff 33 33  33 ff 00 00 00 00 00 00  |3.333.333.......|
0013dde0  00 00 00 00 00 00 00 00  00 00 00 00 00 00 00 00  |................|
*
0013df30  00 00 00 00 00 00 00 00  00 00 33 33 33 ff 33 33  |..........333.33|
0013df40  33 ff 33 33 33 ff 33 33  33 ff 33 33 33 ff 33 33  |3.333.333.333.33|
*
0013dfc0  33 ff 33 33 33 ff 33 33  33 ff 33 33 33 ff 00 00  |3.333.333.333...|
0013dfd0  00 00 00 00 00 00 00 00  00 00 00 00 00 00 00 00  |................|
*
0013e030  00 00 00 00 00 00 33 33  33 ff 33 33 33 ff 33 33  |......333.333.33|
0013e040  33 ff 33 33 33 ff 33 33  33 ff 33 33 33 ff 33 33  |3.333.333.333.33|
*
0013e070  33 f8 32 32 32 98 31 31  31 1f 00 00 00 00 00 00  |3.222.111.......|
0013e080  00 00 00 00 00 00 00 00  00 00 00 00 00 00 00 00  |................|
*
0013e0e0  00 00 00 00 00 00 00 00  00 00 00 00 00 00 32 32  |..............22|
0013e0f0  32 c9 33 33 33 ff 33 33  33 ff 33 33 33 ff 33 33  |2.333.333.333.33|
0013e100  33 ff 33 33 33 ff 33 33  33 ff 33 33 33 ff 33 33  |3.333.333.333.33|
*
0013e130  33 ff 33 33 33 ff 33 33  33 ff 00 00 00 00 00 00  |3.333.333.......|
0013e140  00 00 00 00 00 00 00 00  00 00 00 00 00 00 00 00  |................|
*
0013e1d0  00 00 00 00 00 00 00 00  00 00 24 24 24 07 32 32  |..........$$$.22|
0013e1e0  32 f2 33 33 33 ff 33 33  33 ff 33 33 33 ff 33 33  |2.333.333.333.33|
0013e1f0  33 ff 33 33 33 ff 33 33  33 ff 33 33 33 ff 33 33  |3.333.333.333.33|
*
0013e240  33 ff 33 33 33 ff 33 33  33 ff 33 33 33 c2 00 00  |3.333.333.333...|
0013e250  00 00 00 00 00 00 00 00  00 00 00 00 00 00 00 00  |................|
*
0013e2f0  00 00 33 33 33 ff 33 33  33 ff 33 33 33 ff 33 33  |..333.333.333.33|
0013e300  33 ff 33 33 33 ff 33 33  33 ff 33 33 33 ff 33 33  |3.333.333.333.33|
*
0013e340  33 ff 00 00 00 00 00 00  00 00 00 00 00 00 00 00  |3...............|
0013e350  00 00 00 00 00 00 00 00  00 00 00 00 00 00 00 00  |................|
*
0013e3a0  00 00 00 00 00 00 00 00  00 00 00 00 00 00 33 33  |..............33|
0013e3b0  33 ff 33 33 33 ff 33 33  33 ff 33 33 33 ff 33 33  |3.333.333.333.33|
0013e3c0  33 ff 33 33 33 ff 32 32  32 fc 33 33 33 ee 33 33  |3.333.222.333.33|
0013e3d0  33 db 32 32 32 b5 33 33  33 81 33 33 33 32 00 00  |3.222.333.3332..|
0013e3e0  00 00 00 00 00 00 00 00  00 00 00 00 00 00 00 00  |................|
*
0013e450  00 00 00 00 00 00 32 32  32 9d 33 33 33 ff 33 33  |......222.333.33|
0013e460  33 ff 33 33 33 ff 33 33  33 ff 33 33 33 ff 33 33  |3.333.333.333.33|
*
0013e4d0  33 ff 33 33 33 ff 33 33  33 ff 00 00 00 00 00 00  |3.333.333.......|
0013e4e0  00 00 00 00 00 00 00 00  00 00 00 00 00 00 00 00  |................|
*
0013e590  00 00 00 00 00 00 00 00  00 00 33 33 33 ff 33 33  |..........333.33|
0013e5a0  33 ff 33 33 33 ff 33 33  33 ff 33 33 33 ff 33 33  |3.333.333.333.33|
*
0013e5d0  33 ff 33 33 33 ff 33 33  33 ff 00 00 00 00 00 00  |3.333.333.......|
0013e5e0  00 00 00 00 00 00 00 00  00 00 00 00 00 00 00 00  |................|
*
0013e730  00 00 00 00 00 00 00 00  00 00 33 33 33 ff 33 33  |..........333.33|
0013e740  33 ff 33 33 33 ff 33 33  33 ff 33 33 33 ff 33 33  |3.333.333.333.33|
*
0013e7c0  33 ff 33 33 33 ff 33 33  33 ff 33 33 33 ff 00 00  |3.333.333.333...|
0013e7d0  00 00 00 00 00 00 00 00  00 00 00 00 00 00 00 00  |................|
*
0013e830  00 00 00 00 00 00 33 33  33 ff 33 33 33 ff 33 33  |......333.333.33|
0013e840  33 ff 33 33 33 ff 33 33  33 ff 33 33 33 ff 33 33  |3.333.333.333.33|
0013e850  33 ff 33 33 33 ff 32 32  32 f1 33 33 33 eb 33 33  |3.333.222.333.33|
0013e860  33 d6 33 33 33 b3 33 33  33 8c 34 34 34 4e 2e 2e  |3.333.333.444N..|
0013e870  2e 0b 00 00 00 00 00 00  00 00 00 00 00 00 00 00  |................|
0013e880  00 00 00 00 00 00 00 00  00 00 00 00 00 00 00 00  |................|
*
0013e8e0  00 00 00 00 00 00 00 00  00 00 00 00 00 00 33 33  |..............33|
0013e8f0  33 e0 33 33 33 ff 33 33  33 ff 33 33 33 ff 33 33  |3.333.333.333.33|
0013e900  33 ff 33 33 33 ff 33 33  33 ff 33 33 33 ff 33 33  |3.333.333.333.33|
*
0013e930  33 ff 33 33 33 ff 33 33  33 ff 00 00 00 00 00 00  |3.333.333.......|
0013e940  00 00 00 00 00 00 00 00  00 00 00 00 00 00 00 00  |................|
*
0013e9d0  00 00 00 00 00 00 00 00  00 00 32 32 32 47 33 33  |..........222G33|
0013e9e0  33 ff 33 33 33 ff 33 33  33 ff 33 33 33 ff 33 33  |3.333.333.333.33|
*
0013ea40  33 ff 33 33 33 ff 33 33  33 ff 32 32 32 fb 38 38  |3.333.333.222.88|
0013ea50  38 12 00 00 00 00 00 00  00 00 00 00 00 00 00 00  |8...............|
0013ea60  00 00 00 00 00 00 00 00  00 00 00 00 00 00 00 00  |................|
*
0013eaf0  00 00 33 33 33 ff 33 33  33 ff 33 33 33 ff 33 33  |..333.333.333.33|
0013eb00  33 ff 33 33 33 ff 33 33  33 ff 33 33 33 ff 33 33  |3.333.333.333.33|
*
0013eb40  33 ff 00 00 00 00 00 00  00 00 00 00 00 00 00 00  |3...............|
0013eb50  00 00 00 00 00 00 00 00  00 00 00 00 00 00 00 00  |................|
*
0013ec50  00 00 00 00 00 00 33 33  33 da 33 33 33 ff 33 33  |......333.333.33|
0013ec60  33 ff 33 33 33 ff 33 33  33 ff 33 33 33 ff 33 33  |3.333.333.333.33|
*
0013ecd0  33 ff 33 33 33 ff 33 33  33 ff 00 00 00 00 00 00  |3.333.333.......|
0013ece0  00 00 00 00 00 00 00 00  00 00 00 00 00 00 00 00  |................|
*
0013ed90  00 00 00 00 00 00 00 00  00 00 33 33 33 ff 33 33  |..........333.33|
0013eda0  33 ff 33 33 33 ff 33 33  33 ff 33 33 33 ff 33 33  |3.333.333.333.33|
*
0013edd0  33 ff 33 33 33 ff 33 33  33 ff 00 00 00 00 00 00  |3.333.333.......|
0013ede0  00 00 00 00 00 00 00 00  00 00 00 00 00 00 00 00  |................|
*
0013ef30  00 00 00 00 00 00 00 00  00 00 33 33 33 ff 33 33  |..........333.33|
0013ef40  33 ff 33 33 33 ff 33 33  33 ff 33 33 33 ff 33 33  |3.333.333.333.33|
*
0013efc0  33 ff 33 33 33 ff 33 33  33 ff 33 33 33 ff 00 00  |3.333.333.333...|
0013efd0  00 00 00 00 00 00 00 00  00 00 00 00 00 00 00 00  |................|
*
0013f0e0  00 00 00 00 00 00 00 00  00 00 2e 2e 2e 0b 33 33  |..............33|
0013f0f0  33 fe 33 33 33 ff 33 33  33 ff 33 33 33 ff 33 33  |3.333.333.333.33|
0013f100  33 ff 33 33 33 ff 33 33  33 ff 33 33 33 ff 33 33  |3.333.333.333.33|
*
0013f130  33 ff 33 33 33 ff 33 33  33 ff 00 00 00 00 00 00  |3.333.333.......|
0013f140  00 00 00 00 00 00 00 00  00 00 00 00 00 00 00 00  |................|
*
0013f1d0  00 00 00 00 00 00 00 00  00 00 32 32 32 92 33 33  |..........222.33|
0013f1e0  33 ff 33 33 33 ff 33 33  33 ff 33 33 33 ff 33 33  |3.333.333.333.33|
*
0013f240  33 ff 33 33 33 ff 33 33  33 ff 33 33 33 ff 34 34  |3.333.333.333.44|
0013f250  34 58 00 00 00 00 00 00  00 00 00 00 00 00 00 00  |4X..............|
0013f260  00 00 00 00 00 00 00 00  00 00 00 00 00 00 00 00  |................|
*
0013f2f0  00 00 33 33 33 ff 33 33  33 ff 33 33 33 ff 33 33  |..333.333.333.33|
0013f300  33 ff 33 33 33 ff 33 33  33 ff 33 33 33 ff 33 33  |3.333.333.333.33|
*
0013f340  33 ff 00 00 00 00 00 00  00 00 00 00 00 00 00 00  |3...............|
0013f350  00 00 00 00 00 00 00 00  00 00 00 00 00 00 00 00  |................|
*
0013f450  00 00 33 33 33 2d 33 33  33 ff 33 33 33 ff 33 33  |..333-333.333.33|
0013f460  33 ff 33 33 33 ff 33 33  33 ff 33 33 33 ff 33 33  |3.333.333.333.33|
*
0013f4d0  33 ff 33 33 33 ff 33 33  33 ff 00 00 00 00 00 00  |3.333.333.......|
0013f4e0  00 00 00 00 00 00 00 00  00 00 00 00 00 00 00 00  |................|
*
0013f590  00 00 00 00 00 00 00 00  00 00 33 33 33 ff 33 33  |..........333.33|
0013f5a0  33 ff 33 33 33 ff 33 33  33 ff 33 33 33 ff 33 33  |3.333.333.333.33|
*
0013f5d0  33 ff 33 33 33 ff 33 33  33 ff 00 00 00 00 00 00  |3.333.333.......|
0013f5e0  00 00 00 00 00 00 00 00  00 00 00 00 00 00 00 00  |................|
*
0013f730  00 00 00 00 00 00 00 00  00 00 33 33 33 ff 33 33  |..........333.33|
0013f740  33 ff 33 33 33 ff 33 33  33 ff 33 33 33 ff 33 33  |3.333.333.333.33|
*
0013f7c0  33 ff 33 33 33 ff 33 33  33 ff 33 33 33 ff 00 00  |3.333.333.333...|
0013f7d0  00 00 00 00 00 00 00 00  00 00 00 00 00 00 00 00  |................|
*
0013f8e0  00 00 00 00 00 00 00 00  00 00 31 31 31 34 33 33  |..........111433|
0013f8f0  33 ff 33 33 33 ff 33 33  33 ff 33 33 33 ff 33 33  |3.333.333.333.33|
*
0013f930  33 ff 33 33 33 ff 33 33  33 ff 00 00 00 00 00 00  |3.333.333.......|
0013f940  00 00 00 00 00 00 00 00  00 00 00 00 00 00 00 00  |................|
*
0013f9d0  00 00 00 00 00 00 00 00  00 00 32 32 32 de 33 33  |..........222.33|
0013f9e0  33 ff 33 33 33 ff 33 33  33 ff 33 33 33 ff 33 33  |3.333.333.333.33|
*
0013fa40  33 ff 33 33 33 ff 33 33  33 ff 33 33 33 ff 32 32  |3.333.333.333.22|
0013fa50  32 a2 00 00 00 00 00 00  00 00 00 00 00 00 00 00  |2...............|
0013fa60  00 00 00 00 00 00 00 00  00 00 00 00 00 00 00 00  |................|
*
0013faf0  00 00 33 33 33 ff 33 33  33 ff 33 33 33 ff 33 33  |..333.333.333.33|
0013fb00  33 ff 33 33 33 ff 33 33  33 ff 33 33 33 ff 33 33  |3.333.333.333.33|
*
0013fb40  33 ff 00 00 00 00 00 00  00 00 00 00 00 00 00 00  |3...............|
0013fb50  00 00 00 00 00 00 00 00  00 00 00 00 00 00 00 00  |................|
*
0013fc50  00 00 32 32 32 84 33 33  33 ff 33 33 33 ff 33 33  |..222.333.333.33|
0013fc60  33 ff 33 33 33 ff 33 33  33 ff 33 33 33 ff 33 33  |3.333.333.333.33|
*
0013fcd0  33 ff 33 33 33 ff 33 33  33 ff 00 00 00 00 00 00  |3.333.333.......|
0013fce0  00 00 00 00 00 00 00 00  00 00 00 00 00 00 00 00  |................|
*
0013fd90  00 00 00 00 00 00 00 00  00 00 33 33 33 ff 33 33  |..........333.33|
0013fda0  33 ff 33 33 33 ff 33 33  33 ff 33 33 33 ff 33 33  |3.333.333.333.33|
*
0013fdd0  33 ff 33 33 33 ff 33 33  33 ff 00 00 00 00 00 00  |3.333.333.......|
0013fde0  00 00 00 00 00 00 00 00  00 00 00 00 00 00 00 00  |................|
*
0013ff30  00 00 00 00 00 00 00 00  00 00 33 33 33 ff 33 33  |..........333.33|
0013ff40  33 ff 33 33 33 ff 33 33  33 ff 33 33 33 ff 33 33  |3.333.333.333.33|
*
0013ffc0  33 ff 33 33 33 ff 33 33  33 ff 33 33 33 ff 00 00  |3.333.333.333...|
0013ffd0  00 00 00 00 00 00 00 00  00 00 00 00 00 00 00 00  |................|
*
001400e0  00 00 00 00 00 00 00 00  00 00 33 33 33 71 33 33  |..........333q33|
001400f0  33 ff 33 33 33 ff 33 33  33 ff 33 33 33 ff 33 33  |3.333.333.333.33|
*
00140130  33 ff 33 33 33 ff 33 33  33 ff 00 00 00 00 00 00  |3.333.333.......|
00140140  00 00 00 00 00 00 00 00  00 00 00 00 00 00 00 00  |................|
*
001401d0  00 00 00 00 00 00 35 35  35 2b 33 33 33 ff 33 33  |......555+333.33|
001401e0  33 ff 33 33 33 ff 33 33  33 ff 33 33 33 ff 33 33  |3.333.333.333.33|
*
00140250  33 ea 00 00 00 02 00 00  00 00 00 00 00 00 00 00  |3...............|
00140260  00 00 00 00 00 00 00 00  00 00 00 00 00 00 00 00  |................|
*
001402f0  00 00 33 33 33 ff 33 33  33 ff 33 33 33 ff 33 33  |..333.333.333.33|
00140300  33 ff 33 33 33 ff 33 33  33 ff 33 33 33 ff 33 33  |3.333.333.333.33|
*
00140340  33 ff 00 00 00 00 00 00  00 00 00 00 00 00 00 00  |3...............|
00140350  00 00 00 00 00 00 00 00  00 00 00 00 00 00 00 00  |................|
*
00140440  00 00 00 00 00 00 00 00  00 00 00 00 00 00 55 55  |..............UU|
00140450  55 03 32 32 32 dd 33 33  33 ff 33 33 33 ff 33 33  |U.222.333.333.33|
00140460  33 ff 33 33 33 ff 33 33  33 ff 33 33 33 ff 33 33  |3.333.333.333.33|
*
001404d0  33 ff 33 33 33 ff 33 33  33 ff 00 00 00 00 00 00  |3.333.333.......|
001404e0  00 00 00 00 00 00 00 00  00 00 00 00 00 00 00 00  |................|
*
00140590  00 00 00 00 00 00 00 00  00 00 33 33 33 ff 33 33  |..........333.33|
001405a0  33 ff 33 33 33 ff 33 33  33 ff 33 33 33 ff 33 33  |3.333.333.333.33|
*
001405d0  33 ff 33 33 33 ff 33 33  33 ff 00 00 00 00 00 00  |3.333.333.......|
001405e0  00 00 00 00 00 00 00 00  00 00 00 00 00 00 00 00  |................|
*
00140730  00 00 00 00 00 00 00 00  00 00 33 33 33 ff 33 33  |..........333.33|
00140740  33 ff 33 33 33 ff 33 33  33 ff 33 33 33 ff 33 33  |3.333.333.333.33|
*
001407c0  33 ff 33 33 33 ff 33 33  33 ff 33 33 33 ff 00 00  |3.333.333.333...|
001407d0  00 00 00 00 00 00 00 00  00 00 00 00 00 00 00 00  |................|
*
001408e0  00 00 00 00 00 00 00 00  00 00 33 33 33 bc 33 33  |..........333.33|
001408f0  33 ff 33 33 33 ff 33 33  33 ff 33 33 33 ff 33 33  |3.333.333.333.33|
*
00140930  33 ff 33 33 33 ff 33 33  33 ff 00 00 00 00 00 00  |3.333.333.......|
00140940  00 00 00 00 00 00 00 00  00 00 00 00 00 00 00 00  |................|
*
001409d0  00 00 00 00 00 00 33 33  33 76 33 33 33 ff 33 33  |......333v333.33|
001409e0  33 ff 33 33 33 ff 33 33  33 ff 33 33 33 ff 33 33  |3.333.333.333.33|
*
00140a50  33 ff 33 33 33 36 00 00  00 00 00 00 00 00 00 00  |3.3336..........|
00140a60  00 00 00 00 00 00 00 00  00 00 00 00 00 00 00 00  |................|
*
00140af0  00 00 33 33 33 ff 33 33  33 ff 33 33 33 ff 33 33  |..333.333.333.33|
00140b00  33 ff 33 33 33 ff 33 33  33 ff 33 33 33 ff 33 33  |3.333.333.333.33|
*
00140b40  33 ff 00 00 00 00 00 00  00 00 00 00 00 00 00 00  |3...............|
00140b50  00 00 00 00 00 00 00 00  00 00 00 00 00 00 00 00  |................|
*
00140c40  00 00 00 00 00 00 00 00  00 00 00 00 00 00 31 31  |..............11|
00140c50  31 57 33 33 33 ff 33 33  33 ff 33 33 33 ff 33 33  |1W333.333.333.33|
00140c60  33 ff 33 33 33 ff 33 33  33 ff 33 33 33 ff 33 33  |3.333.333.333.33|
*
00140cd0  33 ff 33 33 33 ff 33 33  33 ff 00 00 00 00 00 00  |3.333.333.......|
00140ce0  00 00 00 00 00 00 00 00  00 00 00 00 00 00 00 00  |................|
*
00140d90  00 00 00 00 00 00 00 00  00 00 33 33 33 ff 33 33  |..........333.33|
00140da0  33 ff 33 33 33 ff 33 33  33 ff 33 33 33 ff 33 33  |3.333.333.333.33|
*
00140dd0  33 ff 33 33 33 ff 33 33  33 ff 00 00 00 00 00 00  |3.333.333.......|
00140de0  00 00 00 00 00 00 00 00  00 00 00 00 00 00 00 00  |................|
*
00140f30  00 00 00 00 00 00 00 00  00 00 33 33 33 ff 33 33  |..........333.33|
00140f40  33 ff 33 33 33 ff 33 33  33 ff 33 33 33 ff 33 33  |3.333.333.333.33|
*
00140fc0  33 ff 33 33 33 ff 33 33  33 ff 33 33 33 ff 00 00  |3.333.333.333...|
00140fd0  00 00 00 00 00 00 00 00  00 00 00 00 00 00 00 00  |................|
*
001410e0  00 00 00 00 00 00 35 35  35 13 33 33 33 f9 33 33  |......555.333.33|
001410f0  33 ff 33 33 33 ff 33 33  33 ff 33 33 33 ff 33 33  |3.333.333.333.33|
*
00141130  33 ff 33 33 33 ff 33 33  33 ff 00 00 00 00 00 00  |3.333.333.......|
00141140  00 00 00 00 00 00 00 00  00 00 00 00 00 00 00 00  |................|
*
001411d0  00 00 00 00 00 00 33 33  33 c1 33 33 33 ff 33 33  |......333.333.33|
001411e0  33 ff 33 33 33 ff 33 33  33 ff 33 33 33 ff 33 33  |3.333.333.333.33|
*
00141250  33 ff 33 33 33 80 00 00  00 00 00 00 00 00 00 00  |3.333...........|
00141260  00 00 00 00 00 00 00 00  00 00 00 00 00 00 00 00  |................|
*
001412f0  00 00 33 33 33 ff 33 33  33 ff 33 33 33 ff 33 33  |..333.333.333.33|
00141300  33 ff 33 33 33 ff 33 33  33 ff 33 33 33 ff 33 33  |3.333.333.333.33|
*
00141340  33 ff 00 00 00 00 00 00  00 00 00 00 00 00 00 00  |3...............|
00141350  00 00 00 00 00 00 00 00  00 00 00 00 00 00 00 00  |................|
*
00141440  00 00 00 00 00 00 00 00  00 00 00 00 00 01 32 32  |..............22|
00141450  32 cf 33 33 33 ff 33 33  33 ff 33 33 33 ff 33 33  |2.333.333.333.33|
00141460  33 ff 33 33 33 ff 33 33  33 ff 33 33 33 ff 33 33  |3.333.333.333.33|
*
001414d0  33 ff 33 33 33 ff 33 33  33 ff 00 00 00 00 00 00  |3.333.333.......|
001414e0  00 00 00 00 00 00 00 00  00 00 00 00 00 00 00 00  |................|
*
00141590  00 00 00 00 00 00 00 00  00 00 33 33 33 ff 33 33  |..........333.33|
001415a0  33 ff 33 33 33 ff 33 33  33 ff 33 33 33 ff 33 33  |3.333.333.333.33|
*
001415d0  33 ff 33 33 33 ff 33 33  33 ff 00 00 00 00 00 00  |3.333.333.......|
001415e0  00 00 00 00 00 00 00 00  00 00 00 00 00 00 00 00  |................|
*
00141730  00 00 00 00 00 00 00 00  00 00 33 33 33 ff 33 33  |..........333.33|
00141740  33 ff 33 33 33 ff 33 33  33 ff 33 33 33 ff 33 33  |3.333.333.333.33|
*
001417c0  33 ff 33 33 33 ff 33 33  33 ff 33 33 33 ff 00 00  |3.333.333.333...|
001417d0  00 00 00 00 00 00 00 00  00 00 00 00 00 00 00 00  |................|
*
001418e0  00 00 00 00 00 00 32 32  32 79 33 33 33 ff 33 33  |......222y333.33|
001418f0  33 ff 33 33 33 ff 33 33  33 ff 33 33 33 ff 33 33  |3.333.333.333.33|
*
00141930  33 ff 33 33 33 ff 33 33  33 ff 00 00 00 00 00 00  |3.333.333.......|
00141940  00 00 00 00 00 00 00 00  00 00 00 00 00 00 00 00  |................|
*
001419d0  00 00 38 38 38 12 32 32  32 fb 33 33 33 ff 33 33  |..888.222.333.33|
001419e0  33 ff 33 33 33 ff 33 33  33 ff 33 33 33 ff 33 33  |3.333.333.333.33|
*
00141a50  33 ff 32 32 32 ca 00 00  00 00 00 00 00 00 00 00  |3.222...........|
00141a60  00 00 00 00 00 00 00 00  00 00 00 00 00 00 00 00  |................|
*
00141af0  00 00 33 33 33 ff 33 33  33 ff 33 33 33 ff 33 33  |..333.333.333.33|
00141b00  33 ff 33 33 33 ff 33 33  33 ff 33 33 33 ff 33 33  |3.333.333.333.33|
*
00141b40  33 ff 00 00 00 00 00 00  00 00 00 00 00 00 00 00  |3...............|
00141b50  00 00 00 00 00 00 00 00  00 00 00 00 00 00 00 00  |................|
*
00141c40  00 00 00 00 00 00 00 00  00 00 33 33 33 55 33 33  |..........333U33|
00141c50  33 ff 33 33 33 ff 33 33  33 ff 33 33 33 ff 33 33  |3.333.333.333.33|
*
00141cd0  33 ff 33 33 33 ff 33 33  33 ff 00 00 00 00 00 00  |3.333.333.......|
00141ce0  00 00 00 00 00 00 00 00  00 00 00 00 00 00 00 00  |................|
*
00141d90  00 00 00 00 00 00 00 00  00 00 33 33 33 ff 33 33  |..........333.33|
00141da0  33 ff 33 33 33 ff 33 33  33 ff 33 33 33 ff 33 33  |3.333.333.333.33|
*
00141dd0  33 ff 33 33 33 ff 33 33  33 ff 00 00 00 00 00 00  |3.333.333.......|
00141de0  00 00 00 00 00 00 00 00  00 00 00 00 00 00 00 00  |................|
*
00141f30  00 00 00 00 00 00 00 00  00 00 33 33 33 ff 33 33  |..........333.33|
00141f40  33 ff 33 33 33 ff 33 33  33 ff 33 33 33 ff 33 33  |3.333.333.333.33|
*
00141fc0  33 ff 33 33 33 ff 33 33  33 ff 33 33 33 ff 00 00  |3.333.333.333...|
00141fd0  00 00 00 00 00 00 00 00  00 00 00 00 00 00 00 00  |................|
*
001420e0  00 00 2a 2a 2a 06 33 33  33 e4 33 33 33 ff 33 33  |..***.333.333.33|
001420f0  33 ff 33 33 33 ff 33 33  33 ff 33 33 33 ff 33 33  |3.333.333.333.33|
*
00142130  33 ff 33 33 33 ff 33 33  33 ff 00 00 00 00 00 00  |3.333.333.......|
00142140  00 00 00 00 00 00 00 00  00 00 00 00 00 00 00 00  |................|
*
001421d0  00 00 33 33 33 59 33 33  33 ff 33 33 33 ff 33 33  |..333Y333.333.33|
001421e0  33 ff 33 33 33 ff 33 33  33 ff 33 33 33 ff 33 33  |3.333.333.333.33|
*
00142250  33 ff 33 33 33 fd 37 37  37 17 00 00 00 00 00 00  |3.333.777.......|
00142260  00 00 00 00 00 00 00 00  00 00 00 00 00 00 00 00  |................|
*
001422f0  00 00 33 33 33 ff 33 33  33 ff 33 33 33 ff 33 33  |..333.333.333.33|
00142300  33 ff 33 33 33 ff 33 33  33 ff 33 33 33 ff 33 33  |3.333.333.333.33|
*
00142340  33 ff 00 00 00 00 00 00  00 00 00 00 00 00 00 00  |3...............|
00142350  00 00 00 00 00 00 00 00  00 00 00 00 00 00 00 00  |................|
*
00142440  00 00 00 00 00 00 33 33  33 0f 33 33 33 e6 33 33  |......333.333.33|
00142450  33 ff 33 33 33 ff 33 33  33 ff 33 33 33 ff 33 33  |3.333.333.333.33|
*
001424d0  33 ff 33 33 33 ff 33 33  33 ff 00 00 00 00 00 00  |3.333.333.......|
001424e0  00 00 00 00 00 00 00 00  00 00 00 00 00 00 00 00  |................|
*
00142590  00 00 00 00 00 00 00 00  00 00 33 33 33 ff 33 33  |..........333.33|
001425a0  33 ff 33 33 33 ff 33 33  33 ff 33 33 33 ff 33 33  |3.333.333.333.33|
*
001425d0  33 ff 33 33 33 ff 33 33  33 ff 00 00 00 00 00 00  |3.333.333.......|
001425e0  00 00 00 00 00 00 00 00  00 00 00 00 00 00 00 00  |................|
*
00142730  00 00 00 00 00 00 00 00  00 00 33 33 33 ff 33 33  |..........333.33|
00142740  33 ff 33 33 33 ff 33 33  33 ff 33 33 33 ff 33 33  |3.333.333.333.33|
*
001427c0  33 ff 33 33 33 ff 33 33  33 ff 33 33 33 ff 00 00  |3.333.333.333...|
001427d0  00 00 00 00 00 00 00 00  00 00 00 00 00 00 00 00  |................|
*
001428e0  00 00 32 32 32 7a 33 33  33 ff 33 33 33 ff 33 33  |..222z333.333.33|
001428f0  33 ff 33 33 33 ff 33 33  33 ff 33 33 33 ff 33 33  |3.333.333.333.33|
*
00142930  33 ff 33 33 33 ff 33 33  33 ff 00 00 00 00 00 00  |3.333.333.......|
00142940  00 00 00 00 00 00 00 00  00 00 00 00 00 00 00 00  |................|
*
001429d0  00 00 33 33 33 a4 33 33  33 ff 33 33 33 ff 33 33  |..333.333.333.33|
001429e0  33 ff 33 33 33 ff 33 33  33 ff 33 33 33 ff 33 33  |3.333.333.333.33|
*
00142a50  33 ff 33 33 33 ff 33 33  33 5f 00 00 00 00 00 00  |3.333.333_......|
00142a60  00 00 00 00 00 00 00 00  00 00 00 00 00 00 00 00  |................|
*
00142af0  00 00 33 33 33 ff 33 33  33 ff 33 33 33 ff 33 33  |..333.333.333.33|
00142b00  33 ff 33 33 33 ff 33 33  33 ff 33 33 33 ff 33 33  |3.333.333.333.33|
*
00142b40  33 ff 00 00 00 00 00 00  00 00 00 00 00 00 00 00  |3...............|
00142b50  00 00 00 00 00 00 00 00  00 00 00 00 00 00 00 00  |................|
*
00142c40  00 00 00 00 00 00 32 32  32 98 33 33 33 ff 33 33  |......222.333.33|
00142c50  33 ff 33 33 33 ff 33 33  33 ff 33 33 33 ff 33 33  |3.333.333.333.33|
*
00142cd0  33 ff 33 33 33 ff 33 33  33 ff 00 00 00 00 00 00  |3.333.333.......|
00142ce0  00 00 00 00 00 00 00 00  00 00 00 00 00 00 00 00  |................|
*
00142d90  00 00 00 00 00 00 00 00  00 00 33 33 33 ff 33 33  |..........333.33|
00142da0  33 ff 33 33 33 ff 33 33  33 ff 33 33 33 ff 33 33  |3.333.333.333.33|
*
00142dd0  33 ff 33 33 33 ff 33 33  33 ff 00 00 00 00 00 00  |3.333.333.......|
00142de0  00 00 00 00 00 00 00 00  00 00 00 00 00 00 00 00  |................|
*
00142f30  00 00 00 00 00 00 00 00  00 00 33 33 33 ff 33 33  |..........333.33|
00142f40  33 ff 33 33 33 ff 33 33  33 ff 33 33 33 ff 33 33  |3.333.333.333.33|
*
00142fc0  33 ff 33 33 33 ff 33 33  33 ff 33 33 33 ff 00 00  |3.333.333.333...|
00142fd0  00 00 00 00 00 00 00 00  00 00 00 00 00 00 00 00  |................|
*
001430d0  00 00 00 00 00 00 00 00  00 00 00 00 00 00 31 31  |..............11|
001430e0  31 1f 33 33 33 f4 33 33  33 ff 33 33 33 ff 33 33  |1.333.333.333.33|
001430f0  33 ff 33 33 33 ff 33 33  33 ff 33 33 33 ff 33 33  |3.333.333.333.33|
*
00143130  33 ff 33 33 33 ff 33 33  33 ff 00 00 00 00 00 00  |3.333.333.......|
00143140  00 00 00 00 00 00 00 00  00 00 00 00 00 00 00 00  |................|
*
001431c0  00 00 00 00 00 00 00 00  00 00 00 00 00 00 55 55  |..............UU|
001431d0  55 03 32 32 32 ec 33 33  33 ff 33 33 33 ff 33 33  |U.222.333.333.33|
001431e0  33 ff 33 33 33 ff 33 33  33 ff 33 33 33 ff 33 33  |3.333.333.333.33|
*
00143250  33 ff 33 33 33 ff 33 33  33 a8 00 00 00 00 00 00  |3.333.333.......|
00143260  00 00 00 00 00 00 00 00  00 00 00 00 00 00 00 00  |................|
*
001432f0  00 00 33 33 33 ff 33 33  33 ff 33 33 33 ff 33 33  |..333.333.333.33|
00143300  33 ff 33 33 33 ff 33 33  33 ff 33 33 33 ff 33 33  |3.333.333.333.33|
*
00143340  33 ff 00 00 00 00 00 00  00 00 00 00 00 00 00 00  |3...............|
00143350  00 00 00 00 00 00 00 00  00 00 00 00 00 00 00 00  |................|
*
00143440  00 00 32 32 32 5b 33 33  33 ff 33 33 33 ff 33 33  |..222[333.333.33|
00143450  33 ff 33 33 33 ff 33 33  33 ff 33 33 33 ff 33 33  |3.333.333.333.33|
*
001434d0  33 ff 33 33 33 ff 33 33  33 ff 00 00 00 00 00 00  |3.333.333.......|
001434e0  00 00 00 00 00 00 00 00  00 00 00 00 00 00 00 00  |................|
*
00143590  00 00 00 00 00 00 00 00  00 00 33 33 33 ff 33 33  |..........333.33|
001435a0  33 ff 33 33 33 ff 33 33  33 ff 33 33 33 ff 33 33  |3.333.333.333.33|
*
001435d0  33 ff 33 33 33 ff 33 33  33 ff 00 00 00 00 00 00  |3.333.333.......|
001435e0  00 00 00 00 00 00 00 00  00 00 00 00 00 00 00 00  |................|
*
00143730  00 00 00 00 00 00 00 00  00 00 33 33 33 ff 33 33  |..........333.33|
00143740  33 ff 33 33 33 ff 33 33  33 ff 33 33 33 ff 33 33  |3.333.333.333.33|
*
001437c0  33 ff 33 33 33 ff 33 33  33 ff 33 33 33 ff 00 00  |3.333.333.333...|
001437d0  00 00 00 00 00 00 00 00  00 00 00 00 00 00 00 00  |................|
*
001438d0  00 00 00 00 00 00 00 00  00 00 38 38 38 09 33 33  |..........888.33|
001438e0  33 c8 33 33 33 ff 33 33  33 ff 33 33 33 ff 33 33  |3.333.333.333.33|
001438f0  33 ff 33 33 33 ff 33 33  33 ff 33 33 33 ff 33 33  |3.333.333.333.33|
*
00143930  33 ff 33 33 33 ff 33 33  33 ff 00 00 00 00 00 00  |3.333.333.......|
00143940  00 00 00 00 00 00 00 00  00 00 00 00 00 00 00 00  |................|
*
001439c0  00 00 00 00 00 00 00 00  00 00 00 00 00 00 33 33  |..............33|
001439d0  33 3c 33 33 33 ff 33 33  33 ff 33 33 33 ff 33 33  |3<333.333.333.33|
001439e0  33 ff 33 33 33 ff 33 33  33 ff 33 33 33 ff 33 33  |3.333.333.333.33|
*
00143a50  33 ff 33 33 33 ff 33 33  33 f0 33 33 33 05 00 00  |3.333.333.333...|
00143a60  00 00 00 00 00 00 00 00  00 00 00 00 00 00 00 00  |................|
*
00143af0  00 00 33 33 33 ff 33 33  33 ff 33 33 33 ff 33 33  |..333.333.333.33|
00143b00  33 ff 33 33 33 ff 33 33  33 ff 33 33 33 ff 33 33  |3.333.333.333.33|
*
00143b40  33 ff 00 00 00 00 00 00  00 00 00 00 00 00 00 00  |3...............|
00143b50  00 00 00 00 00 00 00 00  00 00 00 00 00 00 00 00  |................|
*
00143c30  00 00 00 00 00 00 00 00  00 00 00 00 00 00 34 34  |..............44|
00143c40  34 31 33 33 33 f5 33 33  33 ff 33 33 33 ff 33 33  |41333.333.333.33|
00143c50  33 ff 33 33 33 ff 33 33  33 ff 33 33 33 ff 33 33  |3.333.333.333.33|
*
00143cd0  33 ff 33 33 33 ff 33 33  33 ff 00 00 00 00 00 00  |3.333.333.......|
00143ce0  00 00 00 00 00 00 00 00  00 00 00 00 00 00 00 00  |................|
*
00143d90  00 00 00 00 00 00 00 00  00 00 33 33 33 ff 33 33  |..........333.33|
00143da0  33 ff 33 33 33 ff 33 33  33 ff 33 33 33 ff 33 33  |3.333.333.333.33|
*
00143dd0  33 ff 33 33 33 ff 33 33  33 ff 00 00 00 00 00 00  |3.333.333.......|
00143de0  00 00 00 00 00 00 00 00  00 00 00 00 00 00 00 00  |................|
*
00143f30  00 00 00 00 00 00 00 00  00 00 33 33 33 ff 33 33  |..........333.33|
00143f40  33 ff 33 33 33 ff 33 33  33 ff 33 33 33 ff 33 33  |3.333.333.333.33|
*
00143fc0  33 ff 33 33 33 ff 33 33  33 ff 33 33 33 ff 00 00  |3.333.333.333...|
00143fd0  00 00 00 00 00 00 00 00  00 00 00 00 00 00 00 00  |................|
*
001440d0  00 00 00 00 00 00 00 00  00 01 33 33 33 a9 33 33  |..........333.33|
001440e0  33 ff 33 33 33 ff 33 33  33 ff 33 33 33 ff 33 33  |3.333.333.333.33|
*
00144130  33 ff 33 33 33 ff 33 33  33 ff 00 00 00 00 00 00  |3.333.333.......|
00144140  00 00 00 00 00 00 00 00  00 00 00 00 00 00 00 00  |................|
*
001441c0  00 00 00 00 00 00 00 00  00 00 00 00 00 00 33 33  |..............33|
001441d0  33 87 33 33 33 ff 33 33  33 ff 33 33 33 ff 33 33  |3.333.333.333.33|
001441e0  33 ff 33 33 33 ff 33 33  33 ff 33 33 33 ff 33 33  |3.333.333.333.33|
*
00144250  33 ff 33 33 33 ff 33 33  33 ff 31 31 31 3e 00 00  |3.333.333.111>..|
00144260  00 00 00 00 00 00 00 00  00 00 00 00 00 00 00 00  |................|
*
001442f0  00 00 33 33 33 ff 33 33  33 ff 33 33 33 ff 33 33  |..333.333.333.33|
00144300  33 ff 33 33 33 ff 33 33  33 ff 33 33 33 ff 33 33  |3.333.333.333.33|
*
00144340  33 ff 00 00 00 00 00 00  00 00 00 00 00 00 00 00  |3...............|
00144350  00 00 00 00 00 00 00 00  00 00 00 00 00 00 00 00  |................|
*
00144430  00 00 00 00 00 00 00 00  00 00 33 33 33 2d 32 32  |..........333-22|
00144440  32 e8 33 33 33 ff 33 33  33 ff 33 33 33 ff 33 33  |2.333.333.333.33|
00144450  33 ff 33 33 33 ff 33 33  33 ff 33 33 33 ff 33 33  |3.333.333.333.33|
*
001444d0  33 ff 33 33 33 ff 33 33  33 ff 00 00 00 00 00 00  |3.333.333.......|
001444e0  00 00 00 00 00 00 00 00  00 00 00 00 00 00 00 00  |................|
*
00144590  00 00 00 00 00 00 00 00  00 00 33 33 33 ff 33 33  |..........333.33|
001445a0  33 ff 33 33 33 ff 33 33  33 ff 33 33 33 ff 33 33  |3.333.333.333.33|
*
001445d0  33 ff 33 33 33 ff 33 33  33 ff 00 00 00 00 00 00  |3.333.333.......|
001445e0  00 00 00 00 00 00 00 00  00 00 00 00 00 00 00 00  |................|
*
00144730  00 00 00 00 00 00 00 00  00 00 33 33 33 ff 33 33  |..........333.33|
00144740  33 ff 33 33 33 ff 33 33  33 ff 33 33 33 ff 33 33  |3.333.333.333.33|
*
001447c0  33 ff 33 33 33 ff 33 33  33 ff 33 33 33 ff 00 00  |3.333.333.333...|
001447d0  00 00 00 00 00 00 00 00  00 00 00 00 00 00 00 00  |................|
*
001448d0  00 00 55 55 55 03 32 32  32 9c 33 33 33 ff 33 33  |..UUU.222.333.33|
001448e0  33 ff 33 33 33 ff 33 33  33 ff 33 33 33 ff 33 33  |3.333.333.333.33|
*
00144930  33 ff 33 33 33 ff 33 33  33 ff 00 00 00 00 00 00  |3.333.333.......|
00144940  00 00 00 00 00 00 00 00  00 00 00 00 00 00 00 00  |................|
*
001449c0  00 00 00 00 00 00 00 00  00 00 00 00 00 00 32 32  |..............22|
001449d0  32 d3 33 33 33 ff 33 33  33 ff 33 33 33 ff 33 33  |2.333.333.333.33|
001449e0  33 ff 33 33 33 ff 33 33  33 ff 33 33 33 ff 33 33  |3.333.333.333.33|
*
00144a50  33 ff 33 33 33 ff 33 33  33 ff 33 33 33 87 00 00  |3.333.333.333...|
00144a60  00 00 00 00 00 00 00 00  00 00 00 00 00 00 00 00  |................|
*
00144af0  00 00 33 33 33 ff 33 33  33 ff 33 33 33 ff 33 33  |..333.333.333.33|
00144b00  33 ff 33 33 33 ff 33 33  33 ff 33 33 33 ff 33 33  |3.333.333.333.33|
*
00144b40  33 ff 00 00 00 00 00 00  00 00 00 00 00 00 00 00  |3...............|
00144b50  00 00 00 00 00 00 00 00  00 00 00 00 00 00 00 00  |................|
*
00144c30  00 00 00 00 00 00 35 35  35 30 33 33 33 eb 33 33  |......5550333.33|
00144c40  33 ff 33 33 33 ff 33 33  33 ff 33 33 33 ff 33 33  |3.333.333.333.33|
*
00144cd0  33 ff 33 33 33 ff 33 33  33 ff 00 00 00 00 00 00  |3.333.333.......|
00144ce0  00 00 00 00 00 00 00 00  00 00 00 00 00 00 00 00  |................|
*
00144d90  00 00 00 00 00 00 00 00  00 00 33 33 33 ff 33 33  |..........333.33|
00144da0  33 ff 33 33 33 ff 33 33  33 ff 33 33 33 ff 33 33  |3.333.333.333.33|
*
00144dd0  33 ff 33 33 33 ff 33 33  33 ff 00 00 00 00 00 00  |3.333.333.......|
00144de0  00 00 00 00 00 00 00 00  00 00 00 00 00 00 00 00  |................|
*
00144f30  00 00 00 00 00 00 00 00  00 00 33 33 33 ff 33 33  |..........333.33|
00144f40  33 ff 33 33 33 ff 33 33  33 ff 33 33 33 ff 33 33  |3.333.333.333.33|
*
00144fc0  33 ff 33 33 33 ff 33 33  33 ff 33 33 33 ff 00 00  |3.333.333.333...|
00144fd0  00 00 00 00 00 00 00 00  00 00 00 00 00 00 00 00  |................|
*
001450c0  00 00 00 00 00 00 00 00  00 00 00 00 00 00 36 36  |..............66|
001450d0  36 0e 32 32 32 b5 33 33  33 ff 33 33 33 ff 33 33  |6.222.333.333.33|
001450e0  33 ff 33 33 33 ff 33 33  33 ff 33 33 33 ff 33 33  |3.333.333.333.33|
*
00145130  33 ff 33 33 33 ff 33 33  33 ff 00 00 00 00 00 00  |3.333.333.......|
00145140  00 00 00 00 00 00 00 00  00 00 00 00 00 00 00 00  |................|
*
001451c0  00 00 00 00 00 00 00 00  00 00 2f 2f 2f 20 33 33  |........../// 33|
001451d0  33 ff 33 33 33 ff 33 33  33 ff 33 33 33 ff 33 33  |3.333.333.333.33|
*
00145250  33 ff 33 33 33 ff 33 33  33 ff 33 33 33 d2 00 00  |3.333.333.333...|
00145260  00 00 00 00 00 00 00 00  00 00 00 00 00 00 00 00  |................|
*
001452f0  00 00 33 33 33 ff 33 33  33 ff 33 33 33 ff 33 33  |..333.333.333.33|
00145300  33 ff 33 33 33 ff 33 33  33 ff 33 33 33 ff 33 33  |3.333.333.333.33|
*
00145340  33 ff 00 00 00 00 00 00  00 00 00 00 00 00 00 00  |3...............|
00145350  00 00 00 00 00 00 00 00  00 00 00 00 00 00 00 00  |................|
*
00145430  00 00 33 33 33 4f 33 33  33 f0 33 33 33 ff 33 33  |..333O333.333.33|
00145440  33 ff 33 33 33 ff 33 33  33 ff 33 33 33 ff 33 33  |3.333.333.333.33|
*
001454d0  33 ff 33 33 33 ff 33 33  33 ff 00 00 00 00 00 00  |3.333.333.......|
001454e0  00 00 00 00 00 00 00 00  00 00 00 00 00 00 00 00  |................|
*
00145590  00 00 00 00 00 00 00 00  00 00 33 33 33 ff 33 33  |..........333.33|
001455a0  33 ff 33 33 33 ff 33 33  33 ff 33 33 33 ff 33 33  |3.333.333.333.33|
*
001455d0  33 ff 33 33 33 ff 33 33  33 ff 00 00 00 00 00 00  |3.333.333.......|
001455e0  00 00 00 00 00 00 00 00  00 00 00 00 00 00 00 00  |................|
*
00145730  00 00 00 00 00 00 00 00  00 00 33 33 33 ff 33 33  |..........333.33|
00145740  33 ff 33 33 33 ff 33 33  33 ff 33 33 33 ff 33 33  |3.333.333.333.33|
*
001457c0  33 ff 33 33 33 ff 33 33  33 ff 33 33 33 ff 00 00  |3.333.333.333...|
001457d0  00 00 00 00 00 00 00 00  00 00 00 00 00 00 00 00  |................|
*
001458c0  00 00 00 00 00 00 00 00  00 00 31 31 31 39 33 33  |..........111933|
001458d0  33 dc 33 33 33 ff 33 33  33 ff 33 33 33 ff 33 33  |3.333.333.333.33|
001458e0  33 ff 33 33 33 ff 33 33  33 ff 33 33 33 ff 33 33  |3.333.333.333.33|
*
00145930  33 ff 33 33 33 ff 33 33  33 ff 00 00 00 00 00 00  |3.333.333.......|
00145940  00 00 00 00 00 00 00 00  00 00 00 00 00 00 00 00  |................|
*
001459c0  00 00 00 00 00 00 00 00  00 00 32 32 32 6b 33 33  |..........222k33|
001459d0  33 ff 33 33 33 ff 33 33  33 ff 33 33 33 ff 33 33  |3.333.333.333.33|
*
00145a60  33 1e 00 00 00 00 00 00  00 00 00 00 00 00 00 00  |3...............|
00145a70  00 00 00 00 00 00 00 00  00 00 00 00 00 00 00 00  |................|
*
00145af0  00 00 33 33 33 ff 33 33  33 ff 33 33 33 ff 33 33  |..333.333.333.33|
00145b00  33 ff 33 33 33 ff 33 33  33 ff 33 33 33 ff 33 33  |3.333.333.333.33|
*
00145b40  33 ff 00 00 00 00 00 00  00 00 00 00 00 00 00 00  |3...............|
00145b50  00 00 00 00 00 00 00 00  00 00 00 00 00 00 00 00  |................|
*
00145c20  00 00 00 00 00 00 00 00  00 00 55 55 55 03 33 33  |..........UUU.33|
00145c30  33 80 33 33 33 fd 33 33  33 ff 33 33 33 ff 33 33  |3.333.333.333.33|
00145c40  33 ff 33 33 33 ff 33 33  33 ff 33 33 33 ff 33 33  |3.333.333.333.33|
*
00145cd0  33 ff 33 33 33 ff 33 33  33 ff 00 00 00 00 00 00  |3.333.333.......|
00145ce0  00 00 00 00 00 00 00 00  00 00 00 00 00 00 00 00  |................|
*
00145d90  00 00 00 00 00 00 00 00  00 00 33 33 33 ff 33 33  |..........333.33|
00145da0  33 ff 33 33 33 ff 33 33  33 ff 33 33 33 ff 33 33  |3.333.333.333.33|
*
00145dd0  33 ff 33 33 33 ff 33 33  33 ff 00 00 00 00 00 00  |3.333.333.......|
00145de0  00 00 00 00 00 00 00 00  00 00 00 00 00 00 00 00  |................|
*
00145f30  00 00 00 00 00 00 00 00  00 00 33 33 33 ff 33 33  |..........333.33|
00145f40  33 ff 33 33 33 ff 33 33  33 ff 33 33 33 ff 33 33  |3.333.333.333.33|
*
00145fc0  33 ff 33 33 33 ff 33 33  33 ff 33 33 33 ff 00 00  |3.333.333.333...|
00145fd0  00 00 00 00 00 00 00 00  00 00 00 00 00 00 00 00  |................|
*
001460c0  00 00 35 35 35 18 32 32  32 97 33 33 33 fd 33 33  |..555.222.333.33|
001460d0  33 ff 33 33 33 ff 33 33  33 ff 33 33 33 ff 33 33  |3.333.333.333.33|
*
00146130  33 ff 33 33 33 ff 33 33  33 ff 00 00 00 00 00 00  |3.333.333.......|
00146140  00 00 00 00 00 00 00 00  00 00 00 00 00 00 00 00  |................|
*
001461c0  00 00 00 00 00 00 00 00  00 00 32 32 32 b6 33 33  |..........222.33|
001461d0  33 ff 33 33 33 ff 33 33  33 ff 33 33 33 ff 33 33  |3.333.333.333.33|
*
00146260  33 67 00 00 00 00 00 00  00 00 00 00 00 00 00 00  |3g..............|
00146270  00 00 00 00 00 00 00 00  00 00 00 00 00 00 00 00  |................|
*
001462f0  00 00 33 33 33 ff 33 33  33 ff 33 33 33 ff 33 33  |..333.333.333.33|
00146300  33 ff 33 33 33 ff 33 33  33 ff 33 33 33 ff 33 33  |3.333.333.333.33|
*
00146340  33 ff 00 00 00 00 00 00  00 00 00 00 00 00 00 00  |3...............|
00146350  00 00 00 00 00 00 00 00  00 00 00 00 00 00 00 00  |................|
*
00146420  00 00 00 00 00 00 33 33  33 3c 33 33 33 d0 33 33  |......333<333.33|
00146430  33 ff 33 33 33 ff 33 33  33 ff 33 33 33 ff 33 33  |3.333.333.333.33|
*
001464d0  33 ff 33 33 33 ff 33 33  33 ff 00 00 00 00 00 00  |3.333.333.......|
001464e0  00 00 00 00 00 00 00 00  00 00 00 00 00 00 00 00  |................|
*
00146590  00 00 00 00 00 00 00 00  00 00 33 33 33 ff 33 33  |..........333.33|
001465a0  33 ff 33 33 33 ff 33 33  33 ff 33 33 33 ff 33 33  |3.333.333.333.33|
*
001465d0  33 ff 33 33 33 ff 33 33  33 ff 00 00 00 00 00 00  |3.333.333.......|
001465e0  00 00 00 00 00 00 00 00  00 00 00 00 00 00 00 00  |................|
*
00146730  00 00 00 00 00 00 00 00  00 00 33 33 33 ff 33 33  |..........333.33|
00146740  33 ff 33 33 33 ff 33 33  33 ff 33 33 33 ff 33 33  |3.333.333.333.33|
*
001467c0  33 ff 33 33 33 ff 33 33  33 ff 33 33 33 ff 00 00  |3.333.333.333...|
001467d0  00 00 00 00 00 00 00 00  00 00 00 00 00 00 00 00  |................|
*
001468b0  00 00 00 00 00 00 00 00  00 00 35 35 35 18 32 32  |..........555.22|
001468c0  32 84 33 33 33 f4 33 33  33 ff 33 33 33 ff 33 33  |2.333.333.333.33|
001468d0  33 ff 33 33 33 ff 33 33  33 ff 33 33 33 ff 33 33  |3.333.333.333.33|
*
00146930  33 ff 33 33 33 ff 33 33  33 ff 00 00 00 00 00 00  |3.333.333.......|
00146940  00 00 00 00 00 00 00 00  00 00 00 00 00 00 00 00  |................|
*
001469c0  00 00 00 00 00 00 2e 2e  2e 0b 32 32 32 f7 33 33  |..........222.33|
001469d0  33 ff 33 33 33 ff 33 33  33 ff 33 33 33 ff 33 33  |3.333.333.333.33|
*
00146a50  33 ff 33 33 33 ff 33 33  33 ff 33 33 33 ff 32 32  |3.333.333.333.22|
00146a60  32 b0 00 00 00 00 00 00  00 00 00 00 00 00 00 00  |2...............|
00146a70  00 00 00 00 00 00 00 00  00 00 00 00 00 00 00 00  |................|
*
00146af0  00 00 33 33 33 ff 33 33  33 ff 33 33 33 ff 33 33  |..333.333.333.33|
00146b00  33 ff 33 33 33 ff 33 33  33 ff 33 33 33 ff 33 33  |3.333.333.333.33|
*
00146b40  33 ff 00 00 00 00 00 00  00 00 00 00 00 00 00 00  |3...............|
00146b50  00 00 00 00 00 00 00 00  00 00 00 00 00 00 00 00  |................|
*
00146c10  00 00 00 00 00 00 00 00  00 00 00 00 00 00 30 30  |..............00|
00146c20  30 25 33 33 33 a4 33 33  33 fe 33 33 33 ff 33 33  |0%333.333.333.33|
00146c30  33 ff 33 33 33 ff 33 33  33 ff 33 33 33 ff 33 33  |3.333.333.333.33|
*
00146cd0  33 ff 33 33 33 ff 33 33  33 ff 00 00 00 00 00 00  |3.333.333.......|
00146ce0  00 00 00 00 00 00 00 00  00 00 00 00 00 00 00 00  |................|
*
00146d90  00 00 00 00 00 00 00 00  00 00 33 33 33 ff 33 33  |..........333.33|
00146da0  33 ff 33 33 33 ff 33 33  33 ff 33 33 33 ff 33 33  |3.333.333.333.33|
*
00146dd0  33 ff 33 33 33 ff 33 33  33 ff 00 00 00 00 00 00  |3.333.333.......|
00146de0  00 00 00 00 00 00 00 00  00 00 00 00 00 00 00 00  |................|
*
00146f30  00 00 00 00 00 00 00 00  00 00 33 33 33 ff 33 33  |..........333.33|
00146f40  33 ff 33 33 33 ff 33 33  33 ff 33 33 33 ff 33 33  |3.333.333.333.33|
*
00146fc0  33 ff 33 33 33 ff 33 33  33 ff 33 33 33 ff 00 00  |3.333.333.333...|
00146fd0  00 00 00 00 00 00 00 00  00 00 00 00 00 00 00 00  |................|
*
001470a0  00 00 00 00 00 00 00 00  00 00 00 00 00 00 55 55  |..............UU|
001470b0  55 03 32 32 32 42 33 33  33 a9 33 33 33 fa 33 33  |U.222B333.333.33|
001470c0  33 ff 33 33 33 ff 33 33  33 ff 33 33 33 ff 33 33  |3.333.333.333.33|
*
00147130  33 ff 33 33 33 ff 33 33  33 ff 00 00 00 00 00 00  |3.333.333.......|
00147140  00 00 00 00 00 00 00 00  00 00 00 00 00 00 00 00  |................|
*
001471c0  00 00 00 00 00 00 34 34  34 4e 33 33 33 ff 33 33  |......444N333.33|
001471d0  33 ff 33 33 33 ff 33 33  33 ff 33 33 33 ff 33 33  |3.333.333.333.33|
*
00147260  33 f3 24 24 24 07 00 00  00 00 00 00 00 00 00 00  |3.$$$...........|
00147270  00 00 00 00 00 00 00 00  00 00 00 00 00 00 00 00  |................|
*
001472f0  00 00 33 33 33 ff 33 33  33 ff 33 33 33 ff 33 33  |..333.333.333.33|
00147300  33 ff 33 33 33 ff 33 33  33 ff 33 33 33 ff 33 33  |3.333.333.333.33|
*
00147340  33 ff 00 00 00 00 00 00  00 00 00 00 00 00 00 00  |3...............|
00147350  00 00 00 00 00 00 00 00  00 00 00 00 00 00 00 00  |................|
*
00147410  00 00 00 00 00 00 33 33  33 3b 33 33 33 ae 33 33  |......333;333.33|
00147420  33 fd 33 33 33 ff 33 33  33 ff 33 33 33 ff 33 33  |3.333.333.333.33|
00147430  33 ff 33 33 33 ff 33 33  33 ff 33 33 33 ff 33 33  |3.333.333.333.33|
*
001474d0  33 ff 33 33 33 ff 33 33  33 ff 00 00 00 00 00 00  |3.333.333.......|
001474e0  00 00 00 00 00 00 00 00  00 00 00 00 00 00 00 00  |................|
*
00147590  00 00 00 00 00 00 00 00  00 00 33 33 33 ff 33 33  |..........333.33|
001475a0  33 ff 33 33 33 ff 33 33  33 ff 33 33 33 ff 33 33  |3.333.333.333.33|
*
001475d0  33 ff 33 33 33 ff 33 33  33 ff 00 00 00 00 00 00  |3.333.333.......|
001475e0  00 00 00 00 00 00 00 00  00 00 00 00 00 00 00 00  |................|
*
00147730  00 00 00 00 00 00 00 00  00 00 33 33 33 ff 33 33  |..........333.33|
00147740  33 ff 33 33 33 ff 33 33  33 ff 33 33 33 ff 33 33  |3.333.333.333.33|
*
001477c0  33 ff 33 33 33 ff 33 33  33 ff 33 33 33 ff 00 00  |3.333.333.333...|
001477d0  00 00 00 00 00 00 00 00  00 00 00 00 00 00 00 00  |................|
*
001478a0  00 00 36 36 36 0e 34 34  34 4e 32 32 32 9d 33 33  |..666.444N222.33|
001478b0  33 ea 33 33 33 ff 33 33  33 ff 33 33 33 ff 33 33  |3.333.333.333.33|
001478c0  33 ff 33 33 33 ff 33 33  33 ff 33 33 33 ff 33 33  |3.333.333.333.33|
*
00147930  33 ff 33 33 33 ff 33 33  33 ff 00 00 00 00 00 00  |3.333.333.......|
00147940  00 00 00 00 00 00 00 00  00 00 00 00 00 00 00 00  |................|
*
001479c0  00 00 00 00 00 00 33 33  33 99 33 33 33 ff 33 33  |......333.333.33|
001479d0  33 ff 33 33 33 ff 33 33  33 ff 33 33 33 ff 33 33  |3.333.333.333.33|
*
00147a60  33 ff 33 33 33 45 00 00  00 00 00 00 00 00 00 00  |3.333E..........|
00147a70  00 00 00 00 00 00 00 00  00 00 00 00 00 00 00 00  |................|
*
00147af0  00 00 33 33 33 ff 33 33  33 ff 33 33 33 ff 33 33  |..333.333.333.33|
00147b00  33 ff 33 33 33 ff 33 33  33 ff 33 33 33 ff 33 33  |3.333.333.333.33|
*
00147b40  33 ff 00 00 00 00 00 00  00 00 00 00 00 00 00 00  |3...............|
00147b50  00 00 00 00 00 00 00 00  00 00 00 00 00 00 00 00  |................|
*
00147c00  00 00 00 00 00 00 00 00  00 00 33 33 33 2d 32 32  |..........333-22|
00147c10  32 83 32 32 32 d8 33 33  33 ff 33 33 33 ff 33 33  |2.222.333.333.33|
00147c20  33 ff 33 33 33 ff 33 33  33 ff 33 33 33 ff 33 33  |3.333.333.333.33|
*
00147cd0  33 ff 33 33 33 ff 33 33  33 ff 00 00 00 00 00 00  |3.333.333.......|
00147ce0  00 00 00 00 00 00 00 00  00 00 00 00 00 00 00 00  |................|
*
00147d90  00 00 00 00 00 00 00 00  00 00 33 33 33 ff 33 33  |..........333.33|
00147da0  33 ff 33 33 33 ff 33 33  33 ff 33 33 33 ff 33 33  |3.333.333.333.33|
*
00147dd0  33 ff 33 33 33 ff 33 33  33 ff 00 00 00 00 00 00  |3.333.333.......|
00147de0  00 00 00 00 00 00 00 00  00 00 00 00 00 00 00 00  |................|
*
00147f30  00 00 00 00 00 00 00 00  00 00 33 33 33 ff 33 33  |..........333.33|
00147f40  33 ff 33 33 33 ff 33 33  33 ff 33 33 33 ff 33 33  |3.333.333.333.33|
*
00147fc0  33 ff 33 33 33 ff 33 33  33 ff 33 33 33 ff 00 00  |3.333.333.333...|
00147fd0  00 00 00 00 00 00 00 00  00 00 00 00 00 00 00 00  |................|
*
00148080  00 00 00 00 00 00 00 00  00 00 00 00 00 00 3a 3a  |..............::|
00148090  3a 0d 34 34 34 35 31 31  31 61 33 33 33 96 33 33  |:.4445111a333.33|
001480a0  33 d1 33 33 33 fd 33 33  33 ff 33 33 33 ff 33 33  |3.333.333.333.33|
001480b0  33 ff 33 33 33 ff 33 33  33 ff 33 33 33 ff 33 33  |3.333.333.333.33|
*
00148130  33 ff 33 33 33 ff 33 33  33 ff 00 00 00 00 00 00  |3.333.333.......|
00148140  00 00 00 00 00 00 00 00  00 00 00 00 00 00 00 00  |................|
*
001481c0  00 00 00 00 00 01 33 33  33 e4 33 33 33 ff 33 33  |......333.333.33|
001481d0  33 ff 33 33 33 ff 33 33  33 ff 33 33 33 ff 33 33  |3.333.333.333.33|
*
00148260  33 ff 33 33 33 8f 00 00  00 00 00 00 00 00 00 00  |3.333...........|
00148270  00 00 00 00 00 00 00 00  00 00 00 00 00 00 00 00  |................|
*
001482f0  00 00 33 33 33 ff 33 33  33 ff 33 33 33 ff 33 33  |..333.333.333.33|
00148300  33 ff 33 33 33 ff 33 33  33 ff 33 33 33 ff 33 33  |3.333.333.333.33|
*
00148340  33 ff 00 00 00 00 00 00  00 00 00 00 00 00 00 00  |3...............|
00148350  00 00 00 00 00 00 00 00  00 00 00 00 00 00 00 00  |................|
*
001483f0  00 00 00 00 00 00 00 00  00 02 34 34 34 27 33 33  |..........444'33|
00148400  33 63 32 32 32 a1 33 33  33 df 33 33 33 ff 33 33  |3c222.333.333.33|
00148410  33 ff 33 33 33 ff 33 33  33 ff 33 33 33 ff 33 33  |3.333.333.333.33|
*
001484d0  33 ff 33 33 33 ff 33 33  33 ff 00 00 00 00 00 00  |3.333.333.......|
001484e0  00 00 00 00 00 00 00 00  00 00 00 00 00 00 00 00  |................|
*
00148590  00 00 00 00 00 00 00 00  00 00 33 33 33 ff 33 33  |..........333.33|
001485a0  33 ff 33 33 33 ff 33 33  33 ff 33 33 33 ff 33 33  |3.333.333.333.33|
*
001485d0  33 ff 33 33 33 ff 33 33  33 ff 00 00 00 00 00 00  |3.333.333.......|
001485e0  00 00 00 00 00 00 00 00  00 00 00 00 00 00 00 00  |................|
*
00148730  00 00 00 00 00 00 00 00  00 00 33 33 33 ff 33 33  |..........333.33|
00148740  33 ff 33 33 33 ff 33 33  33 ff 33 33 33 ff 33 33  |3.333.333.333.33|
*
001487c0  33 ff 33 33 33 ff 33 33  33 ff 33 33 33 ff 00 00  |3.333.333.333...|
001487d0  00 00 00 00 00 00 00 00  00 00 00 00 00 00 00 00  |................|
*
00148850  00 00 00 00 00 00 00 00  00 00 24 24 24 07 2d 2d  |..........$$$.--|
00148860  2d 11 2d 2d 2d 11 2e 2e  2e 16 30 30 30 25 31 31  |-.---.....000%11|
00148870  31 34 34 34 34 44 33 33  33 54 33 33 33 6c 33 33  |14444D333T333l33|
00148880  33 86 32 32 32 a2 33 33  33 bd 33 33 33 e0 33 33  |3.222.333.333.33|
00148890  33 ff 33 33 33 ff 33 33  33 ff 33 33 33 ff 33 33  |3.333.333.333.33|
*
00148930  33 ff 33 33 33 ff 33 33  33 ff 00 00 00 00 00 00  |3.333.333.......|
00148940  00 00 00 00 00 00 00 00  00 00 00 00 00 00 00 00  |................|
*
001489c0  00 00 34 34 34 31 33 33  33 ff 33 33 33 ff 33 33  |..4441333.333.33|
001489d0  33 ff 33 33 33 ff 33 33  33 ff 33 33 33 ff 33 33  |3.333.333.333.33|
*
00148a60  33 ff 32 32 32 d9 00 00  00 00 00 00 00 00 00 00  |3.222...........|
00148a70  00 00 00 00 00 00 00 00  00 00 00 00 00 00 00 00  |................|
*
00148af0  00 00 33 33 33 ff 33 33  33 ff 33 33 33 ff 33 33  |..333.333.333.33|
00148b00  33 ff 33 33 33 ff 33 33  33 ff 33 33 33 ff 33 33  |3.333.333.333.33|
*
00148b40  33 ff 00 00 00 00 00 00  00 00 00 00 00 00 00 00  |3...............|
00148b50  00 00 00 00 00 00 00 00  00 00 00 00 00 00 00 00  |................|
*
00148bc0  00 00 00 00 00 00 00 00  00 00 00 00 00 00 33 33  |..............33|
00148bd0  33 0f 2d 2d 2d 11 37 37  37 17 30 30 30 25 34 34  |3.---.777.000%44|
00148be0  34 3a 33 33 33 4f 33 33  33 67 33 33 33 81 33 33  |4:333O333g333.33|
00148bf0  33 a8 32 32 32 cf 32 32  32 f6 33 33 33 ff 33 33  |3.222.222.333.33|
00148c00  33 ff 33 33 33 ff 33 33  33 ff 33 33 33 ff 33 33  |3.333.333.333.33|
*
00148cd0  33 ff 33 33 33 ff 33 33  33 ff 00 00 00 00 00 00  |3.333.333.......|
00148ce0  00 00 00 00 00 00 00 00  00 00 00 00 00 00 00 00  |................|
*
00148d90  00 00 00 00 00 00 00 00  00 00 33 33 33 ff 33 33  |..........333.33|
00148da0  33 ff 33 33 33 ff 33 33  33 ff 33 33 33 ff 33 33  |3.333.333.333.33|
*
00148dd0  33 ff 33 33 33 ff 33 33  33 ff 00 00 00 00 00 00  |3.333.333.......|
00148de0  00 00 00 00 00 00 00 00  00 00 00 00 00 00 00 00  |................|
*
00148f30  00 00 00 00 00 00 00 00  00 00 33 33 33 ff 33 33  |..........333.33|
00148f40  33 ff 33 33 33 ff 33 33  33 ff 33 33 33 ff 33 33  |3.333.333.333.33|
*
001494d0  33 ff 33 33 33 ff 33 33  33 ff 00 00 00 00 00 00  |3.333.333.......|
001494e0  00 00 00 00 00 00 00 00  00 00 00 00 00 00 00 00  |................|
*
00149590  00 00 00 00 00 00 00 00  00 00 33 33 33 ff 33 33  |..........333.33|
001495a0  33 ff 33 33 33 ff 33 33  33 ff 33 33 33 ff 33 33  |3.333.333.333.33|
*
001495d0  33 ff 33 33 33 ff 33 33  33 ff 00 00 00 00 00 00  |3.333.333.......|
001495e0  00 00 00 00 00 00 00 00  00 00 00 00 00 00 00 00  |................|
*
00149730  00 00 00 00 00 00 00 00  00 00 33 33 33 ff 33 33  |..........333.33|
00149740  33 ff 33 33 33 ff 33 33  33 ff 33 33 33 ff 33 33  |3.333.333.333.33|
*
00149cd0  33 ff 33 33 33 ff 33 33  33 ff 00 00 00 00 00 00  |3.333.333.......|
00149ce0  00 00 00 00 00 00 00 00  00 00 00 00 00 00 00 00  |................|
*
00149d90  00 00 00 00 00 00 00 00  00 00 33 33 33 ff 33 33  |..........333.33|
00149da0  33 ff 33 33 33 ff 33 33  33 ff 33 33 33 ff 33 33  |3.333.333.333.33|
*
00149dd0  33 ff 33 33 33 ff 33 33  33 ff 00 00 00 00 00 00  |3.333.333.......|
00149de0  00 00 00 00 00 00 00 00  00 00 00 00 00 00 00 00  |................|
*
00149f30  00 00 00 00 00 00 00 00  00 00 33 33 33 ff 33 33  |..........333.33|
00149f40  33 ff 33 33 33 ff 33 33  33 ff 33 33 33 ff 33 33  |3.333.333.333.33|
*
0014a4d0  33 ff 33 33 33 ff 33 33  33 ff 00 00 00 00 00 00  |3.333.333.......|
0014a4e0  00 00 00 00 00 00 00 00  00 00 00 00 00 00 00 00  |................|
*
0014a590  00 00 00 00 00 00 00 00  00 00 33 33 33 ff 33 33  |..........333.33|
0014a5a0  33 ff 33 33 33 ff 33 33  33 ff 33 33 33 ff 33 33  |3.333.333.333.33|
*
0014a5d0  33 ff 33 33 33 ff 33 33  33 ff 00 00 00 00 00 00  |3.333.333.......|
0014a5e0  00 00 00 00 00 00 00 00  00 00 00 00 00 00 00 00  |................|
*
0014a730  00 00 00 00 00 00 00 00  00 00 33 33 33 ff 33 33  |..........333.33|
0014a740  33 ff 33 33 33 ff 33 33  33 ff 33 33 33 ff 33 33  |3.333.333.333.33|
*
0014acd0  33 ff 33 33 33 ff 33 33  33 ff 00 00 00 00 00 00  |3.333.333.......|
0014ace0  00 00 00 00 00 00 00 00  00 00 00 00 00 00 00 00  |................|
*
0014ad90  00 00 00 00 00 00 00 00  00 00 33 33 33 ff 33 33  |..........333.33|
0014ada0  33 ff 33 33 33 ff 33 33  33 ff 33 33 33 ff 33 33  |3.333.333.333.33|
*
0014add0  33 ff 33 33 33 ff 33 33  33 ff 00 00 00 00 00 00  |3.333.333.......|
0014ade0  00 00 00 00 00 00 00 00  00 00 00 00 00 00 00 00  |................|
*
0014af30  00 00 00 00 00 00 00 00  00 00 33 33 33 ff 33 33  |..........333.33|
0014af40  33 ff 33 33 33 ff 33 33  33 ff 33 33 33 ff 33 33  |3.333.333.333.33|
*
0014b4d0  33 ff 33 33 33 ff 33 33  33 ff 00 00 00 00 00 00  |3.333.333.......|
0014b4e0  00 00 00 00 00 00 00 00  00 00 00 00 00 00 00 00  |................|
*
0014b590  00 00 00 00 00 00 00 00  00 00 33 33 33 ff 33 33  |..........333.33|
0014b5a0  33 ff 33 33 33 ff 33 33  33 ff 33 33 33 ff 33 33  |3.333.333.333.33|
*
0014b5d0  33 ff 33 33 33 ff 33 33  33 ff 00 00 00 00 00 00  |3.333.333.......|
0014b5e0  00 00 00 00 00 00 00 00  00 00 00 00 00 00 00 00  |................|
*
0014b730  00 00 00 00 00 00 00 00  00 00 33 33 33 ff 33 33  |..........333.33|
0014b740  33 ff 33 33 33 ff 33 33  33 ff 33 33 33 ff 33 33  |3.333.333.333.33|
*
0014bcd0  33 ff 33 33 33 ff 33 33  33 ff 00 00 00 00 00 00  |3.333.333.......|
0014bce0  00 00 00 00 00 00 00 00  00 00 00 00 00 00 00 00  |................|
*
0014bd90  00 00 00 00 00 00 00 00  00 00 33 33 33 ff 33 33  |..........333.33|
0014bda0  33 ff 33 33 33 ff 33 33  33 ff 33 33 33 ff 33 33  |3.333.333.333.33|
*
0014bdd0  33 ff 33 33 33 ff 33 33  33 ff 00 00 00 00 00 00  |3.333.333.......|
0014bde0  00 00 00 00 00 00 00 00  00 00 00 00 00 00 00 00  |................|
*
0014bf30  00 00 00 00 00 00 00 00  00 00 33 33 33 ff 33 33  |..........333.33|
0014bf40  33 ff 33 33 33 ff 33 33  33 ff 33 33 33 ff 33 33  |3.333.333.333.33|
*
0014c4d0  33 ff 33 33 33 ff 33 33  33 ff 00 00 00 00 00 00  |3.333.333.......|
0014c4e0  00 00 00 00 00 00 00 00  00 00 00 00 00 00 00 00  |................|
*
0014c590  00 00 00 00 00 00 00 00  00 00 33 33 33 ff 33 33  |..........333.33|
0014c5a0  33 ff 33 33 33 ff 33 33  33 ff 33 33 33 ff 33 33  |3.333.333.333.33|
*
0014c5d0  33 ff 33 33 33 ff 33 33  33 ff 00 00 00 00 00 00  |3.333.333.......|
0014c5e0  00 00 00 00 00 00 00 00  00 00 00 00 00 00 00 00  |................|
*
0014c730  00 00 00 00 00 00 00 00  00 00 33 33 33 ff 33 33  |..........333.33|
0014c740  33 ff 33 33 33 ff 33 33  33 ff 33 33 33 ff 33 33  |3.333.333.333.33|
*
0014ccd0  33 ff 33 33 33 ff 33 33  33 ff 00 00 00 00 00 00  |3.333.333.......|
0014cce0  00 00 00 00 00 00 00 00  00 00 00 00 00 00 00 00  |................|
*
0014cd90  00 00 00 00 00 00 00 00  00 00 33 33 33 ff 33 33  |..........333.33|
0014cda0  33 ff 33 33 33 ff 33 33  33 ff 33 33 33 ff 33 33  |3.333.333.333.33|
*
0014cdd0  33 ff 33 33 33 ff 33 33  33 ff 00 00 00 00 00 00  |3.333.333.......|
0014cde0  00 00 00 00 00 00 00 00  00 00 00 00 00 00 00 00  |................|
*
0014cf30  00 00 00 00 00 00 00 00  00 00 33 33 33 ff 33 33  |..........333.33|
0014cf40  33 ff 33 33 33 ff 33 33  33 ff 33 33 33 ff 33 33  |3.333.333.333.33|
*
0014d4d0  33 ff 33 33 33 ff 33 33  33 ff 00 00 00 00 00 00  |3.333.333.......|
0014d4e0  00 00 00 00 00 00 00 00  00 00 00 00 00 00 00 00  |................|
*
0014d590  00 00 00 00 00 00 00 00  00 00 33 33 33 ff 33 33  |..........333.33|
0014d5a0  33 ff 33 33 33 ff 33 33  33 ff 33 33 33 ff 33 33  |3.333.333.333.33|
*
0014d5d0  33 ff 33 33 33 ff 33 33  33 ff 00 00 00 00 00 00  |3.333.333.......|
0014d5e0  00 00 00 00 00 00 00 00  00 00 00 00 00 00 00 00  |................|
*
0014d730  00 00 00 00 00 00 00 00  00 00 33 33 33 ff 33 33  |..........333.33|
0014d740  33 ff 33 33 33 ff 33 33  33 ff 33 33 33 ff 33 33  |3.333.333.333.33|
*
0014dcd0  33 ff 33 33 33 ff 33 33  33 ff 00 00 00 00 00 00  |3.333.333.......|
0014dce0  00 00 00 00 00 00 00 00  00 00 00 00 00 00 00 00  |................|
*
0014dd90  00 00 00 00 00 00 00 00  00 00 33 33 33 ff 33 33  |..........333.33|
0014dda0  33 ff 33 33 33 ff 33 33  33 ff 33 33 33 ff 33 33  |3.333.333.333.33|
*
0014ddd0  33 ff 33 33 33 ff 33 33  33 ff 00 00 00 00 00 00  |3.333.333.......|
0014dde0  00 00 00 00 00 00 00 00  00 00 00 00 00 00 00 00  |................|
*
0014df30  00 00 00 00 00 00 00 00  00 00 33 33 33 ff 33 33  |..........333.33|
0014df40  33 ff 33 33 33 ff 33 33  33 ff 33 33 33 ff 33 33  |3.333.333.333.33|
*
0014e4d0  33 ff 33 33 33 ff 33 33  33 ff 00 00 00 00 00 00  |3.333.333.......|
0014e4e0  00 00 00 00 00 00 00 00  00 00 00 00 00 00 00 00  |................|
*
0014e590  00 00 00 00 00 00 00 00  00 00 33 33 33 ff 33 33  |..........333.33|
0014e5a0  33 ff 33 33 33 ff 33 33  33 ff 33 33 33 ff 33 33  |3.333.333.333.33|
*
0014e5d0  33 ff 33 33 33 ff 33 33  33 ff 00 00 00 00 00 00  |3.333.333.......|
0014e5e0  00 00 00 00 00 00 00 00  00 00 00 00 00 00 00 00  |................|
*
0014e730  00 00 00 00 00 00 00 00  00 00 33 33 33 ff 33 33  |..........333.33|
0014e740  33 ff 33 33 33 ff 33 33  33 ff 33 33 33 ff 33 33  |3.333.333.333.33|
*
0014ecd0  33 ff 33 33 33 ff 33 33  33 ff 00 00 00 00 00 00  |3.333.333.......|
0014ece0  00 00 00 00 00 00 00 00  00 00 00 00 00 00 00 00  |................|
*
0014ed90  00 00 00 00 00 00 00 00  00 00 33 33 33 ff 33 33  |..........333.33|
0014eda0  33 ff 33 33 33 ff 33 33  33 ff 33 33 33 ff 33 33  |3.333.333.333.33|
*
0014edd0  33 ff 33 33 33 ff 33 33  33 ff 00 00 00 00 00 00  |3.333.333.......|
0014ede0  00 00 00 00 00 00 00 00  00 00 00 00 00 00 00 00  |................|
*
0014ef30  00 00 00 00 00 00 00 00  00 00 33 33 33 ff 33 33  |..........333.33|
0014ef40  33 ff 33 33 33 ff 33 33  33 ff 33 33 33 ff 33 33  |3.333.333.333.33|
*
0014f4d0  33 ff 33 33 33 ff 33 33  33 ff 00 00 00 00 00 00  |3.333.333.......|
0014f4e0  00 00 00 00 00 00 00 00  00 00 00 00 00 00 00 00  |................|
*
0014f590  00 00 00 00 00 00 00 00  00 00 33 33 33 ff 33 33  |..........333.33|
0014f5a0  33 ff 33 33 33 ff 33 33  33 ff 33 33 33 ff 33 33  |3.333.333.333.33|
*
0014f5d0  33 ff 33 33 33 ff 33 33  33 ff 00 00 00 00 00 00  |3.333.333.......|
0014f5e0  00 00 00 00 00 00 00 00  00 00 00 00 00 00 00 00  |................|
*
0014f730  00 00 00 00 00 00 00 00  00 00 33 33 33 ff 33 33  |..........333.33|
0014f740  33 ff 33 33 33 ff 33 33  33 ff 33 33 33 ff 33 33  |3.333.333.333.33|
*
0014fcd0  33 ff 33 33 33 ff 33 33  33 ff 00 00 00 00 00 00  |3.333.333.......|
0014fce0  00 00 00 00 00 00 00 00  00 00 00 00 00 00 00 00  |................|
*
0014fd90  00 00 00 00 00 00 00 00  00 00 33 33 33 ff 33 33  |..........333.33|
0014fda0  33 ff 33 33 33 ff 33 33  33 ff 33 33 33 ff 33 33  |3.333.333.333.33|
*
0014fdd0  33 ff 33 33 33 ff 33 33  33 ff 00 00 00 00 00 00  |3.333.333.......|
0014fde0  00 00 00 00 00 00 00 00  00 00 00 00 00 00 00 00  |................|
*
0014ff30  00 00 00 00 00 00 00 00  00 00 33 33 33 ff 33 33  |..........333.33|
0014ff40  33 ff 33 33 33 ff 33 33  33 ff 33 33 33 ff 33 33  |3.333.333.333.33|
*
001504d0  33 ff 33 33 33 ff 33 33  33 ff 00 00 00 00 00 00  |3.333.333.......|
001504e0  00 00 00 00 00 00 00 00  00 00 00 00 00 00 00 00  |................|
*
00150590  00 00 00 00 00 00 00 00  00 00 33 33 33 ff 33 33  |..........333.33|
001505a0  33 ff 33 33 33 ff 33 33  33 ff 33 33 33 ff 33 33  |3.333.333.333.33|
*
001505d0  33 ff 33 33 33 ff 33 33  33 ff 00 00 00 00 00 00  |3.333.333.......|
001505e0  00 00 00 00 00 00 00 00  00 00 00 00 00 00 00 00  |................|
*
00150730  00 00 00 00 00 00 00 00  00 00 33 33 33 ff 33 33  |..........333.33|
00150740  33 ff 33 33 33 ff 33 33  33 ff 33 33 33 ff 33 33  |3.333.333.333.33|
*
00150cd0  33 ff 33 33 33 ff 33 33  33 ff 00 00 00 00 00 00  |3.333.333.......|
00150ce0  00 00 00 00 00 00 00 00  00 00 00 00 00 00 00 00  |................|
*
00150d90  00 00 00 00 00 00 00 00  00 00 33 33 33 ff 33 33  |..........333.33|
00150da0  33 ff 33 33 33 ff 33 33  33 ff 33 33 33 ff 33 33  |3.333.333.333.33|
*
00150dd0  33 ff 33 33 33 ff 33 33  33 ff 00 00 00 00 00 00  |3.333.333.......|
00150de0  00 00 00 00 00 00 00 00  00 00 00 00 00 00 00 00  |................|
*
00150f30  00 00 00 00 00 00 00 00  00 00 33 33 33 ff 33 33  |..........333.33|
00150f40  33 ff 33 33 33 ff 33 33  33 ff 33 33 33 ff 33 33  |3.333.333.333.33|
*
001514d0  33 ff 33 33 33 ff 33 33  33 ff 00 00 00 00 00 00  |3.333.333.......|
001514e0  00 00 00 00 00 00 00 00  00 00 00 00 00 00 00 00  |................|
*
00151590  00 00 00 00 00 00 00 00  00 00 33 33 33 ff 33 33  |..........333.33|
001515a0  33 ff 33 33 33 ff 33 33  33 ff 33 33 33 ff 33 33  |3.333.333.333.33|
*
001515d0  33 ff 33 33 33 ff 33 33  33 ff 00 00 00 00 00 00  |3.333.333.......|
001515e0  00 00 00 00 00 00 00 00  00 00 00 00 00 00 00 00  |................|
*
00151730  00 00 00 00 00 00 00 00  00 00 33 33 33 fe 33 33  |..........333.33|
00151740  33 ff 33 33 33 ff 33 33  33 ff 33 33 33 ff 33 33  |3.333.333.333.33|
*
00151cd0  33 ff 33 33 33 ff 33 33  33 fe 00 00 00 00 00 00  |3.333.333.......|
00151ce0  00 00 00 00 00 00 00 00  00 00 00 00 00 00 00 00  |................|
*
00151d90  00 00 00 00 00 00 00 00  00 00 33 33 33 ff 33 33  |..........333.33|
00151da0  33 ff 33 33 33 ff 33 33  33 ff 33 33 33 ff 33 33  |3.333.333.333.33|
*
00151dd0  33 ff 33 33 33 ff 33 33  33 ff 00 00 00 00 00 00  |3.333.333.......|
00151de0  00 00 00 00 00 00 00 00  00 00 00 00 00 00 00 00  |................|
*
00151f30  00 00 00 00 00 00 00 00  00 00 33 33 33 f5 33 33  |..........333.33|
00151f40  33 ff 33 33 33 ff 33 33  33 ff 33 33 33 ff 33 33  |3.333.333.333.33|
*
001524d0  33 ff 33 33 33 ff 33 33  33 f3 00 00 00 00 00 00  |3.333.333.......|
001524e0  00 00 00 00 00 00 00 00  00 00 00 00 00 00 00 00  |................|
*
00152590  00 00 00 00 00 00 00 00  00 00 33 33 33 ff 33 33  |..........333.33|
001525a0  33 ff 33 33 33 ff 33 33  33 ff 33 33 33 ff 33 33  |3.333.333.333.33|
*
001525d0  33 ff 33 33 33 ff 33 33  33 ff 00 00 00 00 00 00  |3.333.333.......|
001525e0  00 00 00 00 00 00 00 00  00 00 00 00 00 00 00 00  |................|
*
00152730  00 00 00 00 00 00 00 00  00 00 32 32 32 e8 33 33  |..........222.33|
00152740  33 ff 33 33 33 ff 33 33  33 ff 33 33 33 ff 33 33  |3.333.333.333.33|
*
00152cd0  33 ff 33 33 33 ff 33 33  33 e6 00 00 00 00 00 00  |3.333.333.......|
00152ce0  00 00 00 00 00 00 00 00  00 00 00 00 00 00 00 00  |................|
*
00152d90  00 00 00 00 00 00 00 00  00 00 33 33 33 ff 33 33  |..........333.33|
00152da0  33 ff 33 33 33 ff 33 33  33 ff 33 33 33 ff 33 33  |3.333.333.333.33|
*
00152dd0  33 ff 33 33 33 ff 33 33  33 ff 00 00 00 00 00 00  |3.333.333.......|
00152de0  00 00 00 00 00 00 00 00  00 00 00 00 00 00 00 00  |................|
*
00152f30  00 00 00 00 00 00 00 00  00 00 33 33 33 da 33 33  |..........333.33|
00152f40  33 ff 33 33 33 ff 33 33  33 ff 33 33 33 ff 33 33  |3.333.333.333.33|
*
001534d0  33 ff 33 33 33 ff 32 32  32 d8 00 00 00 00 00 00  |3.333.222.......|
001534e0  00 00 00 00 00 00 00 00  00 00 00 00 00 00 00 00  |................|
*
00153590  00 00 00 00 00 00 00 00  00 00 33 33 33 ff 33 33  |..........333.33|
001535a0  33 ff 33 33 33 ff 33 33  33 ff 33 33 33 ff 33 33  |3.333.333.333.33|
*
001535d0  33 ff 33 33 33 ff 33 33  33 ff 00 00 00 00 00 00  |3.333.333.......|
001535e0  00 00 00 00 00 00 00 00  00 00 00 00 00 00 00 00  |................|
*
00153730  00 00 00 00 00 00 00 00  00 00 32 32 32 ba 33 33  |..........222.33|
00153740  33 ff 33 33 33 ff 33 33  33 ff 33 33 33 ff 33 33  |3.333.333.333.33|
*
00153cd0  33 ff 33 33 33 ff 33 33  33 b7 00 00 00 00 00 00  |3.333.333.......|
00153ce0  00 00 00 00 00 00 00 00  00 00 00 00 00 00 00 00  |................|
*
00153d90  00 00 00 00 00 00 00 00  00 00 33 33 33 ff 33 33  |..........333.33|
00153da0  33 ff 33 33 33 ff 33 33  33 ff 33 33 33 ff 33 33  |3.333.333.333.33|
*
00153dd0  33 ff 33 33 33 ff 33 33  33 ff 00 00 00 00 00 00  |3.333.333.......|
00153de0  00 00 00 00 00 00 00 00  00 00 00 00 00 00 00 00  |................|
*
00153f30  00 00 00 00 00 00 00 00  00 00 32 32 32 93 33 33  |..........222.33|
00153f40  33 ff 33 33 33 ff 33 33  33 ff 33 33 33 ff 33 33  |3.333.333.333.33|
*
001544d0  33 ff 33 33 33 ff 33 33  33 90 00 00 00 00 00 00  |3.333.333.......|
001544e0  00 00 00 00 00 00 00 00  00 00 00 00 00 00 00 00  |................|
*
00154590  00 00 00 00 00 00 00 00  00 00 33 33 33 ff 33 33  |..........333.33|
001545a0  33 ff 33 33 33 ff 33 33  33 ff 33 33 33 ff 33 33  |3.333.333.333.33|
*
001545d0  33 ff 33 33 33 ff 33 33  33 ff 00 00 00 00 00 00  |3.333.333.......|
001545e0  00 00 00 00 00 00 00 00  00 00 00 00 00 00 00 00  |................|
*
00154730  00 00 00 00 00 00 00 00  00 00 32 32 32 6b 33 33  |..........222k33|
00154740  33 ff 33 33 33 ff 33 33  33 ff 33 33 33 ff 33 33  |3.333.333.333.33|
*
00154cd0  33 ff 33 33 33 ff 33 33  33 69 00 00 00 00 00 00  |3.333.333i......|
00154ce0  00 00 00 00 00 00 00 00  00 00 00 00 00 00 00 00  |................|
*
00154d90  00 00 00 00 00 00 00 00  00 00 33 33 33 ff 33 33  |..........333.33|
00154da0  33 ff 33 33 33 ff 33 33  33 ff 33 33 33 ff 33 33  |3.333.333.333.33|
*
00154dd0  33 ff 33 33 33 ff 33 33  33 ff 00 00 00 00 00 00  |3.333.333.......|
00154de0  00 00 00 00 00 00 00 00  00 00 00 00 00 00 00 00  |................|
*
00154f30  00 00 00 00 00 00 00 00  00 00 34 34 34 31 33 33  |..........444133|
00154f40  33 ff 33 33 33 ff 33 33  33 ff 33 33 33 ff 33 33  |3.333.333.333.33|
*
001554d0  33 ff 33 33 33 ff 31 31  31 2e 00 00 00 00 00 00  |3.333.111.......|
001554e0  00 00 00 00 00 00 00 00  00 00 00 00 00 00 00 00  |................|
*
00155590  00 00 00 00 00 00 00 00  00 00 33 33 33 ff 33 33  |..........333.33|
001555a0  33 ff 33 33 33 ff 33 33  33 ff 33 33 33 ff 33 33  |3.333.333.333.33|
*
001555d0  33 ff 33 33 33 ff 33 33  33 ff 00 00 00 00 00 00  |3.333.333.......|
001555e0  00 00 00 00 00 00 00 00  00 00 00 00 00 00 00 00  |................|
*
00155730  00 00 00 00 00 00 00 00  00 00 00 00 00 02 33 33  |..............33|
00155740  33 eb 33 33 33 ff 33 33  33 ff 33 33 33 ff 33 33  |3.333.333.333.33|
00155750  33 ff 33 33 33 ff 33 33  33 ff 33 33 33 ff 33 33  |3.333.333.333.33|
*
00155cd0  33 ff 32 32 32 ec 00 00  00 02 00 00 00 00 00 00  |3.222...........|
00155ce0  00 00 00 00 00 00 00 00  00 00 00 00 00 00 00 00  |................|
*
00155d90  00 00 00 00 00 00 00 00  00 00 33 33 33 ff 33 33  |..........333.33|
00155da0  33 ff 33 33 33 ff 33 33  33 ff 33 33 33 ff 33 33  |3.333.333.333.33|
*
00155dd0  33 ff 33 33 33 ff 33 33  33 ff 00 00 00 00 00 00  |3.333.333.......|
00155de0  00 00 00 00 00 00 00 00  00 00 00 00 00 00 00 00  |................|
*
00155f30  00 00 00 00 00 00 00 00  00 00 00 00 00 00 32 32  |..............22|
00155f40  32 ab 33 33 33 ff 33 33  33 ff 33 33 33 ff 33 33  |2.333.333.333.33|
00155f50  33 ff 33 33 33 ff 33 33  33 ff 33 33 33 ff 33 33  |3.333.333.333.33|
*
001564d0  33 ff 33 33 33 a8 00 00  00 00 00 00 00 00 00 00  |3.333...........|
001564e0  00 00 00 00 00 00 00 00  00 00 00 00 00 00 00 00  |................|
*
00156590  00 00 00 00 00 00 00 00  00 00 33 33 33 ff 33 33  |..........333.33|
001565a0  33 ff 33 33 33 ff 33 33  33 ff 33 33 33 ff 33 33  |3.333.333.333.33|
*
001565d0  33 ff 33 33 33 ff 33 33  33 ff 00 00 00 00 00 00  |3.333.333.......|
001565e0  00 00 00 00 00 00 00 00  00 00 00 00 00 00 00 00  |................|
*
00156730  00 00 00 00 00 00 00 00  00 00 00 00 00 00 33 33  |..............33|
00156740  33 54 33 33 33 ff 33 33  33 ff 33 33 33 ff 33 33  |3T333.333.333.33|
00156750  33 ff 33 33 33 ff 33 33  33 ff 33 33 33 ff 33 33  |3.333.333.333.33|
*
00156cd0  33 ff 32 32 32 51 00 00  00 00 00 00 00 00 00 00  |3.222Q..........|
00156ce0  00 00 00 00 00 00 00 00  00 00 00 00 00 00 00 00  |................|
*
00156d90  00 00 00 00 00 00 00 00  00 00 33 33 33 ff 33 33  |..........333.33|
00156da0  33 ff 33 33 33 ff 33 33  33 ff 33 33 33 ff 33 33  |3.333.333.333.33|
*
00156dd0  33 ff 33 33 33 ff 33 33  33 ff 00 00 00 00 00 00  |3.333.333.......|
00156de0  00 00 00 00 00 00 00 00  00 00 00 00 00 00 00 00  |................|
*
00156f30  00 00 00 00 00 00 00 00  00 00 00 00 00 00 2a 2a  |..............**|
00156f40  2a 06 32 32 32 ec 33 33  33 ff 33 33 33 ff 33 33  |*.222.333.333.33|
00156f50  33 ff 33 33 33 ff 33 33  33 ff 33 33 33 ff 33 33  |3.333.333.333.33|
*
001574c0  33 ff 33 33 33 ff 33 33  33 ff 33 33 33 ff 32 32  |3.333.333.333.22|
001574d0  32 ed 24 24 24 07 00 00  00 00 00 00 00 00 00 00  |2.$$$...........|
001574e0  00 00 00 00 00 00 00 00  00 00 00 00 00 00 00 00  |................|
*
00157590  00 00 00 00 00 00 00 00  00 00 33 33 33 ff 33 33  |..........333.33|
001575a0  33 ff 33 33 33 ff 33 33  33 ff 33 33 33 ff 33 33  |3.333.333.333.33|
*
001575d0  33 ff 33 33 33 ff 33 33  33 ff 00 00 00 00 00 00  |3.333.333.......|
001575e0  00 00 00 00 00 00 00 00  00 00 00 00 00 00 00 00  |................|
*
00157740  00 00 32 32 32 92 33 33  33 ff 33 33 33 ff 33 33  |..222.333.333.33|
00157750  33 ff 33 33 33 ff 33 33  33 ff 33 33 33 ff 33 33  |3.333.333.333.33|
*
00157cd0  33 91 00 00 00 00 00 00  00 00 00 00 00 00 00 00  |3...............|
00157ce0  00 00 00 00 00 00 00 00  00 00 00 00 00 00 00 00  |................|
*
00157d90  00 00 00 00 00 00 00 00  00 00 33 33 33 ff 33 33  |..........333.33|
00157da0  33 ff 33 33 33 ff 33 33  33 ff 33 33 33 ff 33 33  |3.333.333.333.33|
*
00157dd0  33 ff 33 33 33 ff 33 33  33 ff 00 00 00 00 00 00  |3.333.333.......|
00157de0  00 00 00 00 00 00 00 00  00 00 00 00 00 00 00 00  |................|
*
00157f40  00 00 34 34 34 1d 33 33  33 f9 33 33 33 ff 33 33  |..444.333.333.33|
00157f50  33 ff 33 33 33 ff 33 33  33 ff 33 33 33 ff 33 33  |3.333.333.333.33|
*
001584c0  33 ff 33 33 33 ff 33 33  33 ff 33 33 33 fa 31 31  |3.333.333.333.11|
001584d0  31 1f 00 00 00 00 00 00  00 00 00 00 00 00 00 00  |1...............|
001584e0  00 00 00 00 00 00 00 00  00 00 00 00 00 00 00 00  |................|
*
00158590  00 00 00 00 00 00 00 00  00 00 33 33 33 ff 33 33  |..........333.33|
001585a0  33 ff 33 33 33 ff 33 33  33 ff 33 33 33 ff 33 33  |3.333.333.333.33|
*
001585d0  33 ff 33 33 33 ff 33 33  33 ff 00 00 00 00 00 00  |3.333.333.......|
001585e0  00 00 00 00 00 00 00 00  00 00 00 00 00 00 00 00  |................|
*
00158740  00 00 00 00 00 00 33 33  33 9f 33 33 33 ff 33 33  |......333.333.33|
00158750  33 ff 33 33 33 ff 33 33  33 ff 33 33 33 ff 33 33  |3.333.333.333.33|
*
00158cc0  33 ff 33 33 33 ff 33 33  33 ff 32 32 32 9c 00 00  |3.333.333.222...|
00158cd0  00 00 00 00 00 00 00 00  00 00 00 00 00 00 00 00  |................|
*
00158d90  00 00 00 00 00 00 00 00  00 00 33 33 33 ff 33 33  |..........333.33|
00158da0  33 ff 33 33 33 ff 33 33  33 ff 33 33 33 ff 33 33  |3.333.333.333.33|
*
00158dd0  33 ff 33 33 33 ff 33 33  33 ff 00 00 00 00 00 00  |3.333.333.......|
00158de0  00 00 00 00 00 00 00 00  00 00 00 00 00 00 00 00  |................|
*
00158f40  00 00 00 00 00 00 36 36  36 21 32 32 32 f6 33 33  |......666!222.33|
00158f50  33 ff 33 33 33 ff 33 33  33 ff 33 33 33 ff 33 33  |3.333.333.333.33|
*
001594c0  33 ff 33 33 33 ff 33 33  33 f5 31 31 31 1f 00 00  |3.333.333.111...|
001594d0  00 00 00 00 00 00 00 00  00 00 00 00 00 00 00 00  |................|
*
00159590  00 00 00 00 00 00 00 00  00 00 33 33 33 ff 33 33  |..........333.33|
001595a0  33 ff 33 33 33 ff 33 33  33 ff 33 33 33 ff 33 33  |3.333.333.333.33|
*
001595d0  33 ff 33 33 33 ff 33 33  33 ff 00 00 00 00 00 00  |3.333.333.......|
001595e0  00 00 00 00 00 00 00 00  00 00 00 00 00 00 00 00  |................|
*
00159740  00 00 00 00 00 00 00 00  00 00 33 33 33 7c 33 33  |..........333|33|
00159750  33 ff 33 33 33 ff 33 33  33 ff 33 33 33 ff 33 33  |3.333.333.333.33|
*
00159cc0  33 ff 33 33 33 ff 33 33  33 78 00 00 00 00 00 00  |3.333.333x......|
00159cd0  00 00 00 00 00 00 00 00  00 00 00 00 00 00 00 00  |................|
*
00159d90  00 00 00 00 00 00 00 00  00 00 33 33 33 ff 33 33  |..........333.33|
00159da0  33 ff 33 33 33 ff 33 33  33 ff 33 33 33 ff 33 33  |3.333.333.333.33|
*
00159dd0  33 ff 33 33 33 ff 33 33  33 ff 00 00 00 00 00 00  |3.333.333.......|
00159de0  00 00 00 00 00 00 00 00  00 00 00 00 00 00 00 00  |................|
*
00159f40  00 00 00 00 00 00 00 00  00 00 24 24 24 07 33 33  |..........$$$.33|
00159f50  33 d5 33 33 33 ff 33 33  33 ff 33 33 33 ff 33 33  |3.333.333.333.33|
00159f60  33 ff 33 33 33 ff 33 33  33 ff 33 33 33 ff 33 33  |3.333.333.333.33|
*
0015a4c0  33 ff 32 32 32 d4 2a 2a  2a 06 00 00 00 00 00 00  |3.222.***.......|
0015a4d0  00 00 00 00 00 00 00 00  00 00 00 00 00 00 00 00  |................|
*
0015a590  00 00 00 00 00 00 00 00  00 00 33 33 33 ff 33 33  |..........333.33|
0015a5a0  33 ff 33 33 33 ff 33 33  33 ff 33 33 33 ff 33 33  |3.333.333.333.33|
*
0015a5d0  33 ff 33 33 33 ff 33 33  33 ff 00 00 00 00 00 00  |3.333.333.......|
0015a5e0  00 00 00 00 00 00 00 00  00 00 00 00 00 00 00 00  |................|
*
0015a740  00 00 00 00 00 00 00 00  00 00 00 00 00 00 34 34  |..............44|
0015a750  34 2c 33 33 33 f5 33 33  33 ff 33 33 33 ff 33 33  |4,333.333.333.33|
0015a760  33 ff 33 33 33 ff 33 33  33 ff 33 33 33 ff 33 33  |3.333.333.333.33|
*
0015acb0  33 ff 33 33 33 ff 33 33  33 ff 33 33 33 ff 32 32  |3.333.333.333.22|
0015acc0  32 f7 30 30 30 2f 00 00  00 00 00 00 00 00 00 00  |2.000/..........|
0015acd0  00 00 00 00 00 00 00 00  00 00 00 00 00 00 00 00  |................|
*
0015ad90  00 00 00 00 00 00 00 00  00 00 33 33 33 ff 33 33  |..........333.33|
0015ada0  33 ff 33 33 33 ff 33 33  33 ff 33 33 33 ff 33 33  |3.333.333.333.33|
*
0015add0  33 ff 33 33 33 ff 33 33  33 ff 00 00 00 00 00 00  |3.333.333.......|
0015ade0  00 00 00 00 00 00 00 00  00 00 00 00 00 00 00 00  |................|
*
0015af50  00 00 33 33 33 64 33 33  33 ff 33 33 33 ff 33 33  |..333d333.333.33|
0015af60  33 ff 33 33 33 ff 33 33  33 ff 33 33 33 ff 33 33  |3.333.333.333.33|
*
0015b4b0  33 ff 33 33 33 ff 33 33  33 ff 33 33 33 ff 31 31  |3.333.333.333.11|
0015b4c0  31 61 00 00 00 00 00 00  00 00 00 00 00 00 00 00  |1a..............|
0015b4d0  00 00 00 00 00 00 00 00  00 00 00 00 00 00 00 00  |................|
*
0015b590  00 00 00 00 00 00 00 00  00 00 33 33 33 ff 33 33  |..........333.33|
0015b5a0  33 ff 33 33 33 ff 33 33  33 ff 33 33 33 ff 33 33  |3.333.333.333.33|
*
0015b5d0  33 ff 33 33 33 ff 33 33  33 ff 00 00 00 00 00 00  |3.333.333.......|
0015b5e0  00 00 00 00 00 00 00 00  00 00 00 00 00 00 00 00  |................|
*
0015b750  00 00 00 00 00 00 33 33  33 8c 33 33 33 ff 33 33  |......333.333.33|
0015b760  33 ff 33 33 33 ff 33 33  33 ff 33 33 33 ff 33 33  |3.333.333.333.33|
*
0015bcb0  33 ff 33 33 33 ff 33 33  33 ff 33 33 33 8a 00 00  |3.333.333.333...|
0015bcc0  00 00 00 00 00 00 00 00  00 00 00 00 00 00 00 00  |................|
*
0015bd90  00 00 00 00 00 00 00 00  00 00 33 33 33 ff 33 33  |..........333.33|
0015bda0  33 ff 33 33 33 ff 33 33  33 ff 33 33 33 ff 33 33  |3.333.333.333.33|
*
0015bdd0  33 ff 33 33 33 ff 33 33  33 ff 00 00 00 00 00 00  |3.333.333.......|
0015bde0  00 00 00 00 00 00 00 00  00 00 00 00 00 00 00 00  |................|
*
0015bf50  00 00 00 00 00 00 00 00  00 01 33 33 33 9f 33 33  |..........333.33|
0015bf60  33 ff 33 33 33 ff 33 33  33 ff 33 33 33 ff 33 33  |3.333.333.333.33|
*
0015c4b0  33 ff 33 33 33 ff 33 33  33 a5 00 00 00 02 00 00  |3.333.333.......|
0015c4c0  00 00 00 00 00 00 00 00  00 00 00 00 00 00 00 00  |................|
*
0015c590  00 00 00 00 00 00 00 00  00 00 33 33 33 ff 33 33  |..........333.33|
0015c5a0  33 ff 33 33 33 ff 33 33  33 ff 33 33 33 ff 33 33  |3.333.333.333.33|
*
0015c5d0  33 ff 33 33 33 ff 33 33  33 ff 00 00 00 00 00 00  |3.333.333.......|
0015c5e0  00 00 00 00 00 00 00 00  00 00 00 00 00 00 00 00  |................|
*
0015c750  00 00 00 00 00 00 00 00  00 00 33 33 33 05 32 32  |..........333.22|
0015c760  32 a2 33 33 33 ff 33 33  33 ff 33 33 33 ff 33 33  |2.333.333.333.33|
0015c770  33 ff 33 33 33 ff 33 33  33 ff 33 33 33 ff 33 33  |3.333.333.333.33|
*
0015ccb0  33 ff 32 32 32 a1 3f 3f  3f 04 00 00 00 00 00 00  |3.222.???.......|
0015ccc0  00 00 00 00 00 00 00 00  00 00 00 00 00 00 00 00  |................|
*
0015cd90  00 00 00 00 00 00 00 00  00 00 33 33 33 ff 33 33  |..........333.33|
0015cda0  33 ff 33 33 33 ff 33 33  33 ff 33 33 33 ff 33 33  |3.333.333.333.33|
*
0015cdd0  33 ff 33 33 33 ff 33 33  33 ff 00 00 00 00 00 00  |3.333.333.......|
0015cde0  00 00 00 00 00 00 00 00  00 00 00 00 00 00 00 00  |................|
*
0015cf60  00 01 32 32 32 89 33 33  33 ff 33 33 33 ff 33 33  |..222.333.333.33|
0015cf70  33 ff 33 33 33 ff 33 33  33 ff 33 33 33 ff 33 33  |3.333.333.333.33|
*
0015d4b0  33 91 00 00 00 02 00 00  00 00 00 00 00 00 00 00  |3...............|
0015d4c0  00 00 00 00 00 00 00 00  00 00 00 00 00 00 00 00  |................|
*
0015d590  00 00 00 00 00 00 00 00  00 00 33 33 33 ff 33 33  |..........333.33|
0015d5a0  33 ff 33 33 33 ff 33 33  33 ff 33 33 33 ff 33 33  |3.333.333.333.33|
*
0015d5d0  33 ff 33 33 33 ff 33 33  33 ff 00 00 00 00 00 00  |3.333.333.......|
0015d5e0  00 00 00 00 00 00 00 00  00 00 00 00 00 00 00 00  |................|
*
0015d760  00 00 00 00 00 00 33 33  33 64 32 32 32 f6 33 33  |......333d222.33|
0015d770  33 ff 33 33 33 ff 33 33  33 ff 33 33 33 ff 33 33  |3.333.333.333.33|
*
0015dca0  33 ff 33 33 33 ff 33 33  33 f5 34 34 34 62 00 00  |3.333.333.444b..|
0015dcb0  00 00 00 00 00 00 00 00  00 00 00 00 00 00 00 00  |................|
*
0015dd90  00 00 00 00 00 00 00 00  00 00 33 33 33 ff 33 33  |..........333.33|
0015dda0  33 ff 33 33 33 ff 33 33  33 ff 33 33 33 ff 33 33  |3.333.333.333.33|
*
0015ddd0  33 ff 33 33 33 ff 33 33  33 ff 00 00 00 00 00 00  |3.333.333.......|
0015dde0  00 00 00 00 00 00 00 00  00 00 00 00 00 00 00 00  |................|
*
0015df60  00 00 00 00 00 00 00 00  00 00 33 33 33 2d 33 33  |..........333-33|
0015df70  33 d5 33 33 33 ff 33 33  33 ff 33 33 33 ff 33 33  |3.333.333.333.33|
0015df80  33 ff 33 33 33 ff 33 33  33 ff 33 33 33 ff 33 33  |3.333.333.333.33|
*
0015e4a0  33 ff 32 32 32 d4 35 35  35 2b 00 00 00 00 00 00  |3.222.555+......|
0015e4b0  00 00 00 00 00 00 00 00  00 00 00 00 00 00 00 00  |................|
*
0015e590  00 00 00 00 00 00 00 00  00 00 33 33 33 ff 33 33  |..........333.33|
0015e5a0  33 ff 33 33 33 ff 33 33  33 ff 33 33 33 ff 33 33  |3.333.333.333.33|
*
0015e5d0  33 ff 33 33 33 ff 33 33  33 ff 00 00 00 00 00 00  |3.333.333.......|
0015e5e0  00 00 00 00 00 00 00 00  00 00 00 00 00 00 00 00  |................|
*
0015e760  00 00 00 00 00 00 00 00  00 00 00 00 00 00 33 33  |..............33|
0015e770  33 05 32 32 32 6f 33 33  33 f3 33 33 33 ff 33 33  |3.222o333.333.33|
0015e780  33 ff 33 33 33 ff 33 33  33 ff 33 33 33 ff 33 33  |3.333.333.333.33|
*
0015ec90  33 ff 33 33 33 ff 33 33  33 ff 32 32 32 f6 33 33  |3.333.333.222.33|
0015eca0  33 80 24 24 24 07 00 00  00 00 00 00 00 00 00 00  |3.$$$...........|
0015ecb0  00 00 00 00 00 00 00 00  00 00 00 00 00 00 00 00  |................|
*
0015ed90  00 00 00 00 00 00 00 00  00 00 33 33 33 ff 33 33  |..........333.33|
0015eda0  33 ff 33 33 33 ff 33 33  33 ff 33 33 33 ff 33 33  |3.333.333.333.33|
*
0015edd0  33 ff 33 33 33 ff 33 33  33 ff 00 00 00 00 00 00  |3.333.333.......|
0015ede0  00 00 00 00 00 00 00 00  00 00 00 00 00 00 00 00  |................|
*
0015ef70  00 00 00 00 00 00 2f 2f  2f 20 33 33 33 9f 33 33  |....../// 333.33|
0015ef80  33 fa 33 33 33 ff 33 33  33 ff 33 33 33 ff 33 33  |3.333.333.333.33|
0015ef90  33 ff 33 33 33 ff 33 33  33 ff 33 33 33 ff 33 33  |3.333.333.333.33|
*
0015f490  33 ff 33 33 33 fa 32 32  32 9d 31 31 31 1f 00 00  |3.333.222.111...|
0015f4a0  00 00 00 00 00 00 00 00  00 00 00 00 00 00 00 00  |................|
*
0015f590  00 00 00 00 00 00 00 00  00 00 33 33 33 ff 33 33  |..........333.33|
0015f5a0  33 ff 33 33 33 ff 33 33  33 ff 33 33 33 ff 33 33  |3.333.333.333.33|
*
0015f5d0  33 ff 33 33 33 ff 33 33  33 ff 00 00 00 00 00 00  |3.333.333.......|
0015f5e0  00 00 00 00 00 00 00 00  00 00 00 00 00 00 00 00  |................|
*
0015f770  00 00 00 00 00 00 00 00  00 00 00 00 00 00 31 31  |..............11|
0015f780  31 1f 32 32 32 92 33 33  33 ee 33 33 33 ff 33 33  |1.222.333.333.33|
0015f790  33 ff 33 33 33 ff 33 33  33 ff 33 33 33 ff 33 33  |3.333.333.333.33|
*
0015fc80  33 ff 33 33 33 ff 33 33  33 ff 32 32 32 ed 33 33  |3.333.333.222.33|
0015fc90  33 91 33 33 33 1e 00 00  00 00 00 00 00 00 00 00  |3.333...........|
0015fca0  00 00 00 00 00 00 00 00  00 00 00 00 00 00 00 00  |................|
*
0015fd90  00 00 00 00 00 00 00 00  00 00 33 33 33 ff 33 33  |..........333.33|
0015fda0  33 ff 33 33 33 ff 33 33  33 ff 33 33 33 ff 33 33  |3.333.333.333.33|
*
0015fdd0  33 ff 33 33 33 ff 33 33  33 ff 00 00 00 00 00 00  |3.333.333.......|
0015fde0  00 00 00 00 00 00 00 00  00 00 00 00 00 00 00 00  |................|
*
0015ff80  00 00 00 00 00 00 24 24  24 07 34 34 34 53 32 32  |......$$$.444S22|
0015ff90  32 ac 32 32 32 ec 33 33  33 ff 33 33 33 ff 33 33  |2.222.333.333.33|
0015ffa0  33 ff 33 33 33 ff 33 33  33 ff 33 33 33 ff 33 33  |3.333.333.333.33|
*
00160470  33 ff 33 33 33 ff 33 33  33 ff 33 33 33 ff 32 32  |3.333.333.333.22|
00160480  32 ec 32 32 32 ab 31 31  31 52 24 24 24 07 00 00  |2.222.111R$$$...|
00160490  00 00 00 00 00 00 00 00  00 00 00 00 00 00 00 00  |................|
*
00160590  00 00 00 00 00 00 00 00  00 00 33 33 33 ff 33 33  |..........333.33|
001605a0  33 ff 33 33 33 ff 33 33  33 ff 33 33 33 ff 33 33  |3.333.333.333.33|
*
001605d0  33 ff 33 33 33 ff 33 33  33 ff 00 00 00 00 00 00  |3.333.333.......|
001605e0  00 00 00 00 00 00 00 00  00 00 00 00 00 00 00 00  |................|
*
00160790  00 00 00 00 00 02 34 34  34 31 32 32 32 6a 32 32  |......4441222j22|
001607a0  32 93 32 32 32 ba 33 33  33 da 32 32 32 e8 33 33  |2.222.333.222.33|
001607b0  33 f3 33 33 33 ff 33 33  33 ff 33 33 33 ff 33 33  |3.333.333.333.33|
001607c0  33 ff 33 33 33 ff 33 33  33 ff 33 33 33 ff 33 33  |3.333.333.333.33|
*
00160c60  33 ff 33 33 33 f3 32 32  32 e8 33 33 33 da 33 33  |3.333.222.333.33|
00160c70  33 b9 32 32 32 93 32 32  32 6a 35 35 35 30 00 00  |3.222.222j5550..|
00160c80  00 02 00 00 00 00 00 00  00 00 00 00 00 00 00 00  |................|
00160c90  00 00 00 00 00 00 00 00  00 00 00 00 00 00 00 00  |................|
*
00160d90  00 00 00 00 00 00 00 00  00 00 33 33 33 ff 33 33  |..........333.33|
00160da0  33 ff 33 33 33 ff 33 33  33 ff 33 33 33 ff 33 33  |3.333.333.333.33|
*
00160dd0  33 ff 33 33 33 ff 33 33  33 ff 00 00 00 00 00 00  |3.333.333.......|
00160de0  00 00 00 00 00 00 00 00  00 00 00 00 00 00 00 00  |................|
*
00161590  00 00 00 00 00 00 00 00  00 00 33 33 33 ff 33 33  |..........333.33|
001615a0  33 ff 33 33 33 ff 33 33  33 ff 33 33 33 ff 33 33  |3.333.333.333.33|
*
001615d0  33 ff 33 33 33 ff 33 33  33 ff 00 00 00 00 00 00  |3.333.333.......|
001615e0  00 00 00 00 00 00 00 00  00 00 00 00 00 00 00 00  |................|
*
00161d90  00 00 00 00 00 00 00 00  00 00 33 33 33 ff 33 33  |..........333.33|
00161da0  33 ff 33 33 33 ff 33 33  33 ff 33 33 33 ff 33 33  |3.333.333.333.33|
*
00161dd0  33 ff 33 33 33 ff 33 33  33 ff 00 00 00 00 00 00  |3.333.333.......|
00161de0  00 00 00 00 00 00 00 00  00 00 00 00 00 00 00 00  |................|
*
00162590  00 00 00 00 00 00 00 00  00 00 33 33 33 ff 33 33  |..........333.33|
001625a0  33 ff 33 33 33 ff 33 33  33 ff 33 33 33 ff 33 33  |3.333.333.333.33|
*
001625d0  33 ff 33 33 33 ff 33 33  33 ff 00 00 00 00 00 00  |3.333.333.......|
001625e0  00 00 00 00 00 00 00 00  00 00 00 00 00 00 00 00  |................|
*
00162d90  00 00 00 00 00 00 00 00  00 00 33 33 33 ff 33 33  |..........333.33|
00162da0  33 ff 33 33 33 ff 33 33  33 ff 33 33 33 ff 33 33  |3.333.333.333.33|
*
00162dd0  33 ff 33 33 33 ff 33 33  33 ff 00 00 00 00 00 00  |3.333.333.......|
00162de0  00 00 00 00 00 00 00 00  00 00 00 00 00 00 00 00  |................|
*
00163590  00 00 00 00 00 00 00 00  00 00 33 33 33 ff 33 33  |..........333.33|
001635a0  33 ff 33 33 33 ff 33 33  33 ff 33 33 33 ff 33 33  |3.333.333.333.33|
*
001635d0  33 ff 33 33 33 ff 33 33  33 ff 00 00 00 00 00 00  |3.333.333.......|
001635e0  00 00 00 00 00 00 00 00  00 00 00 00 00 00 00 00  |................|
*
00163d90  00 00 00 00 00 00 00 00  00 00 33 33 33 ff 33 33  |..........333.33|
00163da0  33 ff 33 33 33 ff 33 33  33 ff 33 33 33 ff 33 33  |3.333.333.333.33|
*
00163dd0  33 ff 33 33 33 ff 33 33  33 ff 00 00 00 00 00 00  |3.333.333.......|
00163de0  00 00 00 00 00 00 00 00  00 00 00 00 00 00 00 00  |................|
*
00164590  00 00 00 00 00 00 00 00  00 00 33 33 33 ff 33 33  |..........333.33|
001645a0  33 ff 33 33 33 ff 33 33  33 ff 33 33 33 ff 33 33  |3.333.333.333.33|
*
001645d0  33 ff 33 33 33 ff 33 33  33 ff 00 00 00 00 00 00  |3.333.333.......|
001645e0  00 00 00 00 00 00 00 00  00 00 00 00 00 00 00 00  |................|
*
00164d90  00 00 00 00 00 00 00 00  00 00 33 33 33 ff 33 33  |..........333.33|
00164da0  33 ff 33 33 33 ff 33 33  33 ff 33 33 33 ff 33 33  |3.333.333.333.33|
*
00164dd0  33 ff 33 33 33 ff 33 33  33 ff 00 00 00 00 00 00  |3.333.333.......|
00164de0  00 00 00 00 00 00 00 00  00 00 00 00 00 00 00 00  |................|
*
00165590  00 00 00 00 00 00 00 00  00 00 33 33 33 ff 33 33  |..........333.33|
001655a0  33 ff 33 33 33 ff 33 33  33 ff 33 33 33 ff 33 33  |3.333.333.333.33|
*
001655d0  33 ff 33 33 33 ff 33 33  33 ff 00 00 00 00 00 00  |3.333.333.......|
001655e0  00 00 00 00 00 00 00 00  00 00 00 00 00 00 00 00  |................|
*
00165d90  00 00 00 00 00 00 00 00  00 00 33 33 33 ff 33 33  |..........333.33|
00165da0  33 ff 33 33 33 ff 33 33  33 ff 33 33 33 ff 33 33  |3.333.333.333.33|
*
00165dd0  33 ff 33 33 33 ff 33 33  33 ff 00 00 00 00 00 00  |3.333.333.......|
00165de0  00 00 00 00 00 00 00 00  00 00 00 00 00 00 00 00  |................|
*
00166590  00 00 00 00 00 00 00 00  00 00 33 33 33 ff 33 33  |..........333.33|
001665a0  33 ff 33 33 33 ff 33 33  33 ff 33 33 33 ff 33 33  |3.333.333.333.33|
*
001665d0  33 ff 33 33 33 ff 33 33  33 ff 00 00 00 00 00 00  |3.333.333.......|
001665e0  00 00 00 00 00 00 00 00  00 00 00 00 00 00 00 00  |................|
*
00166d90  00 00 00 00 00 00 00 00  00 00 33 33 33 ff 33 33  |..........333.33|
00166da0  33 ff 33 33 33 ff 33 33  33 ff 33 33 33 ff 33 33  |3.333.333.333.33|
*
00166dd0  33 ff 33 33 33 ff 33 33  33 ff 00 00 00 00 00 00  |3.333.333.......|
00166de0  00 00 00 00 00 00 00 00  00 00 00 00 00 00 00 00  |................|
*
00167590  00 00 00 00 00 00 00 00  00 00 33 33 33 ff 33 33  |..........333.33|
001675a0  33 ff 33 33 33 ff 33 33  33 ff 33 33 33 ff 33 33  |3.333.333.333.33|
*
001675d0  33 ff 33 33 33 ff 33 33  33 ff 00 00 00 00 00 00  |3.333.333.......|
001675e0  00 00 00 00 00 00 00 00  00 00 00 00 00 00 00 00  |................|
*
00167d90  00 00 00 00 00 00 00 00  00 00 33 33 33 ff 33 33  |..........333.33|
00167da0  33 ff 33 33 33 ff 33 33  33 ff 33 33 33 ff 33 33  |3.333.333.333.33|
*
00167dd0  33 ff 33 33 33 ff 33 33  33 ff 00 00 00 00 00 00  |3.333.333.......|
00167de0  00 00 00 00 00 00 00 00  00 00 00 00 00 00 00 00  |................|
*
00167fd0  00 00 00 00 00 00 00 00  00 00 00 00 00 00 33 33  |..............33|
00167fe0  33 2d 3f 3f 3f 08 00 00  00 00 00 00 00 00 00 00  |3-???...........|
00167ff0  00 00 00 00 00 00 00 00  00 00 00 00 00 00 00 00  |................|
*
00168590  00 00 00 00 00 00 00 00  00 00 33 33 33 ff 33 33  |..........333.33|
001685a0  33 ff 33 33 33 ff 33 33  33 ff 33 33 33 ff 33 33  |3.333.333.333.33|
*
001685d0  33 ff 33 33 33 ff 33 33  33 ff 00 00 00 00 00 00  |3.333.333.......|
001685e0  00 00 00 00 00 00 00 00  00 00 00 00 00 00 00 00  |................|
*
001687d0  00 00 00 00 00 00 00 00  00 00 00 00 00 00 33 33  |..............33|
001687e0  33 ff 33 33 33 ff 33 33  33 ff 33 33 33 ff 33 33  |3.333.333.333.33|
*
00168810  33 ff 33 33 33 ff 33 33  33 ff 00 00 00 00 00 00  |3.333.333.......|
00168820  00 00 00 00 00 00 00 00  00 00 00 00 00 00 00 00  |................|
*
00168d90  00 00 00 00 00 00 00 00  00 00 33 33 33 ff 33 33  |..........333.33|
00168da0  33 ff 33 33 33 ff 33 33  33 ff 33 33 33 ff 33 33  |3.333.333.333.33|
*
00168dd0  33 ff 33 33 33 ff 33 33  33 ff 00 00 00 00 00 00  |3.333.333.......|
00168de0  00 00 00 00 00 00 00 00  00 00 00 00 00 00 00 00  |................|
*
00168fd0  00 00 00 00 00 00 00 00  00 00 00 00 00 00 33 33  |..............33|
00168fe0  33 ff 33 33 33 ff 33 33  33 ff 33 33 33 ff 33 33  |3.333.333.333.33|
*
00169010  33 ff 33 33 33 ff 33 33  33 ff 00 00 00 00 00 00  |3.333.333.......|
00169020  00 00 00 00 00 00 00 00  00 00 00 00 00 00 00 00  |................|
*
00169590  00 00 00 00 00 00 00 00  00 00 33 33 33 ff 33 33  |..........333.33|
001695a0  33 ff 33 33 33 ff 33 33  33 ff 33 33 33 ff 33 33  |3.333.333.333.33|
*
001695d0  33 ff 33 33 33 ff 33 33  33 ff 00 00 00 00 00 00  |3.333.333.......|
001695e0  00 00 00 00 00 00 00 00  00 00 00 00 00 00 00 00  |................|
*
001697d0  00 00 00 00 00 00 00 00  00 00 00 00 00 00 33 33  |..............33|
001697e0  33 ff 33 33 33 ff 33 33  33 ff 33 33 33 ff 33 33  |3.333.333.333.33|
*
00169810  33 ff 33 33 33 ff 33 33  33 ff 00 00 00 00 00 00  |3.333.333.......|
00169820  00 00 00 00 00 00 00 00  00 00 00 00 00 00 00 00  |................|
*
00169d90  00 00 00 00 00 00 00 00  00 00 33 33 33 ff 33 33  |..........333.33|
00169da0  33 ff 33 33 33 ff 33 33  33 ff 33 33 33 ff 33 33  |3.333.333.333.33|
*
00169dd0  33 ff 33 33 33 ff 33 33  33 ff 00 00 00 00 00 00  |3.333.333.......|
00169de0  00 00 00 00 00 00 00 00  00 00 00 00 00 00 00 00  |................|
*
00169fd0  00 00 00 00 00 00 00 00  00 00 00 00 00 00 33 33  |..............33|
00169fe0  33 ff 33 33 33 ff 33 33  33 ff 33 33 33 ff 33 33  |3.333.333.333.33|
*
0016a010  33 ff 33 33 33 ff 33 33  33 ff 00 00 00 00 00 00  |3.333.333.......|
0016a020  00 00 00 00 00 00 00 00  00 00 00 00 00 00 00 00  |................|
*
0016a590  00 00 00 00 00 00 00 00  00 00 33 33 33 ff 33 33  |..........333.33|
0016a5a0  33 ff 33 33 33 ff 33 33  33 ff 33 33 33 ff 33 33  |3.333.333.333.33|
*
0016a5d0  33 ff 33 33 33 ff 33 33  33 ff 00 00 00 00 00 00  |3.333.333.......|
0016a5e0  00 00 00 00 00 00 00 00  00 00 00 00 00 00 00 00  |................|
*
0016a7d0  00 00 00 00 00 00 00 00  00 00 00 00 00 00 33 33  |..............33|
0016a7e0  33 ff 33 33 33 ff 33 33  33 ff 33 33 33 ff 33 33  |3.333.333.333.33|
*
0016a810  33 ff 33 33 33 ff 33 33  33 ff 00 00 00 00 00 00  |3.333.333.......|
0016a820  00 00 00 00 00 00 00 00  00 00 00 00 00 00 00 00  |................|
*
0016ad90  00 00 00 00 00 00 00 00  00 00 33 33 33 ff 33 33  |..........333.33|
0016ada0  33 ff 33 33 33 ff 33 33  33 ff 33 33 33 ff 33 33  |3.333.333.333.33|
*
0016add0  33 ff 33 33 33 ff 33 33  33 ff 00 00 00 00 00 00  |3.333.333.......|
0016ade0  00 00 00 00 00 00 00 00  00 00 00 00 00 00 00 00  |................|
*
0016afd0  00 00 00 00 00 00 00 00  00 00 00 00 00 00 33 33  |..............33|
0016afe0  33 ff 33 33 33 ff 33 33  33 ff 33 33 33 ff 33 33  |3.333.333.333.33|
*
0016b010  33 ff 33 33 33 ff 33 33  33 ff 00 00 00 00 00 00  |3.333.333.......|
0016b020  00 00 00 00 00 00 00 00  00 00 00 00 00 00 00 00  |................|
*
0016b590  00 00 00 00 00 00 00 00  00 00 33 33 33 ff 33 33  |..........333.33|
0016b5a0  33 ff 33 33 33 ff 33 33  33 ff 33 33 33 ff 33 33  |3.333.333.333.33|
*
0016b5d0  33 ff 33 33 33 ff 33 33  33 ff 00 00 00 00 00 00  |3.333.333.......|
0016b5e0  00 00 00 00 00 00 00 00  00 00 00 00 00 00 00 00  |................|
*
0016b7d0  00 00 00 00 00 00 00 00  00 00 00 00 00 00 33 33  |..............33|
0016b7e0  33 ff 33 33 33 ff 33 33  33 ff 33 33 33 ff 33 33  |3.333.333.333.33|
*
0016b810  33 ff 33 33 33 ff 33 33  33 ff 00 00 00 00 00 00  |3.333.333.......|
0016b820  00 00 00 00 00 00 00 00  00 00 00 00 00 00 00 00  |................|
*
0016bd90  00 00 00 00 00 00 00 00  00 00 33 33 33 ff 33 33  |..........333.33|
0016bda0  33 ff 33 33 33 ff 33 33  33 ff 33 33 33 ff 33 33  |3.333.333.333.33|
*
0016bdd0  33 ff 33 33 33 ff 33 33  33 ff 00 00 00 00 00 00  |3.333.333.......|
0016bde0  00 00 00 00 00 00 00 00  00 00 00 00 00 00 00 00  |................|
*
0016bfd0  00 00 00 00 00 00 00 00  00 00 00 00 00 00 33 33  |..............33|
0016bfe0  33 ff 33 33 33 ff 33 33  33 ff 33 33 33 ff 33 33  |3.333.333.333.33|
*
0016c010  33 ff 33 33 33 ff 33 33  33 ff 00 00 00 00 00 00  |3.333.333.......|
0016c020  00 00 00 00 00 00 00 00  00 00 00 00 00 00 00 00  |................|
*
0016c590  00 00 00 00 00 00 00 00  00 00 33 33 33 ff 33 33  |..........333.33|
0016c5a0  33 ff 33 33 33 ff 33 33  33 ff 33 33 33 ff 33 33  |3.333.333.333.33|
*
0016c5d0  33 ff 33 33 33 ff 33 33  33 ff 00 00 00 00 00 00  |3.333.333.......|
0016c5e0  00 00 00 00 00 00 00 00  00 00 00 00 00 00 00 00  |................|
*
0016c7d0  00 00 00 00 00 00 00 00  00 00 00 00 00 00 33 33  |..............33|
0016c7e0  33 ff 33 33 33 ff 33 33  33 ff 33 33 33 ff 33 33  |3.333.333.333.33|
*
0016c810  33 ff 33 33 33 ff 33 33  33 ff 00 00 00 00 00 00  |3.333.333.......|
0016c820  00 00 00 00 00 00 00 00  00 00 00 00 00 00 00 00  |................|
*
0016cd90  00 00 00 00 00 00 00 00  00 00 33 33 33 ff 33 33  |..........333.33|
0016cda0  33 ff 33 33 33 ff 33 33  33 ff 33 33 33 ff 33 33  |3.333.333.333.33|
*
0016cdd0  33 ff 33 33 33 ff 33 33  33 ff 00 00 00 00 00 00  |3.333.333.......|
0016cde0  00 00 00 00 00 00 00 00  00 00 00 00 00 00 00 00  |................|
*
0016cfd0  00 00 00 00 00 00 00 00  00 00 00 00 00 00 33 33  |..............33|
0016cfe0  33 ff 33 33 33 ff 33 33  33 ff 33 33 33 ff 33 33  |3.333.333.333.33|
*
0016d010  33 ff 33 33 33 ff 33 33  33 ff 00 00 00 00 00 00  |3.333.333.......|
0016d020  00 00 00 00 00 00 00 00  00 00 00 00 00 00 00 00  |................|
*
0016d590  00 00 00 00 00 00 00 00  00 00 33 33 33 ff 33 33  |..........333.33|
0016d5a0  33 ff 33 33 33 ff 33 33  33 ff 33 33 33 ff 33 33  |3.333.333.333.33|
*
0016d5d0  33 ff 33 33 33 ff 33 33  33 ff 00 00 00 00 00 00  |3.333.333.......|
0016d5e0  00 00 00 00 00 00 00 00  00 00 00 00 00 00 00 00  |................|
*
0016d7d0  00 00 00 00 00 00 00 00  00 00 00 00 00 00 33 33  |..............33|
0016d7e0  33 ff 33 33 33 ff 33 33  33 ff 33 33 33 ff 33 33  |3.333.333.333.33|
*
0016d810  33 ff 33 33 33 ff 33 33  33 ff 00 00 00 00 00 00  |3.333.333.......|
0016d820  00 00 00 00 00 00 00 00  00 00 00 00 00 00 00 00  |................|
*
0016dd90  00 00 00 00 00 00 00 00  00 00 33 33 33 ff 33 33  |..........333.33|
0016dda0  33 ff 33 33 33 ff 33 33  33 ff 33 33 33 ff 33 33  |3.333.333.333.33|
*
0016ddd0  33 ff 33 33 33 ff 33 33  33 ff 00 00 00 00 00 00  |3.333.333.......|
0016dde0  00 00 00 00 00 00 00 00  00 00 00 00 00 00 00 00  |................|
*
0016dfd0  00 00 00 00 00 00 00 00  00 00 00 00 00 00 33 33  |..............33|
0016dfe0  33 ff 33 33 33 ff 33 33  33 ff 33 33 33 ff 33 33  |3.333.333.333.33|
*
0016e010  33 ff 33 33 33 ff 33 33  33 ff 00 00 00 00 00 00  |3.333.333.......|
0016e020  00 00 00 00 00 00 00 00  00 00 00 00 00 00 00 00  |................|
*
0016e590  00 00 00 00 00 00 00 00  00 00 33 33 33 ff 33 33  |..........333.33|
0016e5a0  33 ff 33 33 33 ff 33 33  33 ff 33 33 33 ff 33 33  |3.333.333.333.33|
*
0016e5d0  33 ff 33 33 33 ff 33 33  33 ff 00 00 00 00 00 00  |3.333.333.......|
0016e5e0  00 00 00 00 00 00 00 00  00 00 00 00 00 00 00 00  |................|
*
0016e7d0  00 00 00 00 00 00 00 00  00 00 00 00 00 00 33 33  |..............33|
0016e7e0  33 ff 33 33 33 ff 33 33  33 ff 33 33 33 ff 33 33  |3.333.333.333.33|
*
0016e810  33 ff 33 33 33 ff 33 33  33 ff 00 00 00 00 00 00  |3.333.333.......|
0016e820  00 00 00 00 00 00 00 00  00 00 00 00 00 00 00 00  |................|
*
0016ed90  00 00 00 00 00 00 00 00  00 00 33 33 33 ff 33 33  |..........333.33|
0016eda0  33 ff 33 33 33 ff 33 33  33 ff 33 33 33 ff 33 33  |3.333.333.333.33|
*
0016edd0  33 ff 33 33 33 ff 33 33  33 ff 00 00 00 00 00 00  |3.333.333.......|
0016ede0  00 00 00 00 00 00 00 00  00 00 00 00 00 00 00 00  |................|
*
0016efd0  00 00 00 00 00 00 00 00  00 00 00 00 00 00 33 33  |..............33|
0016efe0  33 ff 33 33 33 ff 33 33  33 ff 33 33 33 ff 33 33  |3.333.333.333.33|
*
0016f010  33 ff 33 33 33 ff 33 33  33 ff 00 00 00 00 00 00  |3.333.333.......|
0016f020  00 00 00 00 00 00 00 00  00 00 00 00 00 00 00 00  |................|
*
0016f590  00 00 00 00 00 00 00 00  00 00 33 33 33 ff 33 33  |..........333.33|
0016f5a0  33 ff 33 33 33 ff 33 33  33 ff 33 33 33 ff 33 33  |3.333.333.333.33|
*
0016f5d0  33 ff 33 33 33 ff 33 33  33 ff 00 00 00 00 00 00  |3.333.333.......|
0016f5e0  00 00 00 00 00 00 00 00  00 00 00 00 00 00 00 00  |................|
*
0016f7d0  00 00 00 00 00 00 00 00  00 00 00 00 00 00 33 33  |..............33|
0016f7e0  33 ff 33 33 33 ff 33 33  33 ff 33 33 33 ff 33 33  |3.333.333.333.33|
*
0016f810  33 ff 33 33 33 ff 33 33  33 ff 00 00 00 00 00 00  |3.333.333.......|
0016f820  00 00 00 00 00 00 00 00  00 00 00 00 00 00 00 00  |................|
*
0016fd90  00 00 00 00 00 00 00 00  00 00 33 33 33 ff 33 33  |..........333.33|
0016fda0  33 ff 33 33 33 ff 33 33  33 ff 33 33 33 ff 33 33  |3.333.333.333.33|
*
0016fdd0  33 ff 33 33 33 ff 33 33  33 ff 00 00 00 00 00 00  |3.333.333.......|
0016fde0  00 00 00 00 00 00 00 00  00 00 00 00 00 00 00 00  |................|
*
0016ffd0  00 00 00 00 00 00 00 00  00 00 00 00 00 00 33 33  |..............33|
0016ffe0  33 ff 33 33 33 ff 33 33  33 ff 33 33 33 ff 33 33  |3.333.333.333.33|
*
00170010  33 ff 33 33 33 ff 33 33  33 ff 00 00 00 00 00 00  |3.333.333.......|
00170020  00 00 00 00 00 00 00 00  00 00 00 00 00 00 00 00  |................|
*
00170590  00 00 00 00 00 00 00 00  00 00 33 33 33 ff 33 33  |..........333.33|
001705a0  33 ff 33 33 33 ff 33 33  33 ff 33 33 33 ff 33 33  |3.333.333.333.33|
*
001705d0  33 ff 33 33 33 ff 33 33  33 ff 00 00 00 00 00 00  |3.333.333.......|
001705e0  00 00 00 00 00 00 00 00  00 00 00 00 00 00 00 00  |................|
*
001707d0  00 00 00 00 00 00 00 00  00 00 00 00 00 00 33 33  |..............33|
001707e0  33 ff 33 33 33 ff 33 33  33 ff 33 33 33 ff 33 33  |3.333.333.333.33|
*
00170810  33 ff 33 33 33 ff 33 33  33 ff 00 00 00 00 00 00  |3.333.333.......|
00170820  00 00 00 00 00 00 00 00  00 00 00 00 00 00 00 00  |................|
*
00170d90  00 00 00 00 00 00 00 00  00 00 33 33 33 ff 33 33  |..........333.33|
00170da0  33 ff 33 33 33 ff 33 33  33 ff 33 33 33 ff 33 33  |3.333.333.333.33|
*
00170dd0  33 ff 33 33 33 ff 33 33  33 ff 00 00 00 00 00 00  |3.333.333.......|
00170de0  00 00 00 00 00 00 00 00  00 00 00 00 00 00 00 00  |................|
*
00170fd0  00 00 00 00 00 00 00 00  00 00 00 00 00 00 33 33  |..............33|
00170fe0  33 ff 33 33 33 ff 33 33  33 ff 33 33 33 ff 33 33  |3.333.333.333.33|
*
00171010  33 ff 33 33 33 ff 33 33  33 ff 00 00 00 00 00 00  |3.333.333.......|
00171020  00 00 00 00 00 00 00 00  00 00 00 00 00 00 00 00  |................|
*
00171590  00 00 00 00 00 00 00 00  00 00 33 33 33 ff 33 33  |..........333.33|
001715a0  33 ff 33 33 33 ff 33 33  33 ff 33 33 33 ff 33 33  |3.333.333.333.33|
*
001715d0  33 ff 33 33 33 ff 33 33  33 ff 00 00 00 00 00 00  |3.333.333.......|
001715e0  00 00 00 00 00 00 00 00  00 00 00 00 00 00 00 00  |................|
*
001717d0  00 00 00 00 00 00 00 00  00 00 00 00 00 00 33 33  |..............33|
001717e0  33 ff 33 33 33 ff 33 33  33 ff 33 33 33 ff 33 33  |3.333.333.333.33|
*
00171810  33 ff 33 33 33 ff 33 33  33 ff 00 00 00 00 00 00  |3.333.333.......|
00171820  00 00 00 00 00 00 00 00  00 00 00 00 00 00 00 00  |................|
*
00171d90  00 00 00 00 00 00 00 00  00 00 33 33 33 ff 33 33  |..........333.33|
00171da0  33 ff 33 33 33 ff 33 33  33 ff 33 33 33 ff 33 33  |3.333.333.333.33|
*
00171dd0  33 ff 33 33 33 ff 33 33  33 ff 00 00 00 00 00 00  |3.333.333.......|
00171de0  00 00 00 00 00 00 00 00  00 00 00 00 00 00 00 00  |................|
*
00171fd0  00 00 00 00 00 00 00 00  00 00 00 00 00 00 33 33  |..............33|
00171fe0  33 ff 33 33 33 ff 33 33  33 ff 33 33 33 ff 33 33  |3.333.333.333.33|
*
00172010  33 ff 33 33 33 ff 33 33  33 ff 00 00 00 00 00 00  |3.333.333.......|
00172020  00 00 00 00 00 00 00 00  00 00 00 00 00 00 00 00  |................|
*
00172590  00 00 00 00 00 00 00 00  00 00 33 33 33 ff 33 33  |..........333.33|
001725a0  33 ff 33 33 33 ff 33 33  33 ff 33 33 33 ff 33 33  |3.333.333.333.33|
*
001725d0  33 ff 33 33 33 ff 33 33  33 ff 00 00 00 00 00 00  |3.333.333.......|
001725e0  00 00 00 00 00 00 00 00  00 00 00 00 00 00 00 00  |................|
*
001727d0  00 00 00 00 00 00 00 00  00 00 00 00 00 00 33 33  |..............33|
001727e0  33 ff 33 33 33 ff 33 33  33 ff 33 33 33 ff 33 33  |3.333.333.333.33|
*
00172810  33 ff 33 33 33 ff 33 33  33 ff 00 00 00 00 00 00  |3.333.333.......|
00172820  00 00 00 00 00 00 00 00  00 00 00 00 00 00 00 00  |................|
*
00172d90  00 00 00 00 00 00 00 00  00 00 33 33 33 ff 33 33  |..........333.33|
00172da0  33 ff 33 33 33 ff 33 33  33 ff 33 33 33 ff 33 33  |3.333.333.333.33|
*
00172dd0  33 ff 33 33 33 ff 33 33  33 ff 00 00 00 00 00 00  |3.333.333.......|
00172de0  00 00 00 00 00 00 00 00  00 00 00 00 00 00 00 00  |................|
*
00172fd0  00 00 00 00 00 00 00 00  00 00 00 00 00 00 33 33  |..............33|
00172fe0  33 ff 33 33 33 ff 33 33  33 ff 33 33 33 ff 33 33  |3.333.333.333.33|
*
00173010  33 ff 33 33 33 ff 33 33  33 ff 00 00 00 00 00 00  |3.333.333.......|
00173020  00 00 00 00 00 00 00 00  00 00 00 00 00 00 00 00  |................|
*
00173590  00 00 00 00 00 00 00 00  00 00 33 33 33 ff 33 33  |..........333.33|
001735a0  33 ff 33 33 33 ff 33 33  33 ff 33 33 33 ff 33 33  |3.333.333.333.33|
*
001735d0  33 ff 33 33 33 ff 33 33  33 ff 00 00 00 00 00 00  |3.333.333.......|
001735e0  00 00 00 00 00 00 00 00  00 00 00 00 00 00 00 00  |................|
*
001737d0  00 00 00 00 00 00 00 00  00 00 00 00 00 00 33 33  |..............33|
001737e0  33 ff 33 33 33 ff 33 33  33 ff 33 33 33 ff 33 33  |3.333.333.333.33|
*
00173810  33 ff 33 33 33 ff 33 33  33 ff 00 00 00 00 00 00  |3.333.333.......|
00173820  00 00 00 00 00 00 00 00  00 00 00 00 00 00 00 00  |................|
*
00173d90  00 00 00 00 00 00 00 00  00 00 33 33 33 ff 33 33  |..........333.33|
00173da0  33 ff 33 33 33 ff 33 33  33 ff 33 33 33 ff 33 33  |3.333.333.333.33|
*
00173dd0  33 ff 33 33 33 ff 33 33  33 ff 00 00 00 00 00 00  |3.333.333.......|
00173de0  00 00 00 00 00 00 00 00  00 00 00 00 00 00 00 00  |................|
*
00173fd0  00 00 00 00 00 00 00 00  00 00 00 00 00 00 33 33  |..............33|
00173fe0  33 ff 33 33 33 ff 33 33  33 ff 33 33 33 ff 33 33  |3.333.333.333.33|
*
00174010  33 ff 33 33 33 ff 33 33  33 ff 00 00 00 00 00 00  |3.333.333.......|
00174020  00 00 00 00 00 00 00 00  00 00 00 00 00 00 00 00  |................|
*
00174590  00 00 00 00 00 00 00 00  00 00 33 33 33 ff 33 33  |..........333.33|
001745a0  33 ff 33 33 33 ff 33 33  33 ff 33 33 33 ff 33 33  |3.333.333.333.33|
*
001745d0  33 ff 33 33 33 ff 33 33  33 ff 00 00 00 00 00 00  |3.333.333.......|
001745e0  00 00 00 00 00 00 00 00  00 00 00 00 00 00 00 00  |................|
*
001747d0  00 00 00 00 00 00 00 00  00 00 00 00 00 00 33 33  |..............33|
001747e0  33 ff 33 33 33 ff 33 33  33 ff 33 33 33 ff 33 33  |3.333.333.333.33|
*
00174810  33 ff 33 33 33 ff 33 33  33 ff 00 00 00 00 00 00  |3.333.333.......|
00174820  00 00 00 00 00 00 00 00  00 00 00 00 00 00 00 00  |................|
*
00174d90  00 00 00 00 00 00 00 00  00 00 33 33 33 ff 33 33  |..........333.33|
00174da0  33 ff 33 33 33 ff 33 33  33 ff 33 33 33 ff 33 33  |3.333.333.333.33|
*
00174dd0  33 ff 33 33 33 ff 33 33  33 ff 00 00 00 00 00 00  |3.333.333.......|
00174de0  00 00 00 00 00 00 00 00  00 00 00 00 00 00 00 00  |................|
*
00174fd0  00 00 00 00 00 00 00 00  00 00 00 00 00 00 33 33  |..............33|
00174fe0  33 ff 33 33 33 ff 33 33  33 ff 33 33 33 ff 33 33  |3.333.333.333.33|
*
00175010  33 ff 33 33 33 ff 33 33  33 ff 00 00 00 00 00 00  |3.333.333.......|
00175020  00 00 00 00 00 00 00 00  00 00 00 00 00 00 00 00  |................|
*
00175590  00 00 00 00 00 00 00 00  00 00 33 33 33 ff 33 33  |..........333.33|
001755a0  33 ff 33 33 33 ff 33 33  33 ff 33 33 33 ff 33 33  |3.333.333.333.33|
*
001755d0  33 ff 33 33 33 ff 33 33  33 ff 00 00 00 00 00 00  |3.333.333.......|
001755e0  00 00 00 00 00 00 00 00  00 00 00 00 00 00 00 00  |................|
*
001757d0  00 00 00 00 00 00 00 00  00 00 00 00 00 00 33 33  |..............33|
001757e0  33 ff 33 33 33 ff 33 33  33 ff 33 33 33 ff 33 33  |3.333.333.333.33|
*
00175810  33 ff 33 33 33 ff 33 33  33 ff 00 00 00 00 00 00  |3.333.333.......|
00175820  00 00 00 00 00 00 00 00  00 00 00 00 00 00 00 00  |................|
*
00175d90  00 00 00 00 00 00 00 00  00 00 33 33 33 ff 33 33  |..........333.33|
00175da0  33 ff 33 33 33 ff 33 33  33 ff 33 33 33 ff 33 33  |3.333.333.333.33|
*
00175dd0  33 ff 33 33 33 ff 33 33  33 ff 00 00 00 00 00 00  |3.333.333.......|
00175de0  00 00 00 00 00 00 00 00  00 00 00 00 00 00 00 00  |................|
*
00175fd0  00 00 00 00 00 00 00 00  00 00 00 00 00 00 33 33  |..............33|
00175fe0  33 ff 33 33 33 ff 33 33  33 ff 33 33 33 ff 33 33  |3.333.333.333.33|
*
00176010  33 ff 33 33 33 ff 33 33  33 ff 00 00 00 00 00 00  |3.333.333.......|
00176020  00 00 00 00 00 00 00 00  00 00 00 00 00 00 00 00  |................|
*
00176590  00 00 00 00 00 00 00 00  00 00 33 33 33 ff 33 33  |..........333.33|
001765a0  33 ff 33 33 33 ff 33 33  33 ff 33 33 33 ff 33 33  |3.333.333.333.33|
*
001765d0  33 ff 33 33 33 ff 33 33  33 ff 00 00 00 00 00 00  |3.333.333.......|
001765e0  00 00 00 00 00 00 00 00  00 00 00 00 00 00 00 00  |................|
*
001767d0  00 00 00 00 00 00 00 00  00 00 00 00 00 00 33 33  |..............33|
001767e0  33 ff 33 33 33 ff 33 33  33 ff 33 33 33 ff 33 33  |3.333.333.333.33|
*
00176810  33 ff 33 33 33 ff 33 33  33 ff 00 00 00 00 00 00  |3.333.333.......|
00176820  00 00 00 00 00 00 00 00  00 00 00 00 00 00 00 00  |................|
*
00176d90  00 00 00 00 00 00 00 00  00 00 33 33 33 ff 33 33  |..........333.33|
00176da0  33 ff 33 33 33 ff 33 33  33 ff 33 33 33 ff 33 33  |3.333.333.333.33|
*
00176dd0  33 ff 33 33 33 ff 33 33  33 ff 00 00 00 00 00 00  |3.333.333.......|
00176de0  00 00 00 00 00 00 00 00  00 00 00 00 00 00 00 00  |................|
*
00176fd0  00 00 00 00 00 00 00 00  00 00 00 00 00 00 33 33  |..............33|
00176fe0  33 ff 33 33 33 ff 33 33  33 ff 33 33 33 ff 33 33  |3.333.333.333.33|
*
00177010  33 ff 33 33 33 ff 33 33  33 ff 00 00 00 00 00 00  |3.333.333.......|
00177020  00 00 00 00 00 00 00 00  00 00 00 00 00 00 00 00  |................|
*
00177590  00 00 00 00 00 00 00 00  00 00 33 33 33 ff 33 33  |..........333.33|
001775a0  33 ff 33 33 33 ff 33 33  33 ff 33 33 33 ff 33 33  |3.333.333.333.33|
*
001775d0  33 ff 33 33 33 ff 33 33  33 ff 00 00 00 00 00 00  |3.333.333.......|
001775e0  00 00 00 00 00 00 00 00  00 00 00 00 00 00 00 00  |................|
*
001777d0  00 00 00 00 00 00 00 00  00 00 00 00 00 00 33 33  |..............33|
001777e0  33 ff 33 33 33 ff 33 33  33 ff 33 33 33 ff 33 33  |3.333.333.333.33|
*
00177810  33 ff 33 33 33 ff 33 33  33 ff 00 00 00 00 00 00  |3.333.333.......|
00177820  00 00 00 00 00 00 00 00  00 00 00 00 00 00 00 00  |................|
*
00177d90  00 00 00 00 00 00 00 00  00 00 33 33 33 ff 33 33  |..........333.33|
00177da0  33 ff 33 33 33 ff 33 33  33 ff 33 33 33 ff 33 33  |3.333.333.333.33|
*
00177dd0  33 ff 33 33 33 ff 33 33  33 ff 00 00 00 00 00 00  |3.333.333.......|
00177de0  00 00 00 00 00 00 00 00  00 00 00 00 00 00 00 00  |................|
*
00177fd0  00 00 00 00 00 00 00 00  00 00 00 00 00 00 33 33  |..............33|
00177fe0  33 ff 33 33 33 ff 33 33  33 ff 33 33 33 ff 33 33  |3.333.333.333.33|
*
00178010  33 ff 33 33 33 ff 33 33  33 ff 00 00 00 00 00 00  |3.333.333.......|
00178020  00 00 00 00 00 00 00 00  00 00 00 00 00 00 00 00  |................|
*
00178590  00 00 00 00 00 00 00 00  00 00 33 33 33 ff 33 33  |..........333.33|
001785a0  33 ff 33 33 33 ff 33 33  33 ff 33 33 33 ff 33 33  |3.333.333.333.33|
*
001785d0  33 ff 33 33 33 ff 33 33  33 ff 00 00 00 00 00 00  |3.333.333.......|
001785e0  00 00 00 00 00 00 00 00  00 00 00 00 00 00 00 00  |................|
*
001787d0  00 00 00 00 00 00 00 00  00 00 00 00 00 00 33 33  |..............33|
001787e0  33 ff 33 33 33 ff 33 33  33 ff 33 33 33 ff 33 33  |3.333.333.333.33|
*
00178810  33 ff 33 33 33 ff 33 33  33 ff 00 00 00 00 00 00  |3.333.333.......|
00178820  00 00 00 00 00 00 00 00  00 00 00 00 00 00 00 00  |................|
*
00178d90  00 00 00 00 00 00 00 00  00 00 33 33 33 ff 33 33  |..........333.33|
00178da0  33 ff 33 33 33 ff 33 33  33 ff 33 33 33 ff 33 33  |3.333.333.333.33|
*
00178dd0  33 ff 33 33 33 ff 33 33  33 ff 00 00 00 00 00 00  |3.333.333.......|
00178de0  00 00 00 00 00 00 00 00  00 00 00 00 00 00 00 00  |................|
*
00178fd0  00 00 00 00 00 00 00 00  00 00 00 00 00 00 33 33  |..............33|
00178fe0  33 ff 33 33 33 ff 33 33  33 ff 33 33 33 ff 33 33  |3.333.333.333.33|
*
00179010  33 ff 33 33 33 ff 33 33  33 ff 00 00 00 00 00 00  |3.333.333.......|
00179020  00 00 00 00 00 00 00 00  00 00 00 00 00 00 00 00  |................|
*
00179590  00 00 00 00 00 00 00 00  00 00 33 33 33 ff 33 33  |..........333.33|
001795a0  33 ff 33 33 33 ff 33 33  33 ff 33 33 33 ff 33 33  |3.333.333.333.33|
*
001795d0  33 ff 33 33 33 ff 33 33  33 ff 00 00 00 00 00 00  |3.333.333.......|
001795e0  00 00 00 00 00 00 00 00  00 00 00 00 00 00 00 00  |................|
*
001797d0  00 00 00 00 00 00 00 00  00 00 00 00 00 00 33 33  |..............33|
001797e0  33 ff 33 33 33 ff 33 33  33 ff 33 33 33 ff 33 33  |3.333.333.333.33|
*
00179810  33 ff 33 33 33 ff 33 33  33 ff 00 00 00 00 00 00  |3.333.333.......|
00179820  00 00 00 00 00 00 00 00  00 00 00 00 00 00 00 00  |................|
*
00179d90  00 00 00 00 00 00 00 00  00 00 33 33 33 ff 33 33  |..........333.33|
00179da0  33 ff 33 33 33 ff 33 33  33 ff 33 33 33 ff 33 33  |3.333.333.333.33|
*
00179dd0  33 ff 33 33 33 ff 33 33  33 ff 00 00 00 00 00 00  |3.333.333.......|
00179de0  00 00 00 00 00 00 00 00  00 00 00 00 00 00 00 00  |................|
*
00179fd0  00 00 00 00 00 00 00 00  00 00 00 00 00 00 33 33  |..............33|
00179fe0  33 ff 33 33 33 ff 33 33  33 ff 33 33 33 ff 33 33  |3.333.333.333.33|
*
0017a010  33 ff 33 33 33 ff 33 33  33 ff 00 00 00 00 00 00  |3.333.333.......|
0017a020  00 00 00 00 00 00 00 00  00 00 00 00 00 00 00 00  |................|
*
0017a590  00 00 00 00 00 00 00 00  00 00 33 33 33 ff 33 33  |..........333.33|
0017a5a0  33 ff 33 33 33 ff 33 33  33 ff 33 33 33 ff 33 33  |3.333.333.333.33|
*
0017a5d0  33 ff 33 33 33 ff 33 33  33 ff 00 00 00 00 00 00  |3.333.333.......|
0017a5e0  00 00 00 00 00 00 00 00  00 00 00 00 00 00 00 00  |................|
*
0017a7d0  00 00 00 00 00 00 00 00  00 00 00 00 00 00 33 33  |..............33|
0017a7e0  33 ff 33 33 33 ff 33 33  33 ff 33 33 33 ff 33 33  |3.333.333.333.33|
*
0017a810  33 ff 33 33 33 ff 33 33  33 ff 00 00 00 00 00 00  |3.333.333.......|
0017a820  00 00 00 00 00 00 00 00  00 00 00 00 00 00 00 00  |................|
*
0017ad90  00 00 00 00 00 00 00 00  00 00 33 33 33 ff 33 33  |..........333.33|
0017ada0  33 ff 33 33 33 ff 33 33  33 ff 33 33 33 ff 33 33  |3.333.333.333.33|
*
0017add0  33 ff 33 33 33 ff 33 33  33 ff 00 00 00 00 00 00  |3.333.333.......|
0017ade0  00 00 00 00 00 00 00 00  00 00 00 00 00 00 00 00  |................|
*
0017afd0  00 00 00 00 00 00 00 00  00 00 00 00 00 00 33 33  |..............33|
0017afe0  33 ff 33 33 33 ff 33 33  33 ff 33 33 33 ff 33 33  |3.333.333.333.33|
*
0017b010  33 ff 33 33 33 ff 33 33  33 ff 00 00 00 00 00 00  |3.333.333.......|
0017b020  00 00 00 00 00 00 00 00  00 00 00 00 00 00 00 00  |................|
*
0017b590  00 00 00 00 00 00 00 00  00 00 33 33 33 ff 33 33  |..........333.33|
0017b5a0  33 ff 33 33 33 ff 33 33  33 ff 33 33 33 ff 33 33  |3.333.333.333.33|
*
0017b5d0  33 ff 33 33 33 ff 33 33  33 ff 00 00 00 00 00 00  |3.333.333.......|
0017b5e0  00 00 00 00 00 00 00 00  00 00 00 00 00 00 00 00  |................|
*
0017b7d0  00 00 00 00 00 00 00 00  00 00 00 00 00 00 33 33  |..............33|
0017b7e0  33 ff 33 33 33 ff 33 33  33 ff 33 33 33 ff 33 33  |3.333.333.333.33|
*
0017b810  33 ff 33 33 33 ff 33 33  33 ff 00 00 00 00 00 00  |3.333.333.......|
0017b820  00 00 00 00 00 00 00 00  00 00 00 00 00 00 00 00  |................|
*
0017bd90  00 00 00 00 00 00 00 00  00 00 33 33 33 ff 33 33  |..........333.33|
0017bda0  33 ff 33 33 33 ff 33 33  33 ff 33 33 33 ff 33 33  |3.333.333.333.33|
*
0017bdd0  33 ff 33 33 33 ff 33 33  33 ff 00 00 00 00 00 00  |3.333.333.......|
0017bde0  00 00 00 00 00 00 00 00  00 00 00 00 00 00 00 00  |................|
*
0017bfd0  00 00 00 00 00 00 00 00  00 00 00 00 00 00 33 33  |..............33|
0017bfe0  33 ff 33 33 33 ff 33 33  33 ff 33 33 33 ff 33 33  |3.333.333.333.33|
*
0017c010  33 ff 33 33 33 ff 33 33  33 ff 00 00 00 00 00 00  |3.333.333.......|
0017c020  00 00 00 00 00 00 00 00  00 00 00 00 00 00 00 00  |................|
*
0017c590  00 00 00 00 00 00 00 00  00 00 33 33 33 ff 33 33  |..........333.33|
0017c5a0  33 ff 33 33 33 ff 33 33  33 ff 33 33 33 ff 33 33  |3.333.333.333.33|
*
0017c5d0  33 ff 33 33 33 ff 33 33  33 ff 00 00 00 00 00 00  |3.333.333.......|
0017c5e0  00 00 00 00 00 00 00 00  00 00 00 00 00 00 00 00  |................|
*
0017c7d0  00 00 00 00 00 00 00 00  00 00 00 00 00 00 33 33  |..............33|
0017c7e0  33 ff 33 33 33 ff 33 33  33 ff 33 33 33 ff 33 33  |3.333.333.333.33|
*
0017c810  33 ff 33 33 33 ff 33 33  33 ff 00 00 00 00 00 00  |3.333.333.......|
0017c820  00 00 00 00 00 00 00 00  00 00 00 00 00 00 00 00  |................|
*
0017cd90  00 00 00 00 00 00 00 00  00 00 33 33 33 ff 33 33  |..........333.33|
0017cda0  33 ff 33 33 33 ff 33 33  33 ff 33 33 33 ff 33 33  |3.333.333.333.33|
*
0017cdd0  33 ff 33 33 33 ff 33 33  33 ff 00 00 00 00 00 00  |3.333.333.......|
0017cde0  00 00 00 00 00 00 00 00  00 00 00 00 00 00 00 00  |................|
*
0017cfd0  00 00 00 00 00 00 00 00  00 00 00 00 00 00 33 33  |..............33|
0017cfe0  33 ff 33 33 33 ff 33 33  33 ff 33 33 33 ff 33 33  |3.333.333.333.33|
*
0017d010  33 ff 33 33 33 ff 33 33  33 ff 00 00 00 00 00 00  |3.333.333.......|
0017d020  00 00 00 00 00 00 00 00  00 00 00 00 00 00 00 00  |................|
*
0017d590  00 00 00 00 00 00 00 00  00 00 33 33 33 ff 33 33  |..........333.33|
0017d5a0  33 ff 33 33 33 ff 33 33  33 ff 33 33 33 ff 33 33  |3.333.333.333.33|
*
0017d5d0  33 ff 33 33 33 ff 33 33  33 ff 00 00 00 00 00 00  |3.333.333.......|
0017d5e0  00 00 00 00 00 00 00 00  00 00 00 00 00 00 00 00  |................|
*
0017d7d0  00 00 00 00 00 00 00 00  00 00 00 00 00 00 33 33  |..............33|
0017d7e0  33 ff 33 33 33 ff 33 33  33 ff 33 33 33 ff 33 33  |3.333.333.333.33|
*
0017d810  33 ff 33 33 33 ff 33 33  33 ff 00 00 00 00 00 00  |3.333.333.......|
0017d820  00 00 00 00 00 00 00 00  00 00 00 00 00 00 00 00  |................|
*
0017dd90  00 00 00 00 00 00 00 00  00 00 33 33 33 ff 33 33  |..........333.33|
0017dda0  33 ff 33 33 33 ff 33 33  33 ff 33 33 33 ff 33 33  |3.333.333.333.33|
*
0017ddd0  33 ff 33 33 33 ff 33 33  33 ff 00 00 00 00 00 00  |3.333.333.......|
0017dde0  00 00 00 00 00 00 00 00  00 00 00 00 00 00 00 00  |................|
*
0017dfd0  00 00 00 00 00 00 00 00  00 00 00 00 00 00 33 33  |..............33|
0017dfe0  33 ff 33 33 33 ff 33 33  33 ff 33 33 33 ff 33 33  |3.333.333.333.33|
*
0017e010  33 ff 33 33 33 ff 33 33  33 ff 00 00 00 00 00 00  |3.333.333.......|
0017e020  00 00 00 00 00 00 00 00  00 00 00 00 00 00 00 00  |................|
*
0017e590  00 00 00 00 00 00 00 00  00 00 33 33 33 ff 33 33  |..........333.33|
0017e5a0  33 ff 33 33 33 ff 33 33  33 ff 33 33 33 ff 33 33  |3.333.333.333.33|
*
0017e5d0  33 ff 33 33 33 ff 33 33  33 ff 00 00 00 00 00 00  |3.333.333.......|
0017e5e0  00 00 00 00 00 00 00 00  00 00 00 00 00 00 00 00  |................|
*
0017e7d0  00 00 00 00 00 00 00 00  00 00 00 00 00 00 33 33  |..............33|
0017e7e0  33 ff 33 33 33 ff 33 33  33 ff 33 33 33 ff 33 33  |3.333.333.333.33|
*
0017e810  33 ff 33 33 33 ff 33 33  33 ff 00 00 00 00 00 00  |3.333.333.......|
0017e820  00 00 00 00 00 00 00 00  00 00 00 00 00 00 00 00  |................|
*
0017ed90  00 00 00 00 00 00 00 00  00 00 33 33 33 ff 33 33  |..........333.33|
0017eda0  33 ff 33 33 33 ff 33 33  33 ff 33 33 33 ff 33 33  |3.333.333.333.33|
*
0017edd0  33 ff 33 33 33 ff 33 33  33 ff 00 00 00 00 00 00  |3.333.333.......|
0017ede0  00 00 00 00 00 00 00 00  00 00 00 00 00 00 00 00  |................|
*
0017efd0  00 00 00 00 00 00 00 00  00 00 00 00 00 00 33 33  |..............33|
0017efe0  33 ff 33 33 33 ff 33 33  33 ff 33 33 33 ff 33 33  |3.333.333.333.33|
*
0017f010  33 ff 33 33 33 ff 33 33  33 ff 00 00 00 00 00 00  |3.333.333.......|
0017f020  00 00 00 00 00 00 00 00  00 00 00 00 00 00 00 00  |................|
*
0017f590  00 00 00 00 00 00 00 00  00 00 33 33 33 ff 33 33  |..........333.33|
0017f5a0  33 ff 33 33 33 ff 33 33  33 ff 33 33 33 ff 33 33  |3.333.333.333.33|
*
0017f5d0  33 ff 33 33 33 ff 33 33  33 ff 00 00 00 00 00 00  |3.333.333.......|
0017f5e0  00 00 00 00 00 00 00 00  00 00 00 00 00 00 00 00  |................|
*
0017f7d0  00 00 00 00 00 00 00 00  00 00 00 00 00 00 33 33  |..............33|
0017f7e0  33 ff 33 33 33 ff 33 33  33 ff 33 33 33 ff 33 33  |3.333.333.333.33|
*
0017f810  33 ff 33 33 33 ff 33 33  33 ff 00 00 00 00 00 00  |3.333.333.......|
0017f820  00 00 00 00 00 00 00 00  00 00 00 00 00 00 00 00  |................|
*
0017fd90  00 00 00 00 00 00 00 00  00 00 33 33 33 ff 33 33  |..........333.33|
0017fda0  33 ff 33 33 33 ff 33 33  33 ff 33 33 33 ff 33 33  |3.333.333.333.33|
*
0017fdd0  33 ff 33 33 33 ff 33 33  33 ff 00 00 00 00 00 00  |3.333.333.......|
0017fde0  00 00 00 00 00 00 00 00  00 00 00 00 00 00 00 00  |................|
*
0017ffd0  00 00 00 00 00 00 00 00  00 00 00 00 00 00 33 33  |..............33|
0017ffe0  33 ff 33 33 33 ff 33 33  33 ff 33 33 33 ff 33 33  |3.333.333.333.33|
*
00180010  33 ff 33 33 33 ff 33 33  33 ff 00 00 00 00 00 00  |3.333.333.......|
00180020  00 00 00 00 00 00 00 00  00 00 00 00 00 00 00 00  |................|
*
00180590  00 00 00 00 00 00 00 00  00 00 33 33 33 ff 33 33  |..........333.33|
001805a0  33 ff 33 33 33 ff 33 33  33 ff 33 33 33 ff 33 33  |3.333.333.333.33|
*
001805d0  33 ff 33 33 33 ff 33 33  33 ff 00 00 00 00 00 00  |3.333.333.......|
001805e0  00 00 00 00 00 00 00 00  00 00 00 00 00 00 00 00  |................|
*
001807d0  00 00 00 00 00 00 00 00  00 00 00 00 00 00 33 33  |..............33|
001807e0  33 ff 33 33 33 ff 33 33  33 ff 33 33 33 ff 33 33  |3.333.333.333.33|
*
00180810  33 ff 33 33 33 ff 33 33  33 ff 00 00 00 00 00 00  |3.333.333.......|
00180820  00 00 00 00 00 00 00 00  00 00 00 00 00 00 00 00  |................|
*
00180d90  00 00 00 00 00 00 00 00  00 00 33 33 33 ff 33 33  |..........333.33|
00180da0  33 ff 33 33 33 ff 33 33  33 ff 33 33 33 ff 33 33  |3.333.333.333.33|
*
00180dd0  33 ff 33 33 33 ff 33 33  33 ff 00 00 00 00 00 00  |3.333.333.......|
00180de0  00 00 00 00 00 00 00 00  00 00 00 00 00 00 00 00  |................|
*
00180fd0  00 00 00 00 00 00 00 00  00 00 00 00 00 00 33 33  |..............33|
00180fe0  33 ff 33 33 33 ff 33 33  33 ff 33 33 33 ff 33 33  |3.333.333.333.33|
*
00181010  33 ff 33 33 33 ff 33 33  33 ff 00 00 00 00 00 00  |3.333.333.......|
00181020  00 00 00 00 00 00 00 00  00 00 00 00 00 00 00 00  |................|
*
00181590  00 00 00 00 00 00 00 00  00 00 33 33 33 ff 33 33  |..........333.33|
001815a0  33 ff 33 33 33 ff 33 33  33 ff 33 33 33 ff 33 33  |3.333.333.333.33|
*
001815d0  33 ff 33 33 33 ff 33 33  33 ff 00 00 00 00 00 00  |3.333.333.......|
001815e0  00 00 00 00 00 00 00 00  00 00 00 00 00 00 00 00  |................|
*
001817d0  00 00 00 00 00 00 00 00  00 00 00 00 00 00 33 33  |..............33|
001817e0  33 ff 33 33 33 ff 33 33  33 ff 33 33 33 ff 33 33  |3.333.333.333.33|
*
00181810  33 ff 33 33 33 ff 33 33  33 ff 00 00 00 00 00 00  |3.333.333.......|
00181820  00 00 00 00 00 00 00 00  00 00 00 00 00 00 00 00  |................|
*
00181d90  00 00 00 00 00 00 00 00  00 00 33 33 33 ff 33 33  |..........333.33|
00181da0  33 ff 33 33 33 ff 33 33  33 ff 33 33 33 ff 33 33  |3.333.333.333.33|
*
00181dd0  33 ff 33 33 33 ff 33 33  33 ff 00 00 00 00 00 00  |3.333.333.......|
00181de0  00 00 00 00 00 00 00 00  00 00 00 00 00 00 00 00  |................|
*
00181fd0  00 00 00 00 00 00 00 00  00 00 00 00 00 00 33 33  |..............33|
00181fe0  33 ff 33 33 33 ff 33 33  33 ff 33 33 33 ff 33 33  |3.333.333.333.33|
*
00182010  33 ff 33 33 33 ff 33 33  33 ff 00 00 00 00 00 00  |3.333.333.......|
00182020  00 00 00 00 00 00 00 00  00 00 00 00 00 00 00 00  |................|
*
00182590  00 00 00 00 00 00 00 00  00 00 33 33 33 ff 33 33  |..........333.33|
001825a0  33 ff 33 33 33 ff 33 33  33 ff 33 33 33 ff 33 33  |3.333.333.333.33|
*
001825d0  33 ff 33 33 33 ff 33 33  33 ff 00 00 00 00 00 00  |3.333.333.......|
001825e0  00 00 00 00 00 00 00 00  00 00 00 00 00 00 00 00  |................|
*
001827d0  00 00 00 00 00 00 00 00  00 00 00 00 00 00 33 33  |..............33|
001827e0  33 ff 33 33 33 ff 33 33  33 ff 33 33 33 ff 33 33  |3.333.333.333.33|
*
00182810  33 ff 33 33 33 ff 33 33  33 ff 00 00 00 00 00 00  |3.333.333.......|
00182820  00 00 00 00 00 00 00 00  00 00 00 00 00 00 00 00  |................|
*
00182d90  00 00 00 00 00 00 00 00  00 00 33 33 33 ff 33 33  |..........333.33|
00182da0  33 ff 33 33 33 ff 33 33  33 ff 33 33 33 ff 33 33  |3.333.333.333.33|
*
00182dd0  33 ff 33 33 33 ff 33 33  33 ff 00 00 00 00 00 00  |3.333.333.......|
00182de0  00 00 00 00 00 00 00 00  00 00 00 00 00 00 00 00  |................|
*
00182fd0  00 00 00 00 00 00 00 00  00 00 00 00 00 00 33 33  |..............33|
00182fe0  33 ff 33 33 33 ff 33 33  33 ff 33 33 33 ff 33 33  |3.333.333.333.33|
*
00183010  33 ff 33 33 33 ff 33 33  33 ff 00 00 00 00 00 00  |3.333.333.......|
00183020  00 00 00 00 00 00 00 00  00 00 00 00 00 00 00 00  |................|
*
00183590  00 00 00 00 00 00 00 00  00 00 33 33 33 ff 33 33  |..........333.33|
001835a0  33 ff 33 33 33 ff 33 33  33 ff 33 33 33 ff 33 33  |3.333.333.333.33|
*
001835d0  33 ff 33 33 33 ff 33 33  33 ff 00 00 00 00 00 00  |3.333.333.......|
001835e0  00 00 00 00 00 00 00 00  00 00 00 00 00 00 00 00  |................|
*
001837d0  00 00 00 00 00 00 00 00  00 00 00 00 00 00 33 33  |..............33|
001837e0  33 ff 33 33 33 ff 33 33  33 ff 33 33 33 ff 33 33  |3.333.333.333.33|
*
00183810  33 ff 33 33 33 ff 33 33  33 ff 00 00 00 00 00 00  |3.333.333.......|
00183820  00 00 00 00 00 00 00 00  00 00 00 00 00 00 00 00  |................|
*
00183d90  00 00 00 00 00 00 00 00  00 00 33 33 33 ff 33 33  |..........333.33|
00183da0  33 ff 33 33 33 ff 33 33  33 ff 33 33 33 ff 33 33  |3.333.333.333.33|
*
00183dd0  33 ff 33 33 33 ff 33 33  33 ff 00 00 00 00 00 00  |3.333.333.......|
00183de0  00 00 00 00 00 00 00 00  00 00 00 00 00 00 00 00  |................|
*
00183fd0  00 00 00 00 00 00 00 00  00 00 00 00 00 00 33 33  |..............33|
00183fe0  33 ff 33 33 33 ff 33 33  33 ff 33 33 33 ff 33 33  |3.333.333.333.33|
*
00184010  33 ff 33 33 33 ff 33 33  33 ff 00 00 00 00 00 00  |3.333.333.......|
00184020  00 00 00 00 00 00 00 00  00 00 00 00 00 00 00 00  |................|
*
00184590  00 00 00 00 00 00 00 00  00 00 33 33 33 ff 33 33  |..........333.33|
001845a0  33 ff 33 33 33 ff 33 33  33 ff 33 33 33 ff 33 33  |3.333.333.333.33|
*
001845d0  33 ff 33 33 33 ff 33 33  33 ff 00 00 00 00 00 00  |3.333.333.......|
001845e0  00 00 00 00 00 00 00 00  00 00 00 00 00 00 00 00  |................|
*
001847d0  00 00 00 00 00 00 00 00  00 00 00 00 00 00 33 33  |..............33|
001847e0  33 ff 33 33 33 ff 33 33  33 ff 33 33 33 ff 33 33  |3.333.333.333.33|
*
00184810  33 ff 33 33 33 ff 33 33  33 ff 00 00 00 00 00 00  |3.333.333.......|
00184820  00 00 00 00 00 00 00 00  00 00 00 00 00 00 00 00  |................|
*
00184d90  00 00 00 00 00 00 00 00  00 00 33 33 33 ff 33 33  |..........333.33|
00184da0  33 ff 33 33 33 ff 33 33  33 ff 33 33 33 ff 33 33  |3.333.333.333.33|
*
00184dd0  33 ff 33 33 33 ff 33 33  33 ff 00 00 00 00 00 00  |3.333.333.......|
00184de0  00 00 00 00 00 00 00 00  00 00 00 00 00 00 00 00  |................|
*
00184fd0  00 00 00 00 00 00 00 00  00 00 00 00 00 00 33 33  |..............33|
00184fe0  33 ff 33 33 33 ff 33 33  33 ff 33 33 33 ff 33 33  |3.333.333.333.33|
*
00185010  33 ff 33 33 33 ff 33 33  33 ff 00 00 00 00 00 00  |3.333.333.......|
00185020  00 00 00 00 00 00 00 00  00 00 00 00 00 00 00 00  |................|
*
00185590  00 00 00 00 00 00 00 00  00 00 33 33 33 ff 33 33  |..........333.33|
001855a0  33 ff 33 33 33 ff 33 33  33 ff 33 33 33 ff 33 33  |3.333.333.333.33|
*
001855d0  33 ff 33 33 33 ff 33 33  33 ff 00 00 00 00 00 00  |3.333.333.......|
001855e0  00 00 00 00 00 00 00 00  00 00 00 00 00 00 00 00  |................|
*
001857d0  00 00 00 00 00 00 00 00  00 00 00 00 00 00 33 33  |..............33|
001857e0  33 ff 33 33 33 ff 33 33  33 ff 33 33 33 ff 33 33  |3.333.333.333.33|
*
00185810  33 ff 33 33 33 ff 33 33  33 ff 00 00 00 00 00 00  |3.333.333.......|
00185820  00 00 00 00 00 00 00 00  00 00 00 00 00 00 00 00  |................|
*
00185d90  00 00 00 00 00 00 00 00  00 00 33 33 33 ff 33 33  |..........333.33|
00185da0  33 ff 33 33 33 ff 33 33  33 ff 33 33 33 ff 33 33  |3.333.333.333.33|
*
00185dd0  33 ff 33 33 33 ff 33 33  33 ff 00 00 00 00 00 00  |3.333.333.......|
00185de0  00 00 00 00 00 00 00 00  00 00 00 00 00 00 00 00  |................|
*
00185fd0  00 00 00 00 00 00 00 00  00 00 00 00 00 00 33 33  |..............33|
00185fe0  33 ff 33 33 33 ff 33 33  33 ff 33 33 33 ff 33 33  |3.333.333.333.33|
*
00186010  33 ff 33 33 33 ff 33 33  33 ff 00 00 00 00 00 00  |3.333.333.......|
00186020  00 00 00 00 00 00 00 00  00 00 00 00 00 00 00 00  |................|
*
00186590  00 00 00 00 00 00 00 00  00 00 33 33 33 ff 33 33  |..........333.33|
001865a0  33 ff 33 33 33 ff 33 33  33 ff 33 33 33 ff 33 33  |3.333.333.333.33|
*
001865d0  33 ff 33 33 33 ff 33 33  33 ff 00 00 00 00 00 00  |3.333.333.......|
001865e0  00 00 00 00 00 00 00 00  00 00 00 00 00 00 00 00  |................|
*
001867d0  00 00 00 00 00 00 00 00  00 00 00 00 00 00 33 33  |..............33|
001867e0  33 ff 33 33 33 ff 33 33  33 ff 33 33 33 ff 33 33  |3.333.333.333.33|
*
00186810  33 ff 33 33 33 ff 33 33  33 ff 00 00 00 00 00 00  |3.333.333.......|
00186820  00 00 00 00 00 00 00 00  00 00 00 00 00 00 00 00  |................|
*
00186d90  00 00 00 00 00 00 00 00  00 00 33 33 33 ff 33 33  |..........333.33|
00186da0  33 ff 33 33 33 ff 33 33  33 ff 33 33 33 ff 33 33  |3.333.333.333.33|
*
00186dd0  33 ff 33 33 33 ff 33 33  33 ff 00 00 00 00 00 00  |3.333.333.......|
00186de0  00 00 00 00 00 00 00 00  00 00 00 00 00 00 00 00  |................|
*
00186fd0  00 00 00 00 00 00 00 00  00 00 00 00 00 00 33 33  |..............33|
00186fe0  33 ff 33 33 33 ff 33 33  33 ff 33 33 33 ff 33 33  |3.333.333.333.33|
*
00187010  33 ff 33 33 33 ff 33 33  33 ff 00 00 00 00 00 00  |3.333.333.......|
00187020  00 00 00 00 00 00 00 00  00 00 00 00 00 00 00 00  |................|
*
00187590  00 00 00 00 00 00 00 00  00 00 33 33 33 ff 33 33  |..........333.33|
001875a0  33 ff 33 33 33 ff 33 33  33 ff 33 33 33 ff 33 33  |3.333.333.333.33|
*
001875d0  33 ff 33 33 33 ff 33 33  33 ff 00 00 00 00 00 00  |3.333.333.......|
001875e0  00 00 00 00 00 00 00 00  00 00 00 00 00 00 00 00  |................|
*
001877d0  00 00 00 00 00 00 00 00  00 00 00 00 00 00 33 33  |..............33|
001877e0  33 ff 33 33 33 ff 33 33  33 ff 33 33 33 ff 33 33  |3.333.333.333.33|
*
00187810  33 ff 33 33 33 ff 33 33  33 ff 00 00 00 00 00 00  |3.333.333.......|
00187820  00 00 00 00 00 00 00 00  00 00 00 00 00 00 00 00  |................|
*
00187d90  00 00 00 00 00 00 00 00  00 00 33 33 33 ff 33 33  |..........333.33|
00187da0  33 ff 33 33 33 ff 33 33  33 ff 33 33 33 ff 33 33  |3.333.333.333.33|
*
00187dd0  33 ff 33 33 33 ff 33 33  33 ff 00 00 00 00 00 00  |3.333.333.......|
00187de0  00 00 00 00 00 00 00 00  00 00 00 00 00 00 00 00  |................|
*
00187fd0  00 00 00 00 00 00 00 00  00 00 00 00 00 00 33 33  |..............33|
00187fe0  33 ff 33 33 33 ff 33 33  33 ff 33 33 33 ff 33 33  |3.333.333.333.33|
*
00188010  33 ff 33 33 33 ff 33 33  33 ff 00 00 00 00 00 00  |3.333.333.......|
00188020  00 00 00 00 00 00 00 00  00 00 00 00 00 00 00 00  |................|
*
00188590  00 00 00 00 00 00 00 00  00 00 33 33 33 ff 33 33  |..........333.33|
001885a0  33 ff 33 33 33 ff 33 33  33 ff 33 33 33 ff 33 33  |3.333.333.333.33|
*
001885d0  33 ff 33 33 33 ff 33 33  33 ff 00 00 00 00 00 00  |3.333.333.......|
001885e0  00 00 00 00 00 00 00 00  00 00 00 00 00 00 00 00  |................|
*
001887d0  00 00 00 00 00 00 00 00  00 00 00 00 00 00 33 33  |..............33|
001887e0  33 ff 33 33 33 ff 33 33  33 ff 33 33 33 ff 33 33  |3.333.333.333.33|
*
00188810  33 ff 33 33 33 ff 33 33  33 ff 00 00 00 00 00 00  |3.333.333.......|
00188820  00 00 00 00 00 00 00 00  00 00 00 00 00 00 00 00  |................|
*
00188d90  00 00 00 00 00 00 00 00  00 00 33 33 33 ff 33 33  |..........333.33|
00188da0  33 ff 33 33 33 ff 33 33  33 ff 33 33 33 ff 33 33  |3.333.333.333.33|
*
00188dd0  33 ff 33 33 33 ff 33 33  33 ff 00 00 00 00 00 00  |3.333.333.......|
00188de0  00 00 00 00 00 00 00 00  00 00 00 00 00 00 00 00  |................|
*
00188fd0  00 00 00 00 00 00 00 00  00 00 00 00 00 00 33 33  |..............33|
00188fe0  33 ff 33 33 33 ff 33 33  33 ff 33 33 33 ff 33 33  |3.333.333.333.33|
*
00189010  33 ff 33 33 33 ff 33 33  33 ff 00 00 00 00 00 00  |3.333.333.......|
00189020  00 00 00 00 00 00 00 00  00 00 00 00 00 00 00 00  |................|
*
00189590  00 00 00 00 00 00 00 00  00 00 33 33 33 ff 33 33  |..........333.33|
001895a0  33 ff 33 33 33 ff 33 33  33 ff 33 33 33 ff 33 33  |3.333.333.333.33|
*
001895d0  33 ff 33 33 33 ff 33 33  33 ff 00 00 00 00 00 00  |3.333.333.......|
001895e0  00 00 00 00 00 00 00 00  00 00 00 00 00 00 00 00  |................|
*
001897d0  00 00 00 00 00 00 00 00  00 00 00 00 00 00 33 33  |..............33|
001897e0  33 ff 33 33 33 ff 33 33  33 ff 33 33 33 ff 33 33  |3.333.333.333.33|
*
00189810  33 ff 33 33 33 ff 33 33  33 ff 00 00 00 00 00 00  |3.333.333.......|
00189820  00 00 00 00 00 00 00 00  00 00 00 00 00 00 00 00  |................|
*
00189d90  00 00 00 00 00 00 00 00  00 00 33 33 33 ff 33 33  |..........333.33|
00189da0  33 ff 33 33 33 ff 33 33  33 ff 33 33 33 ff 33 33  |3.333.333.333.33|
*
00189dd0  33 ff 33 33 33 ff 33 33  33 ff 00 00 00 00 00 00  |3.333.333.......|
00189de0  00 00 00 00 00 00 00 00  00 00 00 00 00 00 00 00  |................|
*
00189fd0  00 00 00 00 00 00 00 00  00 00 00 00 00 00 33 33  |..............33|
00189fe0  33 ff 33 33 33 ff 33 33  33 ff 33 33 33 ff 33 33  |3.333.333.333.33|
*
0018a010  33 ff 33 33 33 ff 33 33  33 ff 00 00 00 00 00 00  |3.333.333.......|
0018a020  00 00 00 00 00 00 00 00  00 00 00 00 00 00 00 00  |................|
*
0018a590  00 00 00 00 00 00 00 00  00 00 33 33 33 ff 33 33  |..........333.33|
0018a5a0  33 ff 33 33 33 ff 33 33  33 ff 33 33 33 ff 33 33  |3.333.333.333.33|
*
0018a5d0  33 ff 33 33 33 ff 33 33  33 ff 00 00 00 00 00 00  |3.333.333.......|
0018a5e0  00 00 00 00 00 00 00 00  00 00 00 00 00 00 00 00  |................|
*
0018a7d0  00 00 00 00 00 00 00 00  00 00 00 00 00 00 33 33  |..............33|
0018a7e0  33 ff 33 33 33 ff 33 33  33 ff 33 33 33 ff 33 33  |3.333.333.333.33|
*
0018a810  33 ff 33 33 33 ff 33 33  33 ff 00 00 00 00 00 00  |3.333.333.......|
0018a820  00 00 00 00 00 00 00 00  00 00 00 00 00 00 00 00  |................|
*
0018ad90  00 00 00 00 00 00 00 00  00 00 33 33 33 ff 33 33  |..........333.33|
0018ada0  33 ff 33 33 33 ff 33 33  33 ff 33 33 33 ff 33 33  |3.333.333.333.33|
*
0018add0  33 ff 33 33 33 ff 33 33  33 ff 00 00 00 00 00 00  |3.333.333.......|
0018ade0  00 00 00 00 00 00 00 00  00 00 00 00 00 00 00 00  |................|
*
0018afd0  00 00 00 00 00 00 00 00  00 00 00 00 00 00 33 33  |..............33|
0018afe0  33 ff 33 33 33 ff 33 33  33 ff 33 33 33 ff 33 33  |3.333.333.333.33|
*
0018b010  33 ff 33 33 33 ff 33 33  33 ff 00 00 00 00 00 00  |3.333.333.......|
0018b020  00 00 00 00 00 00 00 00  00 00 00 00 00 00 00 00  |................|
*
0018b590  00 00 00 00 00 00 00 00  00 00 33 33 33 ff 33 33  |..........333.33|
0018b5a0  33 ff 33 33 33 ff 33 33  33 ff 33 33 33 ff 33 33  |3.333.333.333.33|
*
0018b5d0  33 ff 33 33 33 ff 33 33  33 ff 00 00 00 00 00 00  |3.333.333.......|
0018b5e0  00 00 00 00 00 00 00 00  00 00 00 00 00 00 00 00  |................|
*
0018b7d0  00 00 00 00 00 00 00 00  00 00 00 00 00 00 33 33  |..............33|
0018b7e0  33 ff 33 33 33 ff 33 33  33 ff 33 33 33 ff 33 33  |3.333.333.333.33|
*
0018b810  33 ff 33 33 33 ff 33 33  33 ff 00 00 00 00 00 00  |3.333.333.......|
0018b820  00 00 00 00 00 00 00 00  00 00 00 00 00 00 00 00  |................|
*
0018bd90  00 00 00 00 00 00 33 33  33 45 33 33 33 ff 33 33  |......333E333.33|
0018bda0  33 ff 33 33 33 ff 33 33  33 ff 33 33 33 ff 33 33  |3.333.333.333.33|
*
0018bdd0  33 ff 33 33 33 ff 33 33  33 ff 00 00 00 00 00 00  |3.333.333.......|
0018bde0  00 00 00 00 00 00 00 00  00 00 00 00 00 00 00 00  |................|
*
0018bfd0  00 00 00 00 00 00 00 00  00 00 00 00 00 00 33 33  |..............33|
0018bfe0  33 ff 33 33 33 ff 33 33  33 ff 33 33 33 ff 33 33  |3.333.333.333.33|
*
0018c010  33 ff 33 33 33 ff 33 33  33 ff 00 00 00 00 00 00  |3.333.333.......|
0018c020  00 00 00 00 00 00 00 00  00 00 00 00 00 00 00 00  |................|
*
0018c590  00 00 31 31 31 29 33 33  33 ef 33 33 33 ff 33 33  |..111)333.333.33|
0018c5a0  33 ff 33 33 33 ff 33 33  33 ff 33 33 33 ff 33 33  |3.333.333.333.33|
*
0018c5d0  33 ff 33 33 33 ff 33 33  33 ff 00 00 00 00 00 00  |3.333.333.......|
0018c5e0  00 00 00 00 00 00 00 00  00 00 00 00 00 00 00 00  |................|
*
0018c7d0  00 00 00 00 00 00 00 00  00 00 00 00 00 00 33 33  |..............33|
0018c7e0  33 ff 33 33 33 ff 33 33  33 ff 33 33 33 ff 33 33  |3.333.333.333.33|
*
0018c810  33 ff 33 33 33 ff 33 33  33 ff 00 00 00 00 00 00  |3.333.333.......|
0018c820  00 00 00 00 00 00 00 00  00 00 00 00 00 00 00 00  |................|
*
0018cd80  00 00 00 00 00 00 00 00  00 00 00 00 00 00 33 33  |..............33|
0018cd90  33 14 33 33 33 db 33 33  33 ff 33 33 33 ff 33 33  |3.333.333.333.33|
0018cda0  33 ff 33 33 33 ff 33 33  33 ff 33 33 33 ff 33 33  |3.333.333.333.33|
*
0018cdd0  33 ff 33 33 33 ff 33 33  33 ff 00 00 00 00 00 00  |3.333.333.......|
0018cde0  00 00 00 00 00 00 00 00  00 00 00 00 00 00 00 00  |................|
*
0018cfd0  00 00 00 00 00 00 00 00  00 00 00 00 00 00 33 33  |..............33|
0018cfe0  33 ff 33 33 33 ff 33 33  33 ff 33 33 33 ff 33 33  |3.333.333.333.33|
*
0018d010  33 ff 33 33 33 ff 33 33  33 ff 00 00 00 00 00 00  |3.333.333.......|
0018d020  00 00 00 00 00 00 00 00  00 00 00 00 00 00 00 00  |................|
*
0018d580  00 00 00 00 00 00 00 00  00 00 3f 3f 3f 08 33 33  |..........???.33|
0018d590  33 c6 33 33 33 ff 33 33  33 ff 33 33 33 ff 33 33  |3.333.333.333.33|
0018d5a0  33 ff 33 33 33 ff 33 33  33 ff 33 33 33 ff 33 33  |3.333.333.333.33|
*
0018d5d0  33 ff 33 33 33 ff 33 33  33 ff 00 00 00 00 00 00  |3.333.333.......|
0018d5e0  00 00 00 00 00 00 00 00  00 00 00 00 00 00 00 00  |................|
*
0018d7d0  00 00 00 00 00 00 00 00  00 00 00 00 00 00 33 33  |..............33|
0018d7e0  33 ff 33 33 33 ff 33 33  33 ff 33 33 33 ff 33 33  |3.333.333.333.33|
*
0018d810  33 ff 33 33 33 ff 33 33  33 ff 00 00 00 00 00 00  |3.333.333.......|
0018d820  00 00 00 00 00 00 00 00  00 00 00 00 00 00 00 00  |................|
*
0018dd80  00 00 00 00 00 00 00 00  00 01 33 33 33 a5 33 33  |..........333.33|
0018dd90  33 ff 33 33 33 ff 33 33  33 ff 33 33 33 ff 33 33  |3.333.333.333.33|
*
0018ddd0  33 ff 33 33 33 ff 33 33  33 ff 00 00 00 00 00 00  |3.333.333.......|
0018dde0  00 00 00 00 00 00 00 00  00 00 00 00 00 00 00 00  |................|
*
0018dfd0  00 00 00 00 00 00 00 00  00 00 00 00 00 00 33 33  |..............33|
0018dfe0  33 ff 33 33 33 ff 33 33  33 ff 33 33 33 ff 33 33  |3.333.333.333.33|
*
0018e010  33 ff 33 33 33 ff 33 33  33 ff 00 00 00 00 00 00  |3.333.333.......|
0018e020  00 00 00 00 00 00 00 00  00 00 00 00 00 00 00 00  |................|
*
0018e470  00 00 3f 3f 3f 04 31 31  31 39 32 32 32 70 32 32  |..???.1119222p22|
0018e480  32 97 33 33 33 bc 33 33  33 db 32 32 32 e8 33 33  |2.333.333.222.33|
0018e490  33 f4 33 33 33 ff 33 33  33 ff 33 33 33 ff 33 33  |3.333.333.333.33|
0018e4a0  33 ff 33 33 33 ff 33 33  33 ff 33 33 33 ff 33 33  |3.333.333.333.33|
*
0018e5d0  33 ff 33 33 33 ff 33 33  33 ff 00 00 00 00 00 00  |3.333.333.......|
0018e5e0  00 00 00 00 00 00 00 00  00 00 00 00 00 00 00 00  |................|
*
0018e7d0  00 00 00 00 00 00 00 00  00 00 00 00 00 00 33 33  |..............33|
0018e7e0  33 ff 33 33 33 ff 33 33  33 ff 33 33 33 ff 33 33  |3.333.333.333.33|
*
0018e810  33 ff 33 33 33 ff 33 33  33 ff 00 00 00 00 00 00  |3.333.333.......|
0018e820  00 00 00 00 00 00 00 00  00 00 00 00 00 00 00 00  |................|
*
0018ec60  00 00 00 00 00 00 33 33  33 0f 31 31 31 61 32 32  |......333.111a22|
0018ec70  32 b6 33 33 33 f3 33 33  33 ff 33 33 33 ff 33 33  |2.333.333.333.33|
0018ec80  33 ff 33 33 33 ff 33 33  33 ff 33 33 33 ff 33 33  |3.333.333.333.33|
*
0018edd0  33 ff 33 33 33 ff 33 33  33 df 00 00 00 00 00 00  |3.333.333.......|
0018ede0  00 00 00 00 00 00 00 00  00 00 00 00 00 00 00 00  |................|
*
0018efd0  00 00 00 00 00 00 00 00  00 00 00 00 00 00 33 33  |..............33|
0018efe0  33 ff 33 33 33 ff 33 33  33 ff 33 33 33 ff 33 33  |3.333.333.333.33|
*
0018f010  33 ff 33 33 33 ff 33 33  33 ff 00 00 00 00 00 00  |3.333.333.......|
0018f020  00 00 00 00 00 00 00 00  00 00 00 00 00 00 00 00  |................|
*
0018f450  00 00 00 00 00 00 00 00  00 00 00 00 00 00 32 32  |..............22|
0018f460  32 33 33 33 33 a8 32 32  32 f7 33 33 33 ff 33 33  |23333.222.333.33|
0018f470  33 ff 33 33 33 ff 33 33  33 ff 33 33 33 ff 33 33  |3.333.333.333.33|
*
0018f5d0  33 ff 32 32 32 de 31 31  31 1f 00 00 00 00 00 00  |3.222.111.......|
0018f5e0  00 00 00 00 00 00 00 00  00 00 00 00 00 00 00 00  |................|
*
0018f7d0  00 00 00 00 00 00 00 00  00 00 00 00 00 00 33 33  |..............33|
0018f7e0  33 ff 33 33 33 ff 33 33  33 ff 33 33 33 ff 33 33  |3.333.333.333.33|
*
0018f810  33 ff 33 33 33 ff 33 33  33 ff 00 00 00 00 00 00  |3.333.333.......|
0018f820  00 00 00 00 00 00 00 00  00 00 00 00 00 00 00 00  |................|
*
0018fc50  00 00 00 00 00 00 33 33  33 37 32 32 32 ba 33 33  |......3337222.33|
0018fc60  33 ff 33 33 33 ff 33 33  33 ff 33 33 33 ff 33 33  |3.333.333.333.33|
*
0018fdc0  33 ff 33 33 33 ff 33 33  33 ff 33 33 33 ff 32 32  |3.333.333.333.22|
0018fdd0  32 de 31 31 31 1f 00 00  00 00 00 00 00 00 00 00  |2.111...........|
0018fde0  00 00 00 00 00 00 00 00  00 00 00 00 00 00 00 00  |................|
*
0018ffd0  00 00 00 00 00 00 00 00  00 00 00 00 00 00 33 33  |..............33|
0018ffe0  33 ff 33 33 33 ff 33 33  33 ff 33 33 33 ff 33 33  |3.333.333.333.33|
*
00190010  33 ff 33 33 33 ff 33 33  33 ff 00 00 00 00 00 00  |3.333.333.......|
00190020  00 00 00 00 00 00 00 00  00 00 00 00 00 00 00 00  |................|
*
00190440  00 00 00 00 00 00 00 00  00 00 00 00 00 00 35 35  |..............55|
00190450  35 13 33 33 33 91 33 33  33 fd 33 33 33 ff 33 33  |5.333.333.333.33|
00190460  33 ff 33 33 33 ff 33 33  33 ff 33 33 33 ff 33 33  |3.333.333.333.33|
*
001905c0  33 ff 33 33 33 ff 33 33  33 ff 33 33 33 e0 36 36  |3.333.333.333.66|
001905d0  36 21 00 00 00 00 00 00  00 00 00 00 00 00 00 00  |6!..............|
001905e0  00 00 00 00 00 00 00 00  00 00 00 00 00 00 00 00  |................|
*
001907d0  00 00 00 00 00 00 00 00  00 00 00 00 00 00 33 33  |..............33|
001907e0  33 ff 33 33 33 ff 33 33  33 ff 33 33 33 ff 33 33  |3.333.333.333.33|
*
00190810  33 ff 33 33 33 ff 33 33  33 ff 00 00 00 00 00 00  |3.333.333.......|
00190820  00 00 00 00 00 00 00 00  00 00 00 00 00 00 00 00  |................|
*
00190c40  00 00 00 00 00 00 00 00  00 00 33 33 33 50 32 32  |..........333P22|
00190c50  32 ed 33 33 33 ff 33 33  33 ff 33 33 33 ff 33 33  |2.333.333.333.33|
00190c60  33 ff 33 33 33 ff 33 33  33 ff 33 33 33 ff 33 33  |3.333.333.333.33|
*
00190dc0  33 ff 33 33 33 ff 33 33  33 dc 34 34 34 1d 00 00  |3.333.333.444...|
00190dd0  00 00 00 00 00 00 00 00  00 00 00 00 00 00 00 00  |................|
*
00190fd0  00 00 00 00 00 00 00 00  00 00 00 00 00 00 33 33  |..............33|
00190fe0  33 ff 33 33 33 ff 33 33  33 ff 33 33 33 ff 33 33  |3.333.333.333.33|
*
00191010  33 ff 33 33 33 ff 33 33  33 ff 00 00 00 00 00 00  |3.333.333.......|
00191020  00 00 00 00 00 00 00 00  00 00 00 00 00 00 00 00  |................|
*
00191440  00 00 2a 2a 2a 06 33 33  33 94 33 33 33 ff 33 33  |..***.333.333.33|
00191450  33 ff 33 33 33 ff 33 33  33 ff 33 33 33 ff 33 33  |3.333.333.333.33|
*
001915c0  33 ff 33 33 33 dc 34 34  34 1d 00 00 00 00 00 00  |3.333.444.......|
001915d0  00 00 00 00 00 00 00 00  00 00 00 00 00 00 00 00  |................|
*
001917d0  00 00 00 00 00 00 00 00  00 00 00 00 00 00 33 33  |..............33|
001917e0  33 ff 33 33 33 ff 33 33  33 ff 33 33 33 ff 33 33  |3.333.333.333.33|
*
00191810  33 ff 33 33 33 ff 33 33  33 ff 00 00 00 00 00 00  |3.333.333.......|
00191820  00 00 00 00 00 00 00 00  00 00 00 00 00 00 00 00  |................|
*
00191c30  00 00 00 00 00 00 00 00  00 00 00 00 00 00 2a 2a  |..............**|
00191c40  2a 0c 33 33 33 b8 33 33  33 ff 33 33 33 ff 33 33  |*.333.333.333.33|
00191c50  33 ff 33 33 33 ff 33 33  33 ff 33 33 33 ff 33 33  |3.333.333.333.33|
*
00191dc0  33 df 2f 2f 2f 20 00 00  00 00 00 00 00 00 00 00  |3./// ..........|
00191dd0  00 00 00 00 00 00 00 00  00 00 00 00 00 00 00 00  |................|
*
00191fd0  00 00 00 00 00 00 00 00  00 00 00 00 00 00 33 33  |..............33|
00191fe0  33 ff 33 33 33 ff 33 33  33 ff 33 33 33 ff 33 33  |3.333.333.333.33|
*
00192010  33 ff 33 33 33 ff 33 33  33 ff 00 00 00 00 00 00  |3.333.333.......|
00192020  00 00 00 00 00 00 00 00  00 00 00 00 00 00 00 00  |................|
*
00192430  00 00 00 00 00 00 00 00  00 00 35 35 35 18 33 33  |..........555.33|
00192440  33 d1 33 33 33 ff 33 33  33 ff 33 33 33 ff 33 33  |3.333.333.333.33|
00192450  33 ff 33 33 33 ff 33 33  33 ff 33 33 33 ff 33 33  |3.333.333.333.33|
*
001925b0  33 ff 33 33 33 ff 33 33  33 ff 33 33 33 da 36 36  |3.333.333.333.66|
001925c0  36 1c 00 00 00 00 00 00  00 00 00 00 00 00 00 00  |6...............|
001925d0  00 00 00 00 00 00 00 00  00 00 00 00 00 00 00 00  |................|
*
001927d0  00 00 00 00 00 00 00 00  00 00 00 00 00 00 33 33  |..............33|
001927e0  33 ff 33 33 33 ff 33 33  33 ff 33 33 33 ff 33 33  |3.333.333.333.33|
*
00192810  33 ff 33 33 33 ff 33 33  33 ff 00 00 00 00 00 00  |3.333.333.......|
00192820  00 00 00 00 00 00 00 00  00 00 00 00 00 00 00 00  |................|
*
00192c30  00 00 00 00 00 00 33 33  33 0f 32 32 32 ce 33 33  |......333.222.33|
00192c40  33 ff 33 33 33 ff 33 33  33 ff 33 33 33 ff 33 33  |3.333.333.333.33|
*
00192db0  33 ff 33 33 33 ff 33 33  33 da 2f 2f 2f 1b 00 00  |3.333.333.///...|
00192dc0  00 00 00 00 00 00 00 00  00 00 00 00 00 00 00 00  |................|
*
00192fd0  00 00 00 00 00 00 00 00  00 00 00 00 00 00 33 33  |..............33|
00192fe0  33 ff 33 33 33 ff 33 33  33 ff 33 33 33 ff 33 33  |3.333.333.333.33|
*
00193010  33 ff 33 33 33 ff 33 33  33 ff 00 00 00 00 00 00  |3.333.333.......|
00193020  00 00 00 00 00 00 00 00  00 00 00 00 00 00 00 00  |................|
*
00193430  00 00 38 38 38 09 32 32  32 c5 33 33 33 ff 33 33  |..888.222.333.33|
00193440  33 ff 33 33 33 ff 33 33  33 ff 33 33 33 ff 33 33  |3.333.333.333.33|
*
001935b0  33 ff 32 32 32 d9 31 31  31 1a 00 00 00 00 00 00  |3.222.111.......|
001935c0  00 00 00 00 00 00 00 00  00 00 00 00 00 00 00 00  |................|
*
001937d0  00 00 00 00 00 00 00 00  00 00 00 00 00 00 33 33  |..............33|
001937e0  33 ff 33 33 33 ff 33 33  33 ff 33 33 33 ff 33 33  |3.333.333.333.33|
*
00193810  33 ff 33 33 33 ff 33 33  33 ff 00 00 00 00 00 00  |3.333.333.......|
00193820  00 00 00 00 00 00 00 00  00 00 00 00 00 00 00 00  |................|
*
00193c30  00 00 33 33 33 9e 33 33  33 ff 33 33 33 ff 33 33  |..333.333.333.33|
00193c40  33 ff 33 33 33 ff 33 33  33 ff 33 33 33 ff 33 33  |3.333.333.333.33|
*
00193da0  33 ff 33 33 33 ff 33 33  33 ff 33 33 33 ff 32 32  |3.333.333.333.22|
00193db0  32 d9 2f 2f 2f 1b 00 00  00 00 00 00 00 00 00 00  |2.///...........|
00193dc0  00 00 00 00 00 00 00 00  00 00 00 00 00 00 00 00  |................|
*
00193fd0  00 00 00 00 00 00 00 00  00 00 00 00 00 00 33 33  |..............33|
00193fe0  33 ff 33 33 33 ff 33 33  33 ff 33 33 33 ff 33 33  |3.333.333.333.33|
*
00194010  33 ff 33 33 33 ff 33 33  33 ff 00 00 00 00 00 00  |3.333.333.......|
00194020  00 00 00 00 00 00 00 00  00 00 00 00 00 00 00 00  |................|
*
00194420  00 00 00 00 00 00 00 00  00 00 00 00 00 00 34 34  |..............44|
00194430  34 62 33 33 33 ff 33 33  33 ff 33 33 33 ff 33 33  |4b333.333.333.33|
00194440  33 ff 33 33 33 ff 33 33  33 ff 33 33 33 ff 33 33  |3.333.333.333.33|
*
001945a0  33 ff 33 33 33 ff 33 33  33 ff 32 32 32 d9 31 31  |3.333.333.222.11|
001945b0  31 1a 00 00 00 00 00 00  00 00 00 00 00 00 00 00  |1...............|
001945c0  00 00 00 00 00 00 00 00  00 00 00 00 00 00 00 00  |................|
*
001947d0  00 00 00 00 00 00 00 00  00 00 00 00 00 00 33 33  |..............33|
001947e0  33 ff 33 33 33 ff 33 33  33 ff 33 33 33 ff 33 33  |3.333.333.333.33|
*
00194810  33 ff 33 33 33 ff 33 33  33 ff 00 00 00 00 00 00  |3.333.333.......|
00194820  00 00 00 00 00 00 00 00  00 00 00 00 00 00 00 00  |................|
*
00194c20  00 00 00 00 00 00 00 00  00 00 2f 2f 2f 20 33 33  |........../// 33|
00194c30  33 f5 33 33 33 ff 33 33  33 ff 33 33 33 ff 33 33  |3.333.333.333.33|
00194c40  33 ff 33 33 33 ff 33 33  33 ff 33 33 33 ff 33 33  |3.333.333.333.33|
*
00194da0  33 ff 33 33 33 ff 33 33  33 d7 33 33 33 19 00 00  |3.333.333.333...|
00194db0  00 00 00 00 00 00 00 00  00 00 00 00 00 00 00 00  |................|
*
00194fd0  00 00 00 00 00 00 00 00  00 00 00 00 00 00 33 33  |..............33|
00194fe0  33 ff 33 33 33 ff 33 33  33 ff 33 33 33 ff 33 33  |3.333.333.333.33|
*
00195010  33 ff 33 33 33 ff 33 33  33 ff 00 00 00 00 00 00  |3.333.333.......|
00195020  00 00 00 00 00 00 00 00  00 00 00 00 00 00 00 00  |................|
*
00195420  00 00 00 00 00 00 00 00  00 00 33 33 33 b2 33 33  |..........333.33|
00195430  33 ff 33 33 33 ff 33 33  33 ff 33 33 33 ff 33 33  |3.333.333.333.33|
*
001955a0  33 ff 32 32 32 d8 31 31  31 1a 00 00 00 00 00 00  |3.222.111.......|
001955b0  00 00 00 00 00 00 00 00  00 00 00 00 00 00 00 00  |................|
*
001957d0  00 00 00 00 00 00 00 00  00 00 00 00 00 00 33 33  |..............33|
001957e0  33 ff 33 33 33 ff 33 33  33 ff 33 33 33 ff 33 33  |3.333.333.333.33|
*
00195810  33 ff 33 33 33 ff 33 33  33 ff 00 00 00 00 00 00  |3.333.333.......|
00195820  00 00 00 00 00 00 00 00  00 00 00 00 00 00 00 00  |................|
*
00195c20  00 00 00 00 00 00 34 34  34 4e 33 33 33 ff 33 33  |......444N333.33|
00195c30  33 ff 33 33 33 ff 33 33  33 ff 33 33 33 ff 33 33  |3.333.333.333.33|
*
00195c80  33 d0 33 33 33 85 31 31  31 43 33 33 33 1e 2e 2e  |3.333.111C333...|
00195c90  2e 0b 00 00 00 00 00 00  00 00 00 00 00 00 00 00  |................|
00195ca0  00 00 00 00 00 00 00 00  00 00 00 00 00 00 00 00  |................|
*
00195d40  00 00 2f 2f 2f 20 33 33  33 df 33 33 33 ff 33 33  |../// 333.333.33|
00195d50  33 ff 33 33 33 ff 33 33  33 ff 33 33 33 ff 33 33  |3.333.333.333.33|
*
00195da0  33 d5 35 35 35 18 00 00  00 00 00 00 00 00 00 00  |3.555...........|
00195db0  00 00 00 00 00 00 00 00  00 00 00 00 00 00 00 00  |................|
*
00195fd0  00 00 00 00 00 00 00 00  00 00 00 00 00 00 33 33  |..............33|
00195fe0  33 ff 33 33 33 ff 33 33  33 ff 33 33 33 ff 33 33  |3.333.333.333.33|
*
00196010  33 ff 33 33 33 ff 33 33  33 ff 00 00 00 00 00 00  |3.333.333.......|
00196020  00 00 00 00 00 00 00 00  00 00 00 00 00 00 00 00  |................|
*
00196420  00 00 00 00 00 01 32 32  32 ce 33 33 33 ff 33 33  |......222.333.33|
00196430  33 ff 33 33 33 ff 33 33  33 ff 33 33 33 ff 33 33  |3.333.333.333.33|
*
00196470  33 ff 32 32 32 fb 33 33  33 9b 34 34 34 22 00 00  |3.222.333.444"..|
00196480  00 00 00 00 00 00 00 00  00 00 00 00 00 00 00 00  |................|
*
00196530  00 00 00 00 00 00 00 00  00 00 00 00 00 00 36 36  |..............66|
00196540  36 21 33 33 33 e0 33 33  33 ff 33 33 33 ff 33 33  |6!333.333.333.33|
00196550  33 ff 33 33 33 ff 33 33  33 ff 33 33 33 ff 33 33  |3.333.333.333.33|
*
00196590  33 ff 33 33 33 ff 33 33  33 ff 33 33 33 d5 37 37  |3.333.333.333.77|
001965a0  37 17 00 00 00 00 00 00  00 00 00 00 00 00 00 00  |7...............|
001965b0  00 00 00 00 00 00 00 00  00 00 00 00 00 00 00 00  |................|
*
001967d0  00 00 00 00 00 00 00 00  00 00 00 00 00 00 33 33  |..............33|
001967e0  33 ff 33 33 33 ff 33 33  33 ff 33 33 33 ff 33 33  |3.333.333.333.33|
*
00196810  33 ff 33 33 33 ff 33 33  33 ff 00 00 00 00 00 00  |3.333.333.......|
00196820  00 00 00 00 00 00 00 00  00 00 00 00 00 00 00 00  |................|
*
00196c20  00 00 32 32 32 4c 33 33  33 ff 33 33 33 ff 33 33  |..222L333.333.33|
00196c30  33 ff 33 33 33 ff 33 33  33 ff 33 33 33 ff 33 33  |3.333.333.333.33|
*
00196c70  33 b8 30 30 30 25 00 00  00 00 00 00 00 00 00 00  |3.000%..........|
00196c80  00 00 00 00 00 00 00 00  00 00 00 00 00 00 00 00  |................|
*
00196d30  00 00 00 00 00 00 00 00  00 00 34 34 34 22 33 33  |..........444"33|
00196d40  33 e1 33 33 33 ff 33 33  33 ff 33 33 33 ff 33 33  |3.333.333.333.33|
00196d50  33 ff 33 33 33 ff 33 33  33 ff 33 33 33 ff 33 33  |3.333.333.333.33|
*
00196d90  33 ff 33 33 33 ff 32 32  32 d4 37 37 37 17 00 00  |3.333.222.777...|
00196da0  00 00 00 00 00 00 00 00  00 00 00 00 00 00 00 00  |................|
*
00196fd0  00 00 00 00 00 00 00 00  00 00 00 00 00 00 33 33  |..............33|
00196fe0  33 ff 33 33 33 ff 33 33  33 ff 33 33 33 ff 33 33  |3.333.333.333.33|
*
00197010  33 ff 33 33 33 ff 33 33  33 ff 00 00 00 00 00 00  |3.333.333.......|
00197020  00 00 00 00 00 00 00 00  00 00 00 00 00 00 00 00  |................|
*
00197420  00 00 33 33 33 be 33 33  33 ff 33 33 33 ff 33 33  |..333.333.333.33|
00197430  33 ff 33 33 33 ff 33 33  33 ff 33 33 33 ff 33 33  |3.333.333.333.33|
*
00197460  33 ff 33 33 33 ff 33 33  33 fe 32 32 32 83 00 00  |3.333.333.222...|
00197470  00 02 00 00 00 00 00 00  00 00 00 00 00 00 00 00  |................|
00197480  00 00 00 00 00 00 00 00  00 00 00 00 00 00 00 00  |................|
*
00197530  00 00 00 00 00 00 33 33  33 23 32 32 32 e2 33 33  |......333#222.33|
00197540  33 ff 33 33 33 ff 33 33  33 ff 33 33 33 ff 33 33  |3.333.333.333.33|
*
00197590  33 ff 32 32 32 d3 2e 2e  2e 16 00 00 00 00 00 00  |3.222...........|
001975a0  00 00 00 00 00 00 00 00  00 00 00 00 00 00 00 00  |................|
*
001977d0  00 00 00 00 00 00 00 00  00 00 00 00 00 00 33 33  |..............33|
001977e0  33 ff 33 33 33 ff 33 33  33 ff 33 33 33 ff 33 33  |3.333.333.333.33|
*
00197810  33 ff 33 33 33 ff 33 33  33 ff 00 00 00 00 00 00  |3.333.333.......|
00197820  00 00 00 00 00 00 00 00  00 00 00 00 00 00 00 00  |................|
*
00197c10  00 00 00 00 00 00 00 00  00 00 00 00 00 00 2f 2f  |..............//|
00197c20  2f 20 33 33 33 fd 33 33  33 ff 33 33 33 ff 33 33  |/ 333.333.333.33|
00197c30  33 ff 33 33 33 ff 33 33  33 ff 33 33 33 ff 33 33  |3.333.333.333.33|
*
00197c60  33 ff 33 33 33 fe 31 31  31 5c 00 00 00 00 00 00  |3.333.111\......|
00197c70  00 00 00 00 00 00 00 00  00 00 00 00 00 00 00 00  |................|
*
00197d30  00 00 31 31 31 24 32 32  32 e3 33 33 33 ff 33 33  |..111$222.333.33|
00197d40  33 ff 33 33 33 ff 33 33  33 ff 33 33 33 ff 33 33  |3.333.333.333.33|
*
00197d90  33 d2 30 30 30 15 00 00  00 00 00 00 00 00 00 00  |3.000...........|
00197da0  00 00 00 00 00 00 00 00  00 00 00 00 00 00 00 00  |................|
*
00197fd0  00 00 00 00 00 00 00 00  00 00 00 00 00 00 33 33  |..............33|
00197fe0  33 ff 33 33 33 ff 33 33  33 ff 33 33 33 ff 33 33  |3.333.333.333.33|
*
00198010  33 ff 33 33 33 ff 33 33  33 ff 00 00 00 00 00 00  |3.333.333.......|
00198020  00 00 00 00 00 00 00 00  00 00 00 00 00 00 00 00  |................|
*
00198410  00 00 00 00 00 00 00 00  00 00 00 00 00 00 33 33  |..............33|
00198420  33 7d 33 33 33 ff 33 33  33 ff 33 33 33 ff 33 33  |3}333.333.333.33|
00198430  33 ff 33 33 33 ff 33 33  33 ff 33 33 33 ff 33 33  |3.333.333.333.33|
*
00198460  33 ff 32 32 32 7a 00 00  00 00 00 00 00 00 00 00  |3.222z..........|
00198470  00 00 00 00 00 00 00 00  00 00 00 00 00 00 00 00  |................|
*
00198520  00 00 00 00 00 00 00 00  00 00 00 00 00 00 30 30  |..............00|
00198530  30 25 32 32 32 e3 33 33  33 ff 33 33 33 ff 33 33  |0%222.333.333.33|
00198540  33 ff 33 33 33 ff 33 33  33 ff 33 33 33 ff 33 33  |3.333.333.333.33|
*
00198580  33 ff 33 33 33 ff 33 33  33 ff 33 33 33 d2 30 30  |3.333.333.333.00|
00198590  30 15 00 00 00 00 00 00  00 00 00 00 00 00 00 00  |0...............|
001985a0  00 00 00 00 00 00 00 00  00 00 00 00 00 00 00 00  |................|
*
001987d0  00 00 00 00 00 00 00 00  00 00 00 00 00 00 33 33  |..............33|
001987e0  33 ff 33 33 33 ff 33 33  33 ff 33 33 33 ff 33 33  |3.333.333.333.33|
*
00198810  33 ff 33 33 33 ff 33 33  33 ff 00 00 00 00 00 00  |3.333.333.......|
00198820  00 00 00 00 00 00 00 00  00 00 00 00 00 00 00 00  |................|
*
00198c10  00 00 00 00 00 00 00 00  00 00 00 00 00 00 33 33  |..............33|
00198c20  33 cb 33 33 33 ff 33 33  33 ff 33 33 33 ff 33 33  |3.333.333.333.33|
00198c30  33 ff 33 33 33 ff 33 33  33 ff 33 33 33 ff 33 33  |3.333.333.333.33|
*
00198c60  33 a8 00 00 00 00 00 00  00 00 00 00 00 00 00 00  |3...............|
00198c70  00 00 00 00 00 00 00 00  00 00 00 00 00 00 00 00  |................|
*
00198d20  00 00 00 00 00 00 00 00  00 00 35 35 35 26 33 33  |..........555&33|
00198d30  33 e4 33 33 33 ff 33 33  33 ff 33 33 33 ff 33 33  |3.333.333.333.33|
00198d40  33 ff 33 33 33 ff 33 33  33 ff 33 33 33 ff 33 33  |3.333.333.333.33|
*
00198d80  33 ff 33 33 33 ff 33 33  33 d1 33 33 33 14 00 00  |3.333.333.333...|
00198d90  00 00 00 00 00 00 00 00  00 00 00 00 00 00 00 00  |................|
*
00198fd0  00 00 00 00 00 00 00 00  00 00 00 00 00 00 33 33  |..............33|
00198fe0  33 ff 33 33 33 ff 33 33  33 ff 33 33 33 ff 33 33  |3.333.333.333.33|
*
00199010  33 ff 33 33 33 ff 33 33  33 ff 00 00 00 00 00 00  |3.333.333.......|
00199020  00 00 00 00 00 00 00 00  00 00 00 00 00 00 00 00  |................|
*
00199410  00 00 00 00 00 00 00 00  00 00 2f 2f 2f 10 32 32  |..........///.22|
00199420  32 fc 33 33 33 ff 33 33  33 ff 33 33 33 ff 33 33  |2.333.333.333.33|
00199430  33 ff 33 33 33 ff 33 33  33 ff 33 33 33 ff 33 33  |3.333.333.333.33|
*
00199450  33 ff 33 33 33 ff 33 33  33 ff 32 32 32 f6 34 34  |3.333.333.222.44|
00199460  34 1d 00 00 00 00 00 00  00 00 00 00 00 00 00 00  |4...............|
00199470  00 00 00 00 00 00 00 00  00 00 00 00 00 00 00 00  |................|
*
00199520  00 00 00 00 00 00 35 35  35 26 33 33 33 e4 33 33  |......555&333.33|
00199530  33 ff 33 33 33 ff 33 33  33 ff 33 33 33 ff 33 33  |3.333.333.333.33|
*
00199580  33 ff 33 33 33 d0 33 33  33 14 00 00 00 00 00 00  |3.333.333.......|
00199590  00 00 00 00 00 00 00 00  00 00 00 00 00 00 00 00  |................|
*
001997d0  00 00 00 00 00 00 00 00  00 00 00 00 00 00 33 33  |..............33|
001997e0  33 ff 33 33 33 ff 33 33  33 ff 33 33 33 ff 33 33  |3.333.333.333.33|
*
00199810  33 ff 33 33 33 ff 33 33  33 ff 00 00 00 00 00 00  |3.333.333.......|
00199820  00 00 00 00 00 00 00 00  00 00 00 00 00 00 00 00  |................|
*
00199c10  00 00 00 00 00 00 00 00  00 00 33 33 33 4f 33 33  |..........333O33|
00199c20  33 ff 33 33 33 ff 33 33  33 ff 33 33 33 ff 33 33  |3.333.333.333.33|
*
00199c50  33 ff 33 33 33 ff 33 33  33 ff 33 33 33 80 00 00  |3.333.333.333...|
00199c60  00 00 00 00 00 00 00 00  00 00 00 00 00 00 00 00  |................|
*
00199d20  00 00 33 33 33 28 33 33  33 e6 33 33 33 ff 33 33  |..333(333.333.33|
00199d30  33 ff 33 33 33 ff 33 33  33 ff 33 33 33 ff 33 33  |3.333.333.333.33|
*
00199d70  33 ff 33 33 33 ff 33 33  33 ff 33 33 33 ff 32 32  |3.333.333.333.22|
00199d80  32 cf 35 35 35 13 00 00  00 00 00 00 00 00 00 00  |2.555...........|
00199d90  00 00 00 00 00 00 00 00  00 00 00 00 00 00 00 00  |................|
*
00199fd0  00 00 00 00 00 00 00 00  00 00 00 00 00 00 33 33  |..............33|
00199fe0  33 ff 33 33 33 ff 33 33  33 ff 33 33 33 ff 33 33  |3.333.333.333.33|
*
0019a010  33 ff 33 33 33 ff 33 33  33 ff 00 00 00 00 00 00  |3.333.333.......|
0019a020  00 00 00 00 00 00 00 00  00 00 00 00 00 00 00 00  |................|
*
0019a410  00 00 00 00 00 00 00 00  00 00 32 32 32 7f 33 33  |..........222.33|
0019a420  33 ff 33 33 33 ff 33 33  33 ff 33 33 33 ff 33 33  |3.333.333.333.33|
*
0019a450  33 ff 33 33 33 ff 32 32  32 f7 2f 2f 2f 10 00 00  |3.333.222.///...|
0019a460  00 00 00 00 00 00 00 00  00 00 00 00 00 00 00 00  |................|
*
0019a510  00 00 00 00 00 00 00 00  00 00 00 00 00 00 34 34  |..............44|
0019a520  34 27 33 33 33 e5 33 33  33 ff 33 33 33 ff 33 33  |4'333.333.333.33|
0019a530  33 ff 33 33 33 ff 33 33  33 ff 33 33 33 ff 33 33  |3.333.333.333.33|
*
0019a570  33 ff 33 33 33 ff 33 33  33 ff 33 33 33 d0 33 33  |3.333.333.333.33|
0019a580  33 14 00 00 00 00 00 00  00 00 00 00 00 00 00 00  |3...............|
0019a590  00 00 00 00 00 00 00 00  00 00 00 00 00 00 00 00  |................|
*
0019a7d0  00 00 00 00 00 00 00 00  00 00 00 00 00 00 33 33  |..............33|
0019a7e0  33 ff 33 33 33 ff 33 33  33 ff 33 33 33 ff 33 33  |3.333.333.333.33|
*
0019a810  33 ff 33 33 33 ff 33 33  33 ff 00 00 00 00 00 00  |3.333.333.......|
0019a820  00 00 00 00 00 00 00 00  00 00 00 00 00 00 00 00  |................|
*
0019ac10  00 00 00 00 00 00 00 00  00 00 32 32 32 a6 33 33  |..........222.33|
0019ac20  33 ff 33 33 33 ff 33 33  33 ff 33 33 33 ff 33 33  |3.333.333.333.33|
*
0019ac50  33 ff 33 33 33 ff 33 33  33 aa 00 00 00 00 00 00  |3.333.333.......|
0019ac60  00 00 00 00 00 00 00 00  00 00 00 00 00 00 00 00  |................|
*
0019ad10  00 00 00 00 00 00 00 00  00 00 30 30 30 2a 32 32  |..........000*22|
0019ad20  32 e8 33 33 33 ff 33 33  33 ff 33 33 33 ff 33 33  |2.333.333.333.33|
0019ad30  33 ff 33 33 33 ff 33 33  33 ff 33 33 33 ff 33 33  |3.333.333.333.33|
*
0019ad70  33 ff 33 33 33 ff 32 32  32 ce 38 38 38 12 00 00  |3.333.222.888...|
0019ad80  00 00 00 00 00 00 00 00  00 00 00 00 00 00 00 00  |................|
*
0019afd0  00 00 00 00 00 00 00 00  00 00 00 00 00 00 33 33  |..............33|
0019afe0  33 ff 33 33 33 ff 33 33  33 ff 33 33 33 ff 33 33  |3.333.333.333.33|
*
0019b010  33 ff 33 33 33 ff 33 33  33 ff 00 00 00 00 00 00  |3.333.333.......|
0019b020  00 00 00 00 00 00 00 00  00 00 00 00 00 00 00 00  |................|
*
0019b410  00 00 00 00 00 00 00 00  00 00 33 33 33 cc 33 33  |..........333.33|
0019b420  33 ff 33 33 33 ff 33 33  33 ff 33 33 33 ff 33 33  |3.333.333.333.33|
*
0019b450  33 ff 33 33 33 ff 32 32  32 65 00 00 00 00 00 00  |3.333.222e......|
0019b460  00 00 00 00 00 00 00 00  00 00 00 00 00 00 00 00  |................|
*
0019b510  00 00 00 00 00 00 35 35  35 2b 32 32 32 e8 33 33  |......555+222.33|
0019b520  33 ff 33 33 33 ff 33 33  33 ff 33 33 33 ff 33 33  |3.333.333.333.33|
*
0019b570  33 ff 33 33 33 cd 38 38  38 12 00 00 00 00 00 00  |3.333.888.......|
0019b580  00 00 00 00 00 00 00 00  00 00 00 00 00 00 00 00  |................|
*
0019b7d0  00 00 00 00 00 00 00 00  00 00 00 00 00 00 33 33  |..............33|
0019b7e0  33 ff 33 33 33 ff 33 33  33 ff 33 33 33 ff 33 33  |3.333.333.333.33|
*
0019b810  33 ff 33 33 33 ff 33 33  33 ff 00 00 00 00 00 00  |3.333.333.......|
0019b820  00 00 00 00 00 00 00 00  00 00 00 00 00 00 00 00  |................|
*
0019bc10  00 00 00 00 00 00 00 00  00 00 32 32 32 e2 33 33  |..........222.33|
0019bc20  33 ff 33 33 33 ff 33 33  33 ff 33 33 33 ff 33 33  |3.333.333.333.33|
*
0019bc50  33 ff 33 33 33 ff 31 31  31 34 00 00 00 00 00 00  |3.333.1114......|
0019bc60  00 00 00 00 00 00 00 00  00 00 00 00 00 00 00 00  |................|
*
0019bd10  00 00 33 33 33 28 33 33  33 e6 33 33 33 ff 33 33  |..333(333.333.33|
0019bd20  33 ff 33 33 33 ff 33 33  33 ff 33 33 33 ff 33 33  |3.333.333.333.33|
*
0019bd60  33 ff 33 33 33 ff 33 33  33 ff 33 33 33 ff 32 32  |3.333.333.333.22|
0019bd70  32 cf 35 35 35 13 00 00  00 00 00 00 00 00 00 00  |2.555...........|
0019bd80  00 00 00 00 00 00 00 00  00 00 00 00 00 00 00 00  |................|
*
0019bfd0  00 00 00 00 00 00 00 00  00 00 00 00 00 00 33 33  |..............33|
0019bfe0  33 ff 33 33 33 ff 33 33  33 ff 33 33 33 ff 33 33  |3.333.333.333.33|
*
0019c010  33 ff 33 33 33 ff 33 33  33 ff 00 00 00 00 00 00  |3.333.333.......|
0019c020  00 00 00 00 00 00 00 00  00 00 00 00 00 00 00 00  |................|
*
0019c410  00 00 00 00 00 00 00 00  00 00 33 33 33 ee 33 33  |..........333.33|
0019c420  33 ff 33 33 33 ff 33 33  33 ff 33 33 33 ff 33 33  |3.333.333.333.33|
*
0019c450  33 ff 33 33 33 ff 38 38  38 12 00 00 00 00 00 00  |3.333.888.......|
0019c460  00 00 00 00 00 00 00 00  00 00 00 00 00 00 00 00  |................|
*
0019c500  00 00 00 00 00 00 00 00  00 00 00 00 00 00 31 31  |..............11|
0019c510  31 2e 33 33 33 ea 33 33  33 ff 33 33 33 ff 33 33  |1.333.333.333.33|
0019c520  33 ff 33 33 33 ff 33 33  33 ff 33 33 33 ff 33 33  |3.333.333.333.33|
*
0019c560  33 ff 33 33 33 ff 33 33  33 ff 33 33 33 cb 2d 2d  |3.333.333.333.--|
0019c570  2d 11 00 00 00 00 00 00  00 00 00 00 00 00 00 00  |-...............|
0019c580  00 00 00 00 00 00 00 00  00 00 00 00 00 00 00 00  |................|
*
0019c7d0  00 00 00 00 00 00 00 00  00 00 00 00 00 00 33 33  |..............33|
0019c7e0  33 ff 33 33 33 ff 33 33  33 ff 33 33 33 ff 33 33  |3.333.333.333.33|
*
0019c810  33 ff 33 33 33 ff 33 33  33 ff 00 00 00 00 00 00  |3.333.333.......|
0019c820  00 00 00 00 00 00 00 00  00 00 00 00 00 00 00 00  |................|
*
0019cc10  00 00 00 00 00 00 00 00  00 00 33 33 33 fa 33 33  |..........333.33|
0019cc20  33 ff 33 33 33 ff 33 33  33 ff 33 33 33 ff 33 33  |3.333.333.333.33|
*
0019cc50  33 ff 33 33 33 ff 33 33  33 05 00 00 00 00 00 00  |3.333.333.......|
0019cc60  00 00 00 00 00 00 00 00  00 00 00 00 00 00 00 00  |................|
*
0019cd00  00 00 00 00 00 00 00 00  00 00 30 30 30 2f 33 33  |..........000/33|
0019cd10  33 eb 33 33 33 ff 33 33  33 ff 33 33 33 ff 33 33  |3.333.333.333.33|
0019cd20  33 ff 33 33 33 ff 33 33  33 ff 33 33 33 ff 33 33  |3.333.333.333.33|
*
0019cd60  33 ff 33 33 33 ff 32 32  32 ca 2f 2f 2f 10 00 00  |3.333.222.///...|
0019cd70  00 00 00 00 00 00 00 00  00 00 00 00 00 00 00 00  |................|
*
0019cfd0  00 00 00 00 00 00 00 00  00 00 00 00 00 00 33 33  |..............33|
0019cfe0  33 ff 33 33 33 ff 33 33  33 ff 33 33 33 ff 33 33  |3.333.333.333.33|
*
0019d010  33 ff 33 33 33 ff 33 33  33 ff 00 00 00 00 00 00  |3.333.333.......|
0019d020  00 00 00 00 00 00 00 00  00 00 00 00 00 00 00 00  |................|
*
0019d410  00 00 00 00 00 00 00 00  00 00 33 33 33 ff 33 33  |..........333.33|
0019d420  33 ff 33 33 33 ff 33 33  33 ff 33 33 33 ff 33 33  |3.333.333.333.33|
*
0019d450  33 ff 33 33 33 ff 00 00  00 00 00 00 00 00 00 00  |3.333...........|
0019d460  00 00 00 00 00 00 00 00  00 00 00 00 00 00 00 00  |................|
*
0019d500  00 00 00 00 00 00 30 30  30 2f 33 33 33 eb 33 33  |......000/333.33|
0019d510  33 ff 33 33 33 ff 33 33  33 ff 33 33 33 ff 33 33  |3.333.333.333.33|
*
0019d560  33 ff 33 33 33 cd 38 38  38 12 00 00 00 00 00 00  |3.333.888.......|
0019d570  00 00 00 00 00 00 00 00  00 00 00 00 00 00 00 00  |................|
*
0019d7d0  00 00 00 00 00 00 00 00  00 00 00 00 00 00 33 33  |..............33|
0019d7e0  33 ff 33 33 33 ff 33 33  33 ff 33 33 33 ff 33 33  |3.333.333.333.33|
*
0019d810  33 ff 33 33 33 ff 33 33  33 ff 00 00 00 00 00 00  |3.333.333.......|
0019d820  00 00 00 00 00 00 00 00  00 00 00 00 00 00 00 00  |................|
*
0019dc10  00 00 00 00 00 00 00 00  00 00 33 33 33 ff 33 33  |..........333.33|
0019dc20  33 ff 33 33 33 ff 33 33  33 ff 33 33 33 ff 33 33  |3.333.333.333.33|
*
0019dc50  33 ff 33 33 33 ff 00 00  00 00 00 00 00 00 00 00  |3.333...........|
0019dc60  00 00 00 00 00 00 00 00  00 00 00 00 00 00 00 00  |................|
*
0019dd00  00 00 35 35 35 30 33 33  33 eb 33 33 33 ff 33 33  |..5550333.333.33|
0019dd10  33 ff 33 33 33 ff 33 33  33 ff 33 33 33 ff 33 33  |3.333.333.333.33|
*
0019dd60  33 cd 38 38 38 12 00 00  00 00 00 00 00 00 00 00  |3.888...........|
0019dd70  00 00 00 00 00 00 00 00  00 00 00 00 00 00 00 00  |................|
*
0019dfd0  00 00 00 00 00 00 00 00  00 00 00 00 00 00 33 33  |..............33|
0019dfe0  33 ff 33 33 33 ff 33 33  33 ff 33 33 33 ff 33 33  |3.333.333.333.33|
*
0019e010  33 ff 33 33 33 ff 33 33  33 ff 00 00 00 00 00 00  |3.333.333.......|
0019e020  00 00 00 00 00 00 00 00  00 00 00 00 00 00 00 00  |................|
*
0019e410  00 00 00 00 00 00 00 00  00 00 33 33 33 ff 33 33  |..........333.33|
0019e420  33 ff 33 33 33 ff 33 33  33 ff 33 33 33 ff 33 33  |3.333.333.333.33|
*
0019e450  33 ff 33 33 33 ff 00 00  00 00 00 00 00 00 00 00  |3.333...........|
0019e460  00 00 00 00 00 00 00 00  00 00 00 00 00 00 00 00  |................|
*
0019e4f0  00 00 00 00 00 00 00 00  00 00 00 00 00 00 35 35  |..............55|
0019e500  35 30 32 32 32 ec 33 33  33 ff 33 33 33 ff 33 33  |50222.333.333.33|
0019e510  33 ff 33 33 33 ff 33 33  33 ff 33 33 33 ff 33 33  |3.333.333.333.33|
*
0019e550  33 ff 33 33 33 ff 33 33  33 ff 33 33 33 cc 38 38  |3.333.333.333.88|
0019e560  38 12 00 00 00 00 00 00  00 00 00 00 00 00 00 00  |8...............|
0019e570  00 00 00 00 00 00 00 00  00 00 00 00 00 00 00 00  |................|
*
0019e7d0  00 00 00 00 00 00 00 00  00 00 00 00 00 00 33 33  |..............33|
0019e7e0  33 ff 33 33 33 ff 33 33  33 ff 33 33 33 ff 33 33  |3.333.333.333.33|
*
0019e810  33 ff 33 33 33 ff 33 33  33 ff 00 00 00 00 00 00  |3.333.333.......|
0019e820  00 00 00 00 00 00 00 00  00 00 00 00 00 00 00 00  |................|
*
0019ec10  00 00 00 00 00 00 00 00  00 00 33 33 33 ff 33 33  |..........333.33|
0019ec20  33 ff 33 33 33 ff 33 33  33 ff 33 33 33 ff 33 33  |3.333.333.333.33|
*
0019ec50  33 ff 33 33 33 ff 00 00  00 00 00 00 00 00 00 00  |3.333...........|
0019ec60  00 00 00 00 00 00 00 00  00 00 00 00 00 00 00 00  |................|
*
0019ecf0  00 00 00 00 00 00 00 00  00 00 34 34 34 31 32 32  |..........444122|
0019ed00  32 ec 33 33 33 ff 33 33  33 ff 33 33 33 ff 33 33  |2.333.333.333.33|
0019ed10  33 ff 33 33 33 ff 33 33  33 ff 33 33 33 ff 33 33  |3.333.333.333.33|
*
0019ed50  33 ff 33 33 33 ff 33 33  33 cc 2d 2d 2d 11 00 00  |3.333.333.---...|
0019ed60  00 00 00 00 00 00 00 00  00 00 00 00 00 00 00 00  |................|
*
0019efd0  00 00 00 00 00 00 00 00  00 00 00 00 00 00 33 33  |..............33|
0019efe0  33 ff 33 33 33 ff 33 33  33 ff 33 33 33 ff 33 33  |3.333.333.333.33|
*
0019f010  33 ff 33 33 33 ff 33 33  33 ff 00 00 00 00 00 00  |3.333.333.......|
0019f020  00 00 00 00 00 00 00 00  00 00 00 00 00 00 00 00  |................|
*
0019f410  00 00 00 00 00 00 00 00  00 00 33 33 33 ff 33 33  |..........333.33|
0019f420  33 ff 33 33 33 ff 33 33  33 ff 33 33 33 ff 33 33  |3.333.333.333.33|
*
0019f450  33 ff 33 33 33 ff 00 00  00 00 00 00 00 00 00 00  |3.333...........|
0019f460  00 00 00 00 00 00 00 00  00 00 00 00 00 00 00 00  |................|
*
0019f4f0  00 00 00 00 00 00 34 34  34 31 32 32 32 ec 33 33  |......4441222.33|
0019f500  33 ff 33 33 33 ff 33 33  33 ff 33 33 33 ff 33 33  |3.333.333.333.33|
*
0019f550  33 ff 33 33 33 cc 2d 2d  2d 11 00 00 00 00 00 00  |3.333.---.......|
0019f560  00 00 00 00 00 00 00 00  00 00 00 00 00 00 00 00  |................|
*
0019f7d0  00 00 00 00 00 00 00 00  00 00 00 00 00 00 33 33  |..............33|
0019f7e0  33 ff 33 33 33 ff 33 33  33 ff 33 33 33 ff 33 33  |3.333.333.333.33|
*
0019f810  33 ff 33 33 33 ff 33 33  33 ff 00 00 00 00 00 00  |3.333.333.......|
0019f820  00 00 00 00 00 00 00 00  00 00 00 00 00 00 00 00  |................|
*
0019fc10  00 00 00 00 00 00 00 00  00 00 33 33 33 ff 33 33  |..........333.33|
0019fc20  33 ff 33 33 33 ff 33 33  33 ff 33 33 33 ff 33 33  |3.333.333.333.33|
*
0019fc50  33 ff 33 33 33 ff 00 00  00 00 00 00 00 00 00 00  |3.333...........|
0019fc60  00 00 00 00 00 00 00 00  00 00 00 00 00 00 00 00  |................|
*
0019fcf0  00 00 33 33 33 32 32 32  32 ed 33 33 33 ff 33 33  |..3332222.333.33|
0019fd00  33 ff 33 33 33 ff 33 33  33 ff 33 33 33 ff 33 33  |3.333.333.333.33|
*
0019fd50  33 c6 36 36 36 0e 00 00  00 00 00 00 00 00 00 00  |3.666...........|
0019fd60  00 00 00 00 00 00 00 00  00 00 00 00 00 00 00 00  |................|
*
0019ffd0  00 00 00 00 00 00 00 00  00 00 00 00 00 00 33 33  |..............33|
0019ffe0  33 ff 33 33 33 ff 33 33  33 ff 33 33 33 ff 33 33  |3.333.333.333.33|
*
001a0010  33 ff 33 33 33 ff 33 33  33 ff 00 00 00 00 00 00  |3.333.333.......|
001a0020  00 00 00 00 00 00 00 00  00 00 00 00 00 00 00 00  |................|
*
001a0410  00 00 00 00 00 00 00 00  00 00 33 33 33 ff 33 33  |..........333.33|
001a0420  33 ff 33 33 33 ff 33 33  33 ff 33 33 33 ff 33 33  |3.333.333.333.33|
*
001a0450  33 ff 33 33 33 ff 00 00  00 00 00 00 00 00 00 00  |3.333...........|
001a0460  00 00 00 00 00 00 00 00  00 00 00 00 00 00 00 00  |................|
*
001a04e0  00 00 00 00 00 00 00 00  00 00 00 00 00 00 32 32  |..............22|
001a04f0  32 33 32 32 32 ed 33 33  33 ff 33 33 33 ff 33 33  |23222.333.333.33|
001a0500  33 ff 33 33 33 ff 33 33  33 ff 33 33 33 ff 33 33  |3.333.333.333.33|
*
001a0540  33 ff 33 33 33 ff 33 33  33 ff 32 32 32 c5 36 36  |3.333.333.222.66|
001a0550  36 0e 00 00 00 00 00 00  00 00 00 00 00 00 00 00  |6...............|
001a0560  00 00 00 00 00 00 00 00  00 00 00 00 00 00 00 00  |................|
*
001a07d0  00 00 00 00 00 00 00 00  00 00 00 00 00 00 33 33  |..............33|
001a07e0  33 ff 33 33 33 ff 33 33  33 ff 33 33 33 ff 33 33  |3.333.333.333.33|
*
001a0810  33 ff 33 33 33 ff 33 33  33 ff 00 00 00 00 00 00  |3.333.333.......|
001a0820  00 00 00 00 00 00 00 00  00 00 00 00 00 00 00 00  |................|
*
001a0c10  00 00 00 00 00 00 00 00  00 00 33 33 33 ff 33 33  |..........333.33|
001a0c20  33 ff 33 33 33 ff 33 33  33 ff 33 33 33 ff 33 33  |3.333.333.333.33|
*
001a0c50  33 ff 33 33 33 ff 00 00  00 00 00 00 00 00 00 00  |3.333...........|
001a0c60  00 00 00 00 00 00 00 00  00 00 00 00 00 00 00 00  |................|
*
001a0ce0  00 00 00 00 00 00 00 00  00 00 32 32 32 33 33 33  |..........222333|
001a0cf0  33 ee 33 33 33 ff 33 33  33 ff 33 33 33 ff 33 33  |3.333.333.333.33|
001a0d00  33 ff 33 33 33 ff 33 33  33 ff 33 33 33 ff 33 33  |3.333.333.333.33|
*
001a0d40  33 ff 33 33 33 ff 32 32  32 c5 36 36 36 0e 00 00  |3.333.222.666...|
001a0d50  00 00 00 00 00 00 00 00  00 00 00 00 00 00 00 00  |................|
*
001a0fd0  00 00 00 00 00 00 00 00  00 00 00 00 00 00 33 33  |..............33|
001a0fe0  33 ff 33 33 33 ff 33 33  33 ff 33 33 33 ff 33 33  |3.333.333.333.33|
*
001a1010  33 ff 33 33 33 ff 33 33  33 ff 00 00 00 00 00 00  |3.333.333.......|
001a1020  00 00 00 00 00 00 00 00  00 00 00 00 00 00 00 00  |................|
*
001a1410  00 00 00 00 00 00 00 00  00 00 33 33 33 ff 33 33  |..........333.33|
001a1420  33 ff 33 33 33 ff 33 33  33 ff 33 33 33 ff 33 33  |3.333.333.333.33|
*
001a1450  33 ff 33 33 33 ff 00 00  00 00 00 00 00 00 00 00  |3.333...........|
001a1460  00 00 00 00 00 00 00 00  00 00 00 00 00 00 00 00  |................|
*
001a14e0  00 00 00 00 00 00 31 31  31 39 32 32 32 f1 33 33  |......1119222.33|
001a14f0  33 ff 33 33 33 ff 33 33  33 ff 33 33 33 ff 33 33  |3.333.333.333.33|
*
001a1540  33 ff 32 32 32 c4 3a 3a  3a 0d 00 00 00 00 00 00  |3.222.:::.......|
001a1550  00 00 00 00 00 00 00 00  00 00 00 00 00 00 00 00  |................|
*
001a17d0  00 00 00 00 00 00 00 00  00 00 00 00 00 00 33 33  |..............33|
001a17e0  33 ff 33 33 33 ff 33 33  33 ff 33 33 33 ff 33 33  |3.333.333.333.33|
*
001a1810  33 ff 33 33 33 ff 33 33  33 ff 00 00 00 00 00 00  |3.333.333.......|
001a1820  00 00 00 00 00 00 00 00  00 00 00 00 00 00 00 00  |................|
*
001a1c10  00 00 00 00 00 00 00 00  00 00 33 33 33 ff 33 33  |..........333.33|
001a1c20  33 ff 33 33 33 ff 33 33  33 ff 33 33 33 ff 33 33  |3.333.333.333.33|
*
001a1c50  33 ff 33 33 33 ff 00 00  00 00 00 00 00 00 00 00  |3.333...........|
001a1c60  00 00 00 00 00 00 00 00  00 00 00 00 00 00 00 00  |................|
*
001a1ce0  00 00 34 34 34 3a 32 32  32 f1 33 33 33 ff 33 33  |..444:222.333.33|
001a1cf0  33 ff 33 33 33 ff 33 33  33 ff 33 33 33 ff 33 33  |3.333.333.333.33|
*
001a1d30  33 ff 33 33 33 ff 33 33  33 ff 33 33 33 ff 32 32  |3.333.333.333.22|
001a1d40  32 c4 3a 3a 3a 0d 00 00  00 00 00 00 00 00 00 00  |2.:::...........|
001a1d50  00 00 00 00 00 00 00 00  00 00 00 00 00 00 00 00  |................|
*
001a1fd0  00 00 00 00 00 00 00 00  00 00 00 00 00 00 33 33  |..............33|
001a1fe0  33 ff 33 33 33 ff 33 33  33 ff 33 33 33 ff 33 33  |3.333.333.333.33|
*
001a2010  33 ff 33 33 33 ff 33 33  33 ff 00 00 00 00 00 00  |3.333.333.......|
001a2020  00 00 00 00 00 00 00 00  00 00 00 00 00 00 00 00  |................|
*
001a2410  00 00 00 00 00 00 00 00  00 00 33 33 33 ff 33 33  |..........333.33|
001a2420  33 ff 33 33 33 ff 33 33  33 ff 33 33 33 ff 33 33  |3.333.333.333.33|
*
001a2450  33 ff 33 33 33 ff 00 00  00 00 00 00 00 00 00 00  |3.333...........|
001a2460  00 00 00 00 00 00 00 00  00 00 00 00 00 00 00 00  |................|
*
001a24d0  00 00 00 00 00 00 00 00  00 00 00 00 00 00 34 34  |..............44|
001a24e0  34 3a 32 32 32 f1 33 33  33 ff 33 33 33 ff 33 33  |4:222.333.333.33|
001a24f0  33 ff 33 33 33 ff 33 33  33 ff 33 33 33 ff 33 33  |3.333.333.333.33|
*
001a2530  33 ff 33 33 33 ff 33 33  33 ff 32 32 32 c4 3a 3a  |3.333.333.222.::|
001a2540  3a 0d 00 00 00 00 00 00  00 00 00 00 00 00 00 00  |:...............|
001a2550  00 00 00 00 00 00 00 00  00 00 00 00 00 00 00 00  |................|
*
001a27d0  00 00 00 00 00 00 00 00  00 00 00 00 00 00 33 33  |..............33|
001a27e0  33 ff 33 33 33 ff 33 33  33 ff 33 33 33 ff 33 33  |3.333.333.333.33|
*
001a2810  33 ff 33 33 33 ff 33 33  33 ff 00 00 00 00 00 00  |3.333.333.......|
001a2820  00 00 00 00 00 00 00 00  00 00 00 00 00 00 00 00  |................|
*
001a2c10  00 00 00 00 00 00 00 00  00 00 33 33 33 ff 33 33  |..........333.33|
001a2c20  33 ff 33 33 33 ff 33 33  33 ff 33 33 33 ff 33 33  |3.333.333.333.33|
*
001a2c50  33 ff 33 33 33 ff 00 00  00 00 00 00 00 00 00 00  |3.333...........|
001a2c60  00 00 00 00 00 00 00 00  00 00 00 00 00 00 00 00  |................|
*
001a2cd0  00 00 00 00 00 00 00 00  00 00 33 33 33 3b 32 32  |..........333;22|
001a2ce0  32 f2 33 33 33 ff 33 33  33 ff 33 33 33 ff 33 33  |2.333.333.333.33|
001a2cf0  33 ff 33 33 33 ff 33 33  33 ff 33 33 33 ff 33 33  |3.333.333.333.33|
*
001a2d30  33 ff 33 33 33 ff 33 33  33 c3 3a 3a 3a 0d 00 00  |3.333.333.:::...|
001a2d40  00 00 00 00 00 00 00 00  00 00 00 00 00 00 00 00  |................|
*
001a2fd0  00 00 00 00 00 00 00 00  00 00 00 00 00 00 33 33  |..............33|
001a2fe0  33 ff 33 33 33 ff 33 33  33 ff 33 33 33 ff 33 33  |3.333.333.333.33|
*
001a3010  33 ff 33 33 33 ff 33 33  33 ff 00 00 00 00 00 00  |3.333.333.......|
001a3020  00 00 00 00 00 00 00 00  00 00 00 00 00 00 00 00  |................|
*
001a3410  00 00 00 00 00 00 00 00  00 00 33 33 33 ff 33 33  |..........333.33|
001a3420  33 ff 33 33 33 ff 33 33  33 ff 33 33 33 ff 33 33  |3.333.333.333.33|
*
001a3450  33 ff 33 33 33 ff 00 00  00 00 00 00 00 00 00 00  |3.333...........|
001a3460  00 00 00 00 00 00 00 00  00 00 00 00 00 00 00 00  |................|
*
001a34d0  00 00 00 00 00 00 33 33  33 3c 32 32 32 f2 33 33  |......333<222.33|
001a34e0  33 ff 33 33 33 ff 33 33  33 ff 33 33 33 ff 33 33  |3.333.333.333.33|
*
001a3530  33 ff 33 33 33 c3 2a 2a  2a 0c 00 00 00 00 00 00  |3.333.***.......|
001a3540  00 00 00 00 00 00 00 00  00 00 00 00 00 00 00 00  |................|
*
001a37d0  00 00 00 00 00 00 00 00  00 00 00 00 00 00 33 33  |..............33|
001a37e0  33 ff 33 33 33 ff 33 33  33 ff 33 33 33 ff 33 33  |3.333.333.333.33|
*
001a3810  33 ff 33 33 33 ff 33 33  33 ff 00 00 00 00 00 00  |3.333.333.......|
001a3820  00 00 00 00 00 00 00 00  00 00 00 00 00 00 00 00  |................|
*
001a3c10  00 00 00 00 00 00 00 00  00 00 33 33 33 ff 33 33  |..........333.33|
001a3c20  33 ff 33 33 33 ff 33 33  33 ff 33 33 33 ff 33 33  |3.333.333.333.33|
*
001a3c50  33 ff 33 33 33 ff 00 00  00 00 00 00 00 00 00 00  |3.333...........|
001a3c60  00 00 00 00 00 00 00 00  00 00 00 00 00 00 00 00  |................|
*
001a3cd0  00 00 33 33 33 3c 32 32  32 f2 33 33 33 ff 33 33  |..333<222.333.33|
001a3ce0  33 ff 33 33 33 ff 33 33  33 ff 33 33 33 ff 33 33  |3.333.333.333.33|
*
001a3d30  33 c2 2a 2a 2a 0c 00 00  00 00 00 00 00 00 00 00  |3.***...........|
001a3d40  00 00 00 00 00 00 00 00  00 00 00 00 00 00 00 00  |................|
*
001a3fd0  00 00 00 00 00 00 00 00  00 00 00 00 00 00 33 33  |..............33|
001a3fe0  33 ff 33 33 33 ff 33 33  33 ff 33 33 33 ff 33 33  |3.333.333.333.33|
*
001a4010  33 ff 33 33 33 ff 33 33  33 ff 00 00 00 00 00 00  |3.333.333.......|
001a4020  00 00 00 00 00 00 00 00  00 00 00 00 00 00 00 00  |................|
*
001a4410  00 00 00 00 00 00 00 00  00 00 33 33 33 ff 33 33  |..........333.33|
001a4420  33 ff 33 33 33 ff 33 33  33 ff 33 33 33 ff 33 33  |3.333.333.333.33|
*
001a4450  33 ff 33 33 33 ff 00 00  00 00 00 00 00 00 00 00  |3.333...........|
001a4460  00 00 00 00 00 00 00 00  00 00 00 00 00 00 00 00  |................|
*
001a44c0  00 00 00 00 00 00 00 00  00 00 00 00 00 00 32 32  |..............22|
001a44d0  32 3d 33 33 33 f3 33 33  33 ff 33 33 33 ff 33 33  |2=333.333.333.33|
001a44e0  33 ff 33 33 33 ff 33 33  33 ff 33 33 33 ff 33 33  |3.333.333.333.33|
*
001a4520  33 ff 33 33 33 ff 33 33  33 ff 33 33 33 c2 2a 2a  |3.333.333.333.**|
001a4530  2a 0c 00 00 00 00 00 00  00 00 00 00 00 00 00 00  |*...............|
001a4540  00 00 00 00 00 00 00 00  00 00 00 00 00 00 00 00  |................|
*
001a47d0  00 00 00 00 00 00 00 00  00 00 00 00 00 00 33 33  |..............33|
001a47e0  33 ff 33 33 33 ff 33 33  33 ff 33 33 33 ff 33 33  |3.333.333.333.33|
*
001a4810  33 ff 33 33 33 ff 33 33  33 ff 00 00 00 00 00 00  |3.333.333.......|
001a4820  00 00 00 00 00 00 00 00  00 00 00 00 00 00 00 00  |................|
*
001a4c10  00 00 00 00 00 00 00 00  00 00 33 33 33 ff 33 33  |..........333.33|
001a4c20  33 ff 33 33 33 ff 33 33  33 ff 33 33 33 ff 33 33  |3.333.333.333.33|
*
001a4c50  33 ff 33 33 33 ff 00 00  00 00 00 00 00 00 00 00  |3.333...........|
001a4c60  00 00 00 00 00 00 00 00  00 00 00 00 00 00 00 00  |................|
*
001a4cc0  00 00 00 00 00 00 00 00  00 00 31 31 31 3e 33 33  |..........111>33|
001a4cd0  33 f3 33 33 33 ff 33 33  33 ff 33 33 33 ff 33 33  |3.333.333.333.33|
001a4ce0  33 ff 33 33 33 ff 33 33  33 ff 33 33 33 ff 33 33  |3.333.333.333.33|
*
001a4d20  33 ff 33 33 33 ff 33 33  33 c1 2a 2a 2a 0c 00 00  |3.333.333.***...|
001a4d30  00 00 00 00 00 00 00 00  00 00 00 00 00 00 00 00  |................|
*
001a4fd0  00 00 00 00 00 00 00 00  00 00 00 00 00 00 33 33  |..............33|
001a4fe0  33 ff 33 33 33 ff 33 33  33 ff 33 33 33 ff 33 33  |3.333.333.333.33|
*
001a5010  33 ff 33 33 33 ff 33 33  33 ff 00 00 00 00 00 00  |3.333.333.......|
001a5020  00 00 00 00 00 00 00 00  00 00 00 00 00 00 00 00  |................|
*
001a5410  00 00 00 00 00 00 00 00  00 00 33 33 33 ff 33 33  |..........333.33|
001a5420  33 ff 33 33 33 ff 33 33  33 ff 33 33 33 ff 33 33  |3.333.333.333.33|
*
001a5450  33 ff 33 33 33 ff 00 00  00 00 00 00 00 00 00 00  |3.333...........|
001a5460  00 00 00 00 00 00 00 00  00 00 00 00 00 00 00 00  |................|
*
001a54c0  00 00 00 00 00 00 31 31  31 3e 33 33 33 f3 33 33  |......111>333.33|
001a54d0  33 ff 33 33 33 ff 33 33  33 ff 33 33 33 ff 33 33  |3.333.333.333.33|
*
001a5520  33 ff 33 33 33 c1 2a 2a  2a 0c 00 00 00 00 00 00  |3.333.***.......|
001a5530  00 00 00 00 00 00 00 00  00 00 00 00 00 00 00 00  |................|
*
001a57d0  00 00 00 00 00 00 00 00  00 00 00 00 00 00 33 33  |..............33|
001a57e0  33 ff 33 33 33 ff 33 33  33 ff 33 33 33 ff 33 33  |3.333.333.333.33|
*
001a5810  33 ff 33 33 33 ff 33 33  33 ff 00 00 00 00 00 00  |3.333.333.......|
001a5820  00 00 00 00 00 00 00 00  00 00 00 00 00 00 00 00  |................|
*
001a5c10  00 00 00 00 00 00 00 00  00 00 33 33 33 ff 33 33  |..........333.33|
001a5c20  33 ff 33 33 33 ff 33 33  33 ff 33 33 33 ff 33 33  |3.333.333.333.33|
*
001a5c50  33 ff 33 33 33 ff 00 00  00 00 00 00 00 00 00 00  |3.333...........|
001a5c60  00 00 00 00 00 00 00 00  00 00 00 00 00 00 00 00  |................|
*
001a5cc0  00 00 33 33 33 45 32 32  32 f6 33 33 33 ff 33 33  |..333E222.333.33|
001a5cd0  33 ff 33 33 33 ff 33 33  33 ff 33 33 33 ff 33 33  |3.333.333.333.33|
*
001a5d20  33 c1 2e 2e 2e 0b 00 00  00 00 00 00 00 00 00 00  |3...............|
001a5d30  00 00 00 00 00 00 00 00  00 00 00 00 00 00 00 00  |................|
*
001a5fd0  00 00 00 00 00 00 00 00  00 00 00 00 00 00 33 33  |..............33|
001a5fe0  33 ff 33 33 33 ff 33 33  33 ff 33 33 33 ff 33 33  |3.333.333.333.33|
*
001a6010  33 ff 33 33 33 ff 33 33  33 ff 00 00 00 00 00 00  |3.333.333.......|
001a6020  00 00 00 00 00 00 00 00  00 00 00 00 00 00 00 00  |................|
*
001a6410  00 00 00 00 00 00 00 00  00 00 33 33 33 ff 33 33  |..........333.33|
001a6420  33 ff 33 33 33 ff 33 33  33 ff 33 33 33 ff 33 33  |3.333.333.333.33|
*
001a6450  33 ff 33 33 33 ff 00 00  00 00 00 00 00 00 00 00  |3.333...........|
001a6460  00 00 00 00 00 00 00 00  00 00 00 00 00 00 00 00  |................|
*
001a64b0  00 00 00 00 00 00 00 00  00 00 00 00 00 00 33 33  |..............33|
001a64c0  33 46 32 32 32 f6 33 33  33 ff 33 33 33 ff 33 33  |3F222.333.333.33|
001a64d0  33 ff 33 33 33 ff 33 33  33 ff 33 33 33 ff 33 33  |3.333.333.333.33|
*
001a6510  33 ff 33 33 33 ff 33 33  33 ff 32 32 32 ba 38 38  |3.333.333.222.88|
001a6520  38 09 00 00 00 00 00 00  00 00 00 00 00 00 00 00  |8...............|
001a6530  00 00 00 00 00 00 00 00  00 00 00 00 00 00 00 00  |................|
*
001a67d0  00 00 00 00 00 00 00 00  00 00 00 00 00 00 33 33  |..............33|
001a67e0  33 ff 33 33 33 ff 33 33  33 ff 33 33 33 ff 33 33  |3.333.333.333.33|
*
001a6810  33 ff 33 33 33 ff 33 33  33 ff 00 00 00 00 00 00  |3.333.333.......|
001a6820  00 00 00 00 00 00 00 00  00 00 00 00 00 00 00 00  |................|
*
001a6c10  00 00 00 00 00 00 00 00  00 00 33 33 33 ff 33 33  |..........333.33|
001a6c20  33 ff 33 33 33 ff 33 33  33 ff 33 33 33 ff 33 33  |3.333.333.333.33|
*
001a6c50  33 ff 33 33 33 ff 00 00  00 00 00 00 00 00 00 00  |3.333...........|
001a6c60  00 00 00 00 00 00 00 00  00 00 00 00 00 00 00 00  |................|
*
001a6cb0  00 00 00 00 00 00 00 00  00 00 33 33 33 46 32 32  |..........333F22|
001a6cc0  32 f7 33 33 33 ff 33 33  33 ff 33 33 33 ff 33 33  |2.333.333.333.33|
001a6cd0  33 ff 33 33 33 ff 33 33  33 ff 33 33 33 ff 33 33  |3.333.333.333.33|
*
001a6d10  33 ff 33 33 33 ff 33 33  33 b9 38 38 38 09 00 00  |3.333.333.888...|
001a6d20  00 00 00 00 00 00 00 00  00 00 00 00 00 00 00 00  |................|
*
001a6fd0  00 00 00 00 00 00 00 00  00 00 00 00 00 00 33 33  |..............33|
001a6fe0  33 ff 33 33 33 ff 33 33  33 ff 33 33 33 ff 33 33  |3.333.333.333.33|
*
001a7010  33 ff 33 33 33 ff 33 33  33 ff 00 00 00 00 00 00  |3.333.333.......|
001a7020  00 00 00 00 00 00 00 00  00 00 00 00 00 00 00 00  |................|
*
001a7410  00 00 00 00 00 00 00 00  00 00 33 33 33 ff 33 33  |..........333.33|
001a7420  33 ff 33 33 33 ff 33 33  33 ff 33 33 33 ff 33 33  |3.333.333.333.33|
*
001a7450  33 ff 33 33 33 ff 00 00  00 00 00 00 00 00 00 00  |3.333...........|
001a7460  00 00 00 00 00 00 00 00  00 00 00 00 00 00 00 00  |................|
*
001a74b0  00 00 00 00 00 00 32 32  32 47 32 32 32 f7 33 33  |......222G222.33|
001a74c0  33 ff 33 33 33 ff 33 33  33 ff 33 33 33 ff 33 33  |3.333.333.333.33|
*
001a7510  33 ff 33 33 33 b9 38 38  38 09 00 00 00 00 00 00  |3.333.888.......|
001a7520  00 00 00 00 00 00 00 00  00 00 00 00 00 00 00 00  |................|
*
001a77d0  00 00 00 00 00 00 00 00  00 00 00 00 00 00 33 33  |..............33|
001a77e0  33 ff 33 33 33 ff 33 33  33 ff 33 33 33 ff 33 33  |3.333.333.333.33|
*
001a7810  33 ff 33 33 33 ff 33 33  33 ff 00 00 00 00 00 00  |3.333.333.......|
001a7820  00 00 00 00 00 00 00 00  00 00 00 00 00 00 00 00  |................|
*
001a7c10  00 00 00 00 00 00 00 00  00 00 33 33 33 ff 33 33  |..........333.33|
001a7c20  33 ff 33 33 33 ff 33 33  33 ff 33 33 33 ff 33 33  |3.333.333.333.33|
*
001a7c50  33 ff 33 33 33 ff 00 00  00 00 00 00 00 00 00 00  |3.333...........|
001a7c60  00 00 00 00 00 00 00 00  00 00 00 00 00 00 00 00  |................|
*
001a7cb0  00 00 31 31 31 48 32 32  32 f7 33 33 33 ff 33 33  |..111H222.333.33|
001a7cc0  33 ff 33 33 33 ff 33 33  33 ff 33 33 33 ff 33 33  |3.333.333.333.33|
*
001a7d10  33 b9 38 38 38 09 00 00  00 00 00 00 00 00 00 00  |3.888...........|
001a7d20  00 00 00 00 00 00 00 00  00 00 00 00 00 00 00 00  |................|
*
001a7fd0  00 00 00 00 00 00 00 00  00 00 00 00 00 00 33 33  |..............33|
001a7fe0  33 ff 33 33 33 ff 33 33  33 ff 33 33 33 ff 33 33  |3.333.333.333.33|
*
001a8010  33 ff 33 33 33 ff 33 33  33 ff 00 00 00 00 00 00  |3.333.333.......|
001a8020  00 00 00 00 00 00 00 00  00 00 00 00 00 00 00 00  |................|
*
001a8410  00 00 00 00 00 00 00 00  00 00 33 33 33 ff 33 33  |..........333.33|
001a8420  33 ff 33 33 33 ff 33 33  33 ff 33 33 33 ff 33 33  |3.333.333.333.33|
*
001a8450  33 ff 33 33 33 ff 00 00  00 00 00 00 00 00 00 00  |3.333...........|
001a8460  00 00 00 00 00 00 00 00  00 00 00 00 00 00 00 00  |................|
*
001a84a0  00 00 00 00 00 00 00 00  00 00 00 00 00 00 34 34  |..............44|
001a84b0  34 49 32 32 32 f7 33 33  33 ff 33 33 33 ff 33 33  |4I222.333.333.33|
001a84c0  33 ff 33 33 33 ff 33 33  33 ff 33 33 33 ff 33 33  |3.333.333.333.33|
*
001a8500  33 ff 33 33 33 ff 33 33  33 ff 33 33 33 b8 3f 3f  |3.333.333.333.??|
001a8510  3f 08 00 00 00 00 00 00  00 00 00 00 00 00 00 00  |?...............|
001a8520  00 00 00 00 00 00 00 00  00 00 00 00 00 00 00 00  |................|
*
001a87d0  00 00 00 00 00 00 00 00  00 00 00 00 00 00 33 33  |..............33|
001a87e0  33 ff 33 33 33 ff 33 33  33 ff 33 33 33 ff 33 33  |3.333.333.333.33|
*
001a8810  33 ff 33 33 33 ff 33 33  33 ff 00 00 00 00 00 00  |3.333.333.......|
001a8820  00 00 00 00 00 00 00 00  00 00 00 00 00 00 00 00  |................|
*
001a8c10  00 00 00 00 00 00 00 00  00 00 33 33 33 ff 33 33  |..........333.33|
001a8c20  33 ff 33 33 33 ff 33 33  33 ff 33 33 33 ff 33 33  |3.333.333.333.33|
*
001a8c50  33 ff 33 33 33 ff 00 00  00 00 00 00 00 00 00 00  |3.333...........|
001a8c60  00 00 00 00 00 00 00 00  00 00 00 00 00 00 00 00  |................|
*
001a8ca0  00 00 00 00 00 00 00 00  00 00 34 34 34 49 32 32  |..........444I22|
001a8cb0  32 f7 33 33 33 ff 33 33  33 ff 33 33 33 ff 33 33  |2.333.333.333.33|
001a8cc0  33 ff 33 33 33 ff 33 33  33 ff 33 33 33 ff 33 33  |3.333.333.333.33|
*
001a8d00  33 ff 33 33 33 ff 33 33  33 b7 3f 3f 3f 08 00 00  |3.333.333.???...|
001a8d10  00 00 00 00 00 00 00 00  00 00 00 00 00 00 00 00  |................|
*
001a8fd0  00 00 00 00 00 00 00 00  00 00 00 00 00 00 33 33  |..............33|
001a8fe0  33 ff 33 33 33 ff 33 33  33 ff 33 33 33 ff 33 33  |3.333.333.333.33|
*
001a9010  33 ff 33 33 33 ff 33 33  33 ff 00 00 00 00 00 00  |3.333.333.......|
001a9020  00 00 00 00 00 00 00 00  00 00 00 00 00 00 00 00  |................|
*
001a9410  00 00 00 00 00 00 00 00  00 00 33 33 33 ff 33 33  |..........333.33|
001a9420  33 ff 33 33 33 ff 33 33  33 ff 33 33 33 ff 33 33  |3.333.333.333.33|
*
001a9450  33 ff 33 33 33 ff 00 00  00 00 00 00 00 00 00 00  |3.333...........|
001a9460  00 00 00 00 00 00 00 00  00 00 00 00 00 00 00 00  |................|
*
001a94a0  00 00 00 00 00 00 33 33  33 4a 33 33 33 f8 33 33  |......333J333.33|
001a94b0  33 ff 33 33 33 ff 33 33  33 ff 33 33 33 ff 33 33  |3.333.333.333.33|
*
001a9500  33 ff 33 33 33 b7 3f 3f  3f 08 00 00 00 00 00 00  |3.333.???.......|
001a9510  00 00 00 00 00 00 00 00  00 00 00 00 00 00 00 00  |................|
*
001a97d0  00 00 00 00 00 00 00 00  00 00 00 00 00 00 33 33  |..............33|
001a97e0  33 ff 33 33 33 ff 33 33  33 ff 33 33 33 ff 33 33  |3.333.333.333.33|
*
001a9810  33 ff 33 33 33 ff 33 33  33 ff 00 00 00 00 00 00  |3.333.333.......|
001a9820  00 00 00 00 00 00 00 00  00 00 00 00 00 00 00 00  |................|
*
001a9c10  00 00 00 00 00 00 00 00  00 00 33 33 33 ff 33 33  |..........333.33|
001a9c20  33 ff 33 33 33 ff 33 33  33 ff 33 33 33 ff 33 33  |3.333.333.333.33|
*
001a9c50  33 ff 33 33 33 ff 00 00  00 00 00 00 00 00 00 00  |3.333...........|
001a9c60  00 00 00 00 00 00 00 00  00 00 00 00 00 00 00 00  |................|
*
001a9ca0  00 00 33 33 33 4b 33 33  33 f8 33 33 33 ff 33 33  |..333K333.333.33|
001a9cb0  33 ff 33 33 33 ff 33 33  33 ff 33 33 33 ff 33 33  |3.333.333.333.33|
*
001a9cf0  33 ff 33 33 33 ff 33 33  33 ff 33 33 33 ff 32 32  |3.333.333.333.22|
001a9d00  32 b6 3f 3f 3f 08 00 00  00 00 00 00 00 00 00 00  |2.???...........|
001a9d10  00 00 00 00 00 00 00 00  00 00 00 00 00 00 00 00  |................|
*
001a9fd0  00 00 00 00 00 00 00 00  00 00 00 00 00 00 33 33  |..............33|
001a9fe0  33 ff 33 33 33 ff 33 33  33 ff 33 33 33 ff 33 33  |3.333.333.333.33|
*
001aa010  33 ff 33 33 33 ff 33 33  33 ff 00 00 00 00 00 00  |3.333.333.......|
001aa020  00 00 00 00 00 00 00 00  00 00 00 00 00 00 00 00  |................|
*
001aa410  00 00 00 00 00 00 00 00  00 00 33 33 33 ff 33 33  |..........333.33|
001aa420  33 ff 33 33 33 ff 33 33  33 ff 33 33 33 ff 33 33  |3.333.333.333.33|
*
001aa450  33 ff 33 33 33 ff 00 00  00 00 00 00 00 00 00 00  |3.333...........|
001aa460  00 00 00 00 00 00 00 00  00 00 00 00 00 00 00 00  |................|
*
001aa490  00 00 00 00 00 00 00 00  00 00 00 00 00 00 32 32  |..............22|
001aa4a0  32 4c 33 33 33 f8 33 33  33 ff 33 33 33 ff 33 33  |2L333.333.333.33|
001aa4b0  33 ff 33 33 33 ff 33 33  33 ff 33 33 33 ff 33 33  |3.333.333.333.33|
*
001aa4f0  33 ff 33 33 33 ff 33 33  33 ff 32 32 32 b6 3f 3f  |3.333.333.222.??|
001aa500  3f 08 00 00 00 00 00 00  00 00 00 00 00 00 00 00  |?...............|
001aa510  00 00 00 00 00 00 00 00  00 00 00 00 00 00 00 00  |................|
*
001aa7d0  00 00 00 00 00 00 00 00  00 00 00 00 00 00 33 33  |..............33|
001aa7e0  33 ff 33 33 33 ff 33 33  33 ff 33 33 33 ff 33 33  |3.333.333.333.33|
*
001aa810  33 ff 33 33 33 ff 33 33  33 ff 00 00 00 00 00 00  |3.333.333.......|
001aa820  00 00 00 00 00 00 00 00  00 00 00 00 00 00 00 00  |................|
*
001aac10  00 00 00 00 00 00 00 00  00 00 33 33 33 ff 33 33  |..........333.33|
001aac20  33 ff 33 33 33 ff 33 33  33 ff 33 33 33 ff 33 33  |3.333.333.333.33|
*
001aac50  33 ff 33 33 33 ff 00 00  00 00 00 00 00 00 00 00  |3.333...........|
001aac60  00 00 00 00 00 00 00 00  00 00 00 00 00 00 00 00  |................|
*
001aac90  00 00 00 00 00 00 00 00  00 00 34 34 34 53 33 33  |..........444S33|
001aaca0  33 fa 33 33 33 ff 33 33  33 ff 33 33 33 ff 33 33  |3.333.333.333.33|
001aacb0  33 ff 33 33 33 ff 33 33  33 ff 33 33 33 ff 33 33  |3.333.333.333.33|
*
001aacf0  33 ff 33 33 33 ff 32 32  32 b6 24 24 24 07 00 00  |3.333.222.$$$...|
001aad00  00 00 00 00 00 00 00 00  00 00 00 00 00 00 00 00  |................|
*
001aafd0  00 00 00 00 00 00 00 00  00 00 00 00 00 00 33 33  |..............33|
001aafe0  33 ff 33 33 33 ff 33 33  33 ff 33 33 33 ff 33 33  |3.333.333.333.33|
*
001ab010  33 ff 33 33 33 ff 33 33  33 ff 00 00 00 00 00 00  |3.333.333.......|
001ab020  00 00 00 00 00 00 00 00  00 00 00 00 00 00 00 00  |................|
*
001ab410  00 00 00 00 00 00 00 00  00 00 33 33 33 ff 33 33  |..........333.33|
001ab420  33 ff 33 33 33 ff 33 33  33 ff 33 33 33 ff 33 33  |3.333.333.333.33|
*
001ab450  33 ff 33 33 33 ff 00 00  00 00 00 00 00 00 00 00  |3.333...........|
001ab460  00 00 00 00 00 00 00 00  00 00 00 00 00 00 00 00  |................|
*
001ab490  00 00 00 00 00 00 33 33  33 54 33 33 33 fa 33 33  |......333T333.33|
001ab4a0  33 ff 33 33 33 ff 33 33  33 ff 33 33 33 ff 33 33  |3.333.333.333.33|
*
001ab4f0  33 ff 32 32 32 b5 24 24  24 07 00 00 00 00 00 00  |3.222.$$$.......|
001ab500  00 00 00 00 00 00 00 00  00 00 00 00 00 00 00 00  |................|
*
001ab7d0  00 00 00 00 00 00 00 00  00 00 00 00 00 00 33 33  |..............33|
001ab7e0  33 ff 33 33 33 ff 33 33  33 ff 33 33 33 ff 33 33  |3.333.333.333.33|
*
001ab810  33 ff 33 33 33 ff 33 33  33 ff 00 00 00 00 00 00  |3.333.333.......|
001ab820  00 00 00 00 00 00 00 00  00 00 00 00 00 00 00 00  |................|
*
001abc10  00 00 00 00 00 00 00 00  00 00 33 33 33 ff 33 33  |..........333.33|
001abc20  33 ff 33 33 33 ff 33 33  33 ff 33 33 33 ff 33 33  |3.333.333.333.33|
*
001abc50  33 ff 33 33 33 ff 00 00  00 00 00 00 00 00 00 00  |3.333...........|
001abc60  00 00 00 00 00 00 00 00  00 00 00 00 00 00 00 00  |................|
*
001abc90  00 00 33 33 33 54 32 32  32 fb 33 33 33 ff 33 33  |..333T222.333.33|
001abca0  33 ff 33 33 33 ff 33 33  33 ff 33 33 33 ff 33 33  |3.333.333.333.33|
*
001abcf0  33 b4 24 24 24 07 00 00  00 00 00 00 00 00 00 00  |3.$$$...........|
001abd00  00 00 00 00 00 00 00 00  00 00 00 00 00 00 00 00  |................|
*
001abfd0  00 00 00 00 00 00 00 00  00 00 00 00 00 00 33 33  |..............33|
001abfe0  33 ff 33 33 33 ff 33 33  33 ff 33 33 33 ff 33 33  |3.333.333.333.33|
*
001ac010  33 ff 33 33 33 ff 33 33  33 ff 00 00 00 00 00 00  |3.333.333.......|
001ac020  00 00 00 00 00 00 00 00  00 00 00 00 00 00 00 00  |................|
*
001ac410  00 00 00 00 00 00 00 00  00 00 33 33 33 ff 33 33  |..........333.33|
001ac420  33 ff 33 33 33 ff 33 33  33 ff 33 33 33 ff 33 33  |3.333.333.333.33|
*
001ac450  33 ff 33 33 33 ff 00 00  00 00 00 00 00 00 00 00  |3.333...........|
001ac460  00 00 00 00 00 00 00 00  00 00 00 00 00 00 00 00  |................|
*
001ac480  00 00 00 00 00 00 00 00  00 00 00 00 00 00 33 33  |..............33|
001ac490  33 55 32 32 32 fb 33 33  33 ff 33 33 33 ff 33 33  |3U222.333.333.33|
001ac4a0  33 ff 33 33 33 ff 33 33  33 ff 33 33 33 ff 33 33  |3.333.333.333.33|
*
001ac4e0  33 ff 33 33 33 ff 33 33  33 ff 33 33 33 b4 24 24  |3.333.333.333.$$|
001ac4f0  24 07 00 00 00 00 00 00  00 00 00 00 00 00 00 00  |$...............|
001ac500  00 00 00 00 00 00 00 00  00 00 00 00 00 00 00 00  |................|
*
001ac7d0  00 00 00 00 00 00 00 00  00 00 00 00 00 00 33 33  |..............33|
001ac7e0  33 ff 33 33 33 ff 33 33  33 ff 33 33 33 ff 33 33  |3.333.333.333.33|
*
001ac810  33 ff 33 33 33 ff 33 33  33 ff 00 00 00 00 00 00  |3.333.333.......|
001ac820  00 00 00 00 00 00 00 00  00 00 00 00 00 00 00 00  |................|
*
001acc10  00 00 00 00 00 00 00 00  00 00 33 33 33 ff 33 33  |..........333.33|
001acc20  33 ff 33 33 33 ff 33 33  33 ff 33 33 33 ff 33 33  |3.333.333.333.33|
*
001acc50  33 ff 33 33 33 ff 00 00  00 00 00 00 00 00 00 00  |3.333...........|
001acc60  00 00 00 00 00 00 00 00  00 00 00 00 00 00 00 00  |................|
*
001acc80  00 00 00 00 00 00 00 00  00 00 32 32 32 56 32 32  |..........222V22|
001acc90  32 fb 33 33 33 ff 33 33  33 ff 33 33 33 ff 33 33  |2.333.333.333.33|
001acca0  33 ff 33 33 33 ff 33 33  33 ff 33 33 33 ff 33 33  |3.333.333.333.33|
*
001acce0  33 ff 33 33 33 ff 33 33  33 ad 33 33 33 05 00 00  |3.333.333.333...|
001accf0  00 00 00 00 00 00 00 00  00 00 00 00 00 00 00 00  |................|
*
001acfd0  00 00 00 00 00 00 00 00  00 00 00 00 00 00 33 33  |..............33|
001acfe0  33 ff 33 33 33 ff 33 33  33 ff 33 33 33 ff 33 33  |3.333.333.333.33|
*
001ad010  33 ff 33 33 33 ff 33 33  33 ff 00 00 00 00 00 00  |3.333.333.......|
001ad020  00 00 00 00 00 00 00 00  00 00 00 00 00 00 00 00  |................|
*
001ad410  00 00 00 00 00 00 00 00  00 00 33 33 33 ff 33 33  |..........333.33|
001ad420  33 ff 33 33 33 ff 33 33  33 ff 33 33 33 ff 33 33  |3.333.333.333.33|
*
001ad450  33 ff 33 33 33 ff 00 00  00 00 00 00 00 00 00 00  |3.333...........|
001ad460  00 00 00 00 00 00 00 00  00 00 00 00 00 00 00 00  |................|
*
001ad480  00 00 00 00 00 00 31 31  31 57 32 32 32 fb 33 33  |......111W222.33|
001ad490  33 ff 33 33 33 ff 33 33  33 ff 33 33 33 ff 33 33  |3.333.333.333.33|
*
001ad4e0  33 ff 32 32 32 ac 33 33  33 05 00 00 00 00 00 00  |3.222.333.......|
001ad4f0  00 00 00 00 00 00 00 00  00 00 00 00 00 00 00 00  |................|
*
001ad7d0  00 00 00 00 00 00 00 00  00 00 00 00 00 00 33 33  |..............33|
001ad7e0  33 ff 33 33 33 ff 33 33  33 ff 33 33 33 ff 33 33  |3.333.333.333.33|
*
001ad810  33 ff 33 33 33 ff 33 33  33 ff 00 00 00 00 00 00  |3.333.333.......|
001ad820  00 00 00 00 00 00 00 00  00 00 00 00 00 00 00 00  |................|
*
001adc10  00 00 00 00 00 00 00 00  00 00 33 33 33 ff 33 33  |..........333.33|
001adc20  33 ff 33 33 33 ff 33 33  33 ff 33 33 33 ff 33 33  |3.333.333.333.33|
*
001adc50  33 ff 33 33 33 ff 00 00  00 00 00 00 00 00 00 00  |3.333...........|
001adc60  00 00 00 00 00 00 00 00  00 00 00 00 00 00 00 00  |................|
*
001adc80  00 00 34 34 34 58 32 32  32 fb 33 33 33 ff 33 33  |..444X222.333.33|
001adc90  33 ff 33 33 33 ff 33 33  33 ff 33 33 33 ff 33 33  |3.333.333.333.33|
*
001adcd0  33 ff 33 33 33 ff 33 33  33 ff 33 33 33 ff 32 32  |3.333.333.333.22|
001adce0  32 ac 33 33 33 05 00 00  00 00 00 00 00 00 00 00  |2.333...........|
001adcf0  00 00 00 00 00 00 00 00  00 00 00 00 00 00 00 00  |................|
*
001adfd0  00 00 00 00 00 00 00 00  00 00 00 00 00 00 33 33  |..............33|
001adfe0  33 ff 33 33 33 ff 33 33  33 ff 33 33 33 ff 33 33  |3.333.333.333.33|
*
001ae010  33 ff 33 33 33 ff 33 33  33 ff 00 00 00 00 00 00  |3.333.333.......|
001ae020  00 00 00 00 00 00 00 00  00 00 00 00 00 00 00 00  |................|
*
001ae410  00 00 00 00 00 00 00 00  00 00 33 33 33 ff 33 33  |..........333.33|
001ae420  33 ff 33 33 33 ff 33 33  33 ff 33 33 33 ff 33 33  |3.333.333.333.33|
*
001ae450  33 ff 33 33 33 ff 00 00  00 00 00 00 00 00 00 00  |3.333...........|
001ae460  00 00 00 00 00 00 00 00  00 00 00 00 00 00 00 00  |................|
001ae470  00 00 00 00 00 00 00 00  00 00 00 00 00 00 34 34  |..............44|
001ae480  34 58 32 32 32 fb 33 33  33 ff 33 33 33 ff 33 33  |4X222.333.333.33|
001ae490  33 ff 33 33 33 ff 33 33  33 ff 33 33 33 ff 33 33  |3.333.333.333.33|
*
001ae4d0  33 ff 33 33 33 ff 33 33  33 ff 32 32 32 ab 33 33  |3.333.333.222.33|
001ae4e0  33 05 00 00 00 00 00 00  00 00 00 00 00 00 00 00  |3...............|
001ae4f0  00 00 00 00 00 00 00 00  00 00 00 00 00 00 00 00  |................|
*
001ae7d0  00 00 00 00 00 00 00 00  00 00 00 00 00 00 33 33  |..............33|
001ae7e0  33 ff 33 33 33 ff 33 33  33 ff 33 33 33 ff 33 33  |3.333.333.333.33|
*
001ae810  33 ff 33 33 33 ff 33 33  33 ff 00 00 00 00 00 00  |3.333.333.......|
001ae820  00 00 00 00 00 00 00 00  00 00 00 00 00 00 00 00  |................|
*
001aec10  00 00 00 00 00 00 00 00  00 00 33 33 33 ff 33 33  |..........333.33|
001aec20  33 ff 33 33 33 ff 33 33  33 ff 33 33 33 ff 33 33  |3.333.333.333.33|
*
001aec50  33 ff 33 33 33 ff 00 00  00 00 00 00 00 00 00 00  |3.333...........|
001aec60  00 00 00 00 00 00 00 00  00 00 00 00 00 00 00 00  |................|
001aec70  00 00 00 00 00 00 00 00  00 00 33 33 33 59 32 32  |..........333Y22|
001aec80  32 fc 33 33 33 ff 33 33  33 ff 33 33 33 ff 33 33  |2.333.333.333.33|
001aec90  33 ff 33 33 33 ff 33 33  33 ff 33 33 33 ff 33 33  |3.333.333.333.33|
*
001aecd0  33 ff 33 33 33 ff 32 32  32 ab 33 33 33 05 00 00  |3.333.222.333...|
001aece0  00 00 00 00 00 00 00 00  00 00 00 00 00 00 00 00  |................|
*
001aefd0  00 00 00 00 00 00 00 00  00 00 00 00 00 00 33 33  |..............33|
001aefe0  33 ff 33 33 33 ff 33 33  33 ff 33 33 33 ff 33 33  |3.333.333.333.33|
*
001af010  33 ff 33 33 33 ff 33 33  33 ff 00 00 00 00 00 00  |3.333.333.......|
001af020  00 00 00 00 00 00 00 00  00 00 00 00 00 00 00 00  |................|
*
001af410  00 00 00 00 00 00 00 00  00 00 33 33 33 ff 33 33  |..........333.33|
001af420  33 ff 33 33 33 ff 33 33  33 ff 33 33 33 ff 33 33  |3.333.333.333.33|
*
001af450  33 ff 33 33 33 ff 00 00  00 00 00 00 00 00 00 00  |3.333...........|
001af460  00 00 00 00 00 00 00 00  00 00 00 00 00 00 00 00  |................|
001af470  00 00 00 00 00 00 34 34  34 62 33 33 33 fd 33 33  |......444b333.33|
001af480  33 ff 33 33 33 ff 33 33  33 ff 33 33 33 ff 33 33  |3.333.333.333.33|
*
001af4d0  33 ff 33 33 33 aa 3f 3f  3f 04 00 00 00 00 00 00  |3.333.???.......|
001af4e0  00 00 00 00 00 00 00 00  00 00 00 00 00 00 00 00  |................|
*
001af7d0  00 00 00 00 00 00 00 00  00 00 00 00 00 00 33 33  |..............33|
001af7e0  33 ff 33 33 33 ff 33 33  33 ff 33 33 33 ff 33 33  |3.333.333.333.33|
*
001af810  33 ff 33 33 33 ff 33 33  33 ff 00 00 00 00 00 00  |3.333.333.......|
001af820  00 00 00 00 00 00 00 00  00 00 00 00 00 00 00 00  |................|
*
001afc10  00 00 00 00 00 00 00 00  00 00 33 33 33 ff 33 33  |..........333.33|
001afc20  33 ff 33 33 33 ff 33 33  33 ff 33 33 33 ff 33 33  |3.333.333.333.33|
*
001afc50  33 ff 33 33 33 ff 00 00  00 00 00 00 00 00 00 00  |3.333...........|
001afc60  00 00 00 00 00 00 00 00  00 00 00 00 00 00 00 00  |................|
001afc70  00 00 34 34 34 62 33 33  33 fd 33 33 33 ff 33 33  |..444b333.333.33|
001afc80  33 ff 33 33 33 ff 33 33  33 ff 33 33 33 ff 33 33  |3.333.333.333.33|
*
001afcd0  33 aa 3f 3f 3f 04 00 00  00 00 00 00 00 00 00 00  |3.???...........|
001afce0  00 00 00 00 00 00 00 00  00 00 00 00 00 00 00 00  |................|
*
001affd0  00 00 00 00 00 00 00 00  00 00 00 00 00 00 33 33  |..............33|
001affe0  33 ff 33 33 33 ff 33 33  33 ff 33 33 33 ff 33 33  |3.333.333.333.33|
*
001b0010  33 ff 33 33 33 ff 33 33  33 ff 00 00 00 00 00 00  |3.333.333.......|
001b0020  00 00 00 00 00 00 00 00  00 00 00 00 00 00 00 00  |................|
*
001b0410  00 00 00 00 00 00 00 00  00 00 33 33 33 ff 33 33  |..........333.33|
001b0420  33 ff 33 33 33 ff 33 33  33 ff 33 33 33 ff 33 33  |3.333.333.333.33|
*
001b0450  33 ff 33 33 33 ff 00 00  00 00 00 00 00 00 00 00  |3.333...........|
001b0460  00 00 00 00 00 00 00 00  00 00 00 00 00 00 33 33  |..............33|
001b0470  33 63 33 33 33 fd 33 33  33 ff 33 33 33 ff 33 33  |3c333.333.333.33|
001b0480  33 ff 33 33 33 ff 33 33  33 ff 33 33 33 ff 33 33  |3.333.333.333.33|
*
001b04c0  33 ff 33 33 33 ff 33 33  33 ff 33 33 33 a9 3f 3f  |3.333.333.333.??|
001b04d0  3f 04 00 00 00 00 00 00  00 00 00 00 00 00 00 00  |?...............|
001b04e0  00 00 00 00 00 00 00 00  00 00 00 00 00 00 00 00  |................|
*
001b07d0  00 00 00 00 00 00 00 00  00 00 00 00 00 00 33 33  |..............33|
001b07e0  33 ff 33 33 33 ff 33 33  33 ff 33 33 33 ff 33 33  |3.333.333.333.33|
*
001b0810  33 ff 33 33 33 ff 33 33  33 ff 00 00 00 00 00 00  |3.333.333.......|
001b0820  00 00 00 00 00 00 00 00  00 00 00 00 00 00 00 00  |................|
*
001b0c10  00 00 00 00 00 00 00 00  00 00 33 33 33 ff 33 33  |..........333.33|
001b0c20  33 ff 33 33 33 ff 33 33  33 ff 33 33 33 ff 33 33  |3.333.333.333.33|
*
001b0c50  33 ff 33 33 33 ff 00 00  00 00 00 00 00 00 00 00  |3.333...........|
001b0c60  00 00 00 00 00 00 00 00  00 00 33 33 33 64 33 33  |..........333d33|
001b0c70  33 fd 33 33 33 ff 33 33  33 ff 33 33 33 ff 33 33  |3.333.333.333.33|
001b0c80  33 ff 33 33 33 ff 33 33  33 ff 33 33 33 ff 33 33  |3.333.333.333.33|
*
001b0cc0  33 ff 33 33 33 ff 33 33  33 a9 3f 3f 3f 04 00 00  |3.333.333.???...|
001b0cd0  00 00 00 00 00 00 00 00  00 00 00 00 00 00 00 00  |................|
*
001b0fd0  00 00 00 00 00 00 00 00  00 00 00 00 00 00 33 33  |..............33|
001b0fe0  33 ff 33 33 33 ff 33 33  33 ff 33 33 33 ff 33 33  |3.333.333.333.33|
*
001b1010  33 ff 33 33 33 ff 33 33  33 ff 00 00 00 00 00 00  |3.333.333.......|
001b1020  00 00 00 00 00 00 00 00  00 00 00 00 00 00 00 00  |................|
*
001b1410  00 00 00 00 00 00 00 00  00 00 33 33 33 ff 33 33  |..........333.33|
001b1420  33 ff 33 33 33 ff 33 33  33 ff 33 33 33 ff 33 33  |3.333.333.333.33|
*
001b1450  33 ff 33 33 33 ff 00 00  00 00 00 00 00 00 00 00  |3.333...........|
001b1460  00 00 00 00 00 00 32 32  32 65 33 33 33 fd 33 33  |......222e333.33|
001b1470  33 ff 33 33 33 ff 33 33  33 ff 33 33 33 ff 33 33  |3.333.333.333.33|
*
001b14c0  33 ff 33 33 33 a8 3f 3f  3f 04 00 00 00 00 00 00  |3.333.???.......|
001b14d0  00 00 00 00 00 00 00 00  00 00 00 00 00 00 00 00  |................|
*
001b17d0  00 00 00 00 00 00 00 00  00 00 00 00 00 00 33 33  |..............33|
001b17e0  33 ff 33 33 33 ff 33 33  33 ff 33 33 33 ff 33 33  |3.333.333.333.33|
*
001b1810  33 ff 33 33 33 ff 33 33  33 ff 00 00 00 00 00 00  |3.333.333.......|
001b1820  00 00 00 00 00 00 00 00  00 00 00 00 00 00 00 00  |................|
*
001b1c10  00 00 00 00 00 00 00 00  00 00 33 33 33 ff 33 33  |..........333.33|
001b1c20  33 ff 33 33 33 ff 33 33  33 ff 33 33 33 ff 33 33  |3.333.333.333.33|
*
001b1c50  33 ff 33 33 33 ff 00 00  00 00 00 00 00 00 00 00  |3.333...........|
001b1c60  00 00 32 32 32 65 33 33  33 fd 33 33 33 ff 33 33  |..222e333.333.33|
001b1c70  33 ff 33 33 33 ff 33 33  33 ff 33 33 33 ff 33 33  |3.333.333.333.33|
*
001b1cc0  33 a8 3f 3f 3f 04 00 00  00 00 00 00 00 00 00 00  |3.???...........|
001b1cd0  00 00 00 00 00 00 00 00  00 00 00 00 00 00 00 00  |................|
*
001b1fd0  00 00 00 00 00 00 00 00  00 00 00 00 00 00 33 33  |..............33|
001b1fe0  33 ff 33 33 33 ff 33 33  33 ff 33 33 33 ff 33 33  |3.333.333.333.33|
*
001b2010  33 ff 33 33 33 ff 33 33  33 ff 00 00 00 00 00 00  |3.333.333.......|
001b2020  00 00 00 00 00 00 00 00  00 00 00 00 00 00 00 00  |................|
*
001b2410  00 00 00 00 00 00 00 00  00 00 33 33 33 ff 33 33  |..........333.33|
001b2420  33 ff 33 33 33 ff 33 33  33 ff 33 33 33 ff 33 33  |3.333.333.333.33|
*
001b2450  33 ff 33 33 33 ff 00 00  00 00 00 00 00 00 32 32  |3.333.........22|
001b2460  32 66 33 33 33 fe 33 33  33 ff 33 33 33 ff 33 33  |2f333.333.333.33|
001b2470  33 ff 33 33 33 ff 33 33  33 ff 33 33 33 ff 33 33  |3.333.333.333.33|
*
001b24b0  33 ff 33 33 33 ff 33 33  33 ff 32 32 32 a7 3f 3f  |3.333.333.222.??|
001b24c0  3f 04 00 00 00 00 00 00  00 00 00 00 00 00 00 00  |?...............|
001b24d0  00 00 00 00 00 00 00 00  00 00 00 00 00 00 00 00  |................|
*
001b27d0  00 00 00 00 00 00 00 00  00 00 00 00 00 00 33 33  |..............33|
001b27e0  33 ff 33 33 33 ff 33 33  33 ff 33 33 33 ff 33 33  |3.333.333.333.33|
*
001b2810  33 ff 33 33 33 ff 33 33  33 ff 00 00 00 00 00 00  |3.333.333.......|
001b2820  00 00 00 00 00 00 00 00  00 00 00 00 00 00 00 00  |................|
*
001b2c10  00 00 00 00 00 00 00 00  00 00 33 33 33 ff 33 33  |..........333.33|
001b2c20  33 ff 33 33 33 ff 33 33  33 ff 33 33 33 ff 33 33  |3.333.333.333.33|
*
001b2c50  33 ff 33 33 33 ff 00 00  00 00 33 33 33 67 33 33  |3.333.....333g33|
001b2c60  33 fe 33 33 33 ff 33 33  33 ff 33 33 33 ff 33 33  |3.333.333.333.33|
001b2c70  33 ff 33 33 33 ff 33 33  33 ff 33 33 33 ff 33 33  |3.333.333.333.33|
*
001b2cb0  33 ff 33 33 33 ff 32 32  32 a7 55 55 55 03 00 00  |3.333.222.UUU...|
001b2cc0  00 00 00 00 00 00 00 00  00 00 00 00 00 00 00 00  |................|
*
001b2fd0  00 00 00 00 00 00 00 00  00 00 00 00 00 00 33 33  |..............33|
001b2fe0  33 ff 33 33 33 ff 33 33  33 ff 33 33 33 ff 33 33  |3.333.333.333.33|
*
001b3010  33 ff 33 33 33 ff 33 33  33 ff 00 00 00 00 00 00  |3.333.333.......|
001b3020  00 00 00 00 00 00 00 00  00 00 00 00 00 00 00 00  |................|
*
001b3410  00 00 00 00 00 00 00 00  00 00 33 33 33 ff 33 33  |..........333.33|
001b3420  33 ff 33 33 33 ff 33 33  33 ff 33 33 33 ff 33 33  |3.333.333.333.33|
*
001b3450  33 ff 33 33 33 ff 33 33  33 68 33 33 33 fe 33 33  |3.333.333h333.33|
001b3460  33 ff 33 33 33 ff 33 33  33 ff 33 33 33 ff 33 33  |3.333.333.333.33|
*
001b34b0  33 ff 32 32 32 a6 55 55  55 03 00 00 00 00 00 00  |3.222.UUU.......|
001b34c0  00 00 00 00 00 00 00 00  00 00 00 00 00 00 00 00  |................|
*
001b37d0  00 00 00 00 00 00 00 00  00 00 00 00 00 00 33 33  |..............33|
001b37e0  33 ff 33 33 33 ff 33 33  33 ff 33 33 33 ff 33 33  |3.333.333.333.33|
*
001b3810  33 ff 33 33 33 ff 33 33  33 ff 00 00 00 00 00 00  |3.333.333.......|
001b3820  00 00 00 00 00 00 00 00  00 00 00 00 00 00 00 00  |................|
*
001b3c10  00 00 00 00 00 00 00 00  00 00 33 33 33 ff 33 33  |..........333.33|
001b3c20  33 ff 33 33 33 ff 33 33  33 ff 33 33 33 ff 33 33  |3.333.333.333.33|
*
001b3ca0  33 ff 33 33 33 ff 33 33  33 ff 33 33 33 ff 32 32  |3.333.333.333.22|
001b3cb0  32 9d 00 00 00 02 00 00  00 00 00 00 00 00 00 00  |2...............|
001b3cc0  00 00 00 00 00 00 00 00  00 00 00 00 00 00 00 00  |................|
*
001b3fd0  00 00 00 00 00 00 00 00  00 00 00 00 00 00 33 33  |..............33|
001b3fe0  33 ff 33 33 33 ff 33 33  33 ff 33 33 33 ff 33 33  |3.333.333.333.33|
*
001b4010  33 ff 33 33 33 ff 33 33  33 ff 00 00 00 00 00 00  |3.333.333.......|
001b4020  00 00 00 00 00 00 00 00  00 00 00 00 00 00 00 00  |................|
*
001b4410  00 00 00 00 00 00 00 00  00 00 33 33 33 ff 33 33  |..........333.33|
001b4420  33 ff 33 33 33 ff 33 33  33 ff 33 33 33 ff 33 33  |3.333.333.333.33|
*
001b44a0  33 ff 33 33 33 ff 33 33  33 ff 32 32 32 9d 00 00  |3.333.333.222...|
001b44b0  00 02 00 00 00 00 00 00  00 00 00 00 00 00 00 00  |................|
001b44c0  00 00 00 00 00 00 00 00  00 00 00 00 00 00 00 00  |................|
*
001b47d0  00 00 00 00 00 00 00 00  00 00 00 00 00 00 33 33  |..............33|
001b47e0  33 ff 33 33 33 ff 33 33  33 ff 33 33 33 ff 33 33  |3.333.333.333.33|
*
001b4810  33 ff 33 33 33 ff 33 33  33 ff 00 00 00 00 00 00  |3.333.333.......|
001b4820  00 00 00 00 00 00 00 00  00 00 00 00 00 00 00 00  |................|
*
001b4c10  00 00 00 00 00 00 00 00  00 00 33 33 33 ff 33 33  |..........333.33|
001b4c20  33 ff 33 33 33 ff 33 33  33 ff 33 33 33 ff 33 33  |3.333.333.333.33|
*
001b4ca0  33 ff 33 33 33 ff 32 32  32 9d 00 00 00 02 00 00  |3.333.222.......|
001b4cb0  00 00 00 00 00 00 00 00  00 00 00 00 00 00 00 00  |................|
*
001b4fd0  00 00 00 00 00 00 00 00  00 00 00 00 00 00 33 33  |..............33|
001b4fe0  33 ff 33 33 33 ff 33 33  33 ff 33 33 33 ff 33 33  |3.333.333.333.33|
*
001b5010  33 ff 33 33 33 ff 33 33  33 ff 00 00 00 00 00 00  |3.333.333.......|
001b5020  00 00 00 00 00 00 00 00  00 00 00 00 00 00 00 00  |................|
*
001b5410  00 00 00 00 00 00 00 00  00 00 33 33 33 ff 33 33  |..........333.33|
001b5420  33 ff 33 33 33 ff 33 33  33 ff 33 33 33 ff 33 33  |3.333.333.333.33|
*
001b54a0  33 ff 32 32 32 9c 00 00  00 02 00 00 00 00 00 00  |3.222...........|
001b54b0  00 00 00 00 00 00 00 00  00 00 00 00 00 00 00 00  |................|
*
001b57d0  00 00 00 00 00 00 00 00  00 00 00 00 00 00 33 33  |..............33|
001b57e0  33 ff 33 33 33 ff 33 33  33 ff 33 33 33 ff 33 33  |3.333.333.333.33|
*
001b5810  33 ff 33 33 33 ff 33 33  33 ff 00 00 00 00 00 00  |3.333.333.......|
001b5820  00 00 00 00 00 00 00 00  00 00 00 00 00 00 00 00  |................|
*
001b5c10  00 00 00 00 00 00 00 00  00 00 33 33 33 ff 33 33  |..........333.33|
001b5c20  33 ff 33 33 33 ff 33 33  33 ff 33 33 33 ff 33 33  |3.333.333.333.33|
*
001b5c90  33 ff 33 33 33 ff 33 33  33 ff 33 33 33 ff 32 32  |3.333.333.333.22|
001b5ca0  32 9c 00 00 00 02 00 00  00 00 00 00 00 00 00 00  |2...............|
001b5cb0  00 00 00 00 00 00 00 00  00 00 00 00 00 00 00 00  |................|
*
001b5fd0  00 00 00 00 00 00 00 00  00 00 00 00 00 00 33 33  |..............33|
001b5fe0  33 ff 33 33 33 ff 33 33  33 ff 33 33 33 ff 33 33  |3.333.333.333.33|
*
001b6010  33 ff 33 33 33 ff 33 33  33 ff 00 00 00 00 00 00  |3.333.333.......|
001b6020  00 00 00 00 00 00 00 00  00 00 00 00 00 00 00 00  |................|
*
001b6410  00 00 00 00 00 00 00 00  00 00 33 33 33 ff 33 33  |..........333.33|
001b6420  33 ff 33 33 33 ff 33 33  33 ff 33 33 33 ff 33 33  |3.333.333.333.33|
*
001b6490  33 ff 33 33 33 ff 33 33  33 ff 33 33 33 9b 00 00  |3.333.333.333...|
001b64a0  00 02 00 00 00 00 00 00  00 00 00 00 00 00 00 00  |................|
001b64b0  00 00 00 00 00 00 00 00  00 00 00 00 00 00 00 00  |................|
*
001b67d0  00 00 00 00 00 00 00 00  00 00 00 00 00 00 32 32  |..............22|
001b67e0  32 fc 33 33 33 ff 33 33  33 ff 33 33 33 ff 33 33  |2.333.333.333.33|
001b67f0  33 ff 33 33 33 ff 33 33  33 ff 33 33 33 ff 33 33  |3.333.333.333.33|
*
001b6810  33 ff 33 33 33 ff 33 33  33 ff 55 55 55 03 00 00  |3.333.333.UUU...|
001b6820  00 00 00 00 00 00 00 00  00 00 00 00 00 00 00 00  |................|
*
001b6c10  00 00 00 00 00 00 00 00  00 00 33 33 33 ff 33 33  |..........333.33|
001b6c20  33 ff 33 33 33 ff 33 33  33 ff 33 33 33 ff 33 33  |3.333.333.333.33|
*
001b6c90  33 ff 33 33 33 ff 32 32  32 97 00 00 00 01 00 00  |3.333.222.......|
001b6ca0  00 00 00 00 00 00 00 00  00 00 00 00 00 00 00 00  |................|
*
001b6fd0  00 00 00 00 00 00 00 00  00 00 00 00 00 00 33 33  |..............33|
001b6fe0  33 f0 33 33 33 ff 33 33  33 ff 33 33 33 ff 33 33  |3.333.333.333.33|
001b6ff0  33 ff 33 33 33 ff 33 33  33 ff 33 33 33 ff 33 33  |3.333.333.333.33|
*
001b7010  33 ff 33 33 33 ff 33 33  33 ff 33 33 33 0f 00 00  |3.333.333.333...|
001b7020  00 00 00 00 00 00 00 00  00 00 00 00 00 00 00 00  |................|
*
001b7410  00 00 00 00 00 00 00 00  00 00 33 33 33 ff 33 33  |..........333.33|
001b7420  33 ff 33 33 33 ff 33 33  33 ff 33 33 33 ff 33 33  |3.333.333.333.33|
*
001b7490  33 ff 33 33 33 95 00 00  00 01 00 00 00 00 00 00  |3.333...........|
001b74a0  00 00 00 00 00 00 00 00  00 00 00 00 00 00 00 00  |................|
*
001b77d0  00 00 00 00 00 00 00 00  00 00 00 00 00 00 33 33  |..............33|
001b77e0  33 e4 33 33 33 ff 33 33  33 ff 33 33 33 ff 33 33  |3.333.333.333.33|
001b77f0  33 ff 33 33 33 ff 33 33  33 ff 33 33 33 ff 33 33  |3.333.333.333.33|
*
001b7810  33 ff 33 33 33 ff 33 33  33 ff 34 34 34 2c 00 00  |3.333.333.444,..|
001b7820  00 00 00 00 00 00 00 00  00 00 00 00 00 00 00 00  |................|
*
001b7c10  00 00 00 00 00 00 00 00  00 00 33 33 33 ff 33 33  |..........333.33|
001b7c20  33 ff 33 33 33 ff 33 33  33 ff 33 33 33 ff 33 33  |3.333.333.333.33|
*
001b7c90  33 9a 00 00 00 01 00 00  00 00 00 00 00 00 00 00  |3...............|
001b7ca0  00 00 00 00 00 00 00 00  00 00 00 00 00 00 00 00  |................|
*
001b7fd0  00 00 00 00 00 00 00 00  00 00 00 00 00 00 32 32  |..............22|
001b7fe0  32 d3 33 33 33 ff 33 33  33 ff 33 33 33 ff 33 33  |2.333.333.333.33|
001b7ff0  33 ff 33 33 33 ff 33 33  33 ff 33 33 33 ff 33 33  |3.333.333.333.33|
*
001b8010  33 ff 33 33 33 ff 33 33  33 ff 32 32 32 5b 00 00  |3.333.333.222[..|
001b8020  00 00 00 00 00 00 00 00  00 00 00 00 00 00 00 00  |................|
*
001b8410  00 00 00 00 00 00 00 00  00 00 33 33 33 ff 33 33  |..........333.33|
001b8420  33 ff 33 33 33 ff 33 33  33 ff 33 33 33 ff 33 33  |3.333.333.333.33|
*
001b8480  33 ff 33 33 33 ff 33 33  33 ff 32 32 32 93 00 00  |3.333.333.222...|
001b8490  00 01 00 00 00 00 00 00  00 00 00 00 00 00 00 00  |................|
001b84a0  00 00 00 00 00 00 00 00  00 00 00 00 00 00 00 00  |................|
*
001b87d0  00 00 00 00 00 00 00 00  00 00 00 00 00 00 33 33  |..............33|
001b87e0  33 ae 33 33 33 ff 33 33  33 ff 33 33 33 ff 33 33  |3.333.333.333.33|
001b87f0  33 ff 33 33 33 ff 33 33  33 ff 33 33 33 ff 33 33  |3.333.333.333.33|
*
001b8810  33 ff 33 33 33 ff 33 33  33 ff 33 33 33 a0 00 00  |3.333.333.333...|
001b8820  00 00 00 00 00 00 00 00  00 00 00 00 00 00 00 00  |................|
*
001b8c10  00 00 00 00 00 00 00 00  00 00 33 33 33 ff 33 33  |..........333.33|
001b8c20  33 ff 33 33 33 ff 33 33  33 ff 33 33 33 ff 33 33  |3.333.333.333.33|
*
001b8c80  33 ff 33 33 33 ff 32 32  32 92 00 00 00 01 00 00  |3.333.222.......|
001b8c90  00 00 00 00 00 00 00 00  00 00 00 00 00 00 00 00  |................|
*
001b8fd0  00 00 00 00 00 00 00 00  00 00 00 00 00 00 33 33  |..............33|
001b8fe0  33 87 33 33 33 ff 33 33  33 ff 33 33 33 ff 33 33  |3.333.333.333.33|
001b8ff0  33 ff 33 33 33 ff 33 33  33 ff 33 33 33 ff 33 33  |3.333.333.333.33|
*
001b9010  33 ff 33 33 33 ff 33 33  33 ff 33 33 33 f0 2e 2e  |3.333.333.333...|
001b9020  2e 0b 00 00 00 00 00 00  00 00 00 00 00 00 00 00  |................|
001b9030  00 00 00 00 00 00 00 00  00 00 00 00 00 00 00 00  |................|
*
001b9410  00 00 00 00 00 00 00 00  00 00 33 33 33 ff 33 33  |..........333.33|
001b9420  33 ff 33 33 33 ff 33 33  33 ff 33 33 33 ff 33 33  |3.333.333.333.33|
*
001b9480  33 ff 32 32 32 98 00 00  00 01 00 00 00 00 00 00  |3.222...........|
001b9490  00 00 00 00 00 00 00 00  00 00 00 00 00 00 00 00  |................|
*
001b97d0  00 00 00 00 00 00 00 00  00 00 00 00 00 00 32 32  |..............22|
001b97e0  32 5b 33 33 33 ff 33 33  33 ff 33 33 33 ff 33 33  |2[333.333.333.33|
001b97f0  33 ff 33 33 33 ff 33 33  33 ff 33 33 33 ff 33 33  |3.333.333.333.33|
*
001b9810  33 ff 33 33 33 ff 33 33  33 ff 33 33 33 ff 32 32  |3.333.333.333.22|
001b9820  32 70 00 00 00 00 00 00  00 00 00 00 00 00 00 00  |2p..............|
001b9830  00 00 00 00 00 00 00 00  00 00 00 00 00 00 00 00  |................|
*
001b9c10  00 00 00 00 00 00 00 00  00 00 33 33 33 ff 33 33  |..........333.33|
001b9c20  33 ff 33 33 33 ff 33 33  33 ff 33 33 33 ff 33 33  |3.333.333.333.33|
*
001b9c80  33 8f 00 00 00 01 00 00  00 00 00 00 00 00 00 00  |3...............|
001b9c90  00 00 00 00 00 00 00 00  00 00 00 00 00 00 00 00  |................|
*
001b9fd0  00 00 00 00 00 00 00 00  00 00 00 00 00 00 31 31  |..............11|
001b9fe0  31 1a 33 33 33 ff 33 33  33 ff 33 33 33 ff 33 33  |1.333.333.333.33|
001b9ff0  33 ff 33 33 33 ff 33 33  33 ff 33 33 33 ff 33 33  |3.333.333.333.33|
*
001ba010  33 ff 33 33 33 ff 33 33  33 ff 33 33 33 ff 32 32  |3.333.333.333.22|
001ba020  32 f1 35 35 35 18 00 00  00 00 00 00 00 00 00 00  |2.555...........|
001ba030  00 00 00 00 00 00 00 00  00 00 00 00 00 00 00 00  |................|
*
001ba410  00 00 00 00 00 00 00 00  00 00 33 33 33 ff 33 33  |..........333.33|
001ba420  33 ff 33 33 33 ff 33 33  33 ff 33 33 33 ff 33 33  |3.333.333.333.33|
*
001ba470  33 ff 33 33 33 ff 33 33  33 ff 33 33 33 8f 00 00  |3.333.333.333...|
001ba480  00 01 00 00 00 00 00 00  00 00 00 00 00 00 00 00  |................|
001ba490  00 00 00 00 00 00 00 00  00 00 00 00 00 00 00 00  |................|
*
001ba7e0  00 00 33 33 33 d7 33 33  33 ff 33 33 33 ff 33 33  |..333.333.333.33|
001ba7f0  33 ff 33 33 33 ff 33 33  33 ff 33 33 33 ff 33 33  |3.333.333.333.33|
*
001ba820  33 ff 33 33 33 9f 00 00  00 00 00 00 00 00 00 00  |3.333...........|
001ba830  00 00 00 00 00 00 00 00  00 00 00 00 00 00 00 00  |................|
*
001bac10  00 00 00 00 00 00 00 00  00 00 33 33 33 ff 33 33  |..........333.33|
001bac20  33 ff 33 33 33 ff 33 33  33 ff 33 33 33 ff 33 33  |3.333.333.333.33|
*
001bac70  33 ff 33 33 33 ff 32 32  32 8d 00 00 00 00 00 00  |3.333.222.......|
001bac80  00 00 00 00 00 00 00 00  00 00 00 00 00 00 00 00  |................|
*
001bafe0  00 00 32 32 32 8e 33 33  33 ff 33 33 33 ff 33 33  |..222.333.333.33|
001baff0  33 ff 33 33 33 ff 33 33  33 ff 33 33 33 ff 33 33  |3.333.333.333.33|
*
001bb020  33 ff 33 33 33 ff 33 33  33 73 00 00 00 00 00 00  |3.333.333s......|
001bb030  00 00 00 00 00 00 00 00  00 00 00 00 00 00 00 00  |................|
*
001bb410  00 00 00 00 00 00 00 00  00 00 33 33 33 ff 33 33  |..........333.33|
001bb420  33 ff 33 33 33 ff 33 33  33 ff 33 33 33 ff 33 33  |3.333.333.333.33|
*
001bb470  33 ff 33 33 33 8c 00 00  00 00 00 00 00 00 00 00  |3.333...........|
001bb480  00 00 00 00 00 00 00 00  00 00 00 00 00 00 00 00  |................|
*
001bb7e0  00 00 30 30 30 2f 33 33  33 ff 33 33 33 ff 33 33  |..000/333.333.33|
001bb7f0  33 ff 33 33 33 ff 33 33  33 ff 33 33 33 ff 33 33  |3.333.333.333.33|
*
001bb820  33 ff 33 33 33 ff 33 33  33 fe 33 33 33 5e 00 00  |3.333.333.333^..|
001bb830  00 00 00 00 00 00 00 00  00 00 00 00 00 00 00 00  |................|
*
001bbc10  00 00 00 00 00 00 34 34  34 27 33 33 33 ff 33 33  |......444'333.33|
001bbc20  33 ff 33 33 33 ff 33 33  33 ff 33 33 33 ff 33 33  |3.333.333.333.33|
*
001bbc70  33 8b 00 00 00 00 00 00  00 00 00 00 00 00 00 00  |3...............|
001bbc80  00 00 00 00 00 00 00 00  00 00 00 00 00 00 00 00  |................|
*
001bbfe0  00 00 00 00 00 00 32 32  32 ce 33 33 33 ff 33 33  |......222.333.33|
001bbff0  33 ff 33 33 33 ff 33 33  33 ff 33 33 33 ff 33 33  |3.333.333.333.33|
*
001bc020  33 ff 33 33 33 ff 33 33  33 ff 33 33 33 fe 33 33  |3.333.333.333.33|
001bc030  33 91 33 33 33 05 00 00  00 00 00 00 00 00 00 00  |3.333...........|
001bc040  00 00 00 00 00 00 00 00  00 00 00 00 00 00 00 00  |................|
*
001bc410  00 00 34 34 34 2c 33 33  33 e6 33 33 33 ff 33 33  |..444,333.333.33|
001bc420  33 ff 33 33 33 ff 33 33  33 ff 33 33 33 ff 33 33  |3.333.333.333.33|
*
001bc460  33 ff 33 33 33 ff 33 33  33 ff 33 33 33 8c 00 00  |3.333.333.333...|
001bc470  00 00 00 00 00 00 00 00  00 00 00 00 00 00 00 00  |................|
*
001bc7e0  00 00 00 00 00 00 32 32  32 60 33 33 33 ff 33 33  |......222`333.33|
001bc7f0  33 ff 33 33 33 ff 33 33  33 ff 33 33 33 ff 33 33  |3.333.333.333.33|
*
001bc830  33 ff 32 32 32 c0 31 31  31 29 00 00 00 00 00 00  |3.222.111)......|
001bc840  00 00 00 00 00 00 00 00  00 00 00 00 00 00 00 00  |................|
*
001bcc00  00 00 00 00 00 00 00 00  00 00 00 00 00 00 33 33  |..............33|
001bcc10  33 3b 33 33 33 ef 33 33  33 ff 33 33 33 ff 33 33  |3;333.333.333.33|
001bcc20  33 ff 33 33 33 ff 33 33  33 ff 33 33 33 ff 33 33  |3.333.333.333.33|
*
001bcc60  33 ff 33 33 33 ff 32 32  32 88 00 00 00 00 00 00  |3.333.222.......|
001bcc70  00 00 00 00 00 00 00 00  00 00 00 00 00 00 00 00  |................|
*
001bcfe0  00 00 00 00 00 00 3f 3f  3f 04 33 33 33 dc 33 33  |......???.333.33|
001bcff0  33 ff 33 33 33 ff 33 33  33 ff 33 33 33 ff 33 33  |3.333.333.333.33|
*
001bd030  33 ff 33 33 33 ff 33 33  33 fd 32 32 32 a7 34 34  |3.333.333.222.44|
001bd040  34 2c 00 00 00 00 00 00  00 00 00 00 00 00 00 00  |4,..............|
001bd050  00 00 00 00 00 00 00 00  00 00 00 00 00 00 00 00  |................|
*
001bd400  00 00 00 00 00 00 00 00  00 00 32 32 32 47 33 33  |..........222G33|
001bd410  33 f5 33 33 33 ff 33 33  33 ff 33 33 33 ff 33 33  |3.333.333.333.33|
001bd420  33 ff 33 33 33 ff 33 33  33 ff 33 33 33 ff 33 33  |3.333.333.333.33|
*
001bd460  33 ff 33 33 33 87 00 00  00 00 00 00 00 00 00 00  |3.333...........|
001bd470  00 00 00 00 00 00 00 00  00 00 00 00 00 00 00 00  |................|
*
001bd7e0  00 00 00 00 00 00 00 00  00 00 32 32 32 60 33 33  |..........222`33|
001bd7f0  33 ff 33 33 33 ff 33 33  33 ff 33 33 33 ff 33 33  |3.333.333.333.33|
*
001bd840  33 ff 32 32 32 d9 33 33  33 90 33 33 33 4f 30 30  |3.222.333.333O00|
001bd850  30 2f 33 33 33 19 3f 3f  3f 04 00 00 00 00 00 00  |0/333.???.......|
001bd860  00 00 00 00 00 00 00 00  00 00 00 00 00 00 00 00  |................|
*
001bdc00  00 00 00 00 00 00 33 33  33 54 33 33 33 f9 33 33  |......333T333.33|
001bdc10  33 ff 33 33 33 ff 33 33  33 ff 33 33 33 ff 33 33  |3.333.333.333.33|
*
001bdc60  33 86 00 00 00 00 00 00  00 00 00 00 00 00 00 00  |3...............|
001bdc70  00 00 00 00 00 00 00 00  00 00 00 00 00 00 00 00  |................|
*
001bdfe0  00 00 00 00 00 00 00 00  00 00 00 00 00 02 32 32  |..............22|
001bdff0  32 c4 33 33 33 ff 33 33  33 ff 33 33 33 ff 33 33  |2.333.333.333.33|
001be000  33 ff 33 33 33 ff 33 33  33 ff 33 33 33 ff 33 33  |3.333.333.333.33|
*
001be450  33 ff 33 33 33 ff 33 33  33 ff 33 33 33 8a 00 00  |3.333.333.333...|
001be460  00 00 00 00 00 00 00 00  00 00 00 00 00 00 00 00  |................|
*
001be7e0  00 00 00 00 00 00 00 00  00 00 00 00 00 00 33 33  |..............33|
001be7f0  33 28 33 33 33 f8 33 33  33 ff 33 33 33 ff 33 33  |3(333.333.333.33|
001be800  33 ff 33 33 33 ff 33 33  33 ff 33 33 33 ff 33 33  |3.333.333.333.33|
*
001bec50  33 ff 33 33 33 ff 32 32  32 89 00 00 00 00 00 00  |3.333.222.......|
001bec60  00 00 00 00 00 00 00 00  00 00 00 00 00 00 00 00  |................|
*
001beff0  00 00 32 32 32 75 33 33  33 ff 33 33 33 ff 33 33  |..222u333.333.33|
001bf000  33 ff 33 33 33 ff 33 33  33 ff 33 33 33 ff 33 33  |3.333.333.333.33|
*
001bf450  33 ff 33 33 33 82 00 00  00 00 00 00 00 00 00 00  |3.333...........|
001bf460  00 00 00 00 00 00 00 00  00 00 00 00 00 00 00 00  |................|
*
001bf7f0  00 00 00 00 00 01 32 32  32 ab 33 33 33 ff 33 33  |......222.333.33|
001bf800  33 ff 33 33 33 ff 33 33  33 ff 33 33 33 ff 33 33  |3.333.333.333.33|
*
001bfc40  33 ff 33 33 33 ff 33 33  33 ff 33 33 33 ff 32 32  |3.333.333.333.22|
001bfc50  32 88 00 00 00 00 00 00  00 00 00 00 00 00 00 00  |2...............|
001bfc60  00 00 00 00 00 00 00 00  00 00 00 00 00 00 00 00  |................|
*
001bfff0  00 00 00 00 00 00 36 36  36 0e 33 33 33 d0 33 33  |......666.333.33|
001c0000  33 ff 33 33 33 ff 33 33  33 ff 33 33 33 ff 33 33  |3.333.333.333.33|
*
001c0440  33 ff 33 33 33 ff 33 33  33 ff 32 32 32 7f 00 00  |3.333.333.222...|
001c0450  00 00 00 00 00 00 00 00  00 00 00 00 00 00 00 00  |................|
*
001c07f0  00 00 00 00 00 00 00 00  00 00 30 30 30 15 33 33  |..........000.33|
001c0800  33 d6 33 33 33 ff 33 33  33 ff 33 33 33 ff 33 33  |3.333.333.333.33|
001c0810  33 ff 33 33 33 ff 33 33  33 ff 33 33 33 ff 33 33  |3.333.333.333.33|
*
001c0c40  33 ff 33 33 33 ff 32 32  32 7f 00 00 00 00 00 00  |3.333.222.......|
001c0c50  00 00 00 00 00 00 00 00  00 00 00 00 00 00 00 00  |................|
*
001c0ff0  00 00 00 00 00 00 00 00  00 00 00 00 00 00 36 36  |..............66|
001c1000  36 1c 33 33 33 d7 33 33  33 ff 33 33 33 ff 33 33  |6.333.333.333.33|
001c1010  33 ff 33 33 33 ff 33 33  33 ff 33 33 33 ff 33 33  |3.333.333.333.33|
*
001c1440  33 ff 33 33 33 7d 00 00  00 00 00 00 00 00 00 00  |3.333}..........|
001c1450  00 00 00 00 00 00 00 00  00 00 00 00 00 00 00 00  |................|
*
001c1800  00 00 2d 2d 2d 11 32 32  32 c0 33 33 33 ff 33 33  |..---.222.333.33|
001c1810  33 ff 33 33 33 ff 33 33  33 ff 33 33 33 ff 33 33  |3.333.333.333.33|
*
001c1c30  33 ff 33 33 33 ff 33 33  33 ff 33 33 33 ff 32 32  |3.333.333.333.22|
001c1c40  32 7e 00 00 00 00 00 00  00 00 00 00 00 00 00 00  |2~..............|
001c1c50  00 00 00 00 00 00 00 00  00 00 00 00 00 00 00 00  |................|
*
001c2000  00 00 00 00 00 00 24 24  24 07 33 33 33 9a 33 33  |......$$$.333.33|
001c2010  33 ff 33 33 33 ff 33 33  33 ff 33 33 33 ff 33 33  |3.333.333.333.33|
*
001c2430  33 ff 33 33 33 ff 33 33  33 ff 32 32 32 7a 00 00  |3.333.333.222z..|
001c2440  00 00 00 00 00 00 00 00  00 00 00 00 00 00 00 00  |................|
*
001c2800  00 00 00 00 00 00 00 00  00 00 00 00 00 00 32 32  |..............22|
001c2810  32 51 32 32 32 ec 33 33  33 ff 33 33 33 ff 33 33  |2Q222.333.333.33|
001c2820  33 ff 33 33 33 ff 33 33  33 ff 33 33 33 ff 33 33  |3.333.333.333.33|
*
001c2c30  33 ff 33 33 33 ff 33 33  33 7d 00 00 00 00 00 00  |3.333.333}......|
001c2c40  00 00 00 00 00 00 00 00  00 00 00 00 00 00 00 00  |................|
*
001c3010  00 00 35 35 35 18 33 33  33 9e 33 33 33 fd 33 33  |..555.333.333.33|
001c3020  33 ff 33 33 33 ff 33 33  33 ff 33 33 33 ff 33 33  |3.333.333.333.33|
*
001c3430  33 ff 33 33 33 77 00 00  00 00 00 00 00 00 00 00  |3.333w..........|
001c3440  00 00 00 00 00 00 00 00  00 00 00 00 00 00 00 00  |................|
*
001c3810  00 00 00 00 00 00 00 00  00 00 31 31 31 34 33 33  |..........111433|
001c3820  33 b8 33 33 33 fe 33 33  33 ff 33 33 33 ff 33 33  |3.333.333.333.33|
001c3830  33 ff 33 33 33 ff 33 33  33 ff 33 33 33 ff 33 33  |3.333.333.333.33|
*
001c3c30  33 76 00 00 00 00 00 00  00 00 00 00 00 00 00 00  |3v..............|
001c3c40  00 00 00 00 00 00 00 00  00 00 00 00 00 00 00 00  |................|
*
001c4020  00 00 31 31 31 2e 33 33  33 a0 33 33 33 f5 33 33  |..111.333.333.33|
001c4030  33 ff 33 33 33 ff 33 33  33 ff 33 33 33 ff 33 33  |3.333.333.333.33|
*
001c4420  33 ff 33 33 33 ff 33 33  33 ff 32 32 32 75 00 00  |3.333.333.222u..|
001c4430  00 00 00 00 00 00 00 00  00 00 00 00 00 00 00 00  |................|
*
001c4820  00 00 00 00 00 00 00 00  00 00 2a 2a 2a 0c 33 33  |..........***.33|
001c4830  33 5a 32 32 32 b0 33 33  33 ef 33 33 33 ff 33 33  |3Z222.333.333.33|
001c4840  33 ff 33 33 33 ff 33 33  33 ff 33 33 33 ff 33 33  |3.333.333.333.33|
*
001c4c20  33 ff 33 33 33 ff 32 32  32 74 00 00 00 00 00 00  |3.333.222t......|
001c4c30  00 00 00 00 00 00 00 00  00 00 00 00 00 00 00 00  |................|
*
001c5030  00 00 00 00 00 00 00 00  00 02 35 35 35 30 32 32  |..........555022|
001c5040  32 6a 32 32 32 92 33 33  33 b7 32 32 32 d8 32 32  |2j222.333.222.22|
001c5050  32 e7 33 33 33 f0 33 33  33 ff 33 33 33 ff 33 33  |2.333.333.333.33|
001c5060  33 ff 33 33 33 ff 33 33  33 ff 33 33 33 ff 33 33  |3.333.333.333.33|
*
001c5420  33 ff 33 33 33 73 00 00  00 00 00 00 00 00 00 00  |3.333s..........|
001c5430  00 00 00 00 00 00 00 00  00 00 00 00 00 00 00 00  |................|
*
03200000
